o hermit_tarr_shell
v 0.311974 0.699624 -1.100347
v 0.325189 0.714930 -1.088717
v 0.315570 0.708481 -1.069051
v 0.176605 0.858171 -0.879461
v 0.171741 0.877014 -0.855540
v 0.007313 0.934439 -0.823518
v 0.009709 0.938864 -0.814504
v 0.003420 0.929361 -0.822434
v 0.075853 0.944275 -0.784578
v 0.086942 0.946383 -0.787938
v 0.091604 0.943492 -0.783744
v 0.010940 0.941337 -0.802854
v 0.010556 0.936498 -0.797862
v 0.001010 0.930587 -0.808573
v 0.004726 0.938835 -0.811617
v 0.081379 0.943023 -0.792267
v 0.094607 0.940423 -0.795336
v 0.050044 0.911672 -0.838692
v 0.072539 0.913086 -0.833282
v 0.056747 0.904441 -0.853786
v 0.071133 0.854391 -0.922461
v 0.097793 0.841292 -0.932780
v 0.080730 0.846883 -0.931691
v 0.088841 0.838037 -0.934568
v 0.033424 0.923094 -0.829603
v 0.018361 0.918831 -0.842713
v 0.122336 0.920393 -0.819155
v 0.116195 0.899558 -0.847214
v 0.160109 0.841716 -0.904127
v 0.168725 0.845606 -0.897820
v 0.197140 0.849734 -0.882865
v 0.182811 0.847179 -0.888752
v 0.205235 0.851035 -0.877065
v 0.196814 0.881814 -0.837625
v 0.153547 0.843045 -0.908769
v 0.011465 0.879313 -0.905889
v 0.021868 0.890522 -0.885608
v 0.006477 0.922765 -0.835748
v 0.229881 0.893193 -0.804207
v 0.215953 0.898286 -0.808143
v 0.242378 0.863077 -0.837301
v 0.110173 0.841856 -0.926778
v 0.159443 0.933205 -0.786345
v 0.129294 0.939338 -0.791269
v 0.167261 0.925284 -0.791903
v 0.065784 0.928033 -0.813116
v 0.033552 0.945437 -0.791678
v 0.006242 0.872350 -0.913428
v 0.008151 0.864277 -0.926262
v 0.220139 0.856955 -0.858951
v 0.098008 0.903350 -0.845608
v 0.012288 0.929852 -0.828986
v 0.005096 0.876253 -0.901919
v 0.009330 0.909948 -0.857345
v 0.006859 0.904455 -0.868245
v 0.014240 0.903665 -0.868598
v 0.005709 0.915581 -0.851102
v 0.004742 0.908172 -0.852704
v -0.005491 0.891416 -0.868213
v 0.004005 0.890599 -0.876267
v 0.034613 0.948134 -0.777376
v 0.052902 0.945706 -0.790212
v 0.017826 0.933411 -0.821326
v 0.232160 0.860231 -0.848964
v 0.239679 0.858213 -0.843547
v 0.243271 0.854803 -0.839462
v 0.241713 0.854511 -0.852086
v 0.132096 0.929335 -0.803301
v 0.022679 0.942720 -0.786986
v 0.017838 0.941921 -0.803829
v 0.017495 0.945234 -0.794278
v 0.043025 0.849815 -0.938642
v 0.032180 0.845545 -0.946230
v 0.055762 0.836555 -0.941220
v 0.109158 0.938148 -0.797216
v 0.104543 0.945403 -0.787061
v 0.065412 0.947133 -0.788065
v 0.008202 0.884942 -0.898433
v 0.058826 0.842726 -0.942132
v 0.056831 0.944471 -0.785241
v 0.008160 0.893750 -0.883040
v 0.235614 0.902070 -0.781927
v 0.244956 0.857481 -0.850945
v 0.129750 0.943376 -0.787021
v 0.009893 0.886368 -0.891700
v 0.004796 0.878578 -0.892235
v 0.140705 0.937348 -0.779253
v 0.006300 0.858162 -0.927550
v 0.015515 0.862680 -0.928115
v 0.225516 0.854095 -0.858822
v 0.194276 0.909540 -0.802868
v 0.191572 0.923104 -0.784037
v 0.180380 0.923689 -0.787879
v 0.192494 0.920817 -0.789124
v 0.227163 0.903450 -0.773287
v 0.019910 0.847392 -0.945497
v 0.013589 0.855110 -0.939646
v 0.015216 0.844960 -0.937843
v 0.206918 0.914763 -0.784904
v 0.212340 0.909607 -0.776743
v 0.234385 0.854356 -0.852514
v 0.248994 0.864192 -0.830926
v 0.209009 0.915235 -0.787666
v 0.170294 0.927486 -0.777748
v 0.213924 0.850674 -0.869418
v 0.081790 0.841566 -0.940112
v 0.074108 0.835555 -0.938540
v 0.131947 0.842759 -0.917429
v 0.192349 0.919749 -0.777755
v 0.252721 0.855286 -0.823907
v 0.253270 0.882297 -0.795299
v 0.268309 0.862334 -0.805829
v 0.272638 0.867013 -0.795818
v 0.265358 0.878215 -0.783071
v 0.222023 0.906082 -0.788893
v 0.124095 0.870466 -0.882449
v 0.250069 0.857920 -0.833682
v 0.261603 0.865443 -0.815899
v 0.245435 0.891959 -0.773382
v 0.264471 0.860917 -0.819397
v 0.028043 0.838353 -0.942264
v 0.157014 0.689590 -1.003883
v 0.130933 0.654053 -1.022699
v 0.162381 0.649543 -1.011286
v -0.307822 1.137438 -0.675449
v -0.284579 1.166918 -0.673553
v -0.305590 1.155414 -0.691670
v -0.061258 0.265995 -0.751517
v -0.041869 0.259185 -0.719477
v -0.035503 0.266018 -0.769078
v -0.057222 0.161724 -0.760618
v -0.024682 0.156629 -0.746696
v -0.031341 0.153858 -0.725928
v -0.459200 0.465052 -0.781695
v -0.470410 0.475119 -0.743159
v -0.100236 0.182770 -0.816042
v -0.144762 0.194293 -0.817572
v 0.250870 1.239958 -0.768369
v 0.075438 1.428655 -0.876000
v 0.054546 1.435043 -0.932473
v 0.136714 0.593131 -1.179700
v 0.097264 0.582864 -1.182099
v 0.109593 0.588819 -1.198488
v 0.127239 1.189707 -1.278141
v 0.116699 1.142458 -1.274442
v -0.277734 0.395036 -0.385395
v -0.257550 0.395370 -0.396997
v -0.432508 0.481050 -0.871466
v -0.271464 0.835505 -0.247511
v -0.281004 0.809752 -0.254241
v -0.235300 0.838768 -0.239684
v 0.116108 0.911023 -0.336784
v 0.112724 0.878611 -0.296142
v -0.248232 1.254197 -0.960613
v -0.229383 1.255965 -0.925864
v -0.117062 1.297071 -0.807914
v -0.123209 1.296792 -0.773289
v -0.081117 1.305128 -0.771283
v -0.371554 0.655928 -0.506562
v 0.022420 1.096878 -0.334132
v 0.016165 1.100393 -0.325013
v 0.002419 1.095400 -0.327833
v 0.342758 0.641164 -0.847918
v 0.325393 0.657727 -0.872950
v 0.331328 0.610967 -0.869355
v -0.427266 0.538744 -0.417540
v -0.403068 0.516110 -0.391356
v 0.237699 0.404707 -0.434786
v 0.243796 0.402477 -0.414733
v -0.249051 1.129954 -0.614997
v -0.209669 1.140831 -0.591100
v 0.501267 0.626240 -0.589177
v 0.062130 1.332559 -1.333542
v 0.083262 1.355488 -1.324667
v 0.091037 1.291938 -1.314816
v -0.228085 0.646591 -1.188313
v -0.193873 0.620623 -1.186197
v -0.210237 0.623967 -1.170111
v 0.497513 0.709830 -0.570151
v 0.494959 0.686644 -0.548559
v 0.178365 0.907183 -0.377750
v 0.178310 0.934256 -0.416529
v -0.358291 1.129511 -0.992371
v -0.176156 0.796832 -0.936464
v -0.136708 0.786506 -0.961841
v -0.142096 0.818189 -0.933320
v 0.227317 1.312596 -1.043445
v 0.255187 1.260889 -1.018734
v 0.241365 1.287105 -1.054963
v 0.300515 0.812750 -0.261110
v 0.329178 0.772711 -0.276605
v 0.236820 1.032362 -0.364811
v 0.307340 0.251474 -0.670448
v 0.309385 0.255848 -0.629928
v 0.289549 0.239306 -0.656044
v 0.049191 1.444895 -0.968666
v 0.054706 1.432448 -0.945871
v 0.072632 1.432150 -0.959234
v -0.271723 0.666763 -1.103585
v -0.281956 0.670759 -1.116967
v -0.247674 0.644211 -1.143508
v 0.394606 0.444709 -0.905361
v -0.251332 0.921784 -0.692682
v -0.260046 0.906407 -0.716485
v 0.412324 0.973746 -0.831760
v 0.397332 0.969849 -0.803905
v 0.404284 0.933111 -0.842866
v -0.329558 0.274268 -0.608127
v -0.283104 0.240355 -0.607205
v -0.357595 0.304032 -0.589600
v -0.327358 0.284163 -0.560496
v 0.367823 0.760669 -0.688634
v -0.428295 0.795823 -0.419542
v -0.396679 0.801283 -0.369240
v 0.259483 0.457747 -0.904715
v 0.220678 0.419901 -0.912805
v 0.314978 0.464689 -0.370642
v 0.328990 0.482453 -0.362496
v 0.025940 1.063110 -1.270411
v 0.001970 1.071028 -1.281703
v 0.041271 1.070796 -1.276841
v 0.206168 0.961813 -0.652390
v 0.191568 0.959848 -0.685666
v -0.191471 1.277826 -0.881031
v -0.159112 1.279121 -0.857754
v -0.163208 1.305016 -0.857593
v 0.334116 0.443906 -0.593223
v 0.312137 0.408003 -0.616518
v -0.387447 0.371894 -0.505674
v -0.388722 0.350450 -0.551943
v -0.356426 0.335440 -0.505225
v -0.010014 0.443917 -1.110208
v -0.055151 0.410105 -1.092419
v -0.187156 1.124451 -0.258352
v -0.206784 1.069120 -0.262379
v -0.170846 1.085310 -0.262677
v 0.499627 0.610559 -0.739307
v 0.504006 0.613805 -0.706422
v 0.498542 0.573139 -0.713464
v 0.274891 0.900614 -0.692355
v 0.258190 0.906520 -0.713634
v 0.267293 0.884528 -0.746112
v 0.051527 1.508650 -1.240132
v 0.070115 1.497108 -1.249720
v 0.036913 1.513003 -1.270133
v -0.084872 0.335039 -0.908169
v 0.507319 0.652042 -0.668361
v 0.506596 0.626489 -0.657651
v 0.034046 0.177978 -0.522737
v 0.043402 0.167393 -0.562151
v 0.030264 0.923785 -0.321608
v 0.009127 0.965357 -0.378950
v -0.033952 1.020894 -0.513336
v -0.005254 1.017316 -0.492386
v -0.147775 1.356498 -0.878604
v -0.123734 1.384564 -0.849035
v -0.136877 1.384285 -0.886260
v 0.242370 1.271400 -1.098759
v 0.239031 1.286682 -1.081689
v 0.255487 1.254977 -1.060709
v -0.065551 1.112612 -0.411561
v -0.012876 1.117602 -0.412072
v 0.388532 0.607881 -0.582663
v 0.404920 0.840653 -0.998811
v 0.405910 0.849425 -0.955525
v 0.020980 0.153599 -0.636287
v 0.054387 0.161582 -0.593126
v -0.152552 0.849945 -0.897211
v -0.125485 0.868699 -0.885309
v -0.021493 1.220914 -1.327165
v -0.002492 1.188439 -1.321113
v 0.022746 1.114465 -0.403247
v -0.018603 1.476032 -1.036785
v 0.000055 1.481688 -1.052336
v 0.392728 0.343871 -0.751969
v 0.417139 0.372029 -0.730873
v 0.405408 0.351573 -0.708592
v 0.078264 1.370406 -0.843885
v 0.087918 1.347380 -0.828548
v 0.096103 1.362664 -0.841401
v 0.358628 0.764050 -1.082656
v 0.377784 0.799663 -1.070337
v 0.373984 0.781489 -1.043321
v -0.038372 1.117407 -0.393608
v -0.314553 1.175218 -0.712212
v -0.040282 1.319535 -0.807669
v 0.001036 1.312899 -0.805750
v -0.004770 1.332620 -0.805817
v 0.253356 1.230090 -0.916497
v 0.276954 1.221520 -0.895509
v 0.392631 0.946174 -0.766371
v 0.264550 0.912512 -0.521440
v 0.299589 0.883687 -0.558329
v -0.374677 0.497949 -0.967662
v -0.396102 0.500035 -0.941687
v -0.199416 0.354217 -1.017017
v 0.069827 1.426229 -1.329662
v 0.100221 1.423364 -1.298658
v 0.095485 1.401292 -1.310983
v 0.147095 0.855983 -0.289912
v 0.188881 0.831949 -0.300460
v 0.166398 0.842434 -0.279183
v -0.263501 0.365089 -0.578343
v -0.284325 0.390447 -0.563625
v -0.172320 0.180617 -0.706219
v -0.199312 0.193189 -0.731896
v -0.155157 0.179084 -0.743653
v 0.227067 0.455798 -1.062909
v 0.220529 0.421872 -1.049234
v 0.034156 1.309843 -0.784278
v 0.096798 1.301552 -0.790083
v -0.364865 0.489420 -0.640214
v 0.086079 0.275998 -0.411429
v 0.102948 0.269690 -0.408301
v -0.292105 1.031364 -0.458849
v -0.323165 1.005437 -0.463620
v 0.077469 1.125870 -0.455585
v 0.102114 1.129447 -0.489957
v -0.378311 0.522158 -0.665033
v 0.137619 1.125166 -0.513422
v 0.120629 1.121083 -0.468562
v 0.167942 1.113901 -0.494794
v -0.160927 0.902340 -0.822653
v -0.160333 0.919410 -0.795985
v -0.035948 1.099447 -0.346672
v -0.026211 1.065230 -0.314762
v 0.079972 0.876599 -0.264977
v 0.071845 0.882471 -0.279399
v 0.117906 0.866660 -0.278130
v -0.174264 1.351346 -0.936500
v -0.145596 1.394321 -0.972832
v -0.156581 1.392516 -0.992850
v 0.403885 0.958544 -0.590018
v -0.295671 0.780139 -0.848761
v -0.319448 0.746987 -0.840964
v -0.302007 0.745211 -0.867087
v -0.092320 1.484282 -1.171840
v -0.062358 1.502866 -1.194908
v -0.187069 0.609762 -1.162706
v 0.420342 0.904058 -0.997000
v 0.424976 0.914725 -0.951983
v 0.419609 0.884923 -0.965672
v -0.298292 1.126174 -0.657189
v -0.323637 1.095316 -0.677060
v -0.200841 0.641706 -1.213059
v -0.180069 0.654269 -1.244905
v -0.164520 0.622689 -1.220075
v 0.165504 0.280006 -0.960813
v 0.145646 0.285912 -0.976576
v 0.088774 0.186595 -0.833566
v 0.122289 0.186832 -0.814945
v 0.114466 0.176560 -0.785927
v -0.344199 0.784370 -0.506257
v -0.326061 0.825346 -0.508648
v 0.102381 1.473032 -1.159596
v 0.081272 1.486623 -1.156384
v 0.106581 1.460304 -1.099263
v -0.245052 0.406246 -0.456744
v -0.266629 0.433783 -0.447650
v -0.239224 0.404285 -0.436389
v 0.313743 0.826425 -1.211720
v 0.334440 0.830112 -1.184726
v 0.308004 0.805178 -1.212246
v -0.406013 0.601068 -0.362697
v -0.384711 0.603015 -0.334861
v -0.394811 0.639359 -0.340121
v 0.046122 0.155123 -0.634985
v 0.000859 0.712771 -1.027660
v -0.031352 0.740581 -1.014197
v 0.414972 0.372078 -0.602232
v 0.101508 0.999801 -0.484178
v -0.073534 0.262510 -0.643694
v -0.042911 0.258866 -0.631263
v -0.045143 0.257348 -0.665192
v -0.467249 0.806438 -0.487738
v -0.491297 0.805138 -0.524720
v -0.530479 0.796306 -0.497641
v -0.088134 1.431045 -0.915163
v -0.118525 1.493071 -0.834381
v -0.165048 0.226268 -0.880080
v -0.119113 0.221223 -0.896176
v -0.121545 0.201404 -0.853001
v -0.239462 0.478272 -0.939771
v -0.413289 0.414785 -0.498571
v -0.434086 0.428893 -0.531929
v -0.411076 0.388860 -0.534880
v -0.116558 0.997807 -1.286282
v -0.093301 1.040633 -1.267115
v -0.401932 0.920521 -0.794606
v -0.386297 0.904942 -0.847112
v -0.408094 0.891614 -0.827241
v -0.384427 0.540638 -0.355306
v -0.407365 0.550731 -0.380905
v 0.376795 1.090881 -1.020885
v 0.362523 1.122634 -0.994831
v 0.381979 1.099916 -0.988101
v -0.085239 1.160881 -1.296738
v -0.063061 1.165443 -1.305838
v -0.066010 1.088050 -1.279920
v -0.141168 0.172279 -0.722348
v -0.079248 0.214705 -0.454117
v -0.035624 0.206330 -0.459241
v -0.069244 0.229312 -0.427409
v -0.123306 0.238607 -0.924352
v -0.130784 0.264923 -0.958205
v -0.110520 0.252316 -0.949277
v -0.291412 0.718018 -0.314516
v -0.304396 0.705747 -0.307558
v -0.268233 1.226168 -0.743100
v -0.271020 1.215759 -0.723611
v -0.262111 1.224132 -0.737916
v 0.168398 0.303833 -0.578907
v 0.184649 0.326321 -0.535808
v 0.204075 0.319813 -0.588055
v -0.296949 0.244311 -0.715883
v -0.329500 0.268347 -0.690693
v -0.256638 0.664177 -1.096608
v -0.377594 0.979163 -0.770315
v -0.352710 0.995483 -0.736709
v 0.236795 1.289580 -0.990197
v 0.243393 1.275501 -0.980317
v -0.316371 0.533854 -0.375124
v -0.323016 0.565183 -0.364128
v -0.330524 0.558224 -0.354208
v 0.050459 0.285791 -0.526965
v 0.085721 0.284391 -0.548171
v 0.052637 0.275607 -0.557785
v 0.453161 0.556572 -0.460318
v 0.364268 1.095015 -1.042452
v -0.190906 1.273645 -0.829723
v -0.209543 1.262271 -0.865432
v 0.318173 0.575931 -0.375210
v 0.317470 0.578086 -0.393515
v -0.020812 0.185565 -0.500934
v 0.053364 0.437840 -1.004563
v 0.087827 0.420850 -0.986409
v 0.075197 1.049915 -0.303113
v 0.105142 1.055085 -0.321839
v 0.498768 0.726435 -0.572979
v -0.318104 0.639175 -0.344313
v -0.326049 0.636429 -0.331868
v 0.354137 0.572757 -0.483349
v -0.216179 0.663824 -1.224685
v -0.227831 0.692130 -1.239553
v 0.184228 0.274734 -0.413221
v 0.167676 0.254260 -0.428424
v 0.212694 0.268907 -0.437406
v 0.147008 0.768579 -0.970077
v 0.117565 0.749080 -0.992479
v 0.151936 0.740750 -0.984495
v -0.325782 0.847202 -0.560286
v -0.337941 0.823831 -0.551672
v 0.023407 1.134787 -0.328439
v 0.039203 1.122164 -0.340848
v -0.052436 1.356424 -0.818475
v -0.087149 1.355920 -0.822428
v 0.218255 1.083874 -0.379648
v 0.224956 1.066424 -0.385194
v 0.207033 1.070500 -0.401876
v -0.185598 0.468580 -0.974360
v -0.161628 0.441784 -0.972375
v -0.147749 0.472038 -0.995340
v 0.464017 0.859466 -0.607689
v 0.479483 0.818763 -0.616220
v 0.468444 0.852651 -0.663003
v -0.454651 0.752450 -0.861287
v -0.428487 0.749436 -0.910598
v -0.453498 0.716875 -0.879530
v 0.204267 0.922709 -0.753863
v 0.232107 0.905939 -0.756889
v 0.236678 0.330266 -0.672935
v 0.256438 0.345654 -0.672215
v 0.400451 1.010862 -1.048543
v 0.407681 0.955268 -1.053173
v -0.331794 0.339244 -0.458284
v -0.341056 0.384284 -0.413439
v -0.204124 0.939056 -0.723379
v -0.165711 0.958575 -0.718936
v -0.120269 1.095594 -0.333993
v -0.136885 1.117079 -0.322254
v -0.123498 1.100844 -0.319440
v -0.029854 1.152853 -0.366828
v -0.030634 1.143758 -0.340800
v -0.000617 1.187888 -0.349568
v 0.377335 0.622475 -0.530306
v 0.387713 0.632609 -0.571494
v 0.332141 0.588613 -1.033634
v -0.103649 0.380024 -0.950362
v -0.087944 0.360221 -0.936743
v 0.086855 0.963828 -1.306655
v 0.095472 0.989444 -1.294687
v 0.116301 0.291836 -0.802701
v -0.059138 1.450272 -0.834889
v -0.080974 1.421014 -0.819928
v -0.241774 0.431515 -1.044782
v -0.223930 0.386375 -1.027246
v -0.022289 1.401811 -1.354818
v -0.001829 1.378804 -1.352915
v -0.347320 0.739461 -1.053648
v -0.343474 0.735446 -1.082922
v -0.378546 1.045757 -0.749135
v -0.367100 1.078782 -0.734485
v -0.175973 0.198883 -0.800706
v -0.194201 0.198520 -0.772858
v -0.053508 0.417297 -0.992288
v -0.068422 0.438403 -1.002426
v 0.069087 1.436355 -0.949450
v 0.088104 1.432773 -0.959490
v -0.383314 0.321286 -0.663163
v -0.380291 0.318770 -0.710450
v -0.355766 0.292340 -0.691523
v 0.381558 1.121695 -0.868792
v 0.377461 1.125923 -0.843354
v 0.396746 1.095196 -0.876032
v -0.049984 0.275393 -0.415697
v -0.024310 0.279912 -0.421348
v -0.075233 0.295857 -0.427926
v 0.257269 1.241590 -1.079705
v 0.269202 1.225462 -1.037946
v 0.082784 0.235938 -0.422777
v 0.116868 0.235309 -0.432832
v 0.136855 0.256710 -0.414396
v 0.129011 1.024806 -0.293287
v -0.110397 0.464518 -1.005458
v -0.074348 0.465250 -1.014708
v -0.042188 1.128828 -0.374471
v -0.045704 1.116488 -0.374458
v 0.221047 0.204054 -0.618766
v 0.225108 0.211092 -0.589332
v 0.183591 0.189366 -0.606980
v 0.170566 1.278332 -0.743664
v 0.136310 1.279777 -0.696507
v 0.187462 1.265522 -0.720517
v -0.147829 1.233119 -1.269656
v -0.175050 1.209768 -1.241851
v 0.406497 0.372333 -0.782456
v -0.045468 1.434624 -0.896580
v -0.032523 1.427289 -0.869613
v 0.625207 0.783218 -0.493713
v 0.575634 0.760960 -0.526371
v 0.379860 0.683352 -0.989325
v -0.127050 0.327401 -0.454877
v 0.065257 1.001167 -1.294033
v -0.451290 0.479964 -0.826166
v -0.437129 0.432611 -0.804922
v -0.226696 0.949548 -0.650819
v -0.213138 0.961119 -0.636026
v 0.003611 1.022036 -0.634706
v 0.037639 1.024114 -0.612669
v -0.226097 0.322843 -0.643729
v -0.199412 0.310253 -0.616953
v -0.288529 0.286216 -0.485667
v -0.270765 0.798865 -0.257226
v -0.270916 0.784260 -0.266030
v -0.214941 0.905815 -0.780485
v -0.026168 1.371910 -0.830381
v 0.011307 1.366665 -0.824855
v -0.003471 1.385974 -0.850125
v 0.212515 0.618584 -1.107015
v 0.200394 0.639599 -1.110744
v 0.237390 0.660632 -1.093127
v -0.042342 1.307899 -0.810841
v -0.033192 1.309884 -0.792113
v -0.006226 1.310524 -0.807269
v -0.353509 0.630413 -0.832433
v -0.353985 0.649501 -0.827882
v -0.366621 0.630575 -0.802693
v 0.376280 0.837111 -1.111082
v 0.363964 0.792934 -1.105624
v 0.187944 1.112841 -1.215494
v 0.170505 1.091416 -1.215388
v 0.163821 1.099070 -1.231110
v 0.210165 1.106060 -1.167210
v 0.231400 1.084263 -1.178524
v 0.094848 0.892869 -1.325985
v 0.076135 0.931305 -1.318597
v -0.243557 0.790704 -0.278522
v -0.271661 0.759580 -0.288857
v -0.240070 0.785974 -0.297237
v 0.127098 1.443304 -1.224966
v 0.102096 1.299778 -0.751266
v 0.149279 1.288024 -0.764326
v 0.132302 1.293312 -0.802676
v 0.411552 0.931980 -0.746041
v 0.428922 0.918064 -0.711530
v 0.437612 0.894114 -0.740335
v -0.076584 0.311257 -1.023096
v -0.025976 0.299815 -1.018409
v -0.001049 1.452732 -1.358509
v 0.018917 1.433013 -1.356340
v -0.000397 1.429391 -1.358109
v 0.180591 0.296863 -0.653427
v -0.465544 0.670676 -0.865283
v -0.464664 0.637383 -0.868383
v -0.485440 0.642807 -0.815426
v 0.126028 0.678879 -1.292534
v 0.154503 0.688104 -1.284971
v 0.127523 1.326116 -0.837553
v 0.117285 1.345603 -0.842493
v 0.154460 1.009364 -0.288254
v -0.088906 0.575661 -1.135626
v -0.073047 0.550257 -1.134484
v -0.379958 0.928167 -0.447763
v -0.353640 0.953029 -0.432871
v 0.035871 0.809530 -0.967806
v -0.091232 0.413644 -1.088994
v -0.085035 0.375747 -1.068915
v -0.129142 0.397683 -1.071919
v -0.123097 1.448884 -1.086033
v -0.133923 1.428197 -1.038743
v 0.290274 0.712766 -0.348381
v 0.298317 0.693643 -0.335699
v 0.114158 1.038351 -0.303434
v -0.374617 1.149585 -0.811898
v -0.356078 1.161878 -0.845436
v 0.032559 1.294935 -0.676805
v 0.069950 1.297424 -0.699304
v -0.024974 1.357006 -1.349165
v 0.289587 0.438334 -0.846130
v 0.293157 0.470022 -0.870914
v 0.264445 0.429326 -0.873356
v -0.380247 0.680114 -0.539343
v -0.379375 0.723228 -0.570913
v -0.371212 0.725585 -0.536156
v 0.349040 0.357141 -0.462885
v 0.364644 0.343913 -0.511892
v 0.370972 0.380801 -0.465841
v 0.131463 0.976330 -0.451285
v 0.170195 0.949152 -0.433640
v -0.048863 0.596940 -1.232723
v 0.011474 0.583544 -1.216297
v -0.007304 0.580211 -1.205468
v -0.001287 1.477608 -1.354009
v 0.015476 1.489359 -1.344666
v 0.018026 1.470431 -1.352332
v 0.362340 0.658813 -0.804225
v 0.148034 1.121393 -0.569055
v 0.164422 1.120264 -0.543367
v 0.184601 1.110784 -0.582967
v -0.317939 0.542131 -0.423177
v -0.300787 0.500579 -0.412929
v -0.275893 0.915349 -0.603489
v -0.276913 0.912259 -0.636710
v -0.141623 1.050340 -1.246631
v -0.091890 1.067230 -1.249119
v -0.388528 0.708976 -0.631564
v -0.388717 0.687270 -0.588747
v -0.394194 0.664692 -0.620798
v 0.203047 0.303243 -0.965522
v 0.213577 0.284193 -0.936442
v 0.214254 0.985386 -0.304362
v 0.199286 0.973648 -0.279881
v 0.235797 0.963621 -0.299103
v 0.347579 0.767015 -0.996978
v 0.346645 0.754117 -1.020215
v 0.278012 0.511532 -0.915841
v 0.307420 0.532465 -0.887683
v 0.279752 0.545823 -0.925744
v -0.121480 1.285720 -0.697031
v -0.122810 1.275613 -0.672157
v -0.089557 1.283615 -0.668939
v 0.029452 0.999022 -0.445544
v 0.029328 1.011772 -0.479347
v 0.061799 1.012790 -0.496463
v 0.094247 0.362983 -1.058978
v 0.087254 0.400334 -1.082428
v 0.130078 0.386910 -1.065032
v -0.504766 0.596142 -0.636414
v -0.508377 0.641153 -0.636811
v 0.213972 0.945731 -0.491809
v 0.185175 0.971086 -0.511028
v -0.054028 0.775649 -1.339337
v -0.030381 0.756574 -1.339337
v -0.451882 0.511519 -0.484235
v -0.462751 0.500013 -0.524568
v 0.091311 0.728178 -1.324853
v 0.053617 0.726426 -1.331117
v 0.162840 1.276853 -0.860065
v 0.189386 1.273970 -0.821777
v 0.212833 1.259100 -0.867011
v -0.159799 1.016140 -1.263722
v -0.186068 0.971670 -1.279782
v 0.178209 0.948214 -1.291361
v 0.185437 0.971624 -1.279444
v 0.201225 0.950926 -1.281851
v 0.151718 1.417770 -1.188821
v 0.171870 1.392125 -1.161649
v 0.162962 1.395730 -1.195040
v -0.499377 0.571592 -0.715278
v -0.492364 0.538874 -0.720556
v -0.496311 0.544383 -0.691104
v 0.240146 1.021194 -1.225550
v 0.283376 1.032432 -1.190738
v 0.259872 1.000548 -1.227863
v -0.230212 0.357150 -0.530164
v 0.176138 1.255226 -0.678083
v 0.209454 1.250771 -0.711732
v -0.499109 0.755159 -0.669912
v -0.189574 1.375217 -1.131000
v -0.218843 1.325834 -1.109303
v -0.191158 1.375552 -1.091436
v 0.387383 0.703257 -0.652860
v 0.392348 0.664393 -0.641516
v 0.249911 0.221003 -0.605639
v -0.041995 1.428400 -0.914598
v -0.052555 1.428648 -0.934556
v -0.375084 0.779161 -1.029546
v -0.361509 0.759001 -1.037858
v -0.366735 0.772302 -1.014064
v 0.178351 0.616598 -1.135544
v 0.174713 0.628587 -1.120107
v 0.036705 0.994340 -0.231620
v 0.039047 0.960853 -0.202005
v 0.068854 0.994591 -0.237945
v 0.136226 0.956604 -0.416341
v 0.142680 0.934099 -0.384493
v 0.447165 0.720937 -0.887078
v 0.430171 0.707570 -0.920173
v -0.288216 0.389952 -0.382526
v -0.106461 0.780681 -0.976299
v -0.105931 0.758581 -0.990603
v -0.053454 0.769118 -0.995864
v -0.137476 0.599722 -1.150072
v -0.103451 0.588013 -1.167596
v 0.321022 1.032819 -1.159568
v 0.337278 1.036095 -1.139775
v 0.334776 0.999374 -1.165270
v -0.292087 0.835842 -0.258864
v 0.076066 1.114821 -0.420645
v -0.005523 0.432804 -1.006127
v -0.031836 0.440705 -1.009127
v 0.330677 0.747630 -1.017738
v 0.154375 0.987942 -0.515047
v -0.057520 1.104097 -0.389233
v -0.075263 1.395586 -0.821340
v -0.098677 1.368876 -0.828131
v -0.212718 0.871307 -0.227147
v -0.249335 0.847468 -0.239303
v -0.212022 0.850734 -0.233785
v -0.112239 1.463243 -1.236347
v 0.284084 0.679136 -1.142216
v 0.264643 0.669080 -1.164027
v -0.321775 0.696470 -1.040069
v -0.338757 0.713286 -1.022675
v -0.316333 0.729328 -1.034348
v -0.058647 0.741122 -1.334274
v -0.018298 0.727565 -1.334954
v -0.486511 0.543657 -0.767892
v -0.294892 0.265567 -0.541252
v -0.291904 0.253732 -0.574113
v -0.270115 0.241927 -0.564358
v -0.230644 0.885044 -0.234152
v -0.196065 0.894448 -0.221617
v 0.202219 0.971408 -0.603041
v 0.225197 0.956134 -0.613406
v 0.223417 0.956606 -0.572028
v 0.001880 0.894664 -0.283436
v -0.005121 0.925543 -0.321732
v 0.029195 0.898762 -0.290735
v 0.128753 1.290273 -0.728531
v 0.155926 0.971633 -0.466637
v 0.037638 0.152091 -0.685559
v -0.002036 0.152577 -0.720873
v 0.234637 0.944495 -1.268845
v 0.266822 0.921539 -1.255063
v 0.260973 0.901517 -1.262584
v -0.190560 0.764598 -0.951845
v -0.018830 1.486662 -1.343606
v -0.013618 1.467491 -1.354607
v -0.034535 1.447390 -1.350814
v 0.336813 1.031906 -0.623639
v -0.263085 0.872483 -0.438661
v -0.329843 0.815532 -1.188845
v 0.233285 0.386111 -0.860856
v 0.202170 0.395771 -0.906049
v -0.226937 0.421522 -0.911899
v -0.195220 0.400218 -0.919343
v 0.478346 0.790767 -0.755045
v 0.485931 0.785042 -0.723434
v 0.175756 0.349737 -0.431408
v 0.215946 0.372927 -0.418126
v 0.200440 0.369471 -0.436324
v 0.379748 0.862668 -0.381705
v -0.378782 0.529514 -0.699825
v -0.373031 0.522875 -0.728519
v -0.121465 0.692596 -1.302586
v -0.182159 0.256463 -0.433900
v -0.161810 0.233726 -0.458876
v -0.115169 0.230659 -0.439952
v -0.344085 0.765179 -0.486065
v -0.148994 0.551636 -1.120404
v -0.233387 1.044395 -1.211327
v -0.224868 1.017772 -1.235929
v -0.269237 1.021413 -1.208054
v 0.267453 1.208806 -0.959546
v 0.283267 1.209160 -0.930894
v 0.300412 1.188810 -0.959725
v 0.082984 0.304210 -0.856161
v 0.086163 0.314722 -0.873965
v 0.055532 0.312090 -0.881446
v -0.038325 1.412430 -1.351764
v -0.075288 0.669265 -1.033992
v 0.260712 1.087374 -0.626695
v 0.277912 1.065731 -0.643854
v -0.352078 0.975287 -0.464589
v -0.136575 1.445163 -1.183621
v -0.137674 0.970522 -0.444708
v -0.110049 0.956866 -0.397193
v -0.157040 0.938857 -0.404433
v 0.352935 0.799609 -0.679807
v 0.364523 0.779839 -0.648380
v 0.433111 0.920717 -0.661961
v 0.445145 0.895615 -0.693461
v -0.193349 1.159138 -0.587230
v -0.270605 0.988195 -1.228139
v -0.291820 1.019937 -1.193233
v 0.398934 0.451004 -0.434046
v 0.393144 0.411032 -0.467032
v -0.040253 0.166086 -0.566456
v -0.036855 0.158429 -0.605212
v -0.011687 0.159376 -0.593361
v 0.394394 1.091432 -0.951800
v 0.392741 1.068300 -1.011336
v 0.241064 0.419102 -0.890807
v 0.245736 1.215339 -0.689442
v 0.275902 1.190359 -0.696699
v 0.268933 0.757688 -0.343496
v 0.340735 0.739658 -1.098422
v 0.344184 0.757132 -1.116471
v -0.241460 0.338225 -0.613161
v 0.491489 0.599689 -0.550674
v 0.486465 0.560716 -0.555700
v 0.494977 0.579587 -0.582052
v -0.394135 0.613497 -0.690324
v -0.389432 0.570685 -0.688878
v -0.387882 0.583311 -0.719146
v 0.256043 0.248258 -0.522329
v 0.218455 0.226553 -0.525396
v 0.010479 1.311047 -0.769928
v -0.168174 0.845952 -0.296000
v -0.177807 0.847522 -0.309217
v -0.138701 0.869116 -0.301100
v -0.041058 1.510606 -1.190851
v -0.022149 1.506298 -1.145926
v 0.076502 0.653932 -1.291680
v -0.435046 0.810117 -0.861734
v 0.234434 0.328898 -0.691395
v 0.206315 0.310092 -0.681925
v 0.486746 0.535438 -0.586476
v 0.354827 0.600858 -1.015103
v -0.082552 0.999858 -0.678570
v -0.318843 0.637718 -0.386057
v -0.308938 0.662489 -0.357661
v -0.315714 0.634255 -0.363493
v 0.345412 0.890596 -0.354606
v 0.348532 0.858938 -0.335555
v 0.044094 1.125958 -0.360334
v 0.381403 0.930531 -1.119310
v 0.398932 0.927785 -1.080755
v 0.381931 0.906181 -1.119086
v -0.354891 0.872662 -1.165181
v -0.331441 0.863608 -1.197376
v -0.348743 0.830310 -1.165020
v -0.465036 0.503826 -0.809468
v 0.198813 1.016938 -0.295095
v 0.214926 1.007049 -0.308038
v 0.210872 1.054633 -0.286054
v -0.108116 0.882793 -0.227126
v -0.075442 0.885888 -0.231819
v -0.051023 0.900556 -0.214997
v -0.347684 1.101562 -1.060805
v -0.008469 1.113724 -0.319383
v 0.061582 1.023540 -0.565608
v 0.057240 1.024059 -0.584307
v 0.108528 1.012642 -0.577709
v 0.209998 0.960444 -0.533926
v 0.223611 0.944842 -0.510578
v 0.087367 1.173300 -1.297176
v -0.216435 0.447914 -0.940958
v -0.216946 0.480104 -0.958883
v -0.369972 0.519736 -0.581861
v -0.367948 0.503394 -0.610480
v -0.406820 0.988243 -0.812273
v 0.028749 0.984017 -0.725321
v 0.040592 0.998809 -0.696655
v 0.378169 1.084319 -0.762873
v 0.402914 1.042868 -0.806131
v 0.405773 1.054337 -0.827222
v 0.449143 0.428427 -0.604697
v 0.071094 1.285891 -0.666306
v 0.083804 0.193778 -0.497760
v 0.044721 0.352879 -0.938578
v 0.035054 0.327195 -0.909405
v 0.363261 0.471960 -0.368617
v 0.355000 0.449264 -0.375182
v 0.372766 0.450802 -0.395364
v 0.315083 0.994613 -1.188734
v 0.202236 1.213285 -0.635389
v 0.232104 1.208703 -0.659393
v -0.163463 0.283805 -0.967248
v -0.208764 0.308360 -0.969685
v -0.150285 0.296495 -0.987293
v -0.295423 0.849910 -0.766772
v -0.323932 0.827079 -0.741705
v -0.318386 0.818290 -0.770065
v -0.117595 0.303845 -0.835244
v -0.048766 0.259169 -0.410518
v -0.313184 0.900998 -0.322540
v -0.299248 0.866489 -0.281960
v -0.156628 0.763025 -0.969265
v -0.132512 0.740522 -0.992027
v -0.255657 0.689693 -1.207992
v -0.198508 1.360453 -1.052226
v -0.212629 1.340078 -1.060127
v -0.389578 0.668848 -0.330873
v -0.428474 0.640644 -0.390435
v -0.025708 1.416244 -0.890490
v -0.030614 1.417457 -0.861491
v -0.000289 1.416037 -0.895145
v -0.514929 0.733503 -0.475129
v -0.485558 0.684861 -0.483387
v 0.288624 1.178926 -1.001948
v 0.313510 1.167580 -0.991364
v -0.369473 0.734990 -0.309587
v -0.355070 0.753009 -0.296272
v 0.064671 1.457206 -1.014331
v 0.505553 0.653258 -0.707126
v -0.344030 1.011201 -1.148935
v -0.318659 1.015392 -1.173701
v -0.328737 0.978696 -1.183180
v -0.326693 1.027522 -0.696551
v -0.359931 1.001492 -0.700143
v -0.133923 0.955085 -0.745094
v -0.122540 0.927337 -0.798344
v -0.107545 0.957953 -0.750872
v 0.349283 1.155795 -0.941409
v 0.344968 1.172520 -0.874547
v 0.372852 1.130179 -0.936403
v 0.344928 1.172651 -0.847146
v 0.343168 1.185103 -0.840668
v 0.356909 1.162793 -0.836082
v -0.188329 0.329356 -1.001609
v -0.153298 0.346632 -1.031307
v -0.135078 0.321902 -1.017196
v 0.249835 0.645698 -1.134461
v -0.250695 0.639844 -1.088932
v -0.168823 0.617885 -1.012740
v -0.197037 0.589780 -0.998959
v 0.264725 0.769728 -1.246641
v 0.294769 0.777692 -1.218018
v 0.286439 0.764081 -1.221261
v 0.497918 0.568410 -0.619331
v 0.501696 0.611499 -0.602447
v 0.377955 0.723150 -0.573887
v 0.387087 0.675518 -0.580707
v -0.335540 1.158619 -0.973560
v -0.446280 0.685355 -0.900400
v -0.433587 0.703896 -0.918135
v 0.129181 1.393551 -1.271611
v 0.120190 1.381093 -1.288146
v -0.250324 0.935720 -0.630631
v 0.110771 0.309808 -0.850790
v -0.051335 0.884465 -0.244846
v -0.073908 0.878619 -0.255302
v -0.032741 0.885237 -0.263815
v 0.169070 0.259239 -0.931627
v 0.419140 0.460570 -0.876548
v 0.421794 0.442031 -0.853629
v 0.386153 0.415279 -0.892420
v -0.000630 0.997953 -0.702112
v -0.025925 0.977983 -0.733831
v 0.170182 0.461346 -0.978191
v -0.192627 1.264322 -0.885680
v 0.244190 1.134906 -1.131276
v 0.240235 1.129267 -1.123810
v 0.227053 1.118621 -1.143964
v 0.229299 1.121514 -1.154108
v -0.388389 0.664009 -0.717457
v 0.133217 0.451979 -0.989497
v 0.444475 0.669568 -0.903906
v -0.405704 0.956033 -1.065273
v -0.416761 0.949506 -1.034950
v -0.404304 0.975879 -1.061160
v 0.325323 0.852329 -0.655055
v 0.336748 0.824315 -0.696347
v 0.380480 0.562500 -0.736335
v 0.179831 0.932094 -0.758614
v -0.339140 0.757636 -0.282398
v -0.357468 0.720086 -0.296187
v -0.330499 0.725576 -0.284783
v 0.189463 0.710371 -0.980988
v -0.258199 1.079108 -0.628345
v -0.381047 0.561000 -0.576401
v 0.306662 0.688052 -0.320672
v 0.322326 0.645189 -0.329858
v 0.326752 0.690072 -0.300114
v 0.166524 0.295429 -0.613398
v 0.293810 0.495931 -1.039250
v 0.335679 0.502694 -1.007997
v 0.314460 0.464896 -1.009225
v -0.422328 0.414608 -0.820796
v -0.423653 0.444883 -0.856084
v 0.036975 0.892196 -0.282649
v 0.054513 0.917168 -0.317948
v 0.091094 0.883230 -0.290783
v 0.323298 0.687433 -0.866575
v -0.447318 0.470204 -0.512991
v -0.422518 0.450704 -0.473987
v -0.038217 1.106563 -0.337764
v -0.022117 1.129271 -0.326898
v -0.506429 0.616062 -0.697343
v 0.388732 0.362537 -0.814635
v -0.078766 0.207120 -0.884499
v -0.036969 0.203548 -0.887030
v -0.023268 0.185991 -0.850165
v 0.017503 1.517874 -1.213124
v 0.021239 1.510298 -1.165347
v 0.042788 1.508133 -1.184484
v -0.389588 0.795250 -0.940725
v -0.372863 0.812226 -0.948606
v -0.367657 0.969234 -0.767995
v -0.377499 0.976670 -0.728503
v 0.342222 0.620044 -1.027957
v 0.314872 0.602725 -1.048583
v -0.243396 0.499386 -1.072227
v -0.215606 0.539883 -1.095707
v -0.258198 1.244664 -1.075173
v -0.272501 1.210686 -1.056219
v -0.264203 1.238924 -1.045297
v -0.152129 0.300578 -0.790471
v 0.265587 0.855888 -0.805916
v -0.311292 0.446032 -1.004742
v 0.186121 1.265363 -0.880717
v 0.204282 1.278483 -0.895048
v 0.212265 0.860241 -0.230007
v 0.218522 0.885708 -0.228168
v -0.120988 1.064433 -0.296962
v -0.095870 1.023671 -0.278399
v -0.081654 1.047515 -0.302939
v -0.211702 0.939394 -0.256890
v -0.162600 0.953316 -0.236270
v -0.345419 0.560263 -1.018857
v -0.355252 0.592936 -1.015824
v -0.319890 0.574996 -1.042913
v 0.327186 0.530819 -0.856000
v 0.348202 0.546245 -0.823566
v 0.186489 1.245978 -1.227247
v 0.208037 1.185223 -1.201501
v 0.191863 1.206531 -1.221355
v 0.122897 0.319736 -0.486015
v 0.168877 0.342154 -0.481505
v -0.312537 0.261677 -0.751971
v -0.272101 0.234405 -0.758220
v 0.317696 0.710955 -1.114671
v 0.325014 0.733034 -1.132940
v 0.381198 0.774633 -0.337106
v 0.358613 0.756779 -0.301586
v 0.373826 0.732378 -0.315658
v 0.184378 0.359087 -1.027070
v 0.148068 0.327793 -1.017003
v 0.166223 0.629233 -1.227803
v 0.177650 0.622958 -1.208925
v 0.168204 0.609078 -1.192772
v 0.335517 0.845497 -0.311026
v -0.337623 0.514761 -1.012782
v 0.001071 0.856565 -0.924726
v 0.422988 0.505166 -0.901301
v 0.404451 0.512233 -0.933973
v 0.259853 1.112357 -0.620731
v -0.417816 1.003847 -0.998162
v -0.417083 0.980954 -1.019739
v -0.425397 0.964275 -0.991072
v 0.193452 0.362943 -0.469407
v 0.217194 0.377845 -0.471189
v 0.200007 0.348941 -0.504689
v -0.199857 0.821642 -0.899089
v -0.182878 0.855241 -0.875037
v -0.013867 0.271195 -0.561865
v -0.056598 0.697030 -1.320598
v -0.058947 0.680949 -1.312917
v 0.328300 0.637610 -1.039853
v 0.345442 0.656952 -1.025130
v 0.151457 0.841598 -1.320410
v 0.261959 1.187552 -1.016113
v -0.175263 1.266834 -0.704638
v -0.157618 1.258358 -0.665784
v -0.149076 1.280369 -0.709778
v -0.202373 0.862395 -0.854300
v 0.256104 1.242407 -0.814429
v 0.296009 1.219963 -0.831305
v 0.255594 1.239454 -0.859120
v -0.371983 0.879315 -1.137600
v -0.370838 0.842495 -1.129039
v -0.389305 0.866866 -1.099047
v -0.187729 0.960123 -0.690782
v -0.235484 0.349261 -0.790594
v -0.228341 0.351832 -0.811688
v -0.107596 1.444055 -1.030497
v -0.409445 0.593005 -0.955378
v 0.263431 1.238056 -1.003649
v 0.255187 1.247768 -0.977762
v 0.256492 1.234784 -0.976182
v -0.486573 0.800879 -0.680522
v -0.405292 0.863393 -1.050193
v -0.344112 0.685704 -0.835070
v -0.361802 0.662848 -0.808223
v 0.177911 0.335809 -0.844462
v 0.209670 0.336814 -0.803031
v 0.223041 0.363312 -0.838771
v 0.345560 0.671149 -0.445393
v 0.351192 0.634782 -0.456404
v 0.322600 0.650332 -0.398543
v 0.364307 0.695104 -0.498256
v 0.378185 0.659465 -0.533754
v 0.362030 0.660762 -0.482708
v -0.108293 0.591468 -1.200376
v -0.094436 0.600440 -1.224698
v -0.087296 0.586453 -1.197112
v -0.321901 0.966604 -0.398917
v -0.142756 1.081167 -0.278316
v -0.148057 1.057474 -0.273180
v -0.129710 1.065900 -0.285918
v 0.096058 1.439557 -1.002524
v 0.095259 1.425272 -0.969934
v 0.130776 1.411212 -0.988654
v -0.085769 0.943681 -0.777526
v -0.052830 0.945796 -0.776853
v 0.104955 1.130326 -0.555982
v 0.071911 1.136061 -0.547500
v 0.125587 1.128581 -0.533235
v 0.471503 0.467689 -0.679844
v 0.483998 0.503952 -0.647118
v -0.156246 0.992085 -0.617668
v -0.156889 0.985851 -0.652043
v -0.124664 1.000564 -0.641925
v -0.257034 0.711949 -1.226241
v -0.236844 0.725662 -1.253828
v 0.382793 0.545646 -0.686302
v 0.375866 0.519186 -0.661365
v 0.387768 0.562505 -0.658884
v 0.166761 1.368400 -0.915091
v 0.187882 1.332662 -0.930598
v -0.126345 1.179051 -1.278258
v -0.106074 1.203991 -1.295900
v -0.109251 1.125356 -1.275314
v 0.241748 0.733338 -0.935018
v -0.138166 1.104081 -1.252613
v -0.144622 1.144591 -1.258374
v 0.309628 0.399805 -0.688943
v 0.325162 0.421083 -0.637818
v -0.089620 0.276988 -0.412550
v -0.363528 0.784397 -0.983967
v -0.358402 0.766291 -1.010274
v -0.349477 0.769926 -0.994427
v 0.110418 0.413670 -0.974720
v 0.071416 0.390517 -0.968228
v 0.108917 0.377139 -0.944168
v 0.218662 1.328068 -1.064192
v 0.218252 1.327186 -1.088865
v 0.037747 0.736603 -1.015183
v 0.077354 0.739300 -1.008070
v 0.060230 0.761142 -0.999505
v -0.011075 0.887570 -0.247686
v 0.003891 0.886728 -0.262292
v 0.029883 0.886408 -0.248406
v -0.353146 0.991096 -1.147798
v -0.340263 0.951347 -1.178992
v -0.366248 0.959549 -1.140981
v -0.063363 0.974678 -1.306104
v 0.120633 0.298132 -0.534884
v 0.138839 0.291899 -0.576509
v -0.428939 0.968699 -0.954454
v 0.221174 1.304085 -1.133737
v 0.214043 1.301174 -1.159599
v -0.191450 0.433878 -1.069301
v -0.232977 0.471195 -1.067508
v -0.196627 0.463658 -1.080399
v 0.485764 0.803072 -0.659634
v -0.173741 1.087931 -1.204014
v -0.167385 1.090598 -1.221252
v -0.161062 1.083610 -1.212950
v 0.293127 0.379943 -0.671920
v -0.349693 0.784434 -1.136969
v -0.329237 0.755671 -1.154218
v 0.313158 0.282084 -0.537420
v 0.329237 0.281596 -0.581510
v -0.068710 0.462753 -1.112957
v -0.060218 0.500674 -1.125828
v -0.039233 0.467454 -1.117718
v 0.360737 0.494644 -0.590722
v 0.031706 0.241793 -0.951633
v 0.054666 0.253247 -0.963892
v 0.073948 0.239134 -0.940895
v -0.499673 0.699720 -0.566746
v 0.368520 0.610541 -0.503887
v -0.307686 1.228324 -0.798713
v -0.270661 1.233307 -0.767054
v -0.279397 1.232910 -0.797750
v -0.232468 1.092955 -0.609926
v 0.367524 1.233485 -0.781401
v 0.381832 1.251141 -0.738374
v 0.378827 1.195302 -0.769080
v 0.286979 0.567354 -0.922706
v 0.253423 0.575368 -0.957106
v -0.187192 0.868376 -0.225670
v -0.459348 0.544802 -0.479149
v -0.431501 0.509997 -0.441572
v -0.138268 0.280987 -0.721379
v -0.344649 0.826677 -0.638872
v -0.352684 0.808358 -0.593752
v 0.375364 0.965302 -1.122705
v 0.007623 1.027139 -0.602380
v -0.028500 1.027133 -0.588949
v -0.104470 0.978377 -0.434616
v -0.451649 0.743438 -0.432106
v -0.446480 0.738046 -0.428654
v 0.160965 1.313838 -0.857778
v 0.171321 1.285831 -0.863977
v 0.190158 1.298454 -0.883956
v 0.014073 1.503604 -1.327301
v 0.033804 1.490200 -1.330256
v -0.143156 0.601416 -1.200197
v 0.337081 1.096349 -0.694693
v 0.336883 1.077595 -0.691568
v 0.366592 1.071234 -0.734046
v -0.058624 0.306606 -0.462348
v -0.059143 0.302803 -0.445185
v -0.023831 0.300683 -0.455812
v -0.341940 0.542343 -0.838865
v -0.332931 0.511713 -0.838747
v -0.425457 0.727333 -0.388887
v -0.438053 0.698907 -0.405716
v -0.095100 0.991430 -0.242583
v -0.064411 1.008563 -0.252083
v 0.075510 1.065570 -1.254705
v -0.152730 0.186678 -0.783930
v -0.125157 0.178695 -0.782381
v -0.276909 0.314046 -0.922827
v -0.249375 0.327312 -0.961581
v -0.305512 1.125394 -1.076416
v -0.277273 1.148992 -1.070599
v 0.331103 0.841225 -0.572572
v -0.080603 1.169633 -0.547985
v -0.036700 1.168296 -0.541903
v -0.046908 1.183833 -0.547443
v 0.220127 0.353025 -1.002991
v -0.389615 0.900240 -1.106410
v 0.363360 0.538501 -0.780769
v -0.198523 1.312572 -0.910212
v -0.167164 1.334208 -0.885046
v 0.278150 0.389209 -0.789478
v -0.434057 0.848008 -0.471641
v -0.452998 0.828458 -0.499212
v -0.446313 0.818726 -0.473324
v -0.334971 0.453043 -0.568410
v -0.325519 0.426943 -0.601916
v 0.405556 1.075704 -0.884842
v 0.406636 1.066513 -0.852722
v 0.225944 1.090627 -0.502145
v 0.431779 0.461011 -0.487796
v 0.415982 0.435970 -0.481819
v 0.435078 0.430894 -0.538393
v 0.496191 0.790271 -0.564197
v 0.498502 0.750903 -0.570942
v 0.362366 1.007947 -0.653450
v -0.417982 0.919071 -0.886228
v -0.426602 0.941950 -0.904761
v -0.425236 0.915778 -0.923730
v -0.475796 0.825968 -0.584505
v -0.482468 0.812346 -0.603612
v -0.492097 0.770021 -0.582454
v -0.175727 0.214617 -0.845947
v -0.124127 1.421064 -0.996316
v -0.464994 0.714799 -0.447798
v -0.497359 0.767448 -0.465287
v -0.103179 1.359105 -1.313119
v -0.095122 1.390959 -1.317593
v -0.082821 1.366389 -1.329011
v -0.000183 1.089853 -1.290304
v 0.022524 1.104622 -1.294505
v -0.002376 0.217757 -0.916379
v -0.003187 0.233530 -0.941628
v 0.021639 0.224769 -0.927197
v -0.194668 0.539092 -0.994566
v -0.182811 0.491445 -0.986565
v -0.162525 0.507146 -1.002255
v 0.151455 1.394053 -1.230265
v 0.171670 1.372951 -1.201237
v 0.073968 0.242528 -0.415472
v 0.411069 0.812868 -0.898740
v 0.431347 0.816482 -0.861774
v 0.249177 1.046409 -1.200850
v 0.281944 1.070968 -1.158713
v -0.029041 1.014614 -0.657539
v -0.043384 1.001209 -0.690218
v 0.482230 0.510020 -0.603801
v -0.351575 0.479957 -0.750691
v -0.090759 0.892368 -0.860223
v 0.202989 0.940350 -0.718086
v 0.235353 0.921864 -0.716677
v -0.303059 0.879647 -0.673398
v 0.078971 0.620570 -1.041017
v 0.096909 0.578319 -1.038234
v 0.121788 0.619375 -1.029995
v 0.321229 1.235421 -0.737238
v 0.361027 1.194019 -0.729583
v -0.071990 1.420207 -1.331494
v -0.109217 1.403514 -1.299466
v -0.387518 0.638993 -0.733959
v -0.394398 0.651130 -0.684952
v 0.361174 0.531116 -0.994190
v 0.200361 0.969744 -0.555434
v 0.177298 0.983212 -0.560513
v 0.010752 1.010156 -0.675419
v -0.332014 1.024742 -1.153642
v 0.228036 1.052995 -0.384508
v 0.237003 1.049896 -0.366733
v 0.375481 0.867661 -1.126332
v 0.356484 0.856848 -1.158036
v -0.048055 1.077777 -1.280821
v -0.021973 1.140676 -1.307085
v -0.024693 1.091213 -1.289567
v 0.270059 0.459829 -1.039722
v -0.046257 1.512535 -1.226995
v -0.017037 1.520582 -1.247736
v -0.230269 0.835392 -0.352701
v -0.235678 0.797956 -0.325143
v -0.109387 1.248109 -0.618254
v -0.087765 1.236544 -0.595484
v -0.088182 1.259932 -0.625631
v -0.378129 0.496334 -0.368789
v -0.382480 0.461682 -0.396998
v 0.096899 0.700209 -1.313435
v 0.143477 0.715362 -1.303916
v -0.084783 1.475963 -1.102436
v -0.085895 1.460122 -1.043673
v 0.377301 0.832253 -0.928189
v 0.403519 0.840638 -0.889006
v 0.022436 0.199360 -0.471211
v 0.051263 0.206823 -0.460817
v 0.018043 0.219949 -0.434549
v 0.263492 1.232692 -0.773721
v 0.272956 1.234449 -0.771695
v -0.205271 0.364424 -0.478286
v -0.241687 0.380689 -0.499123
v -0.218536 0.383213 -0.458387
v -0.355521 0.566386 -0.489770
v -0.328112 0.570691 -0.428051
v -0.219801 0.671287 -0.975785
v -0.242365 0.674610 -0.959013
v -0.244690 0.651505 -0.962946
v -0.294006 0.390712 -0.591603
v -0.281317 0.376359 -0.597009
v -0.283571 0.371949 -0.630657
v 0.067373 0.797908 -0.973002
v 0.102596 0.779317 -0.978507
v -0.000661 1.148859 -0.540442
v 0.047354 1.151310 -0.542198
v 0.427454 0.947356 -0.915825
v 0.421374 0.905531 -0.923213
v -0.233174 0.636705 -1.130129
v -0.221544 0.641551 -1.114341
v 0.238549 0.907109 -1.276045
v 0.291011 0.909705 -0.305103
v 0.275360 0.954919 -0.328531
v -0.174090 0.839383 -0.272810
v -0.179174 0.835538 -0.286198
v -0.147390 0.854674 -0.285022
v -0.092378 0.769764 -1.332996
v -0.089538 0.741409 -1.328839
v -0.384234 0.626338 -0.989312
v -0.382292 0.673335 -0.989527
v 0.172669 0.759409 -0.964245
v -0.344861 0.405586 -0.942857
v -0.367399 0.999639 -0.575599
v 0.013871 0.754001 -1.007945
v 0.476887 0.531947 -0.789799
v 0.481261 0.523507 -0.760843
v 0.473573 0.500223 -0.764079
v 0.418447 0.633908 -0.377045
v 0.417386 0.594852 -0.383281
v 0.439470 0.608935 -0.414576
v -0.486144 0.548514 -0.562034
v -0.493840 0.585925 -0.563975
v 0.397687 0.477435 -0.924424
v 0.003605 1.133857 -0.408625
v -0.000959 1.124919 -0.414135
v 0.004925 0.755791 -1.340185
v -0.256383 1.254124 -0.996830
v -0.266978 1.231904 -1.020399
v -0.260090 1.237218 -0.986896
v 0.033320 1.139873 -0.518070
v 0.054267 1.136322 -0.492080
v 0.079810 1.135891 -0.521763
v -0.241195 0.366661 -1.003085
v -0.223612 0.333824 -0.985767
v -0.256879 0.352120 -0.980112
v 0.297255 1.042935 -0.498379
v 0.300985 1.028815 -0.469379
v -0.388309 0.612188 -0.731379
v -0.474345 0.689430 -0.465306
v 0.135096 1.279862 -1.282073
v -0.383388 0.926585 -0.820846
v -0.404930 0.925358 -0.851693
v -0.386915 0.975115 -0.567198
v -0.090390 1.135066 -0.524596
v -0.026888 1.140135 -0.525645
v -0.063503 1.136700 -0.548982
v 0.290086 0.905821 -1.239261
v 0.268297 0.871623 -1.259784
v -0.034407 0.469756 -1.022674
v -0.058973 0.501682 -1.031500
v 0.469695 0.826710 -0.538677
v 0.459401 0.833715 -0.516491
v 0.476166 0.826557 -0.531363
v 0.190301 1.371389 -1.071650
v 0.190434 1.363925 -1.026886
v 0.205653 1.347517 -1.050284
v 0.453926 0.726547 -0.433241
v 0.443438 0.755988 -0.428853
v 0.447239 0.736272 -0.429574
v 0.328883 1.146553 -0.713806
v 0.335920 1.128096 -0.706193
v 0.209406 0.995396 -1.258117
v 0.226303 0.978029 -1.259193
v 0.042107 1.511916 -1.216410
v 0.082985 1.490156 -1.196132
v -0.032426 0.891294 -0.231887
v 0.123803 1.063245 -0.316266
v 0.123979 1.041802 -0.297565
v 0.136729 1.035377 -0.291747
v 0.145889 0.309315 -1.000297
v 0.169813 0.307480 -0.988459
v 0.456796 0.792391 -0.825560
v 0.468774 0.777254 -0.804978
v -0.004180 1.425068 -0.911413
v -0.006621 1.445299 -0.954149
v 0.420478 0.799543 -0.407629
v 0.441657 0.783014 -0.437679
v -0.379313 0.734636 -0.683993
v -0.378262 0.747549 -0.654047
v -0.158599 0.484933 -1.101611
v -0.034670 0.219629 -0.917079
v -0.329166 1.072663 -0.681928
v -0.292061 1.106559 -0.646550
v -0.204106 0.287899 -0.408516
v -0.171616 0.265719 -0.416981
v -0.190521 0.292967 -0.403677
v -0.173569 1.318885 -0.874300
v -0.408323 0.842829 -1.005153
v -0.391340 0.808457 -1.029249
v -0.332214 1.107284 -1.072432
v -0.075006 0.292932 -0.836954
v -0.035641 0.289857 -0.843134
v 0.280254 0.859054 -0.259232
v 0.277427 0.881179 -0.270160
v -0.014549 0.598953 -1.241314
v 0.035990 0.597151 -1.239273
v 0.456444 0.744824 -0.858679
v 0.469953 0.718675 -0.838714
v -0.171740 0.617919 -1.131283
v -0.128015 0.605671 -1.138970
v -0.263747 0.476302 -1.052937
v 0.235995 1.049618 -0.324725
v 0.238253 1.024955 -0.345408
v 0.293095 0.242937 -0.712297
v 0.315139 0.262014 -0.732865
v 0.331090 0.270933 -0.695835
v 0.153354 0.400102 -1.065572
v 0.182083 0.416691 -1.063858
v -0.224027 0.623888 -1.101463
v -0.192425 0.637915 -1.113352
v -0.185403 0.339476 -0.414310
v -0.151658 0.334736 -0.437336
v 0.359173 1.000165 -0.705266
v 0.378188 0.973511 -0.734596
v -0.302945 0.885807 -0.633134
v -0.321635 0.862091 -0.623024
v -0.000143 0.980257 -0.404787
v 0.042072 0.972413 -0.395408
v -0.345119 0.704970 -0.451960
v -0.332908 0.703910 -0.426410
v -0.344130 0.687858 -0.444368
v 0.441788 0.778352 -0.869147
v 0.463847 0.757812 -0.833186
v 0.239370 0.852960 -1.280457
v 0.233667 0.801560 -1.280636
v 0.507221 0.667367 -0.669664
v -0.476391 0.616906 -0.838369
v -0.483914 0.594304 -0.809392
v 0.465967 0.697313 -0.856024
v 0.485869 0.690360 -0.802277
v 0.044420 0.969133 -1.309148
v -0.368477 0.974652 -0.502671
v -0.393050 0.956761 -0.532366
v -0.420411 0.919371 -0.539335
v -0.390311 0.946348 -0.500780
v -0.295357 1.228002 -0.770719
v -0.294644 1.218261 -0.745209
v -0.221481 1.079398 -1.188502
v -0.193347 1.094085 -1.188332
v -0.194032 1.071515 -1.208906
v -0.169859 0.349318 -0.448848
v 0.452827 0.475092 -0.810157
v 0.438396 0.439455 -0.806269
v -0.032704 1.422940 -0.916228
v -0.074079 1.490866 -1.147674
v 0.461547 0.505491 -0.520109
v 0.466212 0.551855 -0.494485
v 0.443892 0.502223 -0.475858
v 0.149068 0.338164 -0.464604
v 0.198124 0.438003 -1.068439
v 0.283462 1.064734 -0.538281
v 0.311755 1.048820 -0.563893
v 0.099995 1.246829 -1.304188
v 0.073925 1.218784 -1.312890
v 0.451671 0.716472 -0.435438
v 0.433413 0.696486 -0.398746
v -0.138582 0.594477 -1.180781
v -0.140319 0.595465 -1.164807
v 0.170540 0.843025 -0.262616
v 0.122158 0.863837 -0.264719
v 0.124489 1.004118 -0.535902
v 0.141143 1.000210 -0.562770
v -0.339549 0.800476 -0.744553
v -0.384123 1.101216 -0.799770
v -0.374659 1.121994 -0.791104
v -0.385285 1.112194 -0.833837
v -0.284133 1.188125 -0.990998
v -0.250480 1.211785 -0.976988
v -0.317185 0.706217 -1.080784
v -0.484801 0.810099 -0.633543
v -0.286294 1.089541 -0.642457
v -0.472531 0.843877 -0.627044
v 0.330463 0.801003 -0.283236
v -0.274397 1.130320 -0.635232
v -0.263313 1.104978 -0.623531
v 0.318992 0.841439 -0.719488
v -0.257728 0.765966 -0.325705
v 0.136227 0.170885 -0.720713
v -0.134637 0.881599 -0.222527
v -0.159603 0.865431 -0.232068
v 0.020421 0.275671 -0.548393
v 0.021882 0.298765 -0.484439
v 0.321918 0.854973 -1.206796
v 0.239396 0.893879 -0.244191
v -0.039505 1.024126 -0.610076
v -0.060840 1.017478 -0.635155
v 0.268494 0.681016 -1.075599
v 0.247711 0.642292 -1.090386
v 0.000761 0.484137 -1.124264
v 0.492651 0.759232 -0.584811
v 0.495788 0.736667 -0.582001
v 0.374251 0.418109 -0.427092
v 0.273661 0.894266 -0.498413
v 0.300873 0.875940 -0.536481
v 0.294163 1.017297 -0.434469
v 0.330234 0.987859 -0.443944
v 0.256029 1.080798 -0.531435
v -0.442887 0.607796 -0.907835
v 0.330457 0.594858 -0.344236
v 0.323286 0.568731 -0.362342
v 0.330389 0.560412 -0.353551
v -0.375032 0.583923 -0.533786
v -0.300992 0.645248 -1.060390
v 0.041996 1.307876 -0.809812
v 0.308815 0.664896 -0.894378
v -0.227913 0.327859 -0.726050
v 0.151727 0.884770 -1.316137
v 0.328864 0.757008 -0.813950
v 0.314916 0.793538 -0.802490
v -0.005681 1.269071 -0.622934
v 0.001178 1.282240 -0.645918
v 0.049705 1.352643 -0.817741
v -0.371862 1.000031 -0.611940
v -0.244019 1.273603 -0.978044
v 0.099162 0.267494 -0.653075
v 0.078165 0.266471 -0.615477
v 0.122762 0.275643 -0.631849
v -0.448340 0.884803 -0.577378
v -0.335682 0.893321 -1.193233
v -0.371751 0.916148 -1.140276
v -0.162692 1.178187 -1.250197
v 0.181268 0.808588 -1.309087
v 0.179796 0.849992 -1.310476
v 0.206821 0.833920 -1.298789
v 0.037788 1.505186 -1.298956
v -0.170122 0.986419 -0.546347
v -0.152771 0.996453 -0.576805
v -0.131138 1.004044 -0.553407
v -0.473347 0.705788 -0.838047
v -0.435219 0.865684 -0.494292
v -0.439558 0.880376 -0.529368
v 0.103846 1.071242 -0.345127
v 0.110156 1.061385 -0.317123
v 0.357728 0.336927 -0.838993
v 0.359586 0.322550 -0.804829
v 0.333495 0.310249 -0.835604
v 0.108424 1.295884 -0.827807
v -0.286384 0.898193 -1.243883
v -0.252678 0.868507 -1.271338
v 0.163115 0.603380 -1.155797
v -0.238208 0.811906 -1.278564
v -0.226373 0.851323 -1.288110
v -0.058352 1.120532 -0.430850
v -0.099180 1.114284 -0.430276
v 0.491668 0.547597 -0.731239
v -0.196327 0.188742 -0.692204
v -0.061250 0.973067 -0.215115
v -0.294486 0.505030 -1.043576
v -0.023393 0.560259 -1.139847
v -0.028440 0.590616 -1.142877
v 0.000799 0.572045 -1.141651
v -0.086169 0.922713 -0.811474
v -0.134848 1.207262 -1.277155
v -0.120699 1.244267 -1.292561
v -0.452255 0.858634 -0.757693
v -0.444165 0.856276 -0.789593
v -0.459913 0.833125 -0.771927
v 0.047298 0.490311 -1.029624
v 0.036216 0.464923 -1.020710
v 0.092831 0.463798 -1.008940
v -0.168536 0.578009 -1.012556
v -0.035528 1.230720 -0.577797
v 0.001317 1.247990 -0.594055
v -0.297741 0.541255 -1.051966
v -0.253015 0.559062 -1.082058
v 0.093218 1.475032 -1.255913
v 0.460568 0.627198 -0.452279
v 0.444545 0.586794 -0.429415
v 0.477688 0.827395 -0.503439
v -0.184650 0.615077 -1.140462
v -0.032584 1.126508 -0.398437
v -0.025317 1.133748 -0.395183
v 0.017728 0.729917 -1.335147
v -0.355334 0.768676 -0.523179
v 0.062979 0.271959 -0.576192
v 0.069443 0.266443 -0.606185
v 0.171490 1.398609 -1.110298
v 0.167927 1.400429 -1.078307
v 0.382337 0.834884 -1.094074
v 0.049833 0.591903 -1.149340
v 0.078235 0.583121 -1.163636
v 0.071923 0.922201 -0.330367
v -0.476034 0.591970 -0.498459
v -0.483696 0.567382 -0.536071
v -0.309814 0.346101 -0.421253
v -0.212449 0.523258 -0.979226
v 0.271705 0.861484 -0.790312
v 0.000924 1.499161 -1.340659
v 0.491845 0.649001 -0.536493
v 0.481813 0.637976 -0.502550
v 0.491078 0.623163 -0.538967
v 0.340440 0.515153 -0.496998
v 0.351058 0.508486 -0.531136
v 0.334781 0.480657 -0.523597
v 0.400831 0.620704 -0.968005
v -0.174636 1.125844 -0.370304
v -0.202862 1.135335 -0.348670
v -0.178020 1.145823 -0.307571
v 0.177768 1.277956 -1.235861
v 0.193912 1.278282 -1.212114
v -0.405162 0.408411 -0.853189
v -0.395564 0.427429 -0.891475
v 0.145347 0.191430 -0.543986
v 0.189238 0.197936 -0.574959
v 0.188806 0.206524 -0.544549
v 0.379429 0.583869 -0.988314
v -0.249998 1.074875 -0.333927
v -0.248941 1.048423 -0.351740
v -0.243902 1.037919 -0.317897
v 0.010600 1.055209 -0.299852
v 0.370103 0.594553 -0.514241
v 0.378352 0.596788 -0.542336
v 0.371080 0.554162 -0.544871
v 0.064462 0.540435 -1.039963
v 0.140209 1.147135 -1.260574
v 0.159588 1.129776 -1.242219
v -0.262333 0.998952 -0.364796
v -0.251940 1.029678 -0.396143
v 0.326019 0.587894 -0.875151
v -0.104036 0.718234 -1.318881
v -0.056609 0.712675 -1.326835
v -0.309805 0.415998 -0.572898
v -0.312757 0.432940 -0.542822
v 0.457938 0.437502 -0.694788
v 0.438891 0.404272 -0.715099
v 0.450278 0.436470 -0.753634
v 0.333173 1.165074 -0.959014
v 0.109395 0.243453 -0.936505
v 0.087225 0.223812 -0.913334
v 0.285489 0.812554 -0.254670
v 0.305996 0.779769 -0.266489
v -0.400872 0.832705 -0.393353
v 0.450079 0.675713 -0.427074
v 0.471498 0.647519 -0.473899
v 0.460264 0.854146 -0.564577
v 0.465003 0.848293 -0.578479
v 0.426079 0.951656 -0.975855
v 0.311558 0.535464 -1.039287
v 0.295082 0.538608 -1.051890
v -0.093181 0.960795 -0.212888
v -0.055522 0.957814 -0.203320
v 0.353824 0.481802 -0.981292
v 0.316651 0.435710 -0.991194
v 0.502818 0.716587 -0.692541
v 0.502949 0.675162 -0.726059
v -0.169268 1.405798 -1.140633
v -0.423463 0.825044 -0.428479
v -0.172815 0.307327 -0.570925
v -0.123739 0.290413 -0.562017
v 0.181840 1.066685 -1.219479
v 0.212633 1.043634 -1.222702
v 0.361033 0.739246 -0.753174
v 0.371058 0.731791 -0.722657
v 0.114362 0.947186 -0.384233
v 0.078861 0.962921 -0.392070
v 0.104801 0.978896 -0.435592
v -0.215513 0.556498 -0.984507
v -0.453322 0.884318 -0.621884
v -0.463677 0.858013 -0.595569
v -0.346859 0.289591 -0.745546
v -0.149528 1.350564 -1.262386
v -0.151558 1.331272 -1.264319
v -0.172647 1.319957 -1.235494
v 0.425914 0.725639 -0.390538
v 0.399399 0.693224 -0.346449
v -0.208296 1.254733 -0.902940
v 0.337913 0.703240 -0.292897
v 0.351605 0.690596 -0.298637
v 0.340725 0.732933 -0.286106
v -0.305106 0.503507 -0.393158
v -0.286158 0.468629 -0.420034
v 0.158252 0.187810 -0.783090
v 0.169711 0.199765 -0.811326
v 0.189145 0.196916 -0.774837
v 0.208931 1.238167 -0.680234
v 0.134130 0.596996 -1.198750
v 0.166480 0.603256 -1.175329
v 0.417090 0.985052 -0.844827
v 0.170747 0.302087 -0.760305
v 0.153889 0.287460 -0.721676
v -0.219107 1.329639 -1.083600
v 0.349672 0.611406 -0.458109
v -0.293656 1.048097 -0.504132
v -0.281688 1.067260 -0.545648
v -0.310285 0.944685 -1.212956
v 0.168886 1.010470 -0.286501
v 0.181320 1.006274 -0.289681
v -0.060162 1.316103 -0.810795
v 0.237366 1.138446 -1.160390
v 0.219276 1.117026 -1.175017
v -0.492870 0.747891 -0.740867
v -0.000691 1.511340 -1.162780
v 0.000799 1.500919 -1.117392
v 0.078278 0.157281 -0.655139
v -0.115035 1.447760 -0.865421
v -0.289247 0.722508 -0.895480
v -0.319708 0.706066 -0.865102
v -0.177738 1.389451 -1.057229
v 0.013249 0.576950 -1.196965
v 0.388720 0.843864 -0.922860
v 0.286615 0.563566 -1.062929
v -0.227976 0.931970 -0.482096
v -0.203112 0.953207 -0.491419
v -0.309528 0.253682 -0.647065
v -0.332297 0.271617 -0.653405
v -0.379226 0.613974 -0.767703
v 0.081640 0.938589 -0.200319
v 0.129563 0.919588 -0.207144
v 0.133284 0.933438 -0.210190
v -0.163226 1.409708 -1.170926
v 0.461799 0.504806 -0.815562
v -0.382480 0.672156 -0.742731
v -0.455266 0.427776 -0.676756
v -0.444064 0.406308 -0.662051
v -0.466291 0.452135 -0.650507
v -0.180447 0.296988 -0.642544
v -0.123715 0.275572 -0.638307
v -0.447716 0.809303 -0.462020
v -0.452582 0.791333 -0.454891
v -0.447070 0.792981 -0.446934
v 0.104323 1.278674 -0.665985
v 0.098551 1.263829 -0.635800
v 0.133633 1.262572 -0.655016
v 0.324407 0.292671 -0.816394
v 0.304574 0.284855 -0.836183
v -0.422691 0.379323 -0.737638
v -0.186742 1.115597 -0.384445
v 0.109742 1.082089 -1.259077
v 0.102550 1.071079 -1.250421
v -0.424744 0.375083 -0.650248
v -0.424683 0.383504 -0.600948
v -0.084259 0.485655 -1.118478
v -0.077953 0.521348 -1.128742
v 0.259720 0.924141 -0.652816
v 0.284696 0.901156 -0.653025
v 0.265795 0.923704 -0.604717
v -0.374456 0.595910 -0.779926
v -0.394592 0.733548 -0.962845
v -0.107285 1.465469 -1.112884
v -0.025415 0.693911 -1.322675
v -0.335003 0.716062 -0.835594
v -0.331565 0.746514 -0.820946
v 0.281537 1.230018 -0.805032
v -0.207681 1.341044 -1.021010
v 0.045606 1.042672 -1.275127
v -0.356759 0.616476 -0.321065
v -0.342611 0.616706 -0.325502
v -0.330318 0.673048 -0.307883
v 0.113270 0.814709 -0.946690
v -0.023726 0.301333 -0.471297
v -0.067132 0.924519 -1.322613
v -0.043841 0.894755 -1.331156
v 0.012429 0.308576 -0.883717
v -0.368449 0.755311 -0.712679
v 0.065930 0.907571 -0.207506
v 0.080925 0.925025 -0.200911
v 0.006857 0.713656 -1.331156
v 0.034252 0.695164 -1.322658
v 0.253912 0.962078 -1.250635
v 0.353455 1.058391 -1.101888
v -0.150152 1.427200 -1.099321
v -0.124262 1.455413 -1.128604
v -0.392466 1.093687 -0.959228
v -0.373715 1.123633 -0.959334
v -0.386131 1.092816 -0.990551
v 0.240823 0.210875 -0.715832
v 0.270683 0.226588 -0.691409
v 0.239141 0.208243 -0.678295
v -0.105919 0.165872 -0.614241
v -0.077470 0.156594 -0.661996
v -0.057900 0.158256 -0.617218
v 0.210050 0.931229 -0.452611
v -0.127502 1.361116 -1.288410
v -0.136082 1.321887 -1.283508
v 0.145993 0.227664 -0.459155
v 0.194435 0.242152 -0.467399
v -0.328092 0.460690 -0.534374
v -0.311112 0.450555 -0.508972
v 0.065190 0.253316 -0.410240
v -0.312475 0.401170 -0.647268
v -0.058175 0.658737 -1.299145
v 0.002611 0.651957 -1.299871
v -0.039944 0.641246 -1.287131
v -0.282197 0.660408 -1.070967
v -0.268900 0.681106 -1.075943
v -0.329063 0.357750 -0.915822
v 0.369533 1.171160 -0.754963
v 0.365329 1.116316 -0.750130
v 0.368595 1.132346 -0.782951
v 0.164844 0.857649 -0.308651
v -0.124846 1.092770 -0.306195
v -0.120964 1.080412 -0.308391
v -0.157112 1.352339 -0.900893
v -0.135786 1.352272 -0.861079
v -0.212676 1.130948 -1.194880
v 0.342272 0.281908 -0.710894
v 0.363292 0.300436 -0.687113
v -0.507559 0.696649 -0.648452
v -0.508536 0.676248 -0.643972
v -0.506156 0.687859 -0.610140
v -0.387842 0.334599 -0.599150
v -0.377853 0.331060 -0.570213
v 0.125789 1.363458 -0.847052
v 0.107722 1.370669 -0.840353
v 0.363770 0.781452 -0.599643
v 0.376079 0.747790 -0.625845
v 0.380442 0.725530 -0.595847
v 0.294686 0.987298 -1.210377
v -0.112436 0.895354 -0.213798
v -0.054245 0.906627 -0.209156
v 0.327199 0.573443 -0.426927
v 0.100995 0.311646 -0.436487
v 0.059061 0.290676 -0.425932
v 0.098267 0.297174 -0.420397
v -0.216304 1.171290 -1.193069
v -0.219438 1.196504 -1.187602
v -0.131297 0.175871 -0.762187
v 0.123634 0.219777 -0.892418
v 0.225205 1.258284 -0.821584
v -0.242864 1.050702 -0.371546
v -0.230845 1.069527 -0.386728
v 0.021323 1.474126 -1.033739
v -0.212573 0.649032 -1.104550
v -0.360947 0.543316 -0.521544
v 0.068310 0.193139 -0.858845
v 0.288504 0.345453 -0.943886
v 0.327294 0.370844 -0.928726
v 0.321533 0.344513 -0.906680
v -0.289864 0.748116 -1.212476
v -0.259681 0.742935 -1.242160
v 0.357546 0.791898 -0.312187
v -0.361496 0.513535 -0.989056
v -0.337158 0.488957 -1.002740
v 0.262465 0.227702 -0.748202
v 0.258518 0.233236 -0.784630
v 0.141423 1.082260 -1.232897
v 0.170948 1.098394 -0.394528
v -0.046250 0.954827 -0.367705
v -0.001831 0.951682 -0.357884
v 0.232032 1.011623 -0.340686
v -0.486131 0.509292 -0.706690
v -0.493607 0.529795 -0.657786
v -0.358213 0.922161 -0.401831
v -0.387091 0.892653 -0.419734
v 0.370961 1.116789 -0.770167
v 0.372295 1.110360 -0.776122
v -0.244988 0.230952 -0.551859
v -0.184775 0.299955 -0.711310
v 0.297174 0.494054 -0.410919
v -0.076567 1.069424 -0.331965
v 0.132271 0.429936 -1.086979
v 0.175355 0.442462 -1.079697
v 0.382196 0.686341 -0.322862
v 0.359278 0.731892 -0.297953
v 0.361075 0.697830 -0.301464
v -0.437704 0.459837 -0.839711
v -0.442014 0.412609 -0.604072
v 0.260993 0.835930 -0.393164
v 0.283169 0.789670 -0.386798
v 0.416685 0.967243 -1.020218
v 0.418238 0.935127 -1.018997
v -0.435461 0.884962 -0.768651
v 0.033298 1.136448 -0.381736
v 0.031056 1.152128 -0.352030
v -0.078182 0.953273 -0.375903
v -0.083197 0.920464 -0.331609
v -0.117065 0.936533 -0.370472
v 0.232802 0.759214 -1.269783
v 0.233199 0.728215 -1.255611
v 0.203582 0.724914 -1.275559
v 0.327247 0.437833 -0.369429
v 0.329674 0.459329 -0.365022
v 0.313567 1.060954 -1.142694
v -0.261419 0.903200 -0.486402
v -0.256314 0.921667 -0.521920
v 0.063837 0.172482 -0.802357
v 0.050117 0.162379 -0.768418
v 0.034599 1.102414 -0.347070
v 0.101447 0.855343 -1.331286
v -0.341437 1.178401 -0.853236
v -0.136529 1.308982 -0.839332
v -0.136739 1.326045 -0.842602
v -0.032037 0.176948 -0.824563
v -0.033271 0.366456 -0.954883
v 0.243855 0.851072 -0.833707
v 0.233893 1.068141 -0.362111
v -0.083985 0.909620 -0.206469
v -0.109828 1.417605 -0.967943
v 0.245072 0.832655 -0.242315
v 0.293550 0.869367 -0.725398
v 0.304606 0.848326 -0.743389
v 0.223025 1.095947 -0.603902
v -0.195375 1.023889 -0.277977
v -0.211938 1.022413 -0.286684
v -0.178718 1.018905 -0.278805
v -0.390937 0.695271 -0.976577
v -0.360716 0.697148 -1.007105
v -0.284213 0.787722 -1.236198
v 0.262764 1.210262 -1.093408
v 0.261037 1.177475 -1.113828
v -0.230140 0.902765 -0.430688
v -0.310648 1.041429 -1.161915
v -0.044220 1.118031 -0.351023
v -0.163413 1.286853 -1.254992
v -0.167875 1.117423 -0.576328
v -0.135570 1.125845 -0.564361
v -0.247231 1.195027 -0.659336
v 0.344339 0.518373 -0.814090
v 0.355644 0.509335 -0.776400
v -0.281949 0.834729 -0.423916
v -0.256759 0.838394 -0.389096
v -0.286564 0.797954 -0.398356
v -0.365002 0.548931 -0.997326
v 0.338834 1.137331 -1.013860
v 0.344117 0.296999 -0.777510
v 0.359952 0.983982 -1.140419
v -0.404692 0.824873 -0.901852
v -0.421319 0.831197 -0.869503
v -0.247583 0.976071 -0.322722
v -0.294290 0.932989 -0.328304
v 0.081001 0.173793 -0.553158
v 0.116923 0.178390 -0.564422
v -0.174624 1.117693 -0.545299
v -0.130248 1.125554 -0.499559
v 0.298401 0.838838 -0.459304
v 0.177098 0.889691 -1.307054
v 0.210606 0.868372 -1.295845
v -0.006562 0.923115 -1.324902
v -0.012914 0.882048 -1.334424
v 0.294229 0.275597 -0.518671
v 0.271702 0.279768 -0.477425
v -0.328532 0.490692 -0.493193
v -0.304944 0.500088 -0.434028
v -0.039021 1.309838 -0.756321
v -0.046448 1.306701 -0.726863
v -0.006608 1.310939 -0.755634
v 0.086962 1.451407 -1.025436
v -0.306282 0.800591 -1.215346
v -0.321445 0.772411 -1.182255
v 0.036596 1.244416 -0.592122
v 0.081073 1.230717 -0.586961
v 0.087958 1.247399 -0.608242
v 0.071472 0.529566 -1.131102
v 0.101436 0.546179 -1.129542
v 0.119675 0.518696 -1.120504
v -0.018631 0.233589 -0.418479
v -0.025750 0.225252 -0.427582
v 0.005509 0.230816 -0.420798
v -0.428459 0.475191 -0.461798
v 0.269659 1.203615 -1.073426
v 0.268295 1.175720 -1.079152
v -0.299166 0.999772 -1.200642
v -0.291243 0.980108 -1.216973
v 0.030271 0.675644 -1.313465
v 0.066012 0.672804 -1.306703
v 0.382832 0.699127 -0.706964
v 0.387531 0.676066 -0.704614
v -0.313158 0.835210 -0.279406
v -0.342201 0.830285 -0.310988
v 0.287041 0.811949 -1.237931
v 0.380955 0.354761 -0.528470
v 0.390915 0.386058 -0.496948
v -0.014410 1.501470 -1.330590
v -0.044238 1.489859 -1.318414
v -0.036907 1.502435 -1.307695
v 0.314428 0.628119 -0.893033
v 0.195556 0.746519 -1.289435
v 0.200015 0.777742 -1.296038
v 0.250196 0.792829 -0.342271
v 0.350795 0.882751 -1.171173
v 0.334401 0.892118 -1.193749
v -0.207794 1.105765 -1.186514
v -0.203044 1.110946 -1.200741
v -0.194286 1.100995 -1.202929
v -0.262922 0.399962 -0.842054
v -0.260707 0.378685 -0.809415
v -0.230264 0.371307 -0.846930
v -0.109961 1.122211 -0.463371
v -0.077228 1.134195 -0.493926
v -0.361381 0.452362 -0.377620
v -0.335874 0.415953 -0.380619
v -0.502623 0.673533 -0.579479
v 0.335431 0.763215 -1.144107
v 0.310213 0.739718 -1.170604
v 0.333636 0.783984 -1.164412
v -0.231188 0.366917 -0.402334
v 0.047061 0.276553 -0.416943
v 0.153813 0.557627 -1.120209
v 0.120419 0.573922 -1.130034
v -0.269610 0.264713 -0.502472
v -0.493177 0.782202 -0.650806
v 0.133628 1.108249 -1.254776
v 0.367936 0.578701 -0.790413
v 0.242894 1.231779 -0.720595
v 0.476887 0.815422 -0.555663
v 0.488726 0.808100 -0.555021
v -0.326863 0.669685 -0.408175
v -0.049597 0.541324 -1.042237
v -0.015670 0.542089 -1.045008
v -0.038262 0.571452 -1.047102
v 0.016869 1.378702 -1.351385
v 0.039517 1.316284 -1.338551
v 0.025882 1.300839 -1.339154
v -0.208378 1.105750 -0.384147
v -0.404989 0.903407 -0.873450
v 0.123215 0.264613 -0.408926
v 0.476590 0.827371 -0.687070
v -0.280598 0.897464 -0.691997
v -0.294140 0.868782 -0.733695
v 0.197125 1.105924 -0.588903
v 0.198896 1.137363 -0.584568
v -0.444003 0.563870 -0.894974
v 0.372048 0.326650 -0.571118
v 0.387233 0.338097 -0.592366
v 0.255900 1.033752 -0.409294
v 0.271714 1.011108 -0.392882
v 0.448628 0.479545 -0.510373
v -0.018645 1.496344 -1.104594
v 0.021342 0.892610 -0.230853
v 0.070052 0.885427 -0.234830
v 0.036210 0.898879 -0.219068
v -0.420249 0.888509 -0.805298
v 0.373470 1.032302 -1.093399
v 0.383735 1.039933 -1.066834
v 0.375167 0.683933 -0.756406
v 0.383067 0.651611 -0.743001
v -0.426577 0.931092 -0.622883
v -0.511139 0.717235 -0.556357
v -0.000340 1.350518 -0.811591
v 0.410672 0.645405 -0.955571
v 0.425412 0.674390 -0.933651
v 0.428357 0.623642 -0.929749
v 0.161382 1.126659 -0.571120
v 0.432119 0.402132 -0.753323
v -0.197458 0.339545 -0.830757
v -0.171123 0.314147 -0.805494
v -0.365636 0.742167 -0.991086
v -0.244207 0.256232 -0.867901
v -0.285020 0.278054 -0.859104
v -0.271049 0.289862 -0.896655
v -0.062497 0.624441 -1.266433
v -0.340607 0.898798 -0.354935
v -0.376441 0.875973 -0.387360
v -0.451692 0.792351 -0.840179
v -0.473668 0.749094 -0.816908
v 0.261262 1.164625 -1.058444
v 0.466049 0.586981 -0.853398
v 0.476072 0.615990 -0.834649
v -0.188410 0.525768 -1.103119
v -0.195619 0.499603 -1.093119
v 0.193562 1.099540 -1.195896
v 0.240987 1.232132 -0.948460
v 0.257483 1.214782 -0.984499
v 0.288724 0.468562 -0.402892
v -0.349154 0.580133 -0.334415
v -0.196819 0.321601 -0.567177
v -0.185011 0.303691 -0.610362
v 0.266016 0.358350 -0.620539
v 0.291538 0.379571 -0.643801
v 0.264553 0.353072 -0.657084
v -0.299653 0.761299 -0.271163
v -0.283312 0.727028 -0.325758
v 0.354774 1.094694 -0.722274
v -0.372025 0.537316 -0.347987
v -0.357415 0.517723 -0.349032
v -0.190847 1.300098 -0.882471
v -0.505751 0.650028 -0.601267
v -0.498809 0.616926 -0.570017
v -0.063951 0.835354 -0.938840
v -0.100235 0.846362 -0.919271
v -0.178304 0.889480 -0.217980
v -0.375002 0.947598 -0.795153
v 0.486512 0.753648 -0.761691
v -0.247008 0.278070 -0.903336
v -0.201670 0.263329 -0.918082
v -0.389541 0.330203 -0.635173
v 0.193863 1.255642 -1.216279
v 0.302695 0.396858 -0.725120
v 0.327666 0.441128 -0.759584
v 0.301387 0.407157 -0.765168
v 0.046642 1.433469 -0.930666
v 0.077328 1.479093 -1.284586
v 0.110979 1.452613 -1.254133
v -0.217628 0.932200 -0.465399
v 0.293975 0.377097 -0.385111
v 0.297358 0.356830 -0.399526
v 0.321823 0.395735 -0.385687
v -0.106868 1.381840 -0.831382
v 0.362360 1.053200 -0.725507
v 0.339506 1.056864 -0.696434
v 0.088542 1.005774 -0.659004
v 0.048087 0.918661 -1.324322
v -0.278000 0.942476 -1.241562
v 0.100122 0.317142 -0.451073
v 0.135009 0.331428 -0.447289
v -0.296786 0.622292 -1.063470
v -0.189044 0.978113 -0.607070
v -0.210065 0.965161 -0.564543
v -0.217613 0.961310 -0.600388
v -0.192238 1.110357 -0.523353
v -0.212691 1.105301 -0.556503
v -0.221901 1.096039 -0.516297
v -0.457457 0.707480 -0.444290
v -0.471503 0.679385 -0.471694
v 0.183026 1.092220 -0.399895
v -0.473468 0.777815 -0.792703
v 0.295624 1.232465 -0.809650
v 0.321460 1.224103 -0.819449
v 0.053743 1.022289 -0.537224
v 0.086725 1.013051 -0.521922
v 0.493971 0.772295 -0.657869
v 0.501814 0.731873 -0.655440
v -0.066517 1.221511 -0.575209
v -0.052243 1.247184 -0.597638
v -0.309231 0.608354 -0.903217
v -0.311794 0.564778 -0.895286
v -0.285470 0.606045 -0.931051
v 0.119585 0.896800 -0.213139
v 0.381570 0.933193 -0.813112
v 0.386116 0.905321 -0.846401
v 0.052058 0.259982 -0.716597
v 0.103189 0.270159 -0.719355
v -0.005623 0.254759 -0.687048
v -0.156145 0.909759 -0.212394
v -0.151644 0.886421 -0.217342
v -0.212075 0.812111 -0.287094
v 0.431719 0.865465 -0.485246
v 0.422878 0.844520 -0.443007
v 0.451327 0.828283 -0.485798
v -0.313897 0.928416 -0.347008
v -0.459862 0.825204 -0.504298
v -0.453266 0.822247 -0.484588
v -0.423223 0.758719 -0.393616
v -0.442151 0.769802 -0.431832
v -0.116550 1.007935 -0.611061
v 0.375474 0.884595 -0.393330
v 0.295654 0.331267 -0.426740
v 0.293228 0.377606 -0.969766
v 0.333180 0.398119 -0.947117
v 0.098138 0.887268 -0.223621
v 0.141153 0.860412 -0.248497
v 0.140792 0.874672 -0.228256
v -0.074852 1.069491 -1.264711
v -0.033356 1.068917 -1.278629
v -0.400857 0.531974 -0.949710
v 0.467708 0.715741 -0.452417
v 0.465698 0.697256 -0.449680
v 0.471519 0.690454 -0.459821
v -0.017736 0.938853 -0.195873
v 0.034883 0.926245 -0.198669
v -0.156745 1.360955 -0.901383
v -0.262381 1.159977 -0.640210
v 0.127365 0.592108 -1.162542
v 0.252056 1.207736 -0.980350
v -0.224028 1.100705 -0.375868
v -0.202074 0.882425 -0.370620
v -0.180427 0.894880 -0.363602
v 0.474521 0.675618 -0.480187
v -0.327050 0.947174 -0.382989
v -0.180083 0.827944 -1.310712
v -0.152174 0.837275 -1.321192
v -0.166361 0.800375 -1.314901
v -0.257873 1.228291 -0.917970
v 0.304904 0.870300 -0.690679
v -0.323432 1.142895 -0.699958
v -0.304782 1.163632 -0.694773
v -0.258714 0.788657 -0.349193
v 0.214524 1.103662 -0.568057
v -0.372128 1.139800 -0.816544
v 0.240229 0.916444 -0.474383
v 0.484248 0.791294 -0.575124
v -0.359958 1.034800 -1.112246
v 0.179140 1.336612 -0.918287
v 0.170353 1.326331 -0.879737
v 0.201007 1.306131 -0.906996
v 0.384164 0.859137 -0.900393
v 0.411944 0.862160 -0.854120
v 0.161465 1.085378 -1.209630
v -0.222403 0.940470 -0.694016
v 0.120295 1.003726 -0.526353
v -0.253729 1.067213 -0.477876
v 0.089106 1.206606 -0.568605
v -0.247213 0.872988 -0.801951
v -0.221481 0.878228 -0.818294
v -0.280628 1.129737 -1.095572
v -0.410903 0.889958 -1.047985
v -0.418062 0.878681 -1.004942
v -0.248085 1.244419 -1.113708
v -0.329332 0.639235 -0.411229
v -0.352709 0.604342 -0.466629
v -0.105324 0.610001 -1.134832
v 0.058302 1.336498 -0.812453
v 0.093051 1.328597 -0.822109
v 0.291142 0.897660 -0.588482
v 0.273233 0.914120 -0.565903
v -0.067781 1.346417 -1.336591
v -0.263948 0.621267 -1.082298
v -0.014526 0.153075 -0.643189
v -0.173176 0.380015 -1.046713
v -0.137623 0.371636 -1.053809
v -0.242908 1.189821 -1.149963
v -0.259837 1.179120 -1.118602
v 0.371441 0.310287 -0.652846
v -0.092793 1.009179 -0.643615
v -0.084811 1.297405 -0.705544
v -0.135833 1.290727 -0.738724
v -0.289147 0.470922 -1.034355
v -0.314935 0.468723 -1.013464
v 0.170851 0.907045 -0.215795
v -0.255848 0.837841 -0.836064
v 0.101792 0.324475 -1.028510
v 0.111919 0.283085 -0.985658
v 0.081673 0.302803 -1.013735
v 0.102272 0.280835 -0.573348
v 0.151370 1.198404 -1.261054
v -0.245239 0.941375 -0.588539
v -0.289405 0.746006 -0.285775
v 0.050377 0.272403 -0.787718
v 0.083678 0.274142 -0.770124
v 0.073671 0.286603 -0.819956
v -0.023527 1.155495 -0.540410
v -0.000498 1.100463 -0.320407
v 0.372237 1.122850 -0.963978
v -0.041853 0.152785 -0.665109
v 0.417093 1.039065 -0.877469
v -0.227441 1.314044 -1.040643
v 0.200364 0.192002 -0.716295
v 0.224738 0.209496 -0.760852
v -0.139711 1.337119 -0.853484
v 0.374529 0.531670 -0.728742
v 0.370330 0.505908 -0.687996
v -0.329890 0.515538 -0.359037
v -0.359343 0.433443 -0.388805
v 0.192183 0.615225 -1.000381
v 0.217347 0.613142 -0.985670
v 0.203796 0.648331 -0.990545
v 0.358298 0.755214 -1.054965
v 0.291935 0.496358 -0.891837
v 0.031711 1.498810 -1.124131
v 0.019891 1.488516 -1.079423
v 0.045812 1.481378 -1.072070
v 0.179147 0.841181 -0.893503
v 0.205212 0.797141 -0.918648
v -0.017330 0.934102 -0.796362
v -0.059997 1.491570 -1.123747
v -0.245366 1.083548 -0.516060
v -0.093028 1.428208 -0.952224
v -0.084510 1.426374 -0.956339
v -0.417478 0.884176 -0.928155
v -0.405801 0.876613 -0.906956
v 0.235748 0.632059 -0.971681
v 0.229597 0.683807 -0.965054
v -0.229296 1.015626 -0.312624
v 0.342863 0.312213 -0.529405
v 0.369194 0.333217 -0.544911
v 0.178785 0.922522 -1.299447
v 0.160344 0.942341 -1.299202
v -0.169154 0.402398 -0.938859
v -0.410557 0.354199 -0.686901
v -0.354354 1.112990 -1.032429
v -0.374575 1.085978 -1.035063
v -0.497344 0.680270 -0.765589
v 0.482018 0.735369 -0.793444
v -0.264987 0.434943 -0.429946
v 0.441499 0.640610 -0.909858
v 0.445932 0.615071 -0.900212
v 0.223947 1.311256 -0.998578
v 0.214510 0.214245 -0.799079
v 0.112331 0.715521 -1.010453
v 0.077734 0.616778 -1.256794
v 0.079739 0.599796 -1.234155
v 0.353616 0.656051 -0.308836
v 0.371647 0.639057 -0.318397
v 0.185391 0.963920 -0.488187
v -0.374792 0.614663 -0.518972
v -0.000583 0.253445 -0.411013
v 0.091335 0.874323 -0.253810
v -0.271631 0.229026 -0.635638
v -0.374521 1.124052 -0.774929
v -0.360349 1.110381 -0.745584
v -0.388767 0.972355 -0.705770
v -0.302579 0.724736 -1.174523
v -0.280974 0.685057 -1.162801
v 0.226666 1.274325 -0.924721
v 0.243036 1.265946 -0.957029
v -0.404992 0.954220 -0.705445
v -0.428658 0.911783 -0.734681
v -0.438203 0.907387 -0.699724
v -0.309207 0.279496 -0.820682
v -0.273963 0.260175 -0.837227
v -0.340856 0.675121 -0.303359
v 0.236258 0.667999 -1.205742
v -0.169878 1.390364 -1.026613
v 0.045878 1.416203 -1.346860
v 0.040193 1.444439 -1.346863
v -0.013114 0.512144 -1.131459
v 0.257877 0.421413 -0.456726
v 0.222046 0.388038 -0.455147
v 0.339719 0.279219 -0.648983
v 0.283160 0.671956 -1.117725
v -0.429765 0.941048 -0.947181
v -0.428067 0.984258 -0.912638
v 0.161136 0.287442 -0.691097
v 0.103480 1.011698 -0.267724
v 0.117274 0.985638 -0.245348
v 0.080375 0.276918 -0.987369
v -0.007875 0.890367 -0.237143
v 0.328914 1.038594 -0.596110
v 0.371798 0.996249 -0.581995
v 0.349458 1.144563 -0.975675
v 0.415023 0.877742 -0.830016
v 0.441042 0.830523 -0.827079
v -0.212704 0.214313 -0.552528
v -0.187957 0.201934 -0.559315
v -0.300466 0.818558 -0.440388
v -0.114475 1.337154 -0.833006
v -0.115996 1.310304 -0.828400
v -0.079168 1.330011 -0.815536
v 0.223822 0.219577 -0.553379
v 0.412809 0.948736 -0.679051
v 0.492241 0.679942 -0.520085
v 0.485512 0.672804 -0.513531
v 0.335548 0.715158 -0.436626
v 0.353016 0.727632 -0.481349
v 0.350873 0.698599 -0.463489
v 0.296845 1.213953 -0.865738
v -0.426736 0.929559 -0.672206
v -0.195135 1.239912 -0.667664
v 0.253889 0.250122 -0.839477
v 0.298269 0.267412 -0.805321
v 0.156054 0.659073 -1.264162
v 0.148179 0.632452 -1.243689
v -0.040773 0.527203 -1.133276
v -0.041837 0.563265 -1.139255
v 0.382393 1.062437 -1.047083
v 0.243605 0.348726 -0.579407
v -0.122967 0.584485 -1.030967
v -0.153263 0.544135 -1.015426
v -0.456800 0.521241 -0.845954
v 0.071359 0.949145 -0.200997
v -0.305164 0.377271 -0.961237
v 0.491839 0.602487 -0.778128
v 0.493971 0.581995 -0.755206
v -0.055536 1.291210 -0.672665
v 0.158557 0.588593 -1.017329
v 0.267804 1.135909 -1.096211
v 0.286517 1.154259 -1.051013
v 0.219242 1.297879 -0.938914
v -0.152667 1.198892 -0.588685
v -0.143817 1.179513 -0.572008
v -0.136943 1.199610 -0.581718
v 0.410085 0.874446 -0.921285
v -0.233506 1.144290 -1.168990
v -0.234996 1.171414 -1.166345
v 0.038048 1.427224 -0.926839
v -0.085470 0.309284 -0.486442
v -0.060307 0.302569 -0.487767
v -0.082060 0.284623 -0.545396
v -0.258477 0.441040 -0.894412
v -0.251068 0.405130 -0.867488
v 0.343732 1.116300 -0.718127
v 0.106435 1.460705 -0.864159
v 0.127858 1.443386 -0.836519
v 0.165568 1.502311 -0.842745
v -0.312293 1.028534 -0.491959
v -0.331264 1.028416 -0.544827
v -0.416447 0.867968 -0.451941
v -0.370659 1.094605 -0.752233
v -0.299416 1.222449 -0.821191
v -0.280591 1.228151 -0.813492
v -0.227759 1.064109 -0.432088
v -0.189149 0.187520 -0.640143
v -0.221688 0.199639 -0.684617
v -0.111525 0.710709 -1.012274
v -0.073808 0.710335 -1.021447
v -0.069560 0.727663 -1.015047
v -0.020468 1.211578 -0.560891
v 0.006549 1.185205 -0.545574
v 0.250494 1.087016 -0.552481
v -0.384538 0.806200 -0.978452
v -0.321145 0.606731 -1.045820
v 0.347114 0.575558 -0.336961
v 0.378904 0.667309 -0.319860
v -0.312111 1.190174 -0.934941
v 0.014079 0.528389 -1.134971
v 0.031405 1.414907 -0.889742
v 0.030592 1.419233 -0.908799
v 0.041338 1.031926 -0.274132
v 0.068430 1.035879 -0.284068
v -0.110950 0.167442 -0.741236
v -0.062109 0.156964 -0.728891
v 0.392287 0.640954 -0.610189
v 0.408936 0.862394 -1.020348
v 0.316214 0.558096 -0.406701
v 0.308557 0.527738 -0.401926
v 0.232854 1.073031 -0.458679
v 0.230810 1.063494 -0.434129
v 0.152929 0.374543 -0.919713
v 0.143008 0.397689 -0.947231
v -0.365707 0.696590 -0.782650
v -0.372606 0.675951 -0.775555
v 0.156057 0.909910 -0.362248
v -0.348799 0.923972 -1.173697
v -0.235415 0.213751 -0.757332
v -0.251766 0.216339 -0.709597
v 0.367546 0.518484 -0.576481
v 0.358323 0.525602 -0.532822
v -0.004201 0.262083 -0.758330
v 0.104977 1.115709 -0.438000
v 0.131849 1.107263 -0.433375
v 0.132553 1.088844 -1.248477
v 0.214997 0.514523 -0.973709
v -0.216569 1.249377 -0.716809
v -0.218565 1.259232 -0.759735
v 0.031934 1.308421 -0.739137
v 0.067558 1.305200 -0.741964
v 0.191215 0.850727 -0.237863
v 0.175664 1.001175 -0.293202
v -0.132673 0.637208 -1.256783
v -0.013791 0.373631 -1.075057
v 0.425438 0.766660 -0.401030
v -0.065838 0.883409 -0.877670
v -0.087809 1.489820 -1.210568
v 0.101821 1.290582 -0.697328
v -0.339626 0.441633 -0.635888
v 0.022144 0.264617 -0.766634
v -0.202215 1.331370 -1.166487
v -0.208866 1.299610 -1.176316
v -0.227415 1.282379 -1.142303
v -0.195317 1.108877 -0.587790
v -0.175460 1.123826 -0.576484
v -0.178964 1.138444 -0.575766
v 0.269376 1.213291 -1.015664
v -0.227459 1.024865 -0.298876
v 0.030988 1.019092 -0.503689
v -0.168263 1.100912 -1.230113
v -0.008573 1.376218 -1.352573
v 0.002459 1.319424 -1.344269
v -0.057458 0.332199 -1.043434
v -0.053355 0.373966 -1.072490
v 0.147550 1.089277 -0.399369
v 0.144502 1.099037 -0.386665
v 0.154011 1.096095 -0.396979
v -0.077236 0.992609 -0.448135
v -0.047050 1.009800 -0.478670
v -0.300994 0.844432 -0.472510
v 0.029984 0.699633 -1.031307
v -0.294594 0.450166 -0.385371
v -0.317708 0.448913 -0.369135
v -0.293509 0.422210 -0.380311
v -0.488087 0.574111 -0.784856
v 0.221813 0.360222 -0.403377
v 0.187594 0.314147 -0.402217
v 0.167908 1.240371 -0.643675
v 0.019295 1.164628 -1.313976
v 0.053047 1.153095 -1.304827
v -0.307437 0.405936 -0.742558
v -0.283574 0.384277 -0.764770
v -0.305478 0.421802 -0.791641
v -0.411231 0.919462 -1.054232
v -0.020023 1.126323 -0.440063
v -0.047796 0.857225 -1.337940
v -0.115874 0.982498 -0.700863
v -0.138198 0.985336 -0.677620
v -0.374987 1.104244 -1.002805
v 0.212298 0.318184 -0.617422
v -0.340504 0.604309 -0.857394
v -0.336159 0.565768 -0.858494
v -0.326974 0.598303 -0.879837
v -0.307411 0.451807 -0.832134
v -0.283499 0.405172 -0.812400
v -0.285607 0.426163 -0.840859
v 0.122317 0.169417 -0.615600
v 0.146531 0.180650 -0.586696
v -0.196598 1.238318 -1.216024
v -0.033233 0.970721 -0.390273
v -0.029696 0.998559 -0.443373
v 0.434468 0.897472 -0.546948
v 0.194738 1.109146 -0.524482
v 0.065855 1.480178 -1.091217
v 0.088124 1.468763 -1.086101
v -0.085205 0.808961 -1.336911
v 0.003786 0.287377 -0.842247
v -0.006334 0.273197 -0.803359
v -0.328922 0.726834 -1.115566
v -0.316265 0.704693 -1.102381
v -0.062461 1.073077 -0.333752
v -0.229768 0.214766 -0.582057
v -0.185061 0.193671 -0.588531
v 0.173029 1.313820 -1.234517
v 0.154866 1.366915 -1.242565
v 0.174516 1.344578 -1.218591
v 0.356132 0.983750 -0.490395
v 0.370093 0.958177 -0.472878
v -0.247343 1.153073 -1.146775
v -0.163183 1.053850 -0.267660
v -0.171071 1.037728 -0.269711
v -0.156408 1.030855 -0.276244
v -0.141247 1.040413 -0.279532
v 0.414969 0.871688 -0.948632
v 0.215989 0.319215 -0.397771
v 0.187685 0.287210 -0.406338
v 0.228668 0.310616 -0.401849
v -0.100505 1.300404 -0.743116
v 0.264355 0.314832 -0.932020
v -0.152312 0.699045 -1.293473
v -0.144002 0.724706 -1.307964
v -0.334137 0.488382 -0.359529
v -0.314938 0.495712 -0.372846
v 0.267090 0.803525 -0.255148
v 0.295412 0.771297 -0.268731
v -0.099552 0.443027 -1.100997
v 0.261817 0.359766 -0.388596
v -0.124827 0.516308 -1.119064
v -0.138412 0.284476 -0.606221
v -0.099351 0.278623 -0.578802
v -0.210575 1.102441 -0.596897
v -0.199011 1.108958 -0.577356
v -0.287862 0.826867 -1.241170
v -0.263382 0.808151 -1.259516
v -0.469990 0.462001 -0.699391
v -0.139558 0.501883 -1.010445
v -0.272569 1.076469 -0.584447
v 0.114141 1.086158 -0.354166
v 0.111869 1.075628 -0.335110
v 0.137824 1.092819 -0.338068
v -0.091601 0.591605 -1.156214
v -0.048136 0.591971 -1.151064
v -0.174667 1.384782 -1.182854
v 0.214474 0.698268 -1.253076
v 0.256865 0.699609 -1.213730
v 0.003271 1.521740 -1.255590
v -0.439600 0.569399 -0.425569
v 0.087299 1.161667 -0.548240
v 0.091411 1.182046 -0.555131
v 0.055077 1.184227 -0.548797
v -0.085238 1.473284 -1.282667
v -0.239278 1.091321 -0.360672
v -0.244277 1.139064 -0.297085
v -0.419663 0.934259 -0.876984
v -0.193626 0.920136 -0.229240
v -0.340769 1.128728 -0.711516
v -0.325430 1.132844 -0.700158
v -0.391360 0.948079 -0.811336
v 0.000744 1.059133 -1.266479
v 0.113094 0.163281 -0.660670
v 0.142765 0.170199 -0.681483
v 0.148976 0.173709 -0.638779
v -0.087477 0.166944 -0.764750
v -0.066926 0.175564 -0.809693
v 0.013137 0.504942 -1.036954
v 0.006322 0.539247 -1.045286
v 0.323101 0.530982 -0.364507
v -0.145274 0.183579 -0.572933
v 0.156249 0.224413 -0.882982
v 0.187412 0.248080 -0.903086
v 0.186083 0.224732 -0.860579
v -0.249569 1.244923 -0.789399
v -0.228210 1.258107 -0.812097
v 0.014873 0.313057 -1.030950
v 0.038833 0.287708 -1.005362
v 0.053986 0.263506 -0.411017
v 0.191768 0.305827 -0.721600
v 0.416226 0.364736 -0.654304
v 0.011855 1.167615 -0.540867
v -0.402521 1.267233 -0.725631
v -0.098931 0.609460 -1.037453
v -0.137231 0.607545 -1.026314
v -0.456059 0.459276 -0.557441
v -0.378027 0.476789 -0.952678
v -0.371370 0.440487 -0.937348
v -0.402468 0.453097 -0.902730
v 0.325494 0.823916 -0.736640
v 0.317362 0.814798 -0.770393
v -0.316975 1.205885 -0.722886
v -0.355532 1.256098 -0.738929
v 0.351278 0.488067 -0.561580
v -0.495579 0.645391 -0.778189
v -0.500112 0.664944 -0.754388
v 0.319754 0.437095 -0.776289
v 0.348309 0.482301 -0.764529
v -0.334124 0.290671 -0.793916
v 0.103262 0.256178 -0.956078
v 0.351751 0.789202 -0.712649
v 0.184871 1.050967 -0.282388
v -0.310960 0.708394 -1.065032
v 0.365047 1.006100 -0.617124
v 0.417282 1.036056 -0.941328
v -0.095125 0.347906 -1.048504
v 0.161629 0.210147 -0.506439
v 0.313642 1.139682 -1.044683
v 0.091625 1.438929 -0.925379
v 0.120066 1.439577 -0.932404
v 0.116465 0.975821 -0.715393
v 0.083422 0.976801 -0.726955
v 0.133569 0.959714 -0.737464
v -0.288299 0.494777 -0.898335
v -0.268033 0.466167 -0.903376
v -0.263082 0.503486 -0.930459
v -0.501620 0.619092 -0.741163
v -0.130471 0.648756 -1.023839
v -0.105224 0.647292 -1.031619
v 0.365680 0.800939 -0.963561
v 0.370900 0.754916 -0.980103
v 0.215745 0.242137 -0.867755
v -0.463219 0.455182 -0.605283
v 0.054628 1.395811 -0.858609
v 0.088856 1.384944 -0.841918
v 0.083041 0.993501 -0.694394
v -0.195229 0.829302 -0.264889
v -0.365923 0.331017 -0.535551
v 0.259235 1.155023 -1.089727
v 0.256341 1.152678 -1.119410
v 0.107808 1.332630 -1.306271
v 0.132744 1.324896 -1.283113
v 0.063784 0.267654 -0.756809
v 0.288772 1.236395 -0.793849
v 0.325899 0.367985 -0.416639
v 0.387338 0.563073 -0.626607
v -0.340458 0.469887 -0.773518
v -0.342124 0.450829 -0.724368
v -0.300749 0.686307 -0.342490
v -0.043300 1.454203 -1.343376
v -0.051471 1.429811 -1.344445
v -0.268436 1.204352 -1.081705
v 0.062806 0.260653 -0.643830
v 0.102112 0.267315 -0.684393
v -0.170832 1.059507 -1.228967
v -0.127061 1.073752 -1.233368
v -0.349217 1.113598 -0.724967
v 0.207301 0.847131 -0.870042
v 0.196589 0.845231 -0.879324
v 0.346148 0.743226 -0.790413
v 0.340349 0.706161 -0.829249
v 0.356108 0.725585 -0.781120
v -0.336734 0.737346 -1.038495
v -0.336124 0.751442 -1.012177
v -0.183514 0.649826 -1.002198
v -0.137117 0.680589 -1.014613
v 0.307869 1.084384 -0.660324
v 0.292027 1.056364 -0.657165
v 0.303136 1.047764 -0.668319
v 0.129411 1.200624 -0.578395
v 0.152222 1.196435 -0.585707
v 0.150847 1.215458 -0.602004
v -0.055018 1.409410 -0.826304
v 0.417426 1.041939 -0.907042
v -0.239616 0.398177 -0.419646
v 0.318200 1.033924 -0.689068
v 0.313312 1.046520 -0.645437
v 0.344524 1.020628 -0.667794
v -0.393339 0.592210 -0.975303
v -0.179226 0.867655 -1.309661
v -0.177506 0.902580 -1.304871
v -0.116815 0.741730 -1.322007
v 0.334698 0.929097 -1.189606
v 0.133704 0.292912 -0.786566
v 0.168967 0.315798 -0.809200
v 0.139417 0.311881 -0.833300
v -0.244755 1.028940 -0.344781
v -0.004367 1.152799 -0.328019
v 0.314325 1.244061 -0.770463
v 0.264858 0.387556 -0.814129
v 0.245912 0.363424 -0.799805
v 0.250442 0.774839 -0.322813
v 0.485245 0.684141 -0.490761
v 0.375728 0.700048 -0.740397
v 0.145986 0.944997 -0.758154
v -0.396921 1.044948 -1.028868
v -0.406356 1.051284 -0.985018
v 0.275943 0.849676 -0.430948
v 0.129332 0.490213 -1.008971
v 0.172656 0.492420 -0.990649
v -0.011275 0.241397 -0.413220
v 0.025074 0.236096 -0.417092
v 0.050281 0.883609 -0.251619
v 0.146166 0.346965 -0.889879
v -0.083175 0.906354 -0.313933
v 0.131600 1.096151 -0.370647
v 0.337439 0.804089 -0.510910
v 0.359754 0.757105 -0.526489
v -0.135233 0.794813 -1.325423
v -0.115903 0.823214 -1.330962
v -0.115201 0.793982 -1.330266
v 0.461311 0.859993 -0.709858
v 0.394660 0.846407 -1.064470
v 0.395824 0.826232 -1.028980
v -0.411798 0.948157 -0.845540
v 0.386004 0.886495 -0.867841
v 0.407624 0.958088 -0.634538
v 0.168383 1.115976 -0.301895
v 0.050465 1.090242 -1.284572
v 0.093192 1.085309 -1.268476
v 0.078957 1.072709 -1.265784
v 0.227747 0.848639 -0.850222
v -0.259252 1.156147 -1.116536
v -0.242942 1.137374 -1.149916
v -0.248905 1.137926 -1.108799
v -0.371726 0.821726 -0.344371
v 0.294499 1.063240 -0.599874
v -0.061514 1.305829 -0.813998
v 0.012090 1.128782 -0.446299
v 0.054104 1.131581 -0.465710
v 0.296419 1.163937 -0.689533
v 0.286477 1.181476 -0.694085
v -0.013766 0.292504 -0.437538
v 0.037858 0.297272 -0.441141
v 0.150046 0.933352 -0.216123
v 0.174746 0.935885 -0.229839
v 0.005430 0.359274 -0.949216
v -0.002206 0.334591 -0.921707
v -0.255673 0.371549 -0.543265
v 0.377651 0.527911 -0.623966
v 0.314702 0.851868 -0.525137
v -0.440247 0.548362 -0.436028
v -0.312987 0.681205 -0.317394
v -0.353476 0.604303 -0.832424
v 0.257330 0.339269 -0.964975
v -0.111161 0.918698 -0.204373
v 0.328510 0.315145 -0.496476
v 0.344704 0.329220 -0.499279
v 0.444734 0.804191 -0.844103
v 0.059789 0.186492 -0.844988
v -0.004488 0.296371 -0.488950
v -0.002728 0.299200 -0.479198
v -0.221023 0.711902 -0.961545
v -0.242876 0.717810 -0.942770
v 0.391800 0.893218 -1.095452
v 0.396557 0.872766 -1.075632
v -0.484051 0.519559 -0.745506
v -0.203246 0.357365 -0.857876
v -0.388255 1.179353 -0.755033
v -0.362629 1.121663 -0.742951
v 0.461587 0.618381 -0.869803
v -0.043713 1.445138 -0.963786
v -0.347627 0.452742 -0.676045
v -0.354438 0.470787 -0.618292
v 0.005708 0.380521 -0.969132
v 0.436817 0.396789 -0.682146
v 0.439404 0.402071 -0.647515
v -0.323198 0.762426 -0.273928
v 0.257924 0.777254 -0.280362
v 0.284196 0.742072 -0.293594
v 0.314321 0.542631 -0.381703
v 0.307578 0.513513 -0.390110
v 0.480945 0.807891 -0.592729
v 0.112211 1.306201 -0.827587
v 0.398085 0.567064 -0.364261
v 0.414420 0.556389 -0.391329
v 0.103969 0.160875 -0.689529
v 0.350501 0.467947 -0.718667
v -0.336213 0.309430 -0.835214
v 0.229523 1.018095 -0.321332
v 0.214739 0.998295 -0.316649
v -0.125445 0.540786 -1.025221
v -0.098301 0.501526 -1.023283
v 0.393917 1.082246 -0.812136
v -0.125125 1.401651 -0.914759
v -0.150269 1.380996 -0.925496
v -0.260883 1.213657 -0.993900
v 0.495329 0.760541 -0.694233
v 0.496271 0.742672 -0.717905
v 0.383258 0.997935 -0.768729
v -0.402694 0.947650 -0.734765
v -0.411636 0.916643 -0.778638
v -0.185575 1.233499 -1.230727
v -0.132501 1.142681 -0.559908
v -0.450047 0.768239 -0.437732
v 0.209683 0.909284 -1.290401
v -0.394884 0.455455 -0.419852
v -0.268505 0.678803 -0.935277
v 0.289286 0.247578 -0.760209
v 0.349654 0.292800 -0.614750
v 0.153784 0.828409 -0.918917
v 0.287596 0.387291 -0.381928
v -0.196123 1.103202 -0.495303
v -0.479928 0.518473 -0.567610
v -0.475440 0.529944 -0.537330
v 0.146179 1.149467 -0.564345
v 0.321019 0.600301 -0.358622
v -0.194247 1.289918 -1.209263
v 0.258144 0.434782 -1.034879
v -0.042121 1.139268 -0.503819
v -0.210444 0.377428 -0.438418
v -0.184525 0.355506 -0.434988
v 0.500286 0.734671 -0.614445
v -0.410808 1.054936 -0.946242
v -0.414391 1.051052 -0.899358
v -0.406561 1.071157 -0.923567
v -0.143965 0.270631 -0.408471
v 0.447689 0.493945 -0.844047
v -0.058958 1.040152 -0.287387
v -0.033699 1.016276 -0.255373
v -0.025759 1.038878 -0.280936
v 0.235430 1.251707 -0.934618
v -0.486469 0.523615 -0.597760
v -0.131687 1.289488 -0.839593
v -0.464443 0.824632 -0.533044
v -0.473882 0.814803 -0.554837
v -0.467219 0.821085 -0.522171
v 0.397679 0.373953 -0.533762
v 0.495988 0.548044 -0.684818
v 0.485139 0.506273 -0.672989
v -0.248691 0.811702 -0.870589
v -0.264694 0.777014 -0.885762
v -0.108961 0.807906 -0.954699
v -0.349413 1.037114 -0.712145
v -0.350311 0.479191 -0.571032
v -0.346312 0.482434 -0.551939
v -0.232723 1.159342 -0.258180
v -0.243026 1.081593 -0.285678
v -0.146238 1.123742 -0.349081
v -0.134241 1.114863 -0.347742
v -0.028549 1.139101 -0.543315
v 0.088008 1.091949 -0.373998
v -0.341898 0.577993 -0.338865
v -0.063313 1.461701 -1.021916
v 0.325539 0.556126 -0.868931
v 0.135196 1.180139 -0.568378
v 0.072859 0.159827 -0.619069
v 0.052598 0.434872 -1.103835
v 0.097043 0.444023 -1.101359
v -0.213558 0.632422 -0.987675
v -0.287676 1.200964 -0.951471
v -0.310291 1.174459 -0.982599
v 0.194207 1.351080 -1.158551
v -0.127242 0.274749 -0.680199
v -0.062730 1.439264 -0.961288
v -0.087296 1.437266 -0.981690
v 0.002840 1.212151 -1.326218
v -0.203471 0.407826 -1.050738
v 0.396786 0.899227 -0.445481
v 0.399834 0.874074 -0.425326
v 0.392940 0.603091 -0.629241
v 0.393207 0.602271 -0.666081
v 0.152839 1.060831 -0.293294
v 0.143853 0.456593 -1.095330
v 0.183191 0.487825 -1.094190
v -0.133762 0.934731 -0.210948
v -0.114424 0.933496 -0.205491
v 0.473775 0.508195 -0.560960
v 0.250038 1.153663 -1.140436
v 0.314628 0.499741 -0.859816
v -0.124677 0.475868 -1.107746
v -0.492399 0.774061 -0.702967
v -0.477372 0.819712 -0.710660
v -0.478574 0.799424 -0.746440
v 0.017339 1.126521 -0.407476
v -0.238745 1.093988 -0.583670
v 0.182261 0.575423 -1.114396
v 0.181547 0.537356 -1.108299
v 0.380620 1.057352 -0.756976
v -0.201162 0.194733 -0.620061
v -0.163894 0.180537 -0.621575
v 0.365761 0.759607 -0.558866
v 0.002712 1.309029 -0.732797
v -0.309139 1.209635 -0.839147
v -0.341798 0.534495 -0.480586
v -0.269839 1.209648 -1.018021
v -0.272795 1.196115 -1.043236
v -0.315866 1.048119 -0.588218
v -0.461459 0.597625 -0.870493
v -0.240321 0.461846 -0.929469
v -0.053635 1.033081 -1.279187
v 0.185475 0.842868 -0.249006
v 0.197514 0.825486 -0.269840
v 0.386172 0.819221 -0.960489
v -0.158249 1.367579 -0.922731
v -0.156111 1.363751 -0.923849
v -0.310880 0.312539 -0.469689
v -0.322757 0.264735 -0.720904
v 0.354421 1.124808 -0.734520
v -0.444889 0.438303 -0.553042
v -0.324598 0.601371 -0.350981
v -0.223719 0.810041 -0.269301
v -0.459670 0.446082 -0.735137
v 0.052496 0.189301 -0.497432
v 0.070309 0.182494 -0.521514
v 0.143291 0.806546 -1.322892
v 0.158726 0.786688 -1.316056
v -0.308058 0.398416 -0.708847
v -0.285728 0.372927 -0.708978
v 0.021578 0.973762 -0.210367
v 0.486538 0.557607 -0.772981
v -0.272868 0.915577 -0.570333
v -0.288922 1.002535 -0.402870
v -0.292134 0.971301 -0.365456
v 0.396150 0.729871 -0.960475
v -0.112039 1.419254 -0.960061
v 0.006371 0.299361 -0.453947
v 0.017755 0.300931 -0.458443
v -0.104536 0.872167 -0.249230
v -0.131902 1.401583 -0.942462
v -0.151846 1.383447 -0.941336
v 0.096392 0.167284 -0.593988
v 0.023444 1.134548 -0.394913
v -0.151022 0.322992 -0.420627
v -0.127125 0.306677 -0.418739
v -0.328203 0.459937 -0.795273
v -0.003522 0.253189 -0.968325
v 0.001092 0.275144 -0.994168
v -0.046425 1.338571 -0.810107
v -0.167504 0.980309 -0.509987
v 0.140055 0.288424 -0.759479
v -0.272530 1.190210 -1.068868
v -0.266359 1.169737 -1.079711
v 0.543306 0.785172 -0.465684
v 0.159225 1.030165 -0.289073
v 0.045124 1.115647 -0.362650
v 0.076686 0.794451 -1.337409
v 0.034534 0.658235 -1.302386
v 0.292365 0.702825 -1.056987
v 0.338241 0.710420 -1.023118
v 0.301633 0.670965 -1.057164
v -0.427392 0.915025 -0.954612
v -0.179600 1.219470 -0.624366
v -0.146802 1.218465 -0.602381
v -0.166217 1.235747 -0.634753
v -0.237713 0.910265 -0.745304
v -0.305766 0.803601 -0.263012
v 0.245932 0.939863 -0.578563
v -0.294004 0.254092 -0.780721
v -0.196290 1.132703 -1.212742
v -0.181265 1.119420 -1.224453
v -0.346695 1.078518 -0.703440
v -0.358101 1.049511 -0.719260
v 0.362607 0.727246 -0.997148
v 0.257223 0.665470 -1.093752
v -0.391902 0.643263 -0.588165
v -0.428126 0.785542 -0.892103
v 0.195616 1.003829 -0.296513
v 0.331718 0.968373 -1.181747
v -0.082344 0.279909 -0.991210
v 0.317136 0.269883 -0.764364
v 0.204867 1.080511 -0.398217
v 0.203433 1.018427 -1.245582
v 0.360987 0.369304 -0.881294
v 0.492772 0.540757 -0.622588
v 0.185471 1.379322 -1.107819
v 0.280990 1.205900 -0.720505
v 0.304150 1.175909 -0.709175
v -0.078738 0.571641 -1.041043
v -0.248553 0.243439 -0.522396
v -0.235664 0.256662 -0.478300
v -0.026624 1.114468 -0.402741
v -0.235130 0.660407 -1.093867
v -0.464661 0.845533 -0.726961
v 0.040254 0.199516 -0.879032
v -0.074957 0.602242 -1.139300
v -0.346415 0.542215 -0.344505
v 0.338583 0.495587 -0.808085
v -0.089143 0.645278 -1.280689
v 0.197526 1.340142 -0.976979
v 0.021874 1.215034 -1.325329
v 0.040804 1.198828 -1.318672
v -0.355828 1.016192 -0.629503
v -0.352906 1.015836 -0.586240
v 0.244627 0.299997 -0.419574
v 0.307161 0.480902 -0.379081
v 0.264821 0.879114 -0.767888
v 0.058734 0.306286 -0.457722
v 0.068535 0.305081 -0.444338
v -0.380158 0.990163 -0.657417
v -0.445033 0.424242 -0.758727
v -0.421872 0.392503 -0.781693
v 0.146276 0.313030 -0.522597
v 0.156299 0.333793 -0.862187
v -0.293936 0.716089 -0.358508
v -0.308651 0.680316 -0.371195
v 0.498221 0.711726 -0.736644
v 0.384607 1.116238 -0.913634
v 0.263509 0.295256 -0.443177
v -0.167841 0.771511 -1.310913
v -0.484415 0.675330 -0.814728
v 0.188850 0.209419 -0.818558
v 0.158861 0.211523 -0.854462
v 0.218202 1.100841 -0.535181
v -0.464627 0.862234 -0.644150
v -0.444364 0.901918 -0.652499
v 0.271712 0.444276 -0.440364
v 0.453517 0.885385 -0.641516
v -0.452929 0.814876 -0.475089
v -0.051822 0.308315 -0.877022
v 0.198742 0.330184 -0.995194
v -0.392477 1.044088 -1.042425
v -0.383729 1.065396 -1.040650
v -0.380558 1.045069 -1.069519
v -0.377319 0.646419 -0.772356
v 0.121682 1.455191 -1.208056
v -0.085790 0.983509 -0.713205
v 0.022623 0.160273 -0.589392
v 0.257984 0.662009 -0.948812
v 0.263298 0.692427 -0.935218
v -0.100324 0.586296 -1.176523
v -0.265612 0.248598 -0.535170
v -0.340607 0.634437 -0.855654
v -0.143130 0.991748 -0.263520
v -0.317696 0.786129 -0.810465
v 0.144195 0.965529 -1.294753
v -0.388961 0.942815 -1.104899
v -0.374083 0.988593 -1.117396
v -0.412021 0.851420 -0.996089
v -0.047136 1.005295 -0.679031
v -0.057561 1.012244 -0.656630
v 0.230491 0.818261 -0.254098
v -0.324110 0.337093 -0.898125
v -0.300724 0.295446 -0.867915
v -0.054203 1.132017 -0.469254
v -0.371894 0.765365 -0.663526
v -0.232291 0.866711 -0.387042
v -0.154779 0.291529 -0.749381
v 0.136359 0.991667 -1.284584
v 0.124878 1.024146 -1.269444
v 0.186125 1.001049 -1.263868
v 0.160505 1.447894 -0.904997
v 0.134464 0.267219 -0.958984
v 0.311328 0.718505 -1.144851
v 0.279144 0.694760 -1.176286
v 0.247246 0.497420 -0.940155
v 0.385313 0.599143 -0.734982
v 0.442301 0.805197 -0.451958
v 0.467553 0.809463 -0.464816
v 0.200179 0.319174 -0.767211
v 0.254463 0.356939 -0.763834
v 0.328031 0.469520 -0.804646
v 0.310010 0.446066 -0.815675
v 0.312203 1.128213 -0.675730
v 0.314790 1.143128 -0.692998
v 0.506005 0.681116 -0.690248
v 0.027240 0.911106 -0.206776
v -0.122608 0.253086 -0.414744
v 0.137256 1.440733 -1.165690
v 0.149381 1.424573 -1.107191
v 0.112592 1.466212 -1.179610
v -0.262131 0.417028 -0.406081
v 0.044909 0.231377 -0.422630
v 0.401705 0.769517 -0.937726
v 0.393917 0.661033 -0.338480
v -0.251987 1.233364 -0.967755
v -0.240942 1.225943 -0.952293
v -0.360555 0.785677 -0.977293
v 0.036092 1.376549 -0.841039
v 0.051075 1.384692 -0.857569
v 0.460001 0.744444 -0.440988
v 0.385955 0.961404 -0.521608
v 0.389678 0.969902 -0.559935
v 0.275727 0.863694 -0.777164
v 0.271604 0.230308 -0.625932
v 0.228843 0.204335 -0.653012
v -0.007329 0.787048 -0.987388
v -0.475090 0.645822 -0.481550
v -0.463741 0.620447 -0.459018
v 0.295474 0.813259 -0.425477
v -0.195826 0.906350 -0.795595
v 0.372980 0.315516 -0.729624
v -0.309803 1.052116 -0.620776
v -0.332838 1.032748 -0.650648
v 0.345751 0.289799 -0.741253
v -0.405252 0.352135 -0.728455
v -0.019902 0.167236 -0.795041
v 0.253617 0.730080 -1.238658
v -0.365754 0.489601 -0.677151
v -0.398625 0.369652 -0.808952
v -0.375606 0.340186 -0.809670
v -0.402799 0.356681 -0.760980
v 0.305701 0.449080 -0.501245
v 0.326235 0.489266 -0.492621
v 0.107949 0.185478 -0.532606
v -0.426773 0.919936 -0.980241
v -0.421180 0.904830 -1.009645
v 0.001351 0.468186 -1.023867
v 0.352742 0.822412 -0.320161
v 0.416651 0.741966 -0.929108
v 0.435460 0.750537 -0.895709
v 0.294609 0.685647 -1.091822
v 0.170975 0.289419 -0.404691
v -0.354119 0.765691 -0.751773
v -0.354130 0.730183 -0.787277
v -0.091096 0.870308 -0.892421
v -0.050162 1.207940 -0.561550
v 0.273932 1.165474 -0.658001
v -0.187688 0.679388 -1.261381
v -0.426347 0.979114 -0.890480
v -0.420842 0.960675 -0.865207
v -0.214942 0.251443 -0.888782
v -0.217220 0.239816 -0.863726
v 0.422459 0.884452 -0.805450
v 0.438383 0.873309 -0.779550
v 0.307447 1.156733 -0.693297
v 0.140871 1.359485 -0.854439
v 0.370613 1.138805 -0.894196
v -0.420306 0.928304 -1.022967
v 0.107639 1.438717 -1.278173
v 0.129781 1.415369 -1.257258
v -0.121172 1.461304 -1.162863
v -0.141035 1.440637 -1.135405
v -0.120827 0.608457 -1.225661
v -0.100755 0.627116 -1.258599
v -0.106328 0.274877 -0.607209
v 0.270662 1.227382 -0.747933
v 0.191978 1.329823 -1.191095
v -0.281818 0.313883 -0.432613
v 0.097324 1.067826 -1.246635
v -0.226796 0.945346 -0.520539
v -0.149771 0.308948 -0.536829
v -0.255321 0.617309 -0.958653
v -0.251692 0.572826 -0.960343
v 0.153078 1.287034 -0.808728
v -0.087633 0.266010 -0.410556
v 0.056967 1.457714 -1.329970
v 0.427016 0.782361 -0.893510
v -0.416496 0.516537 -0.920607
v -0.426598 0.570160 -0.925782
v 0.493614 0.697155 -0.769901
v -0.241784 0.744166 -0.929096
v 0.066831 1.267653 -0.629949
v -0.166152 0.935098 -1.300294
v -0.269137 0.434713 -0.412439
v 0.329579 0.451850 -0.555282
v 0.305119 0.412246 -0.570258
v 0.299970 0.428771 -0.521764
v 0.199356 0.652145 -1.226502
v -0.118758 1.086991 -1.257418
v -0.113657 1.077715 -1.252681
v -0.227848 0.759025 -1.274474
v -0.334381 0.311754 -0.508317
v -0.221884 1.290011 -0.930240
v -0.222290 1.275204 -0.916953
v 0.259750 0.482431 -0.920353
v 0.444743 0.640036 -0.418816
v 0.145699 0.767530 -1.317852
v 0.176395 0.771706 -1.306317
v 0.152913 0.743252 -1.309541
v -0.394493 0.971515 -0.678228
v 0.308472 0.521227 -0.423298
v -0.129971 0.328166 -0.468488
v -0.123293 0.322041 -0.481272
v -0.341049 0.804586 -1.167090
v 0.372294 0.910459 -0.412412
v -0.021543 0.256049 -0.645459
v -0.138210 1.240080 -0.621844
v -0.109038 1.227765 -0.593984
v 0.236377 0.646160 -1.113114
v -0.190264 0.336040 -0.520635
v -0.360927 0.481642 -0.362734
v -0.339784 0.447579 -0.367301
v 0.281194 0.373386 -0.730020
v -0.038397 0.278668 -0.813555
v -0.143852 1.087515 -1.241403
v 0.190886 0.583357 -1.000768
v -0.099147 1.132912 -0.554215
v 0.086923 0.967901 -0.216932
v 0.121407 0.946287 -0.212503
v 0.117484 0.960739 -0.221859
v 0.526753 0.809198 -0.530551
v 0.346661 0.558118 -1.015734
v 0.019778 1.519353 -1.260547
v 0.156111 1.416331 -1.160553
v 0.198062 0.821458 -0.286680
v 0.233449 0.790383 -0.297703
v -0.313266 0.496961 -1.026863
v -0.409286 0.857496 -1.027459
v -0.161734 1.416715 -1.126069
v -0.319277 0.912199 -1.210354
v 0.235523 0.265538 -0.890501
v 0.091209 0.213858 -0.458908
v 0.052944 0.221776 -0.435787
v -0.239285 0.234913 -0.825703
v -0.261034 0.238143 -0.799958
v -0.336424 1.011449 -0.505833
v -0.309547 0.865690 -0.698143
v -0.042082 1.142978 -1.304586
v -0.144095 0.853293 -1.322491
v -0.321332 0.811465 -0.477091
v 0.454406 0.524341 -0.850386
v -0.066468 0.980047 -0.725546
v 0.450413 0.837923 -0.795658
v -0.059401 0.581242 -1.177074
v 0.292179 1.106033 -1.113061
v -0.100422 1.276494 -1.310193
v 0.243284 0.339023 -0.622889
v -0.352249 0.648178 -0.458089
v -0.053693 1.147375 -0.543644
v -0.332936 0.838598 -0.680570
v -0.063133 0.386679 -0.967131
v 0.493022 0.664046 -0.780914
v -0.392836 0.984871 -1.083585
v 0.000617 0.263946 -0.589338
v -0.443212 0.807131 -0.457140
v -0.019160 0.815189 -1.342235
v 0.051611 1.062938 -1.260871
v -0.247759 0.996236 -1.237483
v 0.309473 0.765971 -0.413908
v 0.323151 0.740282 -0.423317
v 0.301604 0.712060 -0.373161
v -0.470674 0.552884 -0.504689
v -0.151019 1.162009 -0.568092
v 0.310607 0.471919 -0.843942
v -0.068502 1.009052 -0.487675
v -0.059972 1.020109 -0.527294
v -0.161891 0.955653 -0.438939
v -0.250637 1.086791 -0.552946
v -0.079025 1.430330 -0.945154
v -0.157472 0.623741 -1.124000
v 0.037458 1.125862 -0.390022
v -0.578786 0.778691 -0.507081
v -0.531461 0.769438 -0.548975
v -0.555279 0.741887 -0.520240
v 0.219672 0.322990 -0.725432
v -0.360572 0.789826 -0.674070
v -0.362788 0.790912 -0.635033
v -0.001325 1.003495 -1.296935
v 0.008322 1.040049 -1.278939
v 0.030299 1.004011 -1.295804
v 0.070030 1.304070 -0.815427
v -0.064362 0.244519 -0.413117
v -0.281869 0.337952 -0.402218
v -0.265202 0.320789 -0.408556
v -0.453625 0.669382 -0.433033
v -0.447073 0.636468 -0.423010
v 0.015816 1.115783 -0.320004
v -0.504748 0.590902 -0.675117
v -0.499004 0.555700 -0.659823
v -0.500940 0.727403 -0.590902
v -0.502583 0.740425 -0.573509
v -0.358573 0.776463 -0.717469
v -0.342406 0.812804 -0.710373
v 0.114564 1.050756 -1.255407
v -0.201418 0.331986 -0.402258
v -0.169382 0.311381 -0.406350
v -0.111461 1.437871 -1.276456
v 0.330097 0.415384 -0.378664
v 0.103082 0.163267 -0.724681
v -0.092759 0.692455 -1.311261
v -0.099514 0.667943 -1.295496
v 0.260737 1.226628 -0.745041
v 0.216507 1.243270 -1.183591
v 0.056880 1.471888 -1.320942
v -0.009728 1.291842 -0.666705
v 0.034393 1.283261 -0.650220
v -0.347965 0.657241 -1.024255
v -0.325940 0.381761 -0.398198
v 0.070311 0.208102 -0.889760
v -0.493171 0.614313 -0.781789
v 0.175693 1.036194 -1.244482
v 0.364160 1.167020 -0.813687
v 0.369582 1.140266 -0.818762
v -0.026743 0.276496 -0.994743
v -0.277150 0.741270 -0.339661
v 0.192288 0.393577 -1.046534
v 0.325665 0.797080 -1.185065
v -0.124956 0.285014 -0.770706
v -0.097131 0.277060 -0.771232
v -0.108905 0.287830 -0.798326
v -0.166562 0.332614 -0.851844
v 0.427212 0.665572 -0.387836
v 0.371358 0.960319 -0.778186
v -0.259934 1.161366 -1.067180
v 0.265415 0.353376 -0.686240
v -0.030630 0.916629 -0.822385
v 0.170387 0.956051 -0.719278
v -0.236206 1.274958 -0.948595
v -0.360918 0.517736 -0.550007
v -0.476950 0.829984 -0.676660
v 0.333737 0.673961 -1.033237
v 0.353809 0.686931 -1.014691
v 0.356225 0.792910 -1.125003
v -0.074638 1.010083 -1.288318
v -0.222682 0.778713 -0.920784
v -0.243079 1.279662 -1.085068
v -0.499236 0.684962 -0.537950
v -0.486437 0.672257 -0.511509
v -0.393886 0.590506 -0.655291
v 0.191765 0.189387 -0.630421
v 0.302345 0.952370 -1.217683
v 0.318698 0.925826 -1.208649
v -0.029124 0.868545 -0.902508
v 0.475044 0.657252 -0.839409
v 0.461121 0.655574 -0.872855
v 0.290624 1.082786 -1.140254
v -0.302027 0.809440 -0.810000
v -0.274336 0.831881 -0.821957
v -0.095887 1.098418 -0.389586
v 0.116672 0.732755 -1.319374
v -0.147763 0.889276 -0.330085
v -0.146527 0.920308 -0.368571
v -0.403238 1.080917 -0.876468
v -0.424794 0.858934 -0.834692
v -0.184025 1.278231 -1.228642
v 0.473900 0.554508 -0.816908
v -0.080154 0.266324 -0.976182
v 0.403735 1.033962 -1.017655
v -0.194816 0.309288 -0.744397
v -0.234052 0.207238 -0.646469
v 0.114751 1.071315 -1.239039
v -0.475758 0.491777 -0.591248
v -0.470471 0.499447 -0.552068
v -0.097701 0.847498 -1.333343
v -0.079074 0.890550 -1.329705
v -0.327665 0.420711 -0.670214
v 0.396231 0.339793 -0.640566
v 0.263449 0.983287 -0.346847
v 0.300207 0.992027 -0.402284
v 0.156711 1.108548 -0.460046
v -0.397242 0.904158 -0.452379
v 0.343405 0.454197 -0.366514
v 0.214744 1.248566 -0.911093
v 0.369557 0.996308 -0.684939
v 0.393688 0.969762 -0.693421
v -0.002108 1.223261 -0.569676
v 0.161914 1.360648 -0.882167
v 0.145718 0.357079 -1.040984
v -0.371578 1.009725 -0.745829
v 0.107424 0.277086 -0.597052
v -0.456078 0.845569 -0.530745
v -0.187718 0.976422 -0.630212
v 0.461820 0.470538 -0.567573
v -0.123260 0.869549 -1.325829
v -0.019134 0.580556 -1.168475
v 0.404060 1.060341 -0.978639
v -0.378158 0.640773 -0.320836
v -0.381809 0.629841 -0.541174
v -0.421307 1.017131 -0.953412
v -0.426237 0.990161 -0.958625
v -0.424486 1.010054 -0.915260
v -0.133297 1.403945 -0.958497
v -0.102266 0.318827 -0.460599
v -0.143524 0.971600 -1.292893
v 0.286879 0.841131 -0.790819
v -0.383509 0.552295 -0.602311
v 0.191232 0.837109 -0.312035
v 0.224245 0.814490 -0.328130
v -0.367055 0.629049 -0.318623
v -0.364414 0.567836 -0.335062
v 0.184578 0.334178 -0.409969
v 0.181428 1.188950 -0.596393
v 0.213997 1.182056 -0.613575
v -0.001547 0.795460 -1.342616
v 0.039771 0.783222 -1.340592
v -0.488663 0.635104 -0.522337
v 0.410144 1.015185 -0.820758
v 0.399707 1.022282 -0.793183
v 0.398091 0.997945 -0.792644
v -0.104293 0.309732 -0.856938
v -0.084224 0.245472 -0.948235
v 0.215609 0.818697 -1.293116
v 0.144010 0.490720 -1.107499
v 0.449430 0.858241 -0.528253
v 0.368395 1.137626 -0.825130
v 0.360396 1.153963 -0.858629
v -0.265728 0.402119 -0.498919
v -0.325811 0.649611 -1.042984
v 0.197522 0.670576 -0.989592
v 0.125210 0.209576 -0.482808
v 0.282972 0.725074 -1.201252
v -0.263225 1.168772 -1.109009
v 0.383409 0.862561 -1.106526
v 0.087798 1.016198 -0.544652
v 0.498574 0.714306 -0.551268
v 0.251312 1.143897 -1.096907
v 0.172934 1.084266 -0.406215
v 0.319055 1.198934 -0.849350
v 0.292405 0.429846 -1.008295
v 0.042093 1.503409 -1.156064
v 0.061836 1.498281 -1.168417
v 0.011339 1.011477 -0.247898
v -0.326514 0.435665 -0.753552
v -0.000250 1.151283 -1.311269
v 0.244303 1.253109 -1.116496
v 0.338037 1.117036 -1.050921
v 0.143431 0.890134 -0.328526
v -0.072013 0.280488 -0.804593
v -0.052592 0.271568 -0.785538
v -0.154115 0.173582 -0.669976
v -0.123620 0.166391 -0.707465
v -0.117893 0.164086 -0.663883
v -0.324576 1.119136 -0.685749
v -0.347380 1.094048 -0.707427
v 0.289513 0.833387 -0.256487
v -0.332892 1.166381 -0.959005
v -0.261106 0.340325 -0.393702
v 0.419712 1.007315 -0.856560
v -0.036619 0.333652 -0.918068
v 0.345174 0.738784 -1.053896
v 0.177877 1.174531 -1.233910
v -0.371906 0.415340 -0.916439
v -0.203767 0.218018 -0.826403
v -0.007093 1.248462 -1.332936
v -0.007262 1.322738 -1.344946
v 0.005101 1.261672 -1.335035
v 0.129069 0.600331 -1.130705
v -0.077193 0.190467 -0.848270
v -0.156970 0.629175 -1.233683
v -0.021148 1.515101 -1.191488
v 0.365488 0.942891 -0.439281
v -0.088184 0.878274 -0.281289
v -0.412324 0.782952 -0.918073
v -0.029271 0.291688 -0.505990
v 0.111357 1.371796 -1.299822
v 0.138397 1.362812 -1.270048
v 0.148006 1.329244 -1.264849
v 0.043727 0.945840 -0.355146
v -0.100903 0.739255 -1.002527
v -0.142013 0.713591 -1.001470
v -0.497019 0.749657 -0.582399
v -0.107830 0.313113 -0.436658
v -0.373523 0.945593 -0.460129
v 0.202375 0.622234 -1.178603
v 0.229607 0.646104 -1.183369
v 0.242228 0.645443 -1.160991
v -0.124475 0.867039 -0.285321
v -0.369932 1.136466 -0.928796
v -0.392112 1.100223 -0.937213
v -0.372779 0.800797 -1.094563
v 0.233775 0.260940 -0.469119
v 0.175886 0.721735 -1.290973
v -0.063373 1.423239 -0.821840
v -0.241382 0.903118 -0.252295
v -0.256653 1.204189 -0.685053
v 0.144305 0.306898 -0.411575
v 0.251323 0.233921 -0.555320
v 0.047857 1.186950 -1.314873
v -0.104276 1.267035 -0.644148
v 0.387588 0.821589 -0.366736
v 0.071867 0.698318 -1.026307
v 0.113302 0.688385 -1.019688
v -0.390920 0.807255 -0.997321
v -0.091103 1.299775 -0.821441
v 0.397290 0.484510 -0.404262
v -0.367723 0.814512 -1.119927
v 0.063875 1.318497 -0.812256
v -0.092002 0.948144 -0.205271
v 0.236517 0.851490 -0.375958
v -0.019908 1.098231 -0.333966
v 0.213484 0.532829 -1.095014
v -0.364076 1.149664 -0.891027
v -0.336393 1.180341 -0.895089
v -0.420949 0.737544 -0.927206
v -0.242517 0.214833 -0.617741
v 0.162838 1.168310 -0.573942
v 0.189120 1.160383 -0.584680
v 0.538853 0.743997 -0.471997
v 0.545796 0.731758 -0.502673
v -0.200277 1.349928 -1.146253
v -0.361234 0.676348 -0.482060
v -0.354029 0.706274 -0.473560
v -0.449680 0.822440 -0.817307
v -0.068076 0.579637 -1.138621
v 0.276763 0.242976 -0.578433
v 0.289120 0.257668 -0.555300
v -0.247222 0.662242 -1.185457
v -0.258475 0.656610 -1.154125
v 0.181444 0.662769 -1.250841
v 0.181885 0.690239 -1.270881
v 0.214231 0.681961 -1.241106
v -0.150557 1.377439 -0.945798
v -0.022087 0.308904 -0.883747
v -0.048800 0.266381 -0.588991
v -0.112808 0.989520 -0.466115
v -0.094738 0.544162 -1.034319
v -0.214821 0.573268 -1.102209
v 0.420204 0.923556 -0.549067
v 0.266394 0.752070 -0.314010
v 0.292371 0.711631 -0.320327
v -0.262237 1.231353 -0.762310
v -0.239262 1.243652 -0.745458
v -0.020531 0.846927 -0.930936
v -0.146469 0.853452 -0.266897
v -0.179102 0.842990 -0.252892
v 0.334612 0.841258 -0.621305
v 0.386448 0.703095 -0.609167
v 0.074065 0.994170 -0.450539
v -0.443679 0.889859 -0.723596
v -0.064890 1.232931 -1.319670
v -0.066808 1.295325 -1.329742
v 0.194427 0.367708 -0.452983
v 0.373381 1.117832 -0.792406
v 0.260749 1.113598 -1.130152
v -0.037357 0.987067 -1.303165
v 0.321318 0.510602 -0.460818
v 0.233313 0.784536 -0.908250
v -0.077072 0.219758 -0.909275
v -0.253886 0.860454 -0.240899
v 0.270170 0.877553 -0.459656
v 0.232539 0.320423 -0.964351
v -0.200051 0.288312 -0.952172
v 0.317193 0.925147 -0.348238
v 0.090775 0.674917 -1.302160
v 0.295878 0.321414 -0.908278
v -0.025040 0.657201 -1.042829
v -0.097377 1.015854 -0.586269
v 0.132298 0.606807 -1.219208
v -0.157969 0.928154 -0.216178
v -0.022115 0.597722 -1.144401
v 0.035449 0.599293 -1.142658
v 0.296143 0.841164 -1.233611
v -0.054022 1.265909 -0.623521
v -0.034852 1.283442 -0.650598
v -0.195816 1.318011 -1.193669
v -0.154749 1.369941 -1.246837
v -0.217084 1.037843 -0.280984
v 0.033792 0.783415 -0.988153
v -0.379976 0.529245 -0.642002
v -0.037886 0.950052 -1.316704
v 0.002406 0.971217 -1.309896
v 0.165261 1.222202 -0.617798
v 0.085275 1.391162 -1.322031
v 0.327649 0.426679 -0.714981
v -0.053374 1.061778 -1.261156
v -0.027687 1.059958 -1.265612
v 0.338022 0.576239 -0.853770
v -0.278012 1.120834 -1.109363
v 0.212892 0.830010 -0.881726
v -0.176385 0.354081 -0.878997
v -0.158656 0.362202 -0.903541
v -0.276705 1.193338 -0.700447
v 0.337398 1.013560 -0.713578
v 0.265860 0.664285 -1.103484
v 0.187085 1.275629 -0.790459
v -0.022188 0.606361 -1.049073
v 0.012465 0.603452 -1.049871
v -0.381940 0.798756 -0.347733
v -0.383400 0.761615 -0.335801
v 0.139495 0.287479 -0.596121
v 0.179859 0.422303 -0.946734
v 0.167557 0.784830 -0.949561
v 0.388295 0.571678 -0.690157
v -0.016056 0.331696 -1.046617
v 0.242211 0.368990 -1.002070
v 0.265491 0.383631 -0.997254
v -0.438698 0.529664 -0.890404
v -0.435571 0.508818 -0.884531
v -0.349930 0.710357 -0.811013
v 0.273325 0.350190 -0.392304
v 0.145296 0.921652 -1.309779
v 0.291514 0.386930 -0.602480
v 0.328724 0.777021 -0.794493
v 0.279316 0.716696 -0.909041
v 0.407529 0.909535 -1.055491
v -0.194407 1.273607 -0.800259
v -0.047528 1.188792 -1.315795
v -0.048554 0.919738 -0.320043
v -0.053096 0.887642 -0.280961
v 0.155503 0.433237 -0.968317
v 0.199478 1.358137 -1.100854
v 0.239054 0.339430 -0.740386
v -0.391376 0.587914 -0.613984
v 0.133875 1.426433 -1.234839
v 0.259600 0.412093 -1.020438
v 0.120287 0.171352 -0.755501
v 0.188940 0.217439 -0.514079
v -0.072111 0.912725 -0.828146
v 0.225629 1.179294 -1.178195
v 0.032547 0.424875 -0.999917
v -0.000373 0.400451 -0.984814
v -0.377256 0.321402 -0.747493
v 0.284076 0.416793 -0.508918
v 0.338497 0.640378 -0.317682
v 0.247113 1.145117 -0.616611
v -0.314082 0.473140 -0.371820
v 0.266148 1.189026 -0.677664
v 0.264781 1.053280 -0.460490
v 0.258034 1.070713 -0.495977
v 0.503306 0.596953 -0.633678
v 0.495450 0.545688 -0.649433
v 0.368763 1.062297 -1.074605
v -0.122946 0.960955 -0.223566
v -0.199936 0.369624 -0.454919
v -0.343214 0.740218 -0.465225
v -0.220972 1.085996 -0.477024
v -0.267550 1.233285 -0.786998
v -0.231588 0.816638 -0.255322
v -0.200364 0.838293 -0.247474
v -0.108592 1.194124 -0.567016
v -0.313825 0.291681 -0.513380
v -0.303001 0.639694 -0.908271
v -0.093995 1.015261 -0.547286
v -0.089648 1.012322 -0.519806
v 0.227404 1.256417 -1.157822
v -0.153123 0.200548 -0.525660
v -0.062694 1.469280 -1.317684
v 0.353029 0.464979 -0.676797
v 0.333063 0.430649 -0.676000
v 0.347198 0.455497 -0.636981
v -0.399750 1.077034 -0.828010
v 0.282975 0.590783 -0.930170
v 0.311205 0.599447 -0.897659
v 0.356600 0.611664 -0.322724
v 0.363888 0.549404 -0.341095
v 0.370905 0.590179 -0.331051
v -0.028895 0.918104 -0.201828
v 0.245119 0.811482 -0.874000
v -0.344516 0.305388 -0.544003
v -0.393970 0.974040 -0.795073
v -0.368131 0.775886 -0.608002
v -0.253088 1.102095 -1.149378
v -0.214698 1.105817 -1.166587
v 0.168597 1.376718 -0.887184
v -0.387838 1.083831 -0.789604
v -0.386756 1.064778 -0.770341
v 0.431854 0.584095 -0.918304
v 0.319854 0.732800 -0.847920
v -0.273557 0.418058 -0.394136
v -0.143721 0.455798 -1.095437
v -0.239437 1.150200 -0.613685
v -0.411679 1.004390 -0.824294
v 0.194437 0.546007 -0.994383
v 0.260118 0.912327 -0.694401
v 0.280073 0.814591 -0.832447
v 0.425314 1.003801 -0.927965
v -0.231295 1.255266 -0.837481
v -0.264496 1.238252 -0.824063
v -0.503870 0.615140 -0.604373
v -0.499784 0.579315 -0.606570
v 0.263460 1.215633 -0.720649
v 0.268569 1.216510 -0.724814
v 0.028273 0.585001 -1.157064
v 0.501537 0.713375 -0.598697
v -0.403105 0.850152 -0.409749
v 0.032858 0.269874 -0.986910
v 0.262999 0.399727 -0.837794
v -0.401476 1.060596 -0.812370
v -0.206089 1.330573 -0.979182
v -0.044965 1.332298 -1.342389
v 0.297216 0.636361 -0.913910
v -0.350813 1.237282 -0.789566
v -0.376099 1.212891 -0.795760
v -0.025228 1.104395 -0.328524
v 0.136794 1.417567 -1.022247
v 0.153347 1.398020 -1.005123
v 0.163781 1.395470 -1.033968
v -0.383874 0.832532 -1.093760
v -0.191377 0.970397 -0.524856
v 0.104827 0.762590 -1.329141
v -0.325814 0.802089 -0.278197
v 0.085390 1.125623 -1.285355
v 0.139716 0.839994 -0.915001
v 0.202899 1.096844 -0.482833
v -0.065328 0.941884 -0.199078
v -0.013858 0.954329 -0.198367
v -0.077870 1.088357 -0.363551
v 0.236418 0.244284 -0.505206
v -0.044730 1.124061 -0.360960
v -0.169450 0.945058 -0.742505
v -0.002170 0.808381 -0.970677
v 0.310896 0.405817 -0.377292
v -0.243989 1.061270 -0.370780
v -0.343165 0.331105 -0.861637
v 0.306958 0.259935 -0.596448
v -0.214189 0.315876 -0.705033
v -0.232209 1.288029 -1.121334
v 0.227009 0.539423 -0.971842
v -0.232310 0.503859 -0.958340
v -0.110001 0.884740 -0.301135
v -0.130764 0.292533 -0.410291
v 0.009277 1.302206 -1.341134
v 0.025459 1.249089 -1.331093
v 0.261195 0.855641 -0.244037
v 0.102337 0.204715 -0.872069
v 0.133918 0.205925 -0.858341
v 0.004321 0.268530 -0.415034
v -0.140668 1.109021 -0.297455
v 0.125228 0.300742 -0.414223
v 0.142902 0.326244 -0.427877
v 0.353036 1.116232 -0.727055
v 0.355578 1.111398 -0.735945
v 0.402594 0.952166 -0.721335
v 0.265044 0.831155 -1.260976
v 0.128963 1.404109 -0.971335
v -0.384493 0.424709 -0.431590
v -0.389437 0.401984 -0.465884
v -0.364816 0.388746 -0.441585
v -0.376077 0.397512 -0.893847
v -0.376305 0.372828 -0.863915
v -0.259373 0.347175 -0.656287
v -0.419734 0.876865 -0.981255
v 0.287550 0.687413 -1.077373
v -0.277677 0.640190 -0.936346
v 0.170499 1.218247 -1.245070
v -0.316658 1.202767 -0.852717
v -0.284145 1.225457 -0.853294
v 0.348042 0.588182 -0.837874
v 0.405542 0.775110 -0.372296
v 0.398870 0.734171 -0.350899
v 0.034933 0.886078 -0.265830
v 0.266001 1.228586 -0.748781
v 0.266178 0.917645 -0.286214
v 0.228169 0.934994 -0.266685
v 0.001218 0.835590 -0.944644
v 0.478925 0.581744 -0.514003
v 0.466978 0.599821 -0.473952
v 0.296276 0.488740 -0.428610
v 0.283378 0.453149 -0.453637
v 0.215502 0.339105 -0.550771
v 0.391102 0.812038 -0.993975
v 0.135722 0.803201 -0.948790
v -0.366103 1.054445 -1.087012
v -0.370394 1.017701 -1.108308
v -0.012318 0.981164 -0.216656
v -0.010392 0.968444 -0.205771
v -0.166337 1.111658 -0.481639
v 0.032937 0.266742 -0.583244
v -0.346579 0.520313 -0.815241
v 0.311248 0.894430 -0.315583
v 0.143430 0.979536 -0.688093
v 0.305699 0.830044 -0.269738
v -0.409698 0.482788 -0.911761
v -0.007378 1.302662 -0.698271
v 0.374650 0.614416 -0.997074
v -0.028016 1.180374 -1.317419
v 0.381958 0.792155 -0.950479
v -0.021951 1.036376 -1.280259
v 0.034471 1.303588 -0.706240
v 0.017398 0.393083 -1.086012
v 0.049130 0.398419 -1.086642
v 0.035561 0.370862 -1.072413
v -0.169493 0.348051 -0.467730
v 0.278749 0.283957 -0.872421
v 0.324683 0.321695 -0.869891
v 0.266173 0.757023 -0.299580
v -0.259253 1.236029 -0.880262
v -0.307268 1.206354 -0.882541
v 0.200408 1.351400 -1.130152
v 0.215819 1.327546 -1.108956
v 0.115088 0.917296 -1.316888
v -0.022534 1.134345 -0.470692
v 0.146403 0.971508 -0.244741
v 0.176651 0.968469 -0.259314
v 0.110047 1.213232 -1.293480
v -0.290013 1.016384 -0.426573
v -0.285586 0.810477 -0.832511
v -0.298213 0.243803 -0.685888
v -0.066985 1.396734 -1.338612
v -0.281093 0.880888 -0.486608
v 0.235220 0.480286 -1.069103
v 0.195888 1.298198 -1.202605
v 0.125020 0.236923 -0.920911
v -0.123777 0.957089 -1.303840
v -0.182299 0.878673 -0.346299
v -0.209680 0.718517 -1.271120
v -0.181786 0.715785 -1.286588
v 0.311823 0.555450 -0.889388
v 0.425136 0.952310 -0.890745
v -0.207662 0.310343 -0.682383
v -0.188252 1.089750 -0.440772
v 0.175862 0.875099 -0.222984
v -0.326501 1.183048 -0.921673
v 0.142586 1.391083 -0.845192
v -0.303930 0.785356 -0.417247
v 0.074523 0.602315 -1.139482
v 0.267008 0.369674 -0.576356
v 0.309322 0.761452 -1.189006
v -0.174362 0.304350 -0.767367
v -0.123372 0.886909 -0.860882
v -0.132718 0.902309 -0.834236
v 0.133427 1.076766 -1.229273
v -0.415754 0.709110 -0.943034
v 0.303308 0.876820 -1.228817
v -0.021785 1.350147 -0.812514
v 0.221458 0.806397 -0.313857
v 0.278986 1.072918 -0.574378
v 0.116810 0.649912 -1.275733
v -0.331373 0.846507 -0.595559
v -0.229237 1.082355 -0.384553
v 0.154021 0.237762 -0.907704
v 0.355082 0.990427 -0.742152
v 0.011253 1.139734 -0.543042
v -0.406541 0.365329 -0.575053
v -0.493261 0.677370 -0.535369
v -0.147254 1.406137 -1.234144
v -0.025303 0.677420 -1.314932
v -0.203541 0.848599 -1.300332
v 0.143615 0.898795 -0.212497
v 0.152926 0.954917 -0.233294
v 0.424678 0.493593 -0.443215
v -0.154725 0.420632 -1.076590
v 0.119859 1.005621 -0.622513
v 0.167789 0.987591 -0.620087
v 0.015775 1.024547 -0.527218
v -0.508119 0.627043 -0.653709
v -0.496046 0.768210 -0.617534
v -0.325947 0.793898 -0.468757
v -0.160752 0.239994 -0.907815
v -0.296124 0.741426 -0.376101
v 0.032091 1.266712 -0.621682
v 0.060136 1.386847 -0.851969
v 0.079738 1.377882 -0.842526
v 0.196573 0.914037 -0.227808
v -0.400447 0.965671 -0.604240
v -0.405862 0.960898 -0.645240
v 0.045165 1.237512 -1.325237
v -0.324642 0.983193 -0.427225
v 0.108579 0.795897 -1.332068
v 0.378358 0.340706 -0.796612
v -0.152418 0.314629 -0.828361
v -0.021293 0.254969 -0.969966
v -0.139535 1.126318 -0.542592
v -0.393088 1.008732 -0.778406
v 0.383221 0.641454 -0.989196
v -0.000076 0.178482 -0.517730
v 0.022313 0.186507 -0.498801
v 0.317131 0.504150 -0.370126
v -0.220223 0.236158 -0.503551
v -0.043678 0.579026 -1.186069
v -0.403634 1.028668 -0.801331
v -0.068962 0.193590 -0.492715
v -0.482056 0.494893 -0.633906
v 0.006123 0.650722 -1.044852
v 0.050113 0.608947 -1.046804
v -0.494161 0.581125 -0.761741
v 0.273078 1.203686 -0.708683
v 0.286970 0.663356 -0.920408
v 0.268928 0.617813 -0.945169
v 0.009218 1.117076 -0.410975
v 0.285423 1.128260 -0.644400
v -0.246300 0.335971 -0.680959
v 0.257340 0.399877 -0.398535
v -0.196419 0.371284 -0.885345
v 0.005160 0.256392 -0.717031
v 0.242570 1.099573 -1.157043
v -0.506784 0.651315 -0.709821
v -0.177863 1.359124 -1.204269
v -0.225660 0.929374 -1.277882
v -0.202910 0.910713 -1.293612
v -0.137993 0.173310 -0.616154
v 0.316297 0.828918 -0.486680
v 0.326075 0.785386 -0.460278
v -0.307124 0.856863 -0.509413
v -0.420773 0.997288 -0.861146
v 0.280968 0.391821 -0.553529
v 0.361524 0.310886 -0.764032
v 0.285135 0.631797 -1.070410
v 0.387044 1.008045 -1.082247
v -0.165592 0.216100 -0.497851
v 0.263615 0.786613 -0.267151
v 0.226300 0.801555 -0.279706
v 0.060115 1.397147 -1.339425
v 0.088137 0.591056 -1.216275
v 0.108290 0.602076 -1.225727
v 0.385221 0.380648 -0.853246
v 0.361915 0.979605 -0.755105
v -0.496954 0.552213 -0.628123
v -0.204592 0.811916 -1.298527
v -0.379430 0.703942 -0.731302
v 0.300277 0.476825 -0.455073
v 0.312958 0.697832 -0.303578
v 0.300452 0.745519 -0.280591
v 0.098403 0.657508 -1.031899
v -0.291952 0.703551 -1.057248
v -0.283274 0.682503 -1.083088
v 0.211146 1.263416 -0.769562
v -0.269528 0.875567 -0.257763
v 0.086186 1.033745 -1.273388
v 0.093592 0.505070 -1.025297
v -0.281858 1.051044 -1.176462
v 0.127474 1.449090 -1.132064
v -0.032424 1.425547 -0.892376
v -0.192923 0.949583 -0.465383
v -0.349605 0.815315 -0.658948
v 0.270430 1.097780 -1.140090
v 0.385368 1.104659 -0.817210
v 0.066004 0.582180 -1.139563
v 0.393158 0.642760 -0.674584
v 0.393882 0.633247 -0.635491
v -0.083482 0.409094 -0.979752
v -0.268610 0.845642 -1.259855
v -0.294427 1.161702 -1.031107
v 0.248534 0.534863 -0.953159
v 0.245617 0.895289 -0.443462
v 0.271565 0.781457 -0.874795
v 0.264512 0.979794 -1.235819
v -0.136977 1.398450 -1.262821
v -0.130210 0.760129 -1.322102
v 0.391745 0.656875 -0.681773
v 0.388099 0.628498 -0.722494
v 0.302916 0.718013 -0.881204
v -0.153173 0.747270 -1.311182
v 0.329369 0.693099 -0.417769
v -0.003598 0.684773 -1.320063
v 0.003538 0.191912 -0.485474
v -0.314744 0.554320 -0.392255
v 0.308153 0.771422 -0.836798
v -0.362322 0.777251 -0.569451
v -0.389990 0.814243 -1.051421
v 0.281235 0.435559 -0.392587
v -0.045114 0.685580 -1.034303
v 0.027188 1.106772 -0.328767
v -0.246378 0.904710 -0.459285
v -0.113705 0.173786 -0.580412
v -0.077341 0.166362 -0.583825
v 0.316320 0.730422 -1.033400
v -0.191894 1.197115 -0.610610
v 0.189707 0.372111 -0.889714
v 0.320637 0.725465 -1.043139
v 0.381600 0.726360 -0.654114
v 0.391928 0.622853 -0.693437
v 0.272258 1.206554 -1.038582
v -0.220415 0.955188 -0.543240
v 0.111423 0.621724 -1.249964
v -0.000577 1.517624 -1.197983
v -0.235280 1.233584 -0.708135
v 0.456634 0.858250 -0.739826
v -0.225631 0.592517 -0.981374
v -0.181186 0.974122 -0.657899
v -0.316978 1.057415 -0.674520
v 0.034086 1.392947 -1.349617
v 0.279872 0.953994 -1.235568
v -0.018884 1.433548 -1.357232
v 0.001906 1.462950 -0.997852
v 0.023655 1.456592 -0.985660
v -0.349840 0.990756 -0.490687
v 0.418638 1.019325 -0.968313
v -0.022176 0.689037 -1.035094
v 0.038697 0.637745 -1.285850
v 0.081881 0.633868 -1.273569
v -0.207686 0.609102 -1.108479
v -0.169080 0.602040 -1.120404
v -0.180279 0.585218 -1.115863
v 0.166770 1.390255 -0.925515
v 0.299796 0.685531 -0.899716
v 0.340299 0.816255 -0.547912
v 0.352880 0.805569 -0.592612
v 0.354211 0.784441 -0.543080
v 0.040080 0.172416 -0.809540
v 0.029750 1.318629 -0.806935
v -0.228995 1.126131 -1.170459
v 0.470135 0.472017 -0.723408
v -0.056492 1.429928 -0.928961
v -0.196593 1.097890 -0.393097
v -0.220475 0.214325 -0.790121
v -0.113417 0.280647 -0.983820
v -0.018944 1.027630 -0.547828
v -0.235105 0.297843 -0.939866
v 0.385103 0.586145 -0.342720
v -0.234193 0.856429 -0.836246
v 0.417449 0.942537 -0.864548
v 0.407223 0.912156 -0.869345
v -0.310156 0.509689 -0.876088
v -0.310305 0.493557 -0.865235
v 0.167609 0.183843 -0.746946
v -0.393564 0.931615 -0.483293
v 0.215866 0.877682 -0.379631
v -0.006021 0.150685 -0.682665
v -0.392190 0.686111 -0.645474
v -0.128236 0.912629 -1.316850
v -0.096759 0.933993 -1.316421
v 0.398632 0.933987 -0.501278
v 0.399563 0.918925 -0.478421
v 0.089209 0.522883 -1.031070
v 0.235629 0.229914 -0.814582
v -0.415773 0.902859 -0.494162
v 0.111260 1.421673 -0.964435
v 0.132783 1.409369 -0.962788
v -0.169076 0.290868 -0.678225
v 0.114023 0.564756 -1.031429
v 0.123240 0.517891 -1.020181
v 0.143250 0.544194 -1.018433
v -0.357683 0.295781 -0.635565
v 0.176387 1.371895 -0.997874
v -0.191700 1.176344 -0.594992
v 0.405276 0.582611 -0.957046
v 0.295706 0.423052 -0.813549
v 0.319058 1.092983 -1.104101
v -0.335812 1.141599 -1.011055
v 0.014872 0.158685 -0.760372
v 0.428622 0.962913 -0.935877
v 0.427782 0.952480 -0.952024
v -0.051889 0.807998 -0.967672
v -0.257389 0.764822 -1.253548
v 0.067309 1.263220 -1.322746
v -0.329099 1.125857 -1.048942
v 0.311762 0.676393 -0.380420
v -0.315742 0.407165 -0.377961
v -0.300803 0.386511 -0.382955
v -0.240351 0.776663 -0.908194
v -0.212809 0.808831 -0.902642
v 0.336970 1.062357 -1.117850
v 0.010321 0.838420 -1.340765
v 0.231828 0.938155 -0.679398
v 0.265703 0.942100 -0.306517
v -0.038525 1.513206 -1.273556
v -0.061157 1.492665 -1.292244
v -0.267412 0.870698 -0.779438
v 0.459849 0.439852 -0.661306
v 0.033384 0.575751 -1.176749
v -0.228626 1.119721 -1.163351
v -0.393511 0.728734 -0.341793
v -0.136600 0.587841 -1.127917
v 0.234324 1.230384 -0.941603
v 0.246495 1.216405 -0.966372
v -0.251664 0.772637 -0.306169
v 0.111315 1.226346 -0.593372
v 0.123187 1.243409 -0.618903
v -0.243959 0.211087 -0.679188
v 0.008346 0.167480 -0.554691
v 0.276030 0.736804 -0.329524
v 0.136341 1.432055 -1.076013
v -0.400500 0.846408 -0.936699
v -0.317735 1.063336 -1.137064
v -0.395967 0.559268 -0.964832
v -0.373818 0.546784 -0.753617
v -0.387926 1.112169 -0.907088
v 0.030689 1.405849 -0.884573
v 0.025402 0.459847 -1.115613
v 0.303291 0.311619 -0.464038
v 0.326559 0.336093 -0.458848
v -0.368334 0.769442 -1.053970
v -0.353689 1.012527 -0.676969
v 0.506026 0.653037 -0.625952
v 0.505389 0.681368 -0.619941
v 0.500093 0.650285 -0.573765
v 0.476521 0.537130 -0.537677
v 0.370227 0.435062 -0.932648
v -0.319424 1.089536 -1.108430
v 0.044168 0.302679 -0.478460
v -0.388553 0.692901 -0.330215
v 0.408030 0.411661 -0.496849
v -0.400595 0.481476 -0.409119
v 0.202075 1.141440 -1.205777
v 0.009812 1.000374 -0.444755
v 0.212992 1.219978 -1.193527
v -0.324279 0.264207 -0.670268
v 0.219761 0.387360 -1.028780
v -0.296579 0.687459 -1.126754
v -0.164792 0.338551 -0.485356
v -0.128380 0.309572 -0.514068
v -0.239159 0.599826 -1.093865
v 0.045174 1.117769 -0.418007
v 0.269219 0.802643 -1.252844
v 0.110558 0.327065 -0.881671
v 0.073630 0.327441 -0.899242
v 0.106030 0.948282 -0.770029
v -0.315532 0.539780 -0.883103
v -0.285711 0.560735 -0.925675
v 0.199265 0.458259 -1.076990
v -0.378388 0.574172 -0.756928
v -0.424964 0.680717 -0.382731
v 0.041522 0.295751 -0.854355
v 0.039166 0.279907 -0.815468
v -0.177689 0.977450 -0.269073
v 0.313498 0.871176 -0.636170
v -0.266868 0.917073 -0.662255
v 0.375765 0.695022 -0.537954
v -0.207709 0.620148 -1.147325
v -0.277570 0.230620 -0.669684
v -0.287970 0.453196 -0.866424
v -0.342298 0.453190 -0.602445
v -0.492135 0.554436 -0.586412
v -0.007732 0.900634 -0.217348
v 0.057306 1.011552 -0.658475
v 0.076407 1.014228 -0.634883
v -0.320688 0.858761 -0.670244
v -0.368857 0.686370 -0.307071
v -0.349692 0.691409 -0.297678
v 0.132417 1.241485 -1.281382
v -0.008606 0.202366 -0.887790
v -0.161030 1.109700 -0.382848
v -0.230302 1.301991 -1.001302
v 0.076620 0.162184 -0.752084
v -0.100361 1.479084 -1.223812
v -0.243132 1.281790 -1.008747
v -0.186189 0.883806 -0.836198
v -0.156321 0.873925 -0.865155
v 0.130512 1.125815 -0.561323
v 0.156088 1.372571 -0.862029
v 0.312898 1.050184 -0.612638
v 0.404534 0.687758 -0.960049
v 0.135566 0.999034 -0.267658
v 0.242255 0.941413 -0.634079
v -0.233613 0.344793 -0.569696
v 0.233599 1.196224 -0.644765
v 0.073096 0.155824 -0.698183
v 0.219275 0.580612 -1.101165
v -0.404830 1.005524 -1.041451
v -0.391103 1.024145 -1.064057
v -0.317267 0.746548 -0.415503
v -0.311733 0.697739 -0.385434
v -0.329371 0.756905 -0.445288
v -0.253807 1.263418 -1.027389
v -0.309298 0.396519 -0.673947
v -0.329783 0.427062 -0.707896
v 0.166759 1.107488 -0.362144
v 0.360219 0.555746 -0.509642
v 0.348882 0.530116 -0.502560
v 0.053888 1.169200 -0.544301
v 0.391388 0.518442 -0.376016
v 0.110795 0.198837 -0.854577
v 0.372536 1.130620 -0.804409
v 0.406800 1.069471 -0.930901
v -0.289338 1.059103 -0.654554
v -0.311607 0.418292 -0.374776
v -0.553276 0.742509 -0.501626
v 0.106222 1.295982 -0.724950
v -0.123966 0.418135 -0.973292
v 0.190276 1.094928 -1.188119
v -0.194825 1.183093 -1.219149
v -0.152077 1.418272 -1.062216
v 0.358291 0.493540 -0.357008
v -0.076605 1.018452 -0.612577
v -0.046774 0.991588 -0.230814
v -0.419816 0.879603 -0.952049
v 0.171036 1.404378 -0.876021
v 0.039704 1.426627 -0.908648
v -0.238774 0.310561 -0.404561
v -0.218704 0.317527 -0.397907
v -0.323683 0.541433 -1.032624
v 0.347221 0.302967 -0.564479
v 0.355356 0.394916 -0.917079
v -0.135990 0.997826 -0.524869
v 0.318215 0.264500 -0.619064
v 0.022491 1.347663 -0.811058
v 0.385541 0.325074 -0.688564
v -0.116270 0.866608 -0.270849
v -0.462137 0.862834 -0.691988
v -0.311011 0.713297 -1.140394
v 0.149494 1.403775 -0.948672
v -0.210534 1.019170 -0.292332
v -0.202510 0.979488 -0.288041
v -0.387504 0.951349 -0.765626
v -0.044229 1.266701 -1.331764
v -0.269606 1.035874 -0.432208
v -0.225156 0.287992 -0.419100
v -0.269660 0.754968 -0.897071
v -0.335465 0.380785 -0.932104
v -0.179542 0.723563 -0.980672
v -0.152177 0.736548 -0.986623
v 0.340181 0.795506 -0.743474
v 0.109687 1.099090 -0.398644
v -0.022818 0.896900 -0.222596
v -0.492390 0.784381 -0.564878
v 0.065643 0.698159 -1.319702
v -0.398549 0.577645 -0.358337
v -0.124543 0.323577 -0.870187
v 0.293862 0.420502 -0.379037
v -0.064974 0.978012 -0.412555
v -0.133849 1.398254 -0.962962
v -0.317515 0.585047 -0.384853
v 0.062586 1.496932 -1.275824
v 0.179443 1.093690 -0.442561
v -0.311364 0.536267 -0.403535
v 0.394692 0.622800 -0.344469
v -0.035740 1.300639 -0.694587
v -0.002627 0.576362 -1.183046
v 0.053453 0.576158 -1.183270
v -0.135256 0.986923 -0.482922
v -0.122612 0.995792 -0.495374
v -0.085388 1.237218 -1.312286
v -0.012768 0.621891 -1.271276
v 0.438293 0.423326 -0.564179
v 0.417485 0.993532 -1.001215
v 0.157717 1.266313 -1.260367
v 0.326522 0.966715 -0.406423
v 0.354260 0.939898 -0.415687
v 0.328750 1.202355 -0.839826
v 0.490396 0.782962 -0.617662
v -0.249905 0.954082 -1.256245
v -0.255277 0.525761 -1.073324
v 0.069574 0.952131 -0.770092
v 0.019196 0.347691 -1.058108
v 0.004400 0.282836 -0.425631
v 0.035119 0.261133 -0.611564
v 0.314000 0.644180 -0.350847
v 0.108696 1.122075 -1.273312
v 0.248799 0.848858 -0.239149
v -0.426931 0.924676 -0.585293
v 0.416487 0.398071 -0.540346
v -0.183311 0.683378 -0.994091
v -0.359573 0.636321 -1.014773
v -0.353961 1.118692 -0.728536
v 0.170268 0.544534 -1.006648
v -0.466926 0.567648 -0.847416
v -0.485158 0.737509 -0.784563
v -0.356275 0.362541 -0.462486
v -0.345081 0.498289 -0.798216
v -0.018592 0.495938 -1.033977
v -0.015904 1.514467 -1.300118
v 0.138150 1.309251 -0.841127
v 0.133736 1.288310 -0.840475
v -0.474709 0.540797 -0.811053
v 0.496319 0.701551 -0.524394
v 0.106199 0.819092 -1.333267
v -0.346952 0.480402 -0.358359
v -0.409851 0.850069 -0.961152
v 0.267928 1.181799 -1.045607
v -0.056482 0.153775 -0.691074
v 0.116007 0.323867 -0.467373
v 0.146811 1.022729 -0.285703
v -0.279002 0.901138 -0.285159
v -0.184508 0.303080 -0.401921
v -0.045933 0.231492 -0.935218
v -0.190679 0.558182 -1.109039
v 0.007472 1.138628 -0.491513
v 0.462343 0.467015 -0.759456
v -0.383884 1.017824 -1.084479
v 0.391625 0.350261 -0.569867
v -0.037711 0.175160 -0.532367
v -0.285548 0.597404 -1.068742
v 0.104479 0.442681 -0.994797
v 0.198026 0.632565 -1.202875
v -0.263326 1.176436 -1.039730
v -0.355135 0.312345 -0.797782
v -0.219110 0.811000 -0.315505
v -0.215144 0.847641 -0.347207
v -0.267831 0.366244 -0.757824
v -0.256427 0.350718 -0.734056
v -0.097074 0.288897 -0.416675
v 0.048389 0.219162 -0.915016
v -0.426680 0.377336 -0.686349
v -0.307460 0.369053 -0.394009
v -0.284252 0.363044 -0.388371
v 0.039372 0.500773 -1.127559
v 0.090073 0.485156 -1.117215
v -0.341291 1.117707 -0.712349
v -0.344916 0.441312 -0.969953
v -0.047836 1.376930 -1.347275
v 0.202431 0.756472 -0.949901
v -0.020570 1.461138 -0.995742
v -0.295295 0.890400 -0.561005
v -0.301841 0.886848 -0.590709
v 0.244965 1.218596 -1.135993
v 0.302014 0.295764 -0.489740
v -0.117271 0.207763 -0.483154
v -0.165204 0.260945 -0.937123
v -0.137327 0.345250 -0.896024
v -0.493204 0.682882 -0.501779
v 0.001227 0.864539 -0.918099
v -0.305059 0.875590 -1.228011
v -0.299526 0.878669 -0.537813
v 0.290940 0.870218 -0.492448
v 0.127120 0.994202 -0.662301
v 0.166315 0.980744 -0.657018
v 0.337850 0.528152 -0.352103
v -0.329266 0.724961 -0.426975
v 0.377527 0.730422 -0.689618
v 0.058271 0.457140 -1.111954
v 0.135071 0.990999 -0.493200
v -0.162753 1.284939 -0.808766
v -0.268687 0.806443 -0.856327
v -0.119174 1.441887 -1.256993
v 0.056999 0.307764 -1.022836
v -0.319506 1.204211 -0.841901
v 0.111936 1.443394 -1.046057
v 0.014724 1.060080 -1.264588
v -0.221500 0.741756 -0.946050
v 0.424194 0.898667 -0.513819
v -0.247226 1.215872 -1.133505
v -0.221117 1.258232 -1.171612
v -0.222153 1.227890 -1.178670
v 0.426452 0.994503 -0.909857
v -0.257045 0.354592 -0.390080
v -0.227807 0.331172 -0.395229
v 0.300877 0.688035 -0.356507
v -0.013157 0.867849 -0.906306
v 0.464361 0.829559 -0.759244
v -0.292254 1.077005 -1.145710
v -0.124633 0.186194 -0.543697
v -0.283565 0.668283 -0.923793
v -0.267604 0.719223 -0.920122
v 0.245684 0.935670 -0.545338
v -0.193618 0.244114 -0.462167
v 0.171161 0.180267 -0.710937
v -0.179364 1.361154 -0.974089
v -0.202327 1.316683 -0.930782
v 0.056563 0.577648 -1.195946
v 0.041373 1.406307 -0.870825
v 0.235969 0.469885 -0.935742
v 0.274109 0.398909 -0.385301
v 0.408791 0.888444 -1.043091
v 0.155941 1.381612 -0.947811
v 0.043181 0.389671 -0.973537
v 0.263591 0.754170 -0.903057
v 0.298608 0.754131 -0.864017
v 0.283811 0.604469 -1.069948
v 0.351984 0.520254 -0.348724
v -0.389962 0.607799 -0.584810
v -0.393593 0.621099 -0.604425
v 0.118071 0.600875 -1.142274
v -0.486030 0.711860 -0.797565
v -0.498704 0.651786 -0.559492
v 0.314494 1.195227 -0.903576
v 0.329328 1.183135 -0.903309
v 0.380343 1.030738 -0.755715
v -0.321316 0.711097 -0.291457
v -0.413230 1.040835 -0.847938
v -0.279226 0.523819 -0.921876
v -0.129178 1.289685 -1.290101
v -0.160370 1.259260 -1.259194
v -0.324246 0.596088 -0.408467
v 0.023727 1.436713 -0.939727
v 0.013600 0.178495 -0.830902
v 0.481200 0.599412 -0.513294
v 0.416821 0.913218 -0.891661
v -0.192769 0.433412 -0.948691
v -0.496292 0.702589 -0.760873
v 0.213632 0.449933 -0.942104
v -0.445177 0.411723 -0.709473
v 0.252214 1.080839 -0.624652
v -0.254238 1.055416 -0.449986
v -0.151558 0.896660 -1.314648
v -0.042878 1.104939 -0.371366
v -0.005355 0.412602 -1.096337
v 0.372005 0.642569 -0.783625
v -0.068261 1.279239 -0.650752
v -0.185258 0.749716 -1.297196
v -0.461142 0.852363 -0.564062
v 0.348594 0.404125 -0.405840
v 0.365562 1.022615 -0.735495
v -0.069496 0.262084 -0.710860
v -0.217962 1.209207 -0.645546
v -0.184551 0.937400 -0.430104
v 0.254588 1.086143 -0.586517
v -0.002878 0.256452 -0.633834
v -0.388269 0.695752 -0.686945
v 0.213094 0.623418 -1.148637
v -0.020305 0.260638 -0.608537
v -0.234619 1.301608 -1.056183
v -0.441302 0.605896 -0.417401
v 0.375361 0.485253 -0.958832
v 0.392931 0.899110 -0.860644
v 0.022405 0.191119 -0.863232
v -0.117976 0.433446 -0.985849
v -0.055705 1.507088 -1.260560
v 0.262784 0.432609 -0.421331
v -0.359484 0.864024 -0.354011
v -0.455925 0.574997 -0.456159
v 0.425503 0.988055 -0.889318
v 0.043790 0.256702 -0.682686
v -0.386185 0.863346 -0.893068
v 0.470786 0.469443 -0.629185
v -0.058644 0.820914 -1.339922
v 0.368263 0.730523 -0.532403
v 0.267394 0.327626 -0.405350
v 0.014202 0.944175 -0.782108
v 0.214624 0.711872 -0.965216
v -0.345659 1.078470 -1.091812
v -0.163006 1.117210 -0.379142
v -0.351491 0.288338 -0.662747
v -0.199053 0.775702 -1.296696
v 0.115938 0.941693 -0.780094
v 0.354328 0.475892 -0.603908
v 0.123695 0.196667 -0.511800
v 0.052819 0.335409 -1.046449
v -0.350621 1.153723 -0.947718
v -0.004783 0.211161 -0.448092
v -0.081739 0.235039 -0.933382
v -0.140894 0.862173 -0.245299
v -0.242901 0.358165 -0.393859
v 0.310234 1.208324 -0.843482
v 0.049302 1.061047 -0.312235
v 0.068966 1.075859 -0.339172
v 0.436118 0.405965 -0.599240
v 0.073441 0.364616 -0.943902
v 0.076990 0.311238 -0.466762
v 0.468066 0.801656 -0.782778
v 0.347737 0.960500 -1.164703
v -0.122366 0.660791 -1.282369
v 0.304660 0.578846 -1.053211
v 0.322808 0.615426 -0.402025
v -0.505939 0.705290 -0.686299
v -0.504450 0.683998 -0.720267
v 0.251347 0.618832 -1.088985
v 0.113121 1.081528 -0.366572
v -0.064332 1.476929 -1.072467
v 0.397292 0.530975 -0.951976
v -0.384238 1.119494 -0.875151
v -0.261055 1.190321 -1.015631
v -0.253744 0.394364 -1.015240
v -0.194845 1.353381 -1.003751
v 0.038019 0.154394 -0.724519
v 0.027177 0.256479 -0.648980
v -0.214867 0.961095 -1.272547
v 0.211434 1.134115 -0.262041
v 0.161129 1.381324 -0.979054
v 0.324508 1.017525 -0.491551
v 0.314119 0.741076 -0.279824
v -0.389274 0.562683 -0.649413
v -0.219464 0.843250 -0.863256
v -0.056430 0.643902 -1.042079
v -0.052482 0.600836 -1.046505
v 0.313285 0.861893 -0.295627
v -0.106307 0.685190 -1.022971
v 0.498198 0.694892 -0.551225
v 0.142539 1.000682 -0.589032
v -0.101072 1.314206 -1.313380
v 0.378868 0.616442 -0.763459
v 0.161196 0.515994 -1.004147
v 0.244824 0.402257 -0.467867
v -0.284268 0.394707 -0.993633
v -0.219728 0.374088 -0.416555
v 0.008095 1.016899 -0.654511
v 0.224571 1.252102 -0.746760
v -0.192503 1.043012 -0.268093
v 0.315683 0.952395 -0.373678
v 0.349513 0.922235 -0.388894
v -0.503886 0.730125 -0.647072
v 0.292335 0.896198 -0.629333
v 0.213959 0.629558 -1.128642
v -0.096355 1.144046 -0.550737
v 0.000362 1.514000 -1.310151
v -0.347579 1.054210 -1.113147
v -0.427130 0.398430 -0.569639
v 0.237660 1.197049 -1.156657
v 0.452184 0.786900 -0.444862
v 0.360657 0.930617 -1.154194
v -0.271860 0.293925 -0.451869
v 0.013850 1.028577 -0.563807
v 0.052451 0.584196 -1.214487
v 0.286121 0.374734 -0.704681
v -0.233396 1.175669 -0.625038
v -0.085547 0.179503 -0.537207
v 0.425196 0.559727 -0.921994
v -0.281031 1.199300 -0.707288
v 0.192716 1.095489 -0.265189
v 0.256327 0.351306 -0.733177
v -0.354149 0.581241 -0.827143
v 0.401584 0.832204 -0.394823
v -0.376560 0.728790 -0.714861
v 0.025736 0.213147 -0.907369
v -0.024283 1.308650 -1.341968
v -0.213371 0.958238 -0.275504
v -0.283066 0.757931 -0.364725
v -0.061696 0.861545 -0.908856
v -0.406698 0.441547 -0.452191
v -0.246204 0.935426 -0.543761
v 0.260625 0.506842 -1.064342
v 0.046758 0.544482 -1.043420
v 0.045973 0.509641 -1.035656
v -0.521853 0.792844 -0.535566
v 0.416125 0.385918 -0.564699
v -0.404345 0.857293 -0.873711
v -0.366801 1.069183 -1.070824
v 0.448507 0.587145 -0.890458
v 0.460230 0.553631 -0.853114
v -0.317484 0.616763 -0.377481
v 0.156789 0.620609 -1.017030
v -0.481243 0.799776 -0.568179
v -0.209728 0.223756 -0.521598
v 0.391191 0.810263 -0.928092
v 0.415153 1.033311 -0.851158
v -0.248692 0.535229 -0.955533
v -0.101149 0.271787 -0.738907
v -0.101334 0.268178 -0.700586
v 0.038728 1.218872 -0.568000
v -0.278442 0.898575 -0.518798
v -0.348466 0.756027 -1.108567
v 0.367604 0.774101 -1.016397
v 0.189851 0.513802 -0.989085
v 0.062892 1.104814 -0.391296
v 0.002861 1.156443 -0.382932
v 0.409679 0.407765 -0.838168
v 0.223557 0.502595 -1.082197
v -0.348363 0.799180 -0.543887
v 0.440617 0.530963 -0.883783
v 0.367206 0.837280 -1.130577
v 0.350732 0.822776 -1.154903
v -0.276753 0.441248 -1.028705
v 0.306380 1.043948 -0.524532
v 0.388575 0.981253 -0.628853
v -0.022084 0.408252 -0.989786
v -0.294573 1.208559 -0.911347
v -0.276833 0.701247 -1.191183
v 0.340265 1.023932 -0.559389
v 0.372335 0.315984 -0.613954
v 0.395286 0.876277 -0.890519
v 0.368372 0.499173 -0.646848
v 0.362824 0.618740 -0.809975
v 0.139459 0.279496 -0.650373
v -0.426762 0.946583 -0.988922
v 0.222347 0.321006 -0.654525
v -0.335071 0.780512 -0.782811
v -0.396107 0.618453 -0.644506
v -0.150862 0.401027 -0.947662
v 0.236295 1.088639 -0.614581
v 0.129782 0.588538 -1.028494
v 0.119417 1.163204 -0.556983
v -0.030366 0.380758 -0.967833
v -0.068756 1.428940 -0.946103
v -0.327862 0.490271 -0.830483
v 0.125350 1.086796 -0.382371
v -0.257023 0.910664 -1.263802
v -0.417437 0.913893 -0.517911
v 0.031679 0.564894 -1.140190
v 0.335873 1.122506 -0.707647
v 0.366008 0.645918 -1.006382
v 0.004142 0.284178 -0.523476
v -0.084707 1.438802 -1.313148
v -0.426512 0.587130 -0.397514
v 0.153198 0.623049 -1.126240
v -0.017084 1.125409 -0.410891
v -0.343137 0.465874 -0.986047
v -0.192450 0.907785 -0.391479
v 0.228632 0.342426 -0.395470
v 0.259919 0.379917 -0.389452
v -0.378049 0.745384 -0.606344
v -0.307365 0.682661 -1.052669
v 0.080491 1.017194 -0.610619
v 0.015585 1.513390 -1.301437
v 0.138007 0.290643 -0.407766
v -0.352767 0.786405 -0.303928
v 0.038613 0.942297 -0.197009
v 0.227817 0.578921 -0.977618
v 0.076724 1.462362 -1.304372
v -0.198257 0.325305 -0.793881
v 0.204617 0.481740 -0.967590
v -0.384093 0.839055 -0.918426
v 0.189048 0.185700 -0.664695
v -0.216160 1.084131 -0.393276
v -0.358760 0.738281 -0.504398
v -0.367515 0.699085 -0.506464
v 0.221791 1.123039 -0.596313
v -0.138772 0.368455 -0.922655
v -0.029291 0.894178 -0.284997
v 0.384030 0.575016 -0.581111
v 0.378090 0.551046 -0.578382
v 0.499214 0.678019 -0.568259
v -0.395992 0.646422 -0.639214
v 0.364088 0.897242 -1.151379
v 0.315258 0.860655 -0.681017
v -0.365729 0.774260 -1.080307
v 0.050913 1.201158 -0.557065
v -0.359402 0.549205 -0.802673
v 0.311985 0.650013 -0.368094
v 0.317532 0.607290 -0.378507
v -0.050710 0.252741 -0.964397
v 0.462598 0.690989 -0.452966
v 0.210840 1.121243 -1.191931
v 0.310280 0.876399 -0.599739
v -0.361376 0.517965 -0.771746
v 0.259379 0.836286 -0.832565
v 0.307202 1.123580 -1.076374
v -0.069906 1.022729 -0.574199
v 0.375587 0.524523 -0.355349
v 0.251861 0.533592 -1.076902
v -0.476735 0.514279 -0.777054
v -0.055929 0.584653 -1.205657
v 0.377672 0.553053 -0.983202
v 0.504181 0.597504 -0.670808
v -0.044757 1.060491 -0.311080
v 0.013431 1.203158 -0.555317
v 0.423843 0.377580 -0.703719
v 0.256064 0.285998 -0.901332
v -0.319356 0.831873 -1.207525
v 0.000862 0.914648 -0.831319
v -0.017687 0.919448 -0.818932
v 0.002552 0.908363 -0.842232
v -0.137665 1.108392 -0.364712
v 0.422272 0.904384 -0.772354
v 0.424836 0.991913 -0.957980
v 0.429436 0.924046 -0.606295
v -0.414415 0.637907 -0.953140
v -0.416651 0.676772 -0.948084
v -0.291374 0.469088 -0.442973
v -0.286366 0.426046 -0.497896
v -0.087169 1.480152 -1.267680
v -0.224065 1.242130 -0.924658
v 0.059782 0.755889 -1.336114
v 0.112303 1.140928 -0.554277
v -0.228239 0.892660 -1.284100
v 0.101169 0.611782 -1.135239
v -0.087765 1.204448 -0.567115
v 0.491064 0.621617 -0.788114
v 0.481227 0.587733 -0.810818
v -0.160853 0.670475 -1.272069
v -0.174081 0.970024 -0.681579
v 0.479951 0.498147 -0.720416
v 0.169799 0.983836 -0.530854
v 0.112711 0.345840 -0.907317
v -0.249006 0.289429 -0.436558
v -0.043960 1.472300 -1.037391
v 0.200241 1.086346 -0.448452
v 0.075684 0.344445 -0.920814
v -0.221556 0.396798 -0.891563
v -0.386896 0.883752 -0.870872
v 0.014818 0.682323 -1.037329
v 0.345825 0.758241 -0.484179
v 0.348917 0.769859 -0.755076
v -0.137959 1.433395 -1.218559
v 0.170133 0.612795 -1.121621
v 0.040881 1.106604 -0.362929
v 0.365328 0.754153 -0.716088
v 0.344253 0.441071 -0.967344
v 0.419701 0.536224 -0.408300
v -0.220295 0.331194 -0.766582
v 0.451134 0.886260 -0.601637
v 0.484272 0.701906 -0.482105
v 0.219206 0.903280 -0.417478
v 0.350363 1.090685 -1.070238
v -0.509118 0.659086 -0.665638
v -0.143240 0.284061 -0.406467
v -0.362082 1.170560 -0.724214
v -0.044510 1.433367 -0.938220
v 0.380743 0.800854 -0.986759
v 0.173755 0.877653 -0.337571
v 0.087281 1.487150 -1.226985
v 0.474473 0.818971 -0.729526
v 0.125027 0.943173 -1.307574
v -0.336364 0.859730 -0.320730
v -0.220673 0.270813 -0.440149
v 0.075360 0.307474 -0.482158
v -0.221888 1.121612 -0.596967
v -0.371507 0.747976 -0.563609
v 0.505910 0.694759 -0.649871
v 0.233557 0.878199 -0.401838
v -0.289875 0.346745 -0.946644
v 0.312922 1.106462 -0.667310
v 0.436663 0.540852 -0.435364
v -0.040643 1.496784 -1.119561
v -0.304854 0.679465 -0.896118
v 0.002737 0.900629 -0.855813
v 0.008073 0.575468 -1.049190
v -0.090014 1.083254 -1.269933
v 0.038879 1.111674 -0.383726
v 0.249143 0.571153 -1.085627
v -0.479581 0.806498 -0.555194
v -0.295043 0.466904 -0.390787
v 0.056446 0.651681 -1.040652
v -0.170370 0.967962 -0.476948
v 0.402553 0.916071 -0.802012
v -0.062455 0.927265 -0.199274
v 0.265518 1.156207 -0.640279
v 0.283217 0.465306 -0.417954
v -0.237306 1.214513 -0.675343
v -0.233425 1.121776 -1.138487
v -0.262897 0.934112 -0.296553
v -0.391274 0.768077 -0.952958
v -0.108238 0.548365 -1.128810
v -0.313227 1.045641 -0.554386
v 0.424800 0.407519 -0.795012
v 0.225963 1.109780 -0.307965
v 0.201972 1.097107 -0.377792
v -0.440293 0.644202 -0.914500
v -0.503246 0.729964 -0.625246
v -0.329163 0.669876 -0.866110
v -0.500710 0.721876 -0.717997
v 0.344425 0.576153 -0.459947
v 0.031166 0.615447 -1.263271
v -0.281635 0.403719 -0.527782
v -0.311469 0.413318 -0.983745
v 0.318691 0.545186 -0.426641
v 0.050370 0.580001 -1.046464
v 0.392007 0.976274 -0.662483
v -0.281463 0.366294 -0.672631
v -0.418833 1.027303 -0.872448
v 0.343756 0.543921 -0.479113
v 0.376888 0.987125 -1.113240
v -0.047204 0.276668 -0.993169
v 0.269814 0.803615 -0.856753
v -0.349287 0.358519 -0.889857
v 0.110081 0.838682 -0.927286
v -0.132810 1.106385 -0.430844
v 0.042645 1.460201 -1.003670
v 0.499019 0.648708 -0.754012
v 0.345838 0.670550 -0.835252
v 0.360292 0.696113 -0.791956
v 0.106727 1.288349 -1.304400
v -0.039973 1.108937 -0.384761
v -0.481051 0.487768 -0.666707
v -0.085937 1.006431 -0.493326
v 0.164840 0.814301 -0.926449
v 0.049788 0.818593 -1.340524
v -0.359787 0.481683 -0.711812
v 0.053365 0.858360 -1.336832
v -0.035644 0.713658 -1.025921
v -0.368092 0.729614 -0.748910
v 0.366084 0.993235 -0.540658
v 0.230645 1.099068 -0.606539
v 0.358826 1.014453 -1.127149
v 0.192760 0.886906 -0.221048
v -0.210246 0.991958 -1.259233
v -0.202997 0.820931 -0.303755
v 0.206757 0.949091 -0.262144
v -0.344675 0.508493 -0.511339
v 0.347118 0.818116 -0.642555
v -0.088720 0.159075 -0.705851
v 0.092338 0.295235 -0.830438
v -0.171954 1.276706 -0.734939
v -0.168269 1.283060 -0.774349
v -0.305178 1.046461 -0.672246
v -0.363014 0.993895 -0.537209
v -0.054730 0.276550 -0.555234
v -0.233026 1.287596 -0.964778
v -0.126716 0.898109 -0.326387
v 0.364779 0.499745 -0.721673
v -0.105525 1.167171 -0.553584
v -0.325112 0.639271 -0.879223
v 0.245228 0.373475 -0.519576
v 0.392673 0.969062 -1.087672
v 0.090141 1.311231 -0.819748
v -0.407313 0.354548 -0.621072
v 0.484979 0.644868 -0.811043
vt 0.818359 0.348145
vt 0.816895 0.340332
vt 0.824707 0.338867
vt 0.143799 0.353516
vt 0.133423 0.350586
vt 0.143921 0.334473
vt 0.796875 0.882019
vt 0.801758 0.881592
vt 0.796387 0.885010
vt 0.820801 0.852295
vt 0.820312 0.846802
vt 0.823242 0.845093
vt 0.807617 0.881409
vt 0.811035 0.882141
vt 0.802246 0.888428
vt 0.803223 0.884033
vt 0.817383 0.849243
vt 0.816406 0.842651
vt 0.787598 0.860107
vt 0.780273 0.856445
vt 0.792969 0.849609
vt 0.131348 0.309570
vt 0.160400 0.317383
vt 0.164917 0.327148
vt 0.164062 0.320801
vt 0.167358 0.324707
vt 0.789062 0.888489
vt 0.793945 0.868530
vt 0.786133 0.876953
vt 0.128418 0.330078
vt 0.117981 0.816284
vt 0.148193 0.807739
vt 0.142700 0.821533
vt 0.924805 0.601807
vt 0.927246 0.599121
vt 0.932617 0.598145
vt 0.945801 0.592529
vt 0.941895 0.601074
vt 0.938965 0.594727
vt 0.837402 0.780151
vt 0.811035 0.778198
vt 0.832031 0.761841
vt 0.112488 0.804443
vt 0.159180 0.338867
vt 0.155884 0.346191
vt 0.152710 0.295410
vt 0.144287 0.298340
vt 0.789062 0.884521
vt 0.330811 0.111816
vt 0.337891 0.113281
vt 0.338379 0.120117
vt 0.951660 0.610352
vt 0.830078 0.733398
vt 0.837402 0.740234
vt 0.811523 0.746338
vt 0.162720 0.331543
vt 0.141968 0.787231
vt 0.152954 0.794189
vt 0.136963 0.788696
vt 0.804199 0.854614
vt 0.814453 0.871826
vt 0.162109 0.297363
vt 0.156250 0.293945
vt 0.161499 0.294922
vt 0.127808 0.323730
vt 0.811035 0.765015
vt 0.787598 0.836548
vt 0.792969 0.880859
vt 0.152710 0.292480
vt 0.132812 0.292969
vt 0.137085 0.292480
vt 0.137085 0.294922
vt 0.780762 0.881836
vt 0.777344 0.879211
vt 0.777344 0.882385
vt 0.782227 0.887268
vt 0.138672 0.286621
vt 0.142456 0.290527
vt 0.134888 0.288086
vt 0.821289 0.872437
vt 0.816895 0.862915
vt 0.798340 0.877075
vt 0.812012 0.755371
vt 0.809082 0.750610
vt 0.805176 0.751343
vt 0.808594 0.754150
vt 0.148560 0.799072
vt 0.816406 0.877319
vt 0.807617 0.878418
vt 0.812500 0.879211
vt 0.150024 0.824219
vt 0.166748 0.307617
vt 0.170166 0.304199
vt 0.171021 0.312500
vt 0.817383 0.835327
vt 0.822754 0.838745
vt 0.818848 0.857300
vt 0.149536 0.293945
vt 0.168823 0.313477
vt 0.819336 0.861694
vt 0.143433 0.293457
vt 0.344238 0.117676
vt 0.159058 0.800537
vt 0.164917 0.802734
vt 0.808105 0.752441
vt 0.154175 0.791992
vt 0.827148 0.834229
vt 0.147095 0.293945
vt 0.147827 0.291016
vt 0.773438 0.884155
vt 0.160645 0.792969
vt 0.150513 0.787720
vt 0.393311 0.064453
vt 0.392334 0.067383
vt 0.391846 0.064941
vt 0.808105 0.763550
vt 0.112732 0.788208
vt 0.123169 0.789185
vt 0.129150 0.781372
vt 0.132568 0.784912
vt 0.127686 0.783325
vt 0.343750 0.121582
vt 0.347168 0.119141
vt 0.397949 0.070801
vt 0.395264 0.068848
vt 0.398682 0.067383
vt 0.399902 0.075684
vt 0.813965 0.782593
vt 0.122131 0.779419
vt 0.347656 0.123047
vt 0.345459 0.125488
vt 0.807129 0.758179
vt 0.809570 0.742432
vt 0.806152 0.733887
vt 0.809570 0.733398
vt 0.121033 0.780273
vt 0.138184 0.782227
vt 0.808594 0.772095
vt 0.771973 0.876160
vt 0.168091 0.321777
vt 0.170044 0.320312
vt 0.917480 0.606201
vt 0.918945 0.603027
vt 0.129150 0.778442
vt 0.802246 0.740234
vt 0.634766 0.825562
vt 0.642578 0.819946
vt 0.637695 0.829346
vt 0.334961 0.107422
vt 0.339600 0.108887
vt 0.114441 0.779297
vt 0.166870 0.297363
vt 0.771973 0.876831
vt 0.129883 0.835938
vt 0.806152 0.745117
vt 0.283447 0.993317
vt 0.284668 0.996305
vt 0.280762 0.996950
vt 0.338867 0.124512
vt 0.642090 0.831055
vt 0.283936 0.999788
vt 0.344727 0.113281
vt 0.641602 0.833374
vt 0.400635 0.073242
vt 0.707520 0.918579
vt 0.703613 0.932251
vt 0.696777 0.924683
vt 0.632812 0.403320
vt 0.641602 0.395020
vt 0.640625 0.404297
vt 0.478516 0.092285
vt 0.473633 0.105469
vt 0.468018 0.087891
vt 0.481934 0.208496
vt 0.494141 0.212891
vt 0.491943 0.220703
vt 0.535156 0.966827
vt 0.520996 0.958405
vt 0.531250 0.950684
vt 0.455811 0.173340
vt 0.465088 0.187988
vt 0.448242 0.187012
vt 0.603516 0.931946
vt 0.603516 0.923462
vt 0.614258 0.923462
vt 0.522461 0.683594
vt 0.507324 0.700195
vt 0.513184 0.669922
vt 0.444336 0.376465
vt 0.435303 0.365723
vt 0.442627 0.365234
vt 0.733887 0.309082
vt 0.748047 0.313965
vt 0.736328 0.324219
vt 0.172607 0.408203
vt 0.164307 0.410645
vt 0.163574 0.402832
vt 0.387939 0.386719
vt 0.381348 0.400391
vt 0.379639 0.388672
vt 0.578613 0.792114
vt 0.574219 0.803711
vt 0.568848 0.781982
vt 0.683594 0.490234
vt 0.691895 0.506104
vt 0.673828 0.515137
vt 0.796387 0.525146
vt 0.818359 0.526123
vt 0.803223 0.531006
vt 0.287842 0.239746
vt 0.291016 0.248535
vt 0.279785 0.251465
vt 0.385254 0.024902
vt 0.373535 0.029297
vt 0.375977 0.017578
vt 0.269531 0.483398
vt 0.265137 0.481445
vt 0.265381 0.473145
vt 0.958008 0.408203
vt 0.948242 0.404785
vt 0.959961 0.396973
vt 0.172241 0.784058
vt 0.180054 0.772705
vt 0.182007 0.782959
vt 0.419189 0.625244
vt 0.429443 0.624756
vt 0.418945 0.633789
vt 0.894531 0.391602
vt 0.898926 0.398926
vt 0.882324 0.401367
vt 0.127686 0.182129
vt 0.123352 0.168457
vt 0.135986 0.178711
vt 0.221680 0.811890
vt 0.233032 0.807739
vt 0.226807 0.830933
vt 0.364502 0.531982
vt 0.350342 0.526855
vt 0.357178 0.522461
vt 0.304688 0.668213
vt 0.296631 0.669678
vt 0.293945 0.668213
vt 0.153931 0.778809
vt 0.023163 0.166016
vt 0.039795 0.161621
vt 0.039581 0.178711
vt 0.469971 0.477539
vt 0.479980 0.485840
vt 0.465820 0.486816
vt 0.497070 0.333008
vt 0.482422 0.328613
vt 0.493652 0.320801
vt 0.299072 0.395020
vt 0.284668 0.407227
vt 0.289795 0.394531
vt 0.575684 0.682129
vt 0.592773 0.676514
vt 0.575195 0.688965
vt 0.656250 0.914673
vt 0.669434 0.892822
vt 0.670410 0.918030
vt 0.872070 0.149902
vt 0.867188 0.139648
vt 0.876465 0.144043
vt 0.516602 0.648193
vt 0.513672 0.662354
vt 0.500977 0.656006
vt 0.388916 0.507080
vt 0.391357 0.513428
vt 0.374023 0.517578
vt 0.307617 0.552734
vt 0.322021 0.562988
vt 0.312256 0.564453
vt 0.542969 0.144043
vt 0.540039 0.153809
vt 0.535645 0.145996
vt 0.140869 0.384277
vt 0.136841 0.393066
vt 0.129395 0.378906
vt 0.265381 0.710938
vt 0.275146 0.724854
vt 0.258545 0.729980
vt 0.440918 0.802856
vt 0.442871 0.815186
vt 0.430176 0.810059
vt 0.964844 0.135254
vt 0.964844 0.125488
vt 0.975586 0.132324
vt 0.530762 0.566406
vt 0.545410 0.562500
vt 0.535645 0.576904
vt 0.775879 0.035645
vt 0.792969 0.030273
vt 0.791016 0.042969
vt 0.558594 0.457520
vt 0.554688 0.441895
vt 0.562500 0.446777
vt 0.655762 0.759277
vt 0.652344 0.750610
vt 0.663574 0.760376
vt 0.674805 0.125000
vt 0.670898 0.109863
vt 0.684570 0.116699
vt 0.840332 0.813477
vt 0.843262 0.800293
vt 0.851562 0.802856
vt 0.069153 0.976135
vt 0.071777 0.960541
vt 0.083923 0.970062
vt 0.422852 0.777466
vt 0.435059 0.785156
vt 0.419189 0.790405
vt 0.479248 0.127930
vt 0.488770 0.135742
vt 0.474609 0.148438
vt 0.375488 0.236816
vt 0.366455 0.249023
vt 0.368652 0.236816
vt 0.376465 0.932739
vt 0.383545 0.939301
vt 0.373047 0.945068
vt 0.362061 0.098633
vt 0.359131 0.105469
vt 0.348633 0.104980
vt 0.566895 0.232422
vt 0.559082 0.228027
vt 0.573242 0.221680
vt 0.136963 0.632324
vt 0.126465 0.642090
vt 0.120911 0.621094
vt 0.399170 0.941193
vt 0.395020 0.947998
vt 0.687012 0.162109
vt 0.673828 0.158203
vt 0.677734 0.145996
vt 0.625000 0.604248
vt 0.610352 0.582031
vt 0.625488 0.589111
vt 0.907715 0.126953
vt 0.898438 0.125488
vt 0.902344 0.117676
vt 0.871094 0.807861
vt 0.873047 0.796997
vt 0.878418 0.810059
vt 0.281738 0.383301
vt 0.287598 0.386719
vt 0.279297 0.395996
vt 0.561523 0.992142
vt 0.543457 0.997019
vt 0.536621 0.992638
vt 0.042175 0.306641
vt 0.054810 0.301758
vt 0.054108 0.310059
vt 0.585938 0.913818
vt 0.591797 0.900208
vt 0.595703 0.918396
vt 0.705078 0.122559
vt 0.710938 0.105957
vt 0.716309 0.125488
vt 0.808594 0.160156
vt 0.790039 0.169434
vt 0.796875 0.152344
vt 0.494629 0.770508
vt 0.495117 0.756470
vt 0.505859 0.759521
vt 0.851562 0.648438
vt 0.850586 0.639648
vt 0.861328 0.645752
vt 0.962402 0.210449
vt 0.964844 0.187012
vt 0.967773 0.195312
vt 0.804688 0.233887
vt 0.791504 0.232910
vt 0.794922 0.223633
vt 0.746094 0.385254
vt 0.745117 0.369629
vt 0.752930 0.376953
vt 0.947266 0.950623
vt 0.937012 0.945587
vt 0.942871 0.938965
vt 0.833984 0.684570
vt 0.839844 0.687988
vt 0.825684 0.687012
vt 0.175903 0.697754
vt 0.177612 0.683838
vt 0.186523 0.686768
vt 0.265869 0.239746
vt 0.256104 0.245117
vt 0.255615 0.239746
vt 0.642090 0.957520
vt 0.644043 0.947906
vt 0.653320 0.954681
vt 0.116882 0.391602
vt 0.121582 0.403320
vt 0.113770 0.409180
vt 0.385986 0.951019
vt 0.955078 0.256348
vt 0.936035 0.262695
vt 0.936523 0.254883
vt 0.383301 0.431152
vt 0.368408 0.433105
vt 0.374756 0.424805
vt 0.078247 0.600586
vt 0.079346 0.616943
vt 0.067932 0.605469
vt 0.239624 0.781738
vt 0.253906 0.789185
vt 0.246460 0.795166
vt 0.880371 0.739014
vt 0.860352 0.734619
vt 0.874023 0.729248
vt 0.758789 0.283691
vt 0.769043 0.284180
vt 0.762207 0.292969
vt 0.316162 0.181152
vt 0.306641 0.187988
vt 0.306641 0.173828
vt 0.309814 0.728760
vt 0.322998 0.722168
vt 0.319580 0.735107
vt 0.371826 0.719238
vt 0.356445 0.730225
vt 0.357666 0.719238
vt 0.855469 0.041504
vt 0.844238 0.044434
vt 0.849121 0.031738
vt 0.584473 0.305176
vt 0.579102 0.303223
vt 0.580078 0.290527
vt 0.405273 0.233887
vt 0.393311 0.239746
vt 0.397461 0.226074
vt 0.889648 0.603271
vt 0.886230 0.591309
vt 0.899414 0.599365
vt 0.193481 0.667725
vt 0.198853 0.665039
vt 0.206421 0.673828
vt 0.113220 0.510498
vt 0.109985 0.517578
vt 0.103516 0.504883
vt 0.217896 0.675537
vt 0.209595 0.666504
vt 0.223389 0.666992
vt 0.998535 0.742676
vt 0.994629 0.747314
vt 0.992188 0.742188
vt 0.803711 0.677002
vt 0.786621 0.660889
vt 0.797852 0.661621
vt 0.657715 0.507812
vt 0.661621 0.502686
vt 0.666992 0.520752
vt 0.250000 0.066895
vt 0.231934 0.071289
vt 0.229858 0.064453
vt 0.270752 0.868652
vt 0.255127 0.864624
vt 0.269043 0.858398
vt 0.417236 0.122559
vt 0.412354 0.134277
vt 0.406006 0.126953
vt 0.912598 0.496094
vt 0.910645 0.505127
vt 0.896484 0.498047
vt 0.348389 0.517578
vt 0.568359 0.901123
vt 0.573730 0.886414
vt 0.579590 0.895874
vt 0.627441 0.398438
vt 0.628906 0.410645
vt 0.621094 0.410645
vt 0.353271 0.538574
vt 0.346436 0.550781
vt 0.338867 0.537598
vt 0.959961 0.506592
vt 0.969727 0.500977
vt 0.967773 0.510254
vt 0.236084 0.623535
vt 0.223633 0.626221
vt 0.218872 0.616699
vt 0.969727 0.585205
vt 0.983887 0.580322
vt 0.980957 0.597168
vt 0.240356 0.692139
vt 0.234009 0.688477
vt 0.250000 0.677246
vt 0.341553 0.058105
vt 0.330566 0.064941
vt 0.337646 0.051758
vt 0.451660 0.294922
vt 0.458008 0.300293
vt 0.447266 0.297852
vt 0.780762 0.725586
vt 0.766602 0.724121
vt 0.771973 0.711914
vt 0.723145 0.091309
vt 0.719238 0.109863
vt 0.375000 0.836304
vt 0.364502 0.830200
vt 0.378906 0.827271
vt 0.031250 0.793335
vt 0.030029 0.783325
vt 0.039246 0.784546
vt 0.502930 0.222168
vt 0.733398 0.856323
vt 0.732422 0.870605
vt 0.721191 0.863159
vt 0.015839 0.550537
vt 0.019257 0.540039
vt 0.031952 0.551270
vt 0.912598 0.087891
vt 0.899902 0.091309
vt 0.906738 0.081543
vt 0.645020 0.052246
vt 0.639648 0.062988
vt 0.632324 0.053223
vt 0.634277 0.191895
vt 0.625000 0.201660
vt 0.623535 0.189941
vt 0.094788 0.765503
vt 0.074646 0.760010
vt 0.089111 0.748779
vt 0.694336 0.234375
vt 0.699707 0.251953
vt 0.681641 0.251953
vt 0.749023 0.068359
vt 0.740723 0.079590
vt 0.740234 0.074219
vt 0.424316 0.763306
vt 0.435547 0.759277
vt 0.433350 0.771973
vt 0.909668 0.376465
vt 0.897461 0.386719
vt 0.896484 0.374023
vt 0.032471 0.735352
vt 0.041321 0.732178
vt 0.039459 0.737305
vt 0.832031 0.462891
vt 0.826660 0.447266
vt 0.838867 0.451172
vt 0.914551 0.857300
vt 0.904297 0.852417
vt 0.911621 0.848755
vt 0.645508 0.702637
vt 0.653809 0.706055
vt 0.635742 0.729736
vt 0.313721 0.170898
vt 0.319336 0.166504
vt 0.739258 0.640869
vt 0.724609 0.644775
vt 0.736328 0.627197
vt 0.711914 0.249023
vt 0.728027 0.244629
vt 0.723145 0.253418
vt 0.550293 0.636475
vt 0.538574 0.631592
vt 0.542480 0.627686
vt 0.156494 0.708740
vt 0.162964 0.710205
vt 0.157837 0.712158
vt 0.078552 0.093750
vt 0.084229 0.111328
vt 0.067749 0.102539
vt 0.298584 0.229492
vt 0.302734 0.220215
vt 0.306885 0.233887
vt 0.396973 0.501465
vt 0.384766 0.502930
vt 0.393311 0.497070
vt 0.088867 0.288574
vt 0.100708 0.286133
vt 0.089600 0.305176
vt 0.019882 0.721436
vt 0.025070 0.725586
vt 0.018158 0.725098
vt 0.296875 0.412598
vt 0.293457 0.416992
vt 0.794922 0.436523
vt 0.801758 0.427246
vt 0.806152 0.430664
vt 0.811523 0.222656
vt 0.075073 0.409668
vt 0.069092 0.397949
vt 0.080383 0.400879
vt 0.800781 0.072754
vt 0.791504 0.084473
vt 0.786133 0.077148
vt 0.913086 0.863647
vt 0.829590 0.795776
vt 0.827637 0.809692
vt 0.816895 0.804199
vt 0.608398 0.477051
vt 0.614746 0.472168
vt 0.618164 0.487305
vt 0.718750 0.663574
vt 0.711426 0.672607
vt 0.710938 0.659424
vt 0.049530 0.668457
vt 0.033173 0.672852
vt 0.040741 0.657715
vt 0.045624 0.900696
vt 0.052277 0.884338
vt 0.062225 0.894287
vt 0.309326 0.671387
vt 0.730469 0.711426
vt 0.736328 0.710693
vt 0.733887 0.724365
vt 0.061371 0.861938
vt 0.054504 0.857422
vt 0.061188 0.852173
vt 0.899414 0.744385
vt 0.906738 0.747559
vt 0.899414 0.755981
vt 0.561523 0.285156
vt 0.559082 0.293945
vt 0.550781 0.280762
vt 0.728516 0.903870
vt 0.729004 0.916260
vt 0.720703 0.909119
vt 0.308838 0.018066
vt 0.303223 0.005371
vt 0.314697 0.012695
vt 0.258301 0.490723
vt 0.261963 0.497559
vt 0.256592 0.504395
vt 0.312988 0.507080
vt 0.306641 0.494629
vt 0.314697 0.493164
vt 0.693848 0.787476
vt 0.697266 0.783569
vt 0.698730 0.790771
vt 0.721191 0.072754
vt 0.713867 0.080566
vt 0.708496 0.069336
vt 0.419922 0.192383
vt 0.405518 0.194336
vt 0.411865 0.176270
vt 0.979492 0.916382
vt 0.977051 0.899475
vt 0.989746 0.908997
vt 0.354980 0.123535
vt 0.350830 0.115723
vt 0.972656 0.636719
vt 0.972656 0.624268
vt 0.983887 0.634277
vt 0.147095 0.030273
vt 0.158691 0.029297
vt 0.154297 0.032227
vt 0.532715 0.916260
vt 0.528320 0.897461
vt 0.543457 0.908691
vt 0.382080 0.902893
vt 0.371094 0.897827
vt 0.389648 0.884766
vt 0.538574 0.128906
vt 0.535156 0.118652
vt 0.542480 0.117676
vt 0.023682 0.671875
vt 0.018753 0.668945
vt 0.024078 0.667236
vt 0.825684 0.672119
vt 0.812500 0.666016
vt 0.823730 0.655518
vt 0.046417 0.839966
vt 0.047668 0.828369
vt 0.053925 0.839233
vt 0.949219 0.021484
vt 0.936035 0.031738
vt 0.933594 0.019531
vt 0.025070 0.806030
vt 0.017258 0.817261
vt 0.017105 0.800903
vt 0.185425 0.136230
vt 0.186401 0.144043
vt 0.173950 0.135742
vt 0.774414 0.960175
vt 0.775879 0.975540
vt 0.769043 0.965637
vt 0.295654 0.517578
vt 0.285889 0.507812
vt 0.299561 0.501953
vt 0.869629 0.240723
vt 0.855957 0.236816
vt 0.859863 0.231445
vt 0.896973 0.648193
vt 0.887695 0.654785
vt 0.887207 0.652344
vt 0.426270 0.471191
vt 0.425781 0.480957
vt 0.412354 0.481934
vt 0.234863 0.098633
vt 0.244019 0.094727
vt 0.246826 0.106934
vt 0.288086 0.177246
vt 0.294922 0.170898
vt 0.294922 0.184082
vt 0.588379 0.082031
vt 0.598145 0.086426
vt 0.592285 0.094238
vt 0.503906 0.661377
vt 0.492432 0.657715
vt 0.130005 0.502686
vt 0.142334 0.513184
vt 0.130127 0.519287
vt 0.804688 0.304688
vt 0.816895 0.305176
vt 0.807617 0.319336
vt 0.744141 0.816772
vt 0.749023 0.810059
vt 0.748535 0.825806
vt 0.732910 0.605469
vt 0.723633 0.603027
vt 0.741211 0.594727
vt 0.273926 0.391602
vt 0.272217 0.405273
vt 0.262939 0.396973
vt 0.571289 0.316406
vt 0.563965 0.309570
vt 0.567871 0.300293
vt 0.068726 0.867676
vt 0.082275 0.868042
vt 0.075806 0.881104
vt 0.578613 0.101562
vt 0.590332 0.104004
vt 0.580566 0.115723
vt 0.826172 0.679199
vt 0.822266 0.682129
vt 0.764648 0.201172
vt 0.771973 0.194824
vt 0.773926 0.210938
vt 0.347900 0.755737
vt 0.365234 0.760010
vt 0.348145 0.765015
vt 0.102905 0.737061
vt 0.100891 0.729980
vt 0.111328 0.727051
vt 0.813965 0.244629
vt 0.800293 0.246582
vt 0.277588 0.529053
vt 0.288574 0.528076
vt 0.281006 0.531738
vt 0.304199 0.698730
vt 0.294434 0.687988
vt 0.306885 0.687500
vt 0.107178 0.429688
vt 0.096497 0.435059
vt 0.096008 0.420898
vt 0.154175 0.632812
vt 0.142334 0.640869
vt 0.142456 0.629883
vt 0.621094 0.163574
vt 0.622559 0.148438
vt 0.630859 0.163574
vt 0.194946 0.143555
vt 0.193848 0.154785
vt 0.253662 0.518311
vt 0.268311 0.517578
vt 0.259033 0.531250
vt 0.557129 0.138184
vt 0.559570 0.124512
vt 0.562500 0.135254
vt 0.028122 0.477539
vt 0.020035 0.477051
vt 0.026688 0.469727
vt 0.906738 0.046875
vt 0.913574 0.058105
vt 0.895996 0.055664
vt 0.344971 0.899536
vt 0.335205 0.918091
vt 0.333496 0.901611
vt 0.567383 0.802856
vt 0.561523 0.806641
vt 0.560059 0.788696
vt 0.520508 0.130859
vt 0.310791 0.520020
vt 0.320312 0.531250
vt 0.306152 0.531982
vt 0.855469 0.378906
vt 0.847656 0.382812
vt 0.841309 0.368164
vt 0.267578 0.242676
vt 0.266113 0.248047
vt 0.258057 0.245117
vt 0.828125 0.190430
vt 0.833984 0.187012
vt 0.835938 0.199219
vt 0.925781 0.956085
vt 0.938477 0.955963
vt 0.938477 0.961639
vt 0.936035 0.300781
vt 0.931641 0.308594
vt 0.926758 0.304688
vt 0.552246 0.823853
vt 0.540527 0.827271
vt 0.538574 0.813477
vt 0.175293 0.119629
vt 0.184204 0.126953
vt 0.173340 0.127930
vt 0.552246 0.799561
vt 0.551270 0.814941
vt 0.544434 0.802124
vt 0.194702 0.294434
vt 0.192627 0.301758
vt 0.188354 0.287109
vt 0.362793 0.739990
vt 0.349121 0.746582
vt 0.345703 0.734375
vt 0.028229 0.565918
vt 0.014954 0.565674
vt 0.024872 0.553467
vt 0.071411 0.495605
vt 0.060913 0.500000
vt 0.060364 0.489258
vt 0.289551 0.613770
vt 0.294922 0.628174
vt 0.282959 0.628418
vt 0.914551 0.657471
vt 0.906738 0.664062
vt 0.906250 0.656982
vt 0.054626 0.080566
vt 0.044617 0.070312
vt 0.058777 0.072754
vt 0.894531 0.380859
vt 0.875977 0.388184
vt 0.372070 0.392090
vt 0.255127 0.938293
vt 0.263428 0.941956
vt 0.254639 0.954559
vt 0.385254 0.661621
vt 0.387939 0.654541
vt 0.395996 0.657959
vt 0.765137 0.354492
vt 0.762695 0.366211
vt 0.087463 0.878601
vt 0.083191 0.883057
vt 0.440186 0.253418
vt 0.434326 0.262207
vt 0.429199 0.254395
vt 0.885254 0.567383
vt 0.888672 0.561523
vt 0.894531 0.572266
vt 0.403076 0.063965
vt 0.409912 0.081543
vt 0.462891 0.147949
vt 0.465332 0.162109
vt 0.450684 0.155273
vt 0.197388 0.055664
vt 0.211182 0.052246
vt 0.212036 0.061523
vt 0.779297 0.466309
vt 0.778809 0.480957
vt 0.769043 0.484863
vt 0.068237 0.885742
vt 0.506348 0.270996
vt 0.494385 0.276367
vt 0.495117 0.265625
vt 0.386719 0.737305
vt 0.393066 0.743896
vt 0.380127 0.745850
vt 0.888184 0.637939
vt 0.880371 0.645752
vt 0.762695 0.051758
vt 0.761719 0.039551
vt 0.773926 0.048340
vt 0.275635 0.030273
vt 0.264648 0.019043
vt 0.275146 0.015137
vt 0.818848 0.926270
vt 0.810547 0.914795
vt 0.825195 0.920654
vt 0.040009 0.420898
vt 0.045349 0.427734
vt 0.034943 0.435059
vt 0.040924 0.887085
vt 0.260986 0.612061
vt 0.268799 0.600586
vt 0.271240 0.612305
vt 0.850098 0.292969
vt 0.867188 0.301270
vt 0.860840 0.303711
vt 0.923828 0.657959
vt 0.928223 0.665527
vt 0.920410 0.665283
vt 0.976562 0.094238
vt 0.987793 0.086426
vt 0.984863 0.105469
vt 0.850098 0.084473
vt 0.839844 0.085449
vt 0.846191 0.071777
vt 0.777832 0.428711
vt 0.777344 0.445312
vt 0.770020 0.443359
vt 0.563965 0.157715
vt 0.553223 0.165527
vt 0.555176 0.155762
vt 0.118103 0.686035
vt 0.113586 0.691650
vt 0.105652 0.686768
vt 0.245972 0.025391
vt 0.260010 0.030762
vt 0.250977 0.039062
vt 0.326416 0.358887
vt 0.330078 0.369141
vt 0.315918 0.362793
vt 0.650879 0.883728
vt 0.646973 0.872803
vt 0.660645 0.876770
vt 0.127808 0.458008
vt 0.119324 0.453613
vt 0.126343 0.448730
vt 0.067993 0.719238
vt 0.064331 0.732910
vt 0.056976 0.719727
vt 0.227539 0.342285
vt 0.219360 0.343750
vt 0.218262 0.333008
vt 0.912598 0.106934
vt 0.903809 0.108887
vt 0.897949 0.101562
vt 0.318604 0.778687
vt 0.304688 0.775879
vt 0.315674 0.765503
vt 0.142212 0.925354
vt 0.131958 0.928162
vt 0.141724 0.918762
vt 0.053497 0.446777
vt 0.059479 0.435059
vt 0.059296 0.449219
vt 0.841797 0.112793
vt 0.834961 0.116699
vt 0.834961 0.109863
vt 0.194580 0.755127
vt 0.200439 0.743896
vt 0.209595 0.751099
vt 0.595215 0.255859
vt 0.605469 0.242188
vt 0.611328 0.250977
vt 0.357666 0.665283
vt 0.368164 0.662354
vt 0.363281 0.670410
vt 0.607910 0.962311
vt 0.606934 0.948578
vt 0.621582 0.954407
vt 0.936035 0.390137
vt 0.918945 0.389160
vt 0.932129 0.379395
vt 0.923340 0.362793
vt 0.927734 0.354980
vt 0.931152 0.362305
vt 0.182007 0.274902
vt 0.177979 0.263672
vt 0.186035 0.269043
vt 0.875488 0.187012
vt 0.884277 0.196777
vt 0.874023 0.199219
vt 0.562500 0.962402
vt 0.553223 0.957397
vt 0.560059 0.951019
vt 0.397461 0.547119
vt 0.399902 0.569580
vt 0.386230 0.552490
vt 0.035278 0.553467
vt 0.079468 0.824219
vt 0.054352 0.833984
vt 0.062805 0.810791
vt 0.359619 0.773926
vt 0.344727 0.772583
vt 0.460938 0.888000
vt 0.451172 0.871094
vt 0.464111 0.869995
vt 0.251953 0.313477
vt 0.238525 0.311035
vt 0.250244 0.304688
vt 0.985840 0.536865
vt 0.979004 0.527344
vt 0.993164 0.527100
vt 0.763184 0.189453
vt 0.753418 0.204102
vt 0.037750 0.008301
vt 0.038788 0.016113
vt 0.035645 0.008301
vt 0.441650 0.460938
vt 0.433838 0.464844
vt 0.437500 0.456055
vt 0.434326 0.396484
vt 0.443359 0.398926
vt 0.438232 0.403320
vt 0.651367 0.683350
vt 0.647461 0.667725
vt 0.663574 0.680420
vt 0.029114 0.138672
vt 0.039581 0.144043
vt 0.025452 0.148926
vt 0.951660 0.974228
vt 0.940430 0.983994
vt 0.938477 0.973297
vt 0.750488 0.601074
vt 0.748535 0.606689
vt 0.158325 0.603760
vt 0.148682 0.601318
vt 0.152466 0.589600
vt 0.153198 0.415527
vt 0.144897 0.405762
vt 0.162598 0.415039
vt 0.409912 0.825684
vt 0.404785 0.833496
vt 0.391113 0.821777
vt 0.819824 0.313965
vt 0.819824 0.307617
vt 0.831055 0.310059
vt 0.399414 0.589844
vt 0.401611 0.600342
vt 0.385010 0.593018
vt 0.586426 0.796509
vt 0.579590 0.779175
vt 0.189331 0.656494
vt 0.196045 0.656738
vt 0.609375 0.084961
vt 0.613770 0.095215
vt 0.604492 0.096680
vt 0.126221 0.435059
vt 0.123291 0.443848
vt 0.116089 0.433594
vt 0.060333 0.424805
vt 0.065369 0.429199
vt 0.034332 0.694092
vt 0.031677 0.681641
vt 0.041870 0.689697
vt 0.303467 0.501953
vt 0.301514 0.491699
vt 0.791504 0.590576
vt 0.810059 0.591797
vt 0.795898 0.598145
vt 0.884277 0.473145
vt 0.894531 0.463867
vt 0.896973 0.473145
vt 0.813965 0.367188
vt 0.820312 0.386230
vt 0.812012 0.377930
vt 0.539062 0.038086
vt 0.527832 0.036133
vt 0.534668 0.028809
vt 0.404053 0.461914
vt 0.411377 0.455078
vt 0.415039 0.464844
vt 0.703125 0.276855
vt 0.710449 0.269043
vt 0.716797 0.282715
vt 0.544922 0.970245
vt 0.535156 0.980545
vt 0.238892 0.714111
vt 0.249023 0.721191
vt 0.242798 0.728027
vt 0.795898 0.581787
vt 0.780762 0.585449
vt 0.658203 0.128418
vt 0.665039 0.136230
vt 0.651367 0.141113
vt 0.620117 0.623779
vt 0.612305 0.607666
vt 0.628906 0.618164
vt 0.285889 0.022949
vt 0.360840 0.750732
vt 0.896484 0.083496
vt 0.902344 0.076172
vt 0.215332 0.573730
vt 0.233032 0.573486
vt 0.223999 0.583496
vt 0.953613 0.416992
vt 0.527344 0.551270
vt 0.514160 0.554688
vt 0.511230 0.548096
vt 0.481689 0.338867
vt 0.492432 0.344727
vt 0.928223 0.650635
vt 0.920410 0.653320
vt 0.913574 0.644531
vt 0.210327 0.208008
vt 0.192627 0.203613
vt 0.201416 0.199219
vt 0.970215 0.645264
vt 0.986328 0.644531
vt 0.979980 0.654785
vt 0.955078 0.739502
vt 0.946777 0.740723
vt 0.943848 0.733154
vt 0.801270 0.058594
vt 0.785156 0.061035
vt 0.797363 0.049805
vt 0.481201 0.316895
vt 0.678711 0.104004
vt 0.663574 0.094238
vt 0.676270 0.088867
vt 0.192017 0.574463
vt 0.191040 0.589111
vt 0.182129 0.581055
vt 0.682617 0.583252
vt 0.661621 0.590088
vt 0.668945 0.581299
vt 0.604980 0.726562
vt 0.612305 0.712891
vt 0.618164 0.722656
vt 0.100830 0.524170
vt 0.110229 0.538086
vt 0.096436 0.532471
vt 0.872070 0.119629
vt 0.860352 0.115723
vt 0.867676 0.111328
vt 0.250488 0.148438
vt 0.264893 0.139160
vt 0.279297 0.156738
vt 0.960449 0.597656
vt 0.959473 0.583984
vt 0.445312 0.242676
vt 0.453369 0.253418
vt 0.935547 0.413574
vt 0.936523 0.401855
vt 0.948730 0.413086
vt 0.869629 0.853516
vt 0.870117 0.844971
vt 0.878906 0.850098
vt 0.527344 0.090332
vt 0.535156 0.085938
vt 0.540527 0.099121
vt 0.900879 0.642578
vt 0.390625 0.855957
vt 0.383789 0.866943
vt 0.378662 0.855835
vt 0.229126 0.231934
vt 0.227905 0.222168
vt 0.237183 0.235840
vt 0.884277 0.578613
vt 0.871582 0.565430
vt 0.914551 0.475098
vt 0.907715 0.465820
vt 0.954590 0.086914
vt 0.970703 0.074707
vt 0.973145 0.092773
vt 0.620605 0.973099
vt 0.611816 0.980515
vt 0.609375 0.970078
vt 0.052582 0.510742
vt 0.051819 0.499023
vt 0.875000 0.395996
vt 0.684082 0.436523
vt 0.700195 0.437500
vt 0.693848 0.443359
vt 0.838379 0.906799
vt 0.846680 0.918091
vt 0.833496 0.914978
vt 0.230469 0.476074
vt 0.216309 0.476074
vt 0.219727 0.466797
vt 0.913086 0.838623
vt 0.921387 0.853271
vt 0.783203 0.047363
vt 0.626953 0.333008
vt 0.631836 0.316895
vt 0.644043 0.331055
vt 0.789551 0.462402
vt 0.954590 0.956268
vt 0.949219 0.960632
vt 0.750488 0.290039
vt 0.746094 0.278320
vt 0.130493 0.164551
vt 0.138672 0.155273
vt 0.142212 0.165039
vt 0.082764 0.503418
vt 0.093201 0.512451
vt 0.083862 0.517090
vt 0.786133 0.170898
vt 0.794434 0.174316
vt 0.791504 0.184570
vt 0.255615 0.255859
vt 0.248535 0.253418
vt 0.785645 0.629639
vt 0.789062 0.635498
vt 0.770996 0.633545
vt 0.892090 0.504395
vt 0.910156 0.520508
vt 0.897949 0.519043
vt 0.702637 0.322266
vt 0.716309 0.328125
vt 0.710449 0.336426
vt 0.946289 0.926636
vt 0.960938 0.917480
vt 0.959961 0.932190
vt 0.562988 0.817871
vt 0.144897 0.034668
vt 0.135742 0.029297
vt 0.151001 0.153809
vt 0.877930 0.332031
vt 0.878906 0.322266
vt 0.890137 0.324707
vt 0.189819 0.888794
vt 0.198853 0.894165
vt 0.192627 0.905701
vt 0.715332 0.717529
vt 0.722168 0.705078
vt 0.724121 0.715576
vt 0.586914 0.726074
vt 0.571289 0.716309
vt 0.590332 0.713623
vt 0.838867 0.638916
vt 0.830078 0.632324
vt 0.840332 0.635986
vt 0.899902 0.956665
vt 0.901367 0.945160
vt 0.906738 0.957062
vt 0.171509 0.865845
vt 0.167358 0.875305
vt 0.160767 0.864502
vt 0.264648 0.508545
vt 0.637695 0.890625
vt 0.645508 0.892578
vt 0.637695 0.898621
vt 0.920410 0.218750
vt 0.919434 0.200684
vt 0.934082 0.189941
vt 0.489990 0.484375
vt 0.502441 0.485352
vt 0.497314 0.494629
vt 0.247925 0.474121
vt 0.250488 0.468262
vt 0.255615 0.476074
vt 0.881348 0.104980
vt 0.877441 0.106934
vt 0.876465 0.094238
vt 0.637207 0.141113
vt 0.646973 0.154297
vt 0.631836 0.150879
vt 0.483398 0.718262
vt 0.487305 0.733887
vt 0.472412 0.729736
vt 0.732422 0.082520
vt 0.731934 0.071289
vt 0.825195 0.033203
vt 0.830566 0.021484
vt 0.839844 0.026367
vt 0.027023 0.715576
vt 0.030289 0.721680
vt 0.025360 0.719971
vt 0.341553 0.424316
vt 0.348145 0.437988
vt 0.335205 0.438965
vt 0.777344 0.802002
vt 0.776855 0.822998
vt 0.769531 0.825317
vt 0.738770 0.848999
vt 0.723145 0.842529
vt 0.397949 0.751099
vt 0.386230 0.754150
vt 0.703613 0.132324
vt 0.696777 0.145996
vt 0.693359 0.132324
vt 0.571777 0.095703
vt 0.556641 0.102539
vt 0.559082 0.086426
vt 0.577148 0.436035
vt 0.569336 0.429688
vt 0.578125 0.423828
vt 0.382568 0.580322
vt 0.444580 0.542236
vt 0.460449 0.549316
vt 0.455322 0.556885
vt 0.044342 0.609863
vt 0.055420 0.596680
vt 0.053009 0.616211
vt 0.077942 0.257324
vt 0.066895 0.262207
vt 0.067627 0.253906
vt 0.587891 0.043457
vt 0.582031 0.032715
vt 0.598145 0.038574
vt 0.730957 0.612549
vt 0.619629 0.785522
vt 0.601074 0.789795
vt 0.603516 0.773560
vt 0.422607 0.837891
vt 0.409424 0.843140
vt 0.909180 0.737793
vt 0.245117 0.296875
vt 0.239990 0.299316
vt 0.770020 0.699951
vt 0.793945 0.700684
vt 0.793457 0.715820
vt 0.285400 0.532715
vt 0.294189 0.526123
vt 0.287842 0.542480
vt 0.469727 0.130371
vt 0.103577 0.177734
vt 0.112793 0.176270
vt 0.110474 0.188477
vt 0.881836 0.861572
vt 0.887695 0.856323
vt 0.527832 0.598877
vt 0.543457 0.603027
vt 0.536133 0.604980
vt 0.246338 0.644043
vt 0.254150 0.635742
vt 0.250488 0.649658
vt 0.392822 0.931641
vt 0.716309 0.422363
vt 0.707520 0.430176
vt 0.700684 0.419434
vt 0.009644 0.720947
vt 0.012314 0.727295
vt 0.987305 0.732910
vt 0.984863 0.743408
vt 0.982910 0.734619
vt 0.716309 0.820435
vt 0.729492 0.802490
vt 0.725098 0.827881
vt 0.688477 0.221191
vt 0.688477 0.217285
vt 0.693359 0.223633
vt 0.270996 0.585205
vt 0.284912 0.589111
vt 0.281006 0.598145
vt 0.714355 0.415527
vt 0.826660 0.378906
vt 0.393311 0.488281
vt 0.378662 0.489746
vt 0.968262 0.839966
vt 0.971680 0.826050
vt 0.979004 0.836060
vt 0.431885 0.294922
vt 0.440430 0.300293
vt 0.436523 0.301758
vt 0.153931 0.168457
vt 0.141968 0.177246
vt 0.111633 0.853516
vt 0.130249 0.853516
vt 0.119141 0.868530
vt 0.843750 0.578613
vt 0.856934 0.589111
vt 0.836426 0.588379
vt 0.257080 0.927002
vt 0.246704 0.927917
vt 0.255615 0.919434
vt 0.209717 0.293945
vt 0.206177 0.280762
vt 0.212402 0.281250
vt 0.560059 0.146973
vt 0.760254 0.960846
vt 0.759766 0.970459
vt 0.910645 0.187500
vt 0.905273 0.198242
vt 0.898438 0.179199
vt 0.941895 0.504883
vt 0.956055 0.495117
vt 0.345703 0.143555
vt 0.337402 0.148438
vt 0.332764 0.133301
vt 0.203735 0.929932
vt 0.215576 0.920349
vt 0.211304 0.936157
vt 0.046082 0.615234
vt 0.053955 0.630127
vt 0.040985 0.624512
vt 0.835449 0.813843
vt 0.945312 0.590088
vt 0.520020 0.839966
vt 0.517578 0.836182
vt 0.528320 0.832031
vt 0.531738 0.834961
vt 0.883301 0.213379
vt 0.867188 0.213867
vt 0.052063 0.643066
vt 0.044403 0.634033
vt 0.138916 0.587646
vt 0.197876 0.841797
vt 0.197876 0.833496
vt 0.203247 0.842285
vt 0.629395 0.980728
vt 0.617188 0.987938
vt 0.949707 0.521973
vt 0.939453 0.530518
vt 0.944336 0.516602
vt 0.138672 0.773315
vt 0.531738 0.609619
vt 0.544434 0.609619
vt 0.538574 0.616211
vt 0.695801 0.910950
vt 0.706543 0.905334
vt 0.606445 0.400879
vt 0.594238 0.397461
vt 0.609375 0.386719
vt 0.818359 0.027832
vt 0.761230 0.483887
vt 0.752441 0.501953
vt 0.749512 0.479980
vt 0.516602 0.592285
vt 0.525391 0.582520
vt 0.069214 0.084473
vt 0.408447 0.725830
vt 0.398193 0.713379
vt 0.411377 0.711182
vt 0.262939 0.538818
vt 0.275635 0.532227
vt 0.272949 0.544434
vt 0.023056 0.751465
vt 0.018875 0.738525
vt 0.041718 0.742676
vt 0.657715 0.489258
vt 0.675781 0.486816
vt 0.668945 0.507568
vt 0.685059 0.984825
vt 0.699707 0.988342
vt 0.695312 0.996901
vt 0.432617 0.746338
vt 0.419434 0.751953
vt 0.804688 0.667725
vt 0.807617 0.658447
vt 0.229370 0.699219
vt 0.583984 0.976562
vt 0.569336 0.978149
vt 0.577637 0.966553
vt 0.799805 0.267090
vt 0.810059 0.253418
vt 0.897461 0.929749
vt 0.898438 0.913574
vt 0.914551 0.909241
vt 0.578613 0.243164
vt 0.575195 0.260742
vt 0.568359 0.252930
vt 0.958984 0.889221
vt 0.946289 0.897217
vt 0.952148 0.885864
vt 0.024796 0.727783
vt 0.018463 0.730469
vt 0.869141 0.334961
vt 0.877930 0.343262
vt 0.869629 0.348633
vt 0.788574 0.970245
vt 0.786621 0.962708
vt 0.799316 0.960510
vt 0.864258 0.512207
vt 0.862305 0.528809
vt 0.852539 0.517334
vt 0.117432 0.654053
vt 0.117310 0.674805
vt 0.106445 0.665527
vt 0.652344 0.862549
vt 0.636719 0.831909
vt 0.894531 0.240234
vt 0.881836 0.240723
vt 0.897461 0.232910
vt 0.916504 0.078125
vt 0.617676 0.962646
vt 0.630859 0.963867
vt 0.621582 0.969238
vt 0.909668 0.096680
vt 0.870117 0.691650
vt 0.851562 0.686523
vt 0.878418 0.678223
vt 0.369385 0.224609
vt 0.357422 0.222168
vt 0.365967 0.215332
vt 0.763672 0.549561
vt 0.781738 0.561035
vt 0.759277 0.566895
vt 0.278076 0.805176
vt 0.270752 0.812622
vt 0.268799 0.798096
vt 0.996582 0.253906
vt 0.987793 0.264160
vt 0.983887 0.252930
vt 0.778320 0.317383
vt 0.773438 0.338867
vt 0.771973 0.328613
vt 0.028473 0.486328
vt 0.039673 0.483887
vt 0.042084 0.491699
vt 0.290527 0.224121
vt 0.292725 0.209473
vt 0.811523 0.348145
vt 0.802246 0.354980
vt 0.801270 0.346680
vt 0.709961 0.449707
vt 0.729004 0.453613
vt 0.722656 0.466309
vt 0.354980 0.340332
vt 0.352295 0.353027
vt 0.343018 0.340820
vt 0.467285 0.373535
vt 0.463867 0.380859
vt 0.456055 0.381836
vt 0.574707 0.703613
vt 0.585938 0.703857
vt 0.279297 0.795532
vt 0.290283 0.797852
vt 0.392090 0.061523
vt 0.119995 0.560059
vt 0.107910 0.547607
vt 0.112366 0.541992
vt 0.852539 0.060059
vt 0.854004 0.049316
vt 0.861816 0.053223
vt 0.284668 0.333984
vt 0.282227 0.342285
vt 0.273926 0.337891
vt 0.971680 0.028809
vt 0.956055 0.024902
vt 0.970215 0.020508
vt 0.673828 0.565918
vt 0.663086 0.562012
vt 0.672852 0.550293
vt 0.513184 0.330078
vt 0.507812 0.313477
vt 0.519043 0.317383
vt 0.718750 0.540527
vt 0.707031 0.540039
vt 0.712891 0.527832
vt 0.261475 0.650879
vt 0.687988 0.272461
vt 0.698730 0.280762
vt 0.693359 0.284180
vt 0.860840 0.338379
vt 0.859375 0.329102
vt 0.354492 0.632812
vt 0.357422 0.625732
vt 0.365967 0.631836
vt 0.869629 0.868530
vt 0.876465 0.867920
vt 0.878418 0.875671
vt 0.229492 0.360352
vt 0.216797 0.355469
vt 0.231567 0.351074
vt 0.518555 0.306152
vt 0.532227 0.308594
vt 0.528809 0.318359
vt 0.623047 0.933777
vt 0.636719 0.929932
vt 0.631348 0.944183
vt 0.174805 0.858032
vt 0.165771 0.854614
vt 0.173462 0.846924
vt 0.549316 0.125000
vt 0.552734 0.121094
vt 0.559082 0.050781
vt 0.570312 0.042969
vt 0.564453 0.055176
vt 0.213135 0.083984
vt 0.197998 0.072266
vt 0.206787 0.069824
vt 0.288086 0.851685
vt 0.282959 0.834106
vt 0.294434 0.839355
vt 0.279053 0.414062
vt 0.285156 0.420410
vt 0.281494 0.421875
vt 0.461426 0.858521
vt 0.473389 0.856934
vt 0.174561 0.833862
vt 0.164795 0.844727
vt 0.161499 0.833374
vt 0.841309 0.174805
vt 0.854004 0.175293
vt 0.842773 0.189453
vt 0.974609 0.813110
vt 0.967773 0.797852
vt 0.982910 0.797852
vt 0.026230 0.858521
vt 0.036499 0.858643
vt 0.027176 0.873657
vt 0.025101 0.842163
vt 0.037445 0.835815
vt 0.032379 0.849121
vt 0.831543 0.299316
vt 0.836426 0.292480
vt 0.837402 0.302246
vt 0.914062 0.812134
vt 0.904785 0.824951
vt 0.899902 0.809937
vt 0.370850 0.229980
vt 0.364990 0.233887
vt 0.369141 0.228027
vt 0.487793 0.631348
vt 0.487061 0.651367
vt 0.464355 0.643799
vt 0.228516 0.906738
vt 0.228271 0.912231
vt 0.214844 0.689697
vt 0.205811 0.690674
vt 0.217041 0.681885
vt 0.173584 0.142578
vt 0.187744 0.151855
vt 0.172607 0.156250
vt 0.349609 0.819458
vt 0.360596 0.820435
vt 0.355469 0.831055
vt 0.914551 0.742432
vt 0.915039 0.751343
vt 0.036285 0.268555
vt 0.047607 0.265137
vt 0.041046 0.277344
vt 0.501953 0.627686
vt 0.485107 0.624756
vt 0.482666 0.607910
vt 0.099548 0.716064
vt 0.091675 0.719971
vt 0.100464 0.702637
vt 0.715332 0.890747
vt 0.702637 0.897522
vt 0.703125 0.883850
vt 0.110474 0.700439
vt 0.107971 0.709961
vt 0.050171 0.956146
vt 0.054779 0.943542
vt 0.062500 0.960785
vt 0.144897 0.660645
vt 0.146362 0.666504
vt 0.130249 0.669678
vt 0.438477 0.445312
vt 0.433838 0.455078
vt 0.431641 0.449219
vt 0.276123 0.043457
vt 0.290283 0.040527
vt 0.286133 0.054688
vt 0.302246 0.387695
vt 0.300049 0.380859
vt 0.740234 0.938843
vt 0.733398 0.928772
vt 0.742188 0.928101
vt 0.619629 0.638184
vt 0.623047 0.631348
vt 0.633789 0.633789
vt 0.202026 0.868408
vt 0.190308 0.874634
vt 0.194580 0.863525
vt 0.323242 0.304199
vt 0.331299 0.305664
vt 0.324951 0.318848
vt 0.384766 0.047852
vt 0.374512 0.053711
vt 0.365723 0.049805
vt 0.235840 0.111816
vt 0.229980 0.130859
vt 0.222900 0.122559
vt 0.098511 0.080566
vt 0.102234 0.090820
vt 0.086853 0.084961
vt 0.227905 0.432129
vt 0.216553 0.439453
vt 0.213013 0.434082
vt 0.302979 0.357910
vt 0.289551 0.369629
vt 0.287109 0.361816
vt 0.853516 0.246582
vt 0.867188 0.256348
vt 0.855469 0.256836
vt 0.395752 0.182617
vt 0.393799 0.197754
vt 0.913086 0.417969
vt 0.907715 0.416992
vt 0.910156 0.413574
vt 0.058075 0.931458
vt 0.064697 0.940430
vt 0.932617 0.710693
vt 0.938965 0.718018
vt 0.930664 0.722412
vt 0.789551 0.921814
vt 0.779785 0.923706
vt 0.784668 0.910400
vt 0.427002 0.226074
vt 0.424561 0.238770
vt 0.417725 0.228027
vt 0.960449 0.950897
vt 0.964355 0.939514
vt 0.976074 0.953461
vt 0.645020 0.254395
vt 0.649902 0.265137
vt 0.637695 0.270508
vt 0.127563 0.899902
vt 0.128052 0.889099
vt 0.139526 0.891357
vt 0.046967 0.848022
vt 0.146606 0.690674
vt 0.150024 0.705078
vt 0.143799 0.697754
vt 0.603516 0.372070
vt 0.610840 0.376465
vt 0.696289 0.208496
vt 0.704590 0.204590
vt 0.706055 0.215820
vt 0.050903 0.723145
vt 0.045471 0.709229
vt 0.783203 0.596924
vt 0.774902 0.604736
vt 0.184204 0.752686
vt 0.191040 0.768433
vt 0.304932 0.115723
vt 0.292969 0.111816
vt 0.299316 0.104004
vt 0.346680 0.019531
vt 0.338867 0.031738
vt 0.329346 0.019043
vt 0.890137 0.957794
vt 0.889648 0.947113
vt 0.070923 0.242676
vt 0.081055 0.240723
vt 0.966309 0.350586
vt 0.979980 0.351074
vt 0.970215 0.355957
vt 0.955078 0.074219
vt 0.960449 0.059082
vt 0.087402 0.173340
vt 0.086548 0.175293
vt 0.082642 0.165039
vt 0.449219 0.625488
vt 0.442871 0.612305
vt 0.455566 0.606201
vt 0.936035 0.665527
vt 0.929199 0.673828
vt 0.330566 0.527588
vt 0.251465 0.203613
vt 0.245361 0.202637
vt 0.253906 0.188477
vt 0.732422 0.579590
vt 0.733398 0.586670
vt 0.721191 0.583740
vt 0.038757 0.358398
vt 0.047424 0.363770
vt 0.032623 0.373535
vt 0.802734 0.687012
vt 0.805664 0.692871
vt 0.342529 0.222656
vt 0.347412 0.212891
vt 0.899902 0.320312
vt 0.892578 0.323242
vt 0.898926 0.316406
vt 0.445801 0.200195
vt 0.456299 0.200684
vt 0.046265 0.568848
vt 0.061096 0.564697
vt 0.058960 0.581055
vt 0.491943 0.467773
vt 0.473633 0.461426
vt 0.487305 0.456543
vt 0.901367 0.260742
vt 0.917480 0.260254
vt 0.910156 0.275391
vt 0.976074 0.612793
vt 0.988281 0.607910
vt 0.709961 0.939941
vt 0.696777 0.940765
vt 0.603027 0.343262
vt 0.595215 0.356934
vt 0.587402 0.353027
vt 0.334473 0.377441
vt 0.345703 0.364746
vt 0.349121 0.372559
vt 0.181763 0.850098
vt 0.968750 0.229980
vt 0.973145 0.244629
vt 0.960938 0.235352
vt 0.852051 0.824585
vt 0.861328 0.812500
vt 0.869141 0.829224
vt 0.962891 0.762817
vt 0.979492 0.760132
vt 0.980469 0.772461
vt 0.652832 0.195312
vt 0.640625 0.199219
vt 0.643555 0.190430
vt 0.787598 0.265625
vt 0.789551 0.275391
vt 0.779297 0.268555
vt 0.750977 0.832886
vt 0.760742 0.828125
vt 0.816895 0.089355
vt 0.803223 0.080078
vt 0.816406 0.076660
vt 0.606934 0.140625
vt 0.616211 0.141602
vt 0.609375 0.159180
vt 0.323242 0.687988
vt 0.314941 0.677246
vt 0.210327 0.193359
vt 0.235229 0.401855
vt 0.235474 0.413086
vt 0.223877 0.410156
vt 0.436768 0.836304
vt 0.440186 0.843628
vt 0.427490 0.853516
vt 0.680664 0.230469
vt 0.219604 0.072754
vt 0.095642 0.182617
vt 0.094788 0.168457
vt 0.385742 0.335449
vt 0.377441 0.342773
vt 0.377197 0.333008
vt 0.655762 0.743896
vt 0.666016 0.744629
vt 0.886719 0.899536
vt 0.875000 0.899292
vt 0.881836 0.890076
vt 0.724609 0.051270
vt 0.720215 0.065430
vt 0.713379 0.059082
vt 0.195312 0.273438
vt 0.190186 0.263672
vt 0.551270 0.235840
vt 0.575684 0.316406
vt 0.946777 0.110840
vt 0.955566 0.117676
vt 0.939941 0.123047
vt 0.408691 0.556152
vt 0.428223 0.557373
vt 0.419189 0.577637
vt 0.187134 0.923218
vt 0.197754 0.917236
vt 0.194336 0.934631
vt 0.159912 0.149902
vt 0.157227 0.132324
vt 0.478027 0.036621
vt 0.469971 0.047363
vt 0.468018 0.032227
vt 0.794922 0.132324
vt 0.794922 0.139648
vt 0.781250 0.139160
vt 0.365234 0.122559
vt 0.361572 0.112305
vt 0.372559 0.112305
vt 0.541992 0.163086
vt 0.721680 0.954681
vt 0.708984 0.954620
vt 0.716309 0.943207
vt 0.706543 0.191406
vt 0.716797 0.207520
vt 0.364746 0.345703
vt 0.381104 0.350098
vt 0.366943 0.354980
vt 0.856445 0.216309
vt 0.872070 0.226562
vt 0.849609 0.223633
vt 0.382568 0.721680
vt 0.385986 0.710449
vt 0.642578 0.134277
vt 0.640625 0.125000
vt 0.329834 0.425293
vt 0.732422 0.430664
vt 0.724121 0.439941
vt 0.715820 0.428711
vt 0.699707 0.779663
vt 0.696777 0.774658
vt 0.698730 0.770020
vt 0.476807 0.296875
vt 0.476074 0.306641
vt 0.468262 0.301758
vt 0.638672 0.737549
vt 0.660156 0.722900
vt 0.648438 0.738281
vt 0.421631 0.724365
vt 0.604004 0.238281
vt 0.592285 0.252441
vt 0.592773 0.230957
vt 0.061615 0.152344
vt 0.066406 0.136719
vt 0.076904 0.162109
vt 0.817871 0.677002
vt 0.200317 0.342285
vt 0.191406 0.336914
vt 0.203125 0.334961
vt 0.817871 0.462891
vt 0.828125 0.477051
vt 0.819336 0.478516
vt 0.375244 0.665039
vt 0.379150 0.653076
vt 0.937012 0.163086
vt 0.952148 0.165039
vt 0.946777 0.172363
vt 0.605957 0.897217
vt 0.604492 0.884216
vt 0.614258 0.883301
vt 0.705078 0.166504
vt 0.709473 0.156738
vt 0.718750 0.167969
vt 0.618652 0.922119
vt 0.615234 0.915283
vt 0.620605 0.920715
vt 0.361084 0.048828
vt 0.357910 0.064453
vt 0.350586 0.049316
vt 0.312744 0.085449
vt 0.324463 0.089355
vt 0.317871 0.103516
vt 0.087952 0.053711
vt 0.096313 0.059082
vt 0.091003 0.065430
vt 0.767578 0.275879
vt 0.762207 0.276367
vt 0.758301 0.268066
vt 0.750488 0.917297
vt 0.739258 0.912781
vt 0.746582 0.900391
vt 0.759766 0.905090
vt 0.032379 0.056641
vt 0.027893 0.062012
vt 0.012901 0.055664
vt 0.979004 0.411133
vt 0.979004 0.401855
vt 0.999023 0.407715
vt 0.571777 0.870239
vt 0.582031 0.880310
vt 0.369873 0.511475
vt 0.368408 0.504639
vt 0.518066 0.542969
vt 0.557617 0.199219
vt 0.553711 0.186035
vt 0.566895 0.198242
vt 0.788086 0.620361
vt 0.791504 0.625000
vt 0.776367 0.626953
vt 0.841797 0.122559
vt 0.846191 0.117676
vt 0.267822 0.828125
vt 0.254883 0.834717
vt 0.259521 0.820068
vt 0.721680 0.898926
vt 0.948242 0.593018
vt 0.975586 0.392090
vt 0.974609 0.376953
vt 0.991211 0.380859
vt 0.614746 0.050293
vt 0.610840 0.061523
vt 0.604004 0.051758
vt 0.752930 0.929138
vt 0.749023 0.940521
vt 0.254639 0.807373
vt 0.352539 0.181152
vt 0.346680 0.187500
vt 0.340820 0.182617
vt 0.760742 0.092285
vt 0.766602 0.083496
vt 0.773926 0.091309
vt 0.190430 0.727539
vt 0.182739 0.722656
vt 0.191284 0.719238
vt 0.807617 0.334473
vt 0.361816 0.142578
vt 0.356934 0.131348
vt 0.371826 0.262207
vt 0.378418 0.260742
vt 0.376465 0.263672
vt 0.349854 0.676514
vt 0.349121 0.665527
vt 0.832031 0.520020
vt 0.845215 0.524902
vt 0.831543 0.528564
vt 0.193726 0.685791
vt 0.196167 0.676025
vt 0.204956 0.683594
vt 0.080017 0.584961
vt 0.066223 0.591309
vt 0.070496 0.578613
vt 0.747070 0.777710
vt 0.740723 0.787598
vt 0.735352 0.778564
vt 0.609375 0.626709
vt 0.075073 0.494141
vt 0.074402 0.513672
vt 0.103821 0.187988
vt 0.232422 0.264160
vt 0.225830 0.256348
vt 0.232422 0.248047
vt 0.035797 0.731201
vt 0.040924 0.727539
vt 0.868652 0.948029
vt 0.855957 0.953644
vt 0.851562 0.934082
vt 0.341553 0.290039
vt 0.359131 0.295898
vt 0.346924 0.298828
vt 0.504395 0.558350
vt 0.501953 0.543701
vt 0.603027 0.107910
vt 0.593750 0.118652
vt 0.327393 0.704346
vt 0.323730 0.712646
vt 0.325195 0.705566
vt 0.316406 0.380859
vt 0.318604 0.394043
vt 0.310303 0.389648
vt 0.541016 0.426270
vt 0.535645 0.414062
vt 0.545410 0.418457
vt 0.130493 0.249512
vt 0.141235 0.250000
vt 0.134521 0.250977
vt 0.664062 0.357910
vt 0.672852 0.359375
vt 0.670898 0.375000
vt 0.934082 0.348145
vt 0.953125 0.347656
vt 0.937988 0.354492
vt 0.569824 0.241211
vt 0.559082 0.257812
vt 0.551758 0.247070
vt 0.920898 0.178711
vt 0.070557 0.897400
vt 0.072937 0.886414
vt 0.078735 0.884705
vt 0.297363 0.601807
vt 0.335205 0.339844
vt 0.332275 0.347656
vt 0.213867 0.560547
vt 0.203491 0.572266
vt 0.204102 0.560059
vt 0.031708 0.009277
vt 0.028671 0.027344
vt 0.016678 0.015625
vt 0.961914 0.172363
vt 0.955566 0.182617
vt 0.158447 0.255859
vt 0.149658 0.245605
vt 0.156494 0.239746
vt 0.926758 0.274414
vt 0.009735 0.252441
vt 0.015266 0.261719
vt 0.003115 0.270996
vt 0.838867 0.256836
vt 0.844238 0.267090
vt 0.833008 0.265137
vt 0.885254 0.911926
vt 0.615234 0.414551
vt 0.620605 0.396484
vt 0.232666 0.155273
vt 0.249146 0.158203
vt 0.234497 0.161621
vt 0.855469 0.810059
vt 0.171265 0.821777
vt 0.161011 0.827148
vt 0.161377 0.818970
vt 0.492920 0.478027
vt 0.101501 0.646729
vt 0.084717 0.649414
vt 0.088806 0.637695
vt 0.529785 0.200195
vt 0.530762 0.181152
vt 0.537598 0.186035
vt 0.860352 0.291992
vt 0.875000 0.294434
vt 0.216919 0.526611
vt 0.214600 0.539062
vt 0.200928 0.536133
vt 0.347168 0.505127
vt 0.332520 0.509277
vt 0.331055 0.503906
vt 0.877441 0.254883
vt 0.872070 0.265137
vt 0.664062 0.083008
vt 0.652344 0.919678
vt 0.647949 0.908936
vt 0.653320 0.907898
vt 0.880859 0.158691
vt 0.875000 0.166992
vt 0.866699 0.159180
vt 0.314941 0.757202
vt 0.314209 0.746826
vt 0.323975 0.746826
vt 0.360840 0.488770
vt 0.366211 0.489746
vt 0.359131 0.500244
vt 0.181641 0.643066
vt 0.177490 0.654541
vt 0.164062 0.642334
vt 0.134644 0.426270
vt 0.127441 0.415527
vt 0.136230 0.415039
vt 0.076477 0.295410
vt 0.074524 0.306641
vt 0.067810 0.296387
vt 0.491699 0.892761
vt 0.525879 0.905151
vt 0.490479 0.922363
vt 0.679199 0.707031
vt 0.689453 0.704590
vt 0.685547 0.712158
vt 0.927246 0.115723
vt 0.925293 0.131836
vt 0.916504 0.125000
vt 0.224609 0.542725
vt 0.209717 0.548340
vt 0.504883 0.531006
vt 0.492676 0.534424
vt 0.493164 0.519043
vt 0.402588 0.938049
vt 0.994141 0.814331
vt 0.993652 0.796753
vt 0.263916 0.952209
vt 0.277100 0.955994
vt 0.265381 0.962219
vt 0.200195 0.526367
vt 0.182739 0.535889
vt 0.185425 0.517822
vt 0.196167 0.132812
vt 0.625488 0.041016
vt 0.618164 0.036621
vt 0.604980 0.039062
vt 0.590332 0.030762
vt 0.609863 0.027832
vt 0.151978 0.698242
vt 0.159424 0.701416
vt 0.927246 0.424316
vt 0.917480 0.424316
vt 0.920898 0.415527
vt 0.174194 0.636230
vt 0.339844 0.166016
vt 0.330566 0.178711
vt 0.329102 0.161133
vt 0.035706 0.019043
vt 0.187256 0.052734
vt 0.183716 0.060059
vt 0.171509 0.053223
vt 0.587402 0.145508
vt 0.576660 0.132324
vt 0.595215 0.132324
vt 0.685547 0.557373
vt 0.694824 0.564453
vt 0.310059 0.739502
vt 0.210327 0.235352
vt 0.199585 0.239746
vt 0.202148 0.228516
vt 0.453857 0.745850
vt 0.457764 0.735107
vt 0.466797 0.745605
vt 0.127319 0.251465
vt 0.124634 0.265625
vt 0.329590 0.520264
vt 0.331543 0.514893
vt 0.875488 0.720459
vt 0.895996 0.729492
vt 0.886230 0.088379
vt 0.878906 0.084961
vt 0.268799 0.928833
vt 0.058990 0.269531
vt 0.058899 0.259766
vt 0.521973 0.269043
vt 0.516602 0.274902
vt 0.513672 0.260254
vt 0.848633 0.543213
vt 0.841309 0.553711
vt 0.830078 0.540527
vt 0.495605 0.991676
vt 0.517090 0.998037
vt 0.507324 0.999949
vt 0.448730 0.848877
vt 0.437500 0.859497
vt 0.609375 0.411621
vt 0.614746 0.395508
vt 0.451904 0.837158
vt 0.588867 0.685791
vt 0.606934 0.679443
vt 0.624023 0.378418
vt 0.626465 0.388184
vt 0.617188 0.385254
vt 0.620605 0.996597
vt 0.614258 0.998999
vt 0.080994 0.137695
vt 0.078674 0.127441
vt 0.199707 0.590088
vt 0.198730 0.605713
vt 0.187988 0.597900
vt 0.127197 0.203125
vt 0.142334 0.199707
vt 0.146606 0.204102
vt 0.923828 0.233398
vt 0.912109 0.246094
vt 0.087585 0.409180
vt 0.074707 0.427246
vt 0.458008 0.291992
vt 0.887207 0.670654
vt 0.874512 0.666748
vt 0.170166 0.921570
vt 0.178833 0.914917
vt 0.180786 0.934082
vt 0.836426 0.354004
vt 0.848633 0.365723
vt 0.491699 0.121582
vt 0.320312 0.675781
vt 0.314209 0.671143
vt 0.849609 0.930298
vt 0.836426 0.934875
vt 0.838379 0.925537
vt 0.306152 0.944977
vt 0.305420 0.935486
vt 0.321045 0.940674
vt 0.726562 0.770508
vt 0.737793 0.760620
vt 0.658691 0.114258
vt 0.806641 0.066406
vt 0.817383 0.062012
vt 0.276367 0.935303
vt 0.273193 0.946503
vt 0.591309 0.477051
vt 0.604004 0.482422
vt 0.601074 0.488281
vt 0.317627 0.055176
vt 0.326660 0.065918
vt 0.314697 0.071289
vt 0.913574 0.018555
vt 0.920898 0.015625
vt 0.916992 0.030273
vt 0.245239 0.247070
vt 0.680664 0.972656
vt 0.688965 0.963837
vt 0.689941 0.976364
vt 0.307373 0.156738
vt 0.291748 0.151367
vt 0.305420 0.145996
vt 0.346191 0.625977
vt 0.605957 0.867554
vt 0.604004 0.856567
vt 0.612305 0.852783
vt 0.274414 0.286621
vt 0.268799 0.296387
vt 0.265381 0.290039
vt 0.247803 0.236328
vt 0.240112 0.234863
vt 0.250732 0.230957
vt 0.874023 0.970459
vt 0.860352 0.976257
vt 0.861328 0.967285
vt 0.495117 0.788940
vt 0.478027 0.795898
vt 0.820801 0.515869
vt 0.809082 0.520264
vt 0.812500 0.512451
vt 0.178589 0.203613
vt 0.165283 0.210938
vt 0.169678 0.190430
vt 0.073853 0.226562
vt 0.060852 0.211914
vt 0.077393 0.210938
vt 0.336426 0.542969
vt 0.175049 0.875305
vt 0.183960 0.860474
vt 0.110046 0.718994
vt 0.508789 0.505371
vt 0.519043 0.514160
vt 0.508789 0.517578
vt 0.572266 0.210938
vt 0.562500 0.218750
vt 0.571777 0.198242
vt 0.328125 0.810791
vt 0.336426 0.818848
vt 0.327881 0.824707
vt 0.243164 0.940216
vt 0.639160 0.211426
vt 0.653320 0.205078
vt 0.650391 0.217285
vt 0.059021 0.905029
vt 0.065430 0.896057
vt 0.291016 0.879089
vt 0.302734 0.875977
vt 0.297852 0.888733
vt 0.844238 0.476074
vt 0.346436 0.724121
vt 0.337891 0.726318
vt 0.943359 0.757935
vt 0.957031 0.757690
vt 0.946777 0.764282
vt 0.444824 0.389160
vt 0.455322 0.404297
vt 0.933105 0.762451
vt 0.939941 0.769409
vt 0.928711 0.770996
vt 0.358154 0.266113
vt 0.346924 0.262207
vt 0.357910 0.259766
vt 0.348877 0.198730
vt 0.334473 0.193359
vt 0.318359 0.189453
vt 0.327881 0.178223
vt 0.331543 0.212891
vt 0.338623 0.208008
vt 0.641602 0.839111
vt 0.895996 0.257324
vt 0.893066 0.271973
vt 0.888672 0.261230
vt 0.413574 0.258301
vt 0.415283 0.268066
vt 0.406006 0.262207
vt 0.978027 0.738525
vt 0.978027 0.745850
vt 0.099304 0.723145
vt 0.092041 0.730225
vt 0.874512 0.964142
vt 0.887207 0.962738
vt 0.892090 0.970901
vt 0.109802 0.948853
vt 0.104858 0.941772
vt 0.113525 0.941895
vt 0.068237 0.671387
vt 0.058868 0.675049
vt 0.057678 0.656494
vt 0.978027 0.844971
vt 0.561523 0.348145
vt 0.542969 0.357422
vt 0.551758 0.341309
vt 0.774902 0.957062
vt 0.789551 0.953918
vt 0.547852 0.224609
vt 0.781738 0.101074
vt 0.780273 0.087891
vt 0.318604 0.712891
vt 0.314697 0.719727
vt 0.305176 0.718994
vt 0.350342 0.509766
vt 0.367432 0.258301
vt 0.369873 0.256836
vt 0.357422 0.677490
vt 0.971191 0.576172
vt 0.151367 0.226074
vt 0.148926 0.215332
vt 0.161377 0.213867
vt 0.272949 0.689697
vt 0.275391 0.680664
vt 0.285889 0.682617
vt 0.926758 0.951172
vt 0.487549 0.052734
vt 0.481689 0.050293
vt 0.489014 0.046387
vt 0.633789 0.571533
vt 0.638672 0.597900
vt 0.119629 0.216797
vt 0.131348 0.221191
vt 0.372070 0.882446
vt 0.730469 0.057129
vt 0.609863 0.965546
vt 0.631836 0.826660
vt 0.933105 0.657959
vt 0.800781 0.117188
vt 0.793457 0.110352
vt 0.804199 0.110840
vt 0.989746 0.981552
vt 0.984375 0.971512
vt 0.994141 0.968109
vt 0.140381 0.547119
vt 0.142700 0.560059
vt 0.130493 0.554688
vt 0.537598 0.755249
vt 0.543457 0.749268
vt 0.549805 0.766235
vt 0.782227 0.307617
vt 0.790039 0.298340
vt 0.789551 0.313477
vt 0.360107 0.387695
vt 0.360352 0.401367
vt 0.798340 0.211426
vt 0.782227 0.203613
vt 0.791016 0.197754
vt 0.376953 0.708740
vt 0.369141 0.714355
vt 0.569336 0.730713
vt 0.571777 0.725586
vt 0.583984 0.733398
vt 0.281006 0.465820
vt 0.290039 0.484375
vt 0.963867 0.992004
vt 0.957520 0.984978
vt 0.968262 0.976410
vt 0.714844 0.967743
vt 0.702637 0.966492
vt 0.666504 0.260742
vt 0.679199 0.269043
vt 0.743652 0.328613
vt 0.746094 0.338379
vt 0.734863 0.337891
vt 0.417725 0.082520
vt 0.426514 0.077637
vt 0.428955 0.092285
vt 0.955566 0.387207
vt 0.963379 0.390625
vt 0.852539 0.116699
vt 0.846191 0.107910
vt 0.777344 0.278320
vt 0.784180 0.284668
vt 0.765137 0.233398
vt 0.778809 0.233887
vt 0.774902 0.249512
vt 0.876465 0.835083
vt 0.889160 0.846558
vt 0.633789 0.284668
vt 0.624023 0.272949
vt 0.570801 0.678955
vt 0.583984 0.673828
vt 0.682617 0.176270
vt 0.668457 0.178223
vt 0.666992 0.169922
vt 0.774414 0.116211
vt 0.769531 0.109375
vt 0.785156 0.108887
vt 0.432617 0.403320
vt 0.438965 0.417480
vt 0.423096 0.206543
vt 0.419434 0.202637
vt 0.559082 0.886230
vt 0.395508 0.728760
vt 0.398193 0.734863
vt 0.329102 0.223145
vt 0.324707 0.223633
vt 0.325195 0.211914
vt 0.398926 0.701416
vt 0.410156 0.693848
vt 0.417480 0.702637
vt 0.401367 0.915466
vt 0.409180 0.922913
vt 0.394287 0.922546
vt 0.260254 0.313965
vt 0.663574 0.193359
vt 0.655762 0.179199
vt 0.886230 0.071777
vt 0.867676 0.073730
vt 0.872559 0.058105
vt 0.934570 0.320801
vt 0.955078 0.315430
vt 0.941895 0.330566
vt 0.965820 0.111328
vt 0.972168 0.121094
vt 0.029160 0.916687
vt 0.020889 0.903381
vt 0.040192 0.895203
vt 0.732910 0.047852
vt 0.046234 0.211426
vt 0.054565 0.201660
vt 0.040131 0.571045
vt 0.039185 0.552246
vt 0.050354 0.554688
vt 0.288818 0.236816
vt 0.406006 0.346191
vt 0.409424 0.340820
vt 0.421387 0.344238
vt 0.753418 0.765625
vt 0.135132 0.266602
vt 0.142456 0.281250
vt 0.129395 0.286133
vt 0.830566 0.820801
vt 0.744141 0.474121
vt 0.738770 0.480957
vt 0.741211 0.461426
vt 0.021332 0.122070
vt 0.013382 0.125977
vt 0.026199 0.108398
vt 0.207520 0.626709
vt 0.211060 0.637207
vt 0.197998 0.632568
vt 0.620117 0.300293
vt 0.639648 0.303223
vt 0.448730 0.371582
vt 0.450684 0.385254
vt 0.145264 0.381348
vt 0.139404 0.365234
vt 0.119690 0.048340
vt 0.111389 0.045898
vt 0.116638 0.035645
vt 0.238159 0.305176
vt 0.042511 0.860352
vt 0.036255 0.875732
vt 0.859375 0.605713
vt 0.875488 0.608398
vt 0.863770 0.616943
vt 0.698242 0.410645
vt 0.685059 0.416992
vt 0.629883 0.882446
vt 0.634766 0.883606
vt 0.623047 0.886597
vt 0.270508 0.238770
vt 0.532227 0.843262
vt 0.541992 0.834229
vt 0.471680 0.883301
vt 0.888184 0.520508
vt 0.898438 0.530518
vt 0.736816 0.091797
vt 0.732910 0.107422
vt 0.277100 0.497559
vt 0.288574 0.486816
vt 0.394531 0.124023
vt 0.398438 0.137695
vt 0.253174 0.296387
vt 0.262695 0.310059
vt 0.866699 0.307129
vt 0.602051 0.893127
vt 0.948242 0.034668
vt 0.957031 0.033691
vt 0.544434 0.038086
vt 0.551758 0.027344
vt 0.552246 0.037109
vt 0.458496 0.823120
vt 0.450928 0.826050
vt 0.454834 0.818848
vt 0.840820 0.213379
vt 0.832520 0.226074
vt 0.619629 0.517090
vt 0.630371 0.534180
vt 0.625000 0.536621
vt 0.262939 0.320312
vt 0.349121 0.168945
vt 0.862793 0.205078
vt 0.101624 0.130859
vt 0.098145 0.122559
vt 0.113281 0.128906
vt 0.888184 0.045898
vt 0.867188 0.046387
vt 0.642090 0.185059
vt 0.637695 0.179688
vt 0.640137 0.177734
vt 0.378662 0.760986
vt 0.385986 0.767944
vt 0.373779 0.770386
vt 0.306396 0.890991
vt 0.303467 0.899902
vt 0.164429 0.481934
vt 0.180176 0.488770
vt 0.164307 0.498047
vt 0.536621 0.747559
vt 0.907715 0.311035
vt 0.907715 0.316406
vt 0.139771 0.481445
vt 0.126465 0.483398
vt 0.127441 0.470215
vt 0.432129 0.233398
vt 0.430420 0.245117
vt 0.719727 0.592285
vt 0.374512 0.100098
vt 0.370605 0.092773
vt 0.385010 0.092773
vt 0.832520 0.214355
vt 0.426270 0.415527
vt 0.422363 0.429688
vt 0.415771 0.418945
vt 0.925293 0.504395
vt 0.705566 0.289551
vt 0.407227 0.143555
vt 0.416992 0.139648
vt 0.628418 0.927124
vt 0.077637 0.284180
vt 0.069885 0.283691
vt 0.239136 0.290527
vt 0.204590 0.152344
vt 0.750977 0.715820
vt 0.742676 0.716064
vt 0.743164 0.695557
vt 0.715332 0.265137
vt 0.174072 0.335449
vt 0.711914 0.571045
vt 0.719238 0.577881
vt 0.711914 0.574951
vt 0.217041 0.099609
vt 0.217896 0.109375
vt 0.208740 0.104004
vt 0.974121 0.461914
vt 0.990723 0.458008
vt 0.985840 0.478027
vt 0.418945 0.927979
vt 0.412598 0.936890
vt 0.514160 0.021973
vt 0.515625 0.014648
vt 0.527832 0.019531
vt 0.620605 0.501221
vt 0.630859 0.509033
vt 0.624512 0.515869
vt 0.718750 0.292969
vt 0.733398 0.302246
vt 0.719727 0.305176
vt 0.204590 0.902405
vt 0.297363 0.490723
vt 0.946777 0.360352
vt 0.937988 0.365723
vt 0.413086 0.615234
vt 0.392090 0.610352
vt 0.750000 0.021973
vt 0.748535 0.032227
vt 0.734863 0.029297
vt 0.303223 0.312988
vt 0.312256 0.309082
vt 0.307373 0.320801
vt 0.896484 0.153320
vt 0.885742 0.150391
vt 0.893555 0.143555
vt 0.215820 0.501465
vt 0.197510 0.492676
vt 0.212769 0.484375
vt 0.029282 0.439453
vt 0.040985 0.448242
vt 0.394775 0.342773
vt 0.404541 0.333496
vt 0.552246 0.304688
vt 0.544434 0.291016
vt 0.793457 0.284668
vt 0.791016 0.292969
vt 0.564453 0.996565
vt 0.568359 0.999987
vt 0.542969 0.999888
vt 0.767090 0.259277
vt 0.534180 0.934387
vt 0.686523 0.290527
vt 0.699219 0.308105
vt 0.685059 0.300293
vt 0.904297 0.015137
vt 0.903320 0.028809
vt 0.894531 0.016602
vt 0.282471 0.567871
vt 0.291016 0.573242
vt 0.284180 0.578369
vt 0.305664 0.467285
vt 0.713867 0.215820
vt 0.724121 0.223633
vt 0.712891 0.225586
vt 0.872070 0.745605
vt 0.868164 0.762085
vt 0.858887 0.740967
vt 0.384033 0.223633
vt 0.379395 0.224609
vt 0.376709 0.222656
vt 0.869629 0.815918
vt 0.868164 0.800537
vt 0.894531 0.443848
vt 0.910645 0.436523
vt 0.902344 0.445801
vt 0.864258 0.164551
vt 0.854980 0.161133
vt 0.156128 0.909668
vt 0.150757 0.912964
vt 0.146118 0.903259
vt 0.447021 0.792114
vt 0.438232 0.792358
vt 0.767578 0.370605
vt 0.758301 0.377441
vt 0.092041 0.833984
vt 0.108521 0.832642
vt 0.112305 0.845459
vt 0.379639 0.567871
vt 0.365479 0.568359
vt 0.931152 0.221191
vt 0.939453 0.192383
vt 0.628906 0.466797
vt 0.640137 0.458496
vt 0.655762 0.462891
vt 0.738770 0.805176
vt 0.750488 0.802612
vt 0.595703 0.295410
vt 0.594238 0.309570
vt 0.589355 0.298828
vt 0.117188 0.735840
vt 0.128418 0.722412
vt 0.128174 0.728760
vt 0.454590 0.208496
vt 0.445801 0.215332
vt 0.604492 0.275391
vt 0.612793 0.286133
vt 0.616211 0.941620
vt 0.556641 0.710938
vt 0.564453 0.722412
vt 0.547363 0.723633
vt 0.907227 0.545166
vt 0.904785 0.553711
vt 0.896484 0.543945
vt 0.454346 0.593750
vt 0.367676 0.499023
vt 0.304199 0.078125
vt 0.304688 0.091309
vt 0.295166 0.084961
vt 0.432617 0.335449
vt 0.600586 0.260254
vt 0.347412 0.593506
vt 0.337402 0.582764
vt 0.346924 0.578369
vt 0.925293 0.738037
vt 0.920898 0.747314
vt 0.601562 0.691162
vt 0.614746 0.693115
vt 0.295654 0.806641
vt 0.298340 0.795654
vt 0.303711 0.810547
vt 0.885254 0.170898
vt 0.893066 0.164551
vt 0.896973 0.173828
vt 0.150391 0.403320
vt 0.920898 0.311523
vt 0.818359 0.687012
vt 0.681152 0.802612
vt 0.687500 0.791138
vt 0.686523 0.801025
vt 0.592773 0.593018
vt 0.594238 0.582031
vt 0.608887 0.591797
vt 0.654785 0.902039
vt 0.547852 0.948151
vt 0.562500 0.939453
vt 0.892090 0.792969
vt 0.875977 0.796143
vt 0.881836 0.782593
vt 0.768555 0.795776
vt 0.773438 0.791138
vt 0.768555 0.798584
vt 0.232788 0.724609
vt 0.235352 0.735596
vt 0.226318 0.728760
vt 0.301514 0.130371
vt 0.291992 0.125000
vt 0.547852 0.470703
vt 0.537598 0.472656
vt 0.539551 0.460938
vt 0.379150 0.212402
vt 0.301758 0.759277
vt 0.304688 0.745361
vt 0.722656 0.486328
vt 0.732422 0.463867
vt 0.733887 0.478516
vt 0.271240 0.525635
vt 0.109985 0.108887
vt 0.975098 0.192383
vt 0.992188 0.204590
vt 0.965332 0.210449
vt 0.558105 0.614990
vt 0.571289 0.603271
vt 0.574707 0.619141
vt 0.546387 0.896118
vt 0.555664 0.901978
vt 0.860352 0.633057
vt 0.842773 0.631348
vt 0.860840 0.617432
vt 0.174438 0.810791
vt 0.101318 0.950684
vt 0.846680 0.649658
vt 0.832031 0.643066
vt 0.696777 0.027832
vt 0.685547 0.041016
vt 0.684082 0.024414
vt 0.974121 0.727295
vt 0.971680 0.736572
vt 0.963379 0.722412
vt 0.423340 0.290527
vt 0.419678 0.297852
vt 0.412842 0.292480
vt 0.556641 0.429688
vt 0.560547 0.437988
vt 0.412598 0.591797
vt 0.800781 0.087891
vt 0.555176 0.014160
vt 0.565918 0.020508
vt 0.242676 0.605957
vt 0.235107 0.609375
vt 0.230835 0.597412
vt 0.837402 0.623779
vt 0.169312 0.111328
vt 0.181152 0.106445
vt 0.487305 0.266602
vt 0.854492 0.792480
vt 0.860352 0.794067
vt 0.506348 0.180664
vt 0.489746 0.184082
vt 0.492432 0.173828
vt 0.517090 0.125488
vt 0.507812 0.132812
vt 0.023270 0.784424
vt 0.801758 0.748291
vt 0.695801 0.778809
vt 0.942383 0.206055
vt 0.222778 0.081543
vt 0.849609 0.693604
vt 0.350342 0.095703
vt 0.338867 0.104004
vt 0.343018 0.092773
vt 0.845703 0.056152
vt 0.843750 0.058105
vt 0.576660 0.088867
vt 0.596191 0.758057
vt 0.595703 0.750000
vt 0.605957 0.759033
vt 0.408691 0.431641
vt 0.407959 0.445312
vt 0.933105 0.745850
vt 0.263672 0.390137
vt 0.252686 0.386719
vt 0.447021 0.925171
vt 0.439209 0.909424
vt 0.457031 0.920593
vt 0.713867 0.437500
vt 0.812500 0.674561
vt 0.766113 0.212402
vt 0.421875 0.331543
vt 0.027084 0.436523
vt 0.027084 0.457031
vt 0.006901 0.450195
vt 0.846680 0.976807
vt 0.842285 0.963043
vt 0.839844 0.677246
vt 0.865723 0.414062
vt 0.848633 0.419434
vt 0.851562 0.411133
vt 0.657227 0.381348
vt 0.648438 0.381836
vt 0.651367 0.371094
vt 0.976074 0.256836
vt 0.966309 0.250488
vt 0.958008 0.634033
vt 0.949219 0.643555
vt 0.944824 0.627686
vt 0.285400 0.811279
vt 0.898926 0.859375
vt 0.326416 0.875122
vt 0.315186 0.879822
vt 0.315674 0.871338
vt 0.376953 0.607178
vt 0.943848 0.913208
vt 0.953125 0.903564
vt 0.953613 0.914978
vt 0.934082 0.815674
vt 0.923828 0.797729
vt 0.937988 0.799438
vt 0.720215 0.143555
vt 0.734375 0.144531
vt 0.727051 0.154785
vt 0.861816 0.426270
vt 0.839355 0.433105
vt 0.301514 0.957184
vt 0.313232 0.966187
vt 0.302002 0.969696
vt 0.528809 0.522705
vt 0.516113 0.526367
vt 0.203003 0.115234
vt 0.199829 0.104492
vt 0.778809 0.936218
vt 0.789062 0.929016
vt 0.793457 0.940735
vt 0.052185 0.127930
vt 0.030502 0.121094
vt 0.037201 0.108398
vt 0.269287 0.257324
vt 0.272705 0.264648
vt 0.260742 0.259277
vt 0.290283 0.698730
vt 0.255127 0.655518
vt 0.937988 0.739990
vt 0.933594 0.729736
vt 0.409912 0.768188
vt 0.400391 0.779297
vt 0.394043 0.773926
vt 0.503906 0.070801
vt 0.509277 0.062500
vt 0.517578 0.067871
vt 0.717285 0.626221
vt 0.719727 0.628662
vt 0.713867 0.629639
vt 0.839844 0.493164
vt 0.831055 0.497559
vt 0.825684 0.485840
vt 0.510254 0.859253
vt 0.491699 0.867920
vt 0.496094 0.856934
vt 0.696289 0.431641
vt 0.687988 0.429688
vt 0.713379 0.309082
vt 0.720215 0.319824
vt 0.365234 0.133789
vt 0.975098 0.548096
vt 0.970703 0.543457
vt 0.596680 0.802124
vt 0.609375 0.813843
vt 0.590332 0.812500
vt 0.442871 0.291016
vt 0.812012 0.908203
vt 0.823730 0.910950
vt 0.936035 0.651855
vt 0.932617 0.638428
vt 0.939453 0.640625
vt 0.013756 0.111816
vt 0.019775 0.095703
vt 0.950684 0.394043
vt 0.943359 0.389648
vt 0.413818 0.285645
vt 0.419189 0.280273
vt 0.566895 0.636719
vt 0.580566 0.637695
vt 0.481934 0.290527
vt 0.470459 0.294922
vt 0.467529 0.289062
vt 0.916504 0.430176
vt 0.912109 0.429199
vt 0.912598 0.425293
vt 0.558594 0.074219
vt 0.554688 0.062988
vt 0.569336 0.066406
vt 0.753906 0.185547
vt 0.746094 0.172363
vt 0.755859 0.167480
vt 0.332520 0.279297
vt 0.341309 0.270996
vt 0.347656 0.282715
vt 0.181519 0.443848
vt 0.170410 0.433594
vt 0.182495 0.434570
vt 0.136597 0.899597
vt 0.451416 0.317871
vt 0.441162 0.315430
vt 0.452393 0.311035
vt 0.471436 0.024414
vt 0.918945 0.109375
vt 0.924805 0.104004
vt 0.364258 0.849243
vt 0.347900 0.848999
vt 0.346436 0.841553
vt 0.363770 0.842407
vt 0.597168 0.324219
vt 0.590820 0.314941
vt 0.601074 0.321777
vt 0.856445 0.268555
vt 0.510254 0.044922
vt 0.521484 0.054199
vt 0.510742 0.053223
vt 0.222778 0.716553
vt 0.449707 0.860107
vt 0.904785 0.297363
vt 0.915039 0.301270
vt 0.539551 0.019531
vt 0.158813 0.851562
vt 0.983398 0.238281
vt 0.351807 0.781616
vt 0.335205 0.779297
vt 0.328125 0.696777
vt 0.325684 0.694824
vt 0.706055 0.699219
vt 0.701660 0.711182
vt 0.021088 0.607910
vt 0.028671 0.600342
vt 0.030548 0.611816
vt 0.212402 0.788696
vt 0.211426 0.813965
vt 0.204468 0.817139
vt 0.541016 0.738770
vt 0.216553 0.152344
vt 0.218994 0.162598
vt 0.246582 0.394043
vt 0.235229 0.393066
vt 0.243286 0.384277
vt 0.920410 0.134277
vt 0.915527 0.144531
vt 0.906250 0.134766
vt 0.554688 0.862549
vt 0.549805 0.836792
vt 0.570801 0.284180
vt 0.573242 0.300293
vt 0.565430 0.281250
vt 0.401123 0.171387
vt 0.378662 0.176270
vt 0.086182 0.280273
vt 0.080200 0.267578
vt 0.093140 0.274414
vt 0.845215 0.067383
vt 0.854980 0.068359
vt 0.285156 0.944214
vt 0.710449 0.883789
vt 0.701172 0.877747
vt 0.711426 0.874756
vt 0.710938 0.775024
vt 0.712402 0.764160
vt 0.597168 0.145508
vt 0.907227 0.528809
vt 0.776367 0.367188
vt 0.636230 0.491211
vt 0.644531 0.508301
vt 0.633301 0.498535
vt 0.093689 0.943573
vt 0.937988 0.871094
vt 0.931152 0.875244
vt 0.929199 0.867798
vt 0.165894 0.915955
vt 0.151611 0.921204
vt 0.963379 0.556641
vt 0.949219 0.555664
vt 0.958496 0.547607
vt 0.044678 0.229980
vt 0.035767 0.216797
vt 0.140381 0.886230
vt 0.130249 0.888000
vt 0.321289 0.516113
vt 0.325195 0.523438
vt 0.145630 0.568359
vt 0.147095 0.580078
vt 0.133911 0.571045
vt 0.851562 0.079590
vt 0.785645 0.243652
vt 0.173218 0.303223
vt 0.185547 0.309082
vt 0.576172 0.053223
vt 0.579102 0.040527
vt 0.422363 0.443848
vt 0.081177 0.351562
vt 0.086914 0.338379
vt 0.096130 0.347168
vt 0.847656 0.279785
vt 0.741699 0.156250
vt 0.729980 0.165039
vt 0.908203 0.784424
vt 0.892578 0.776245
vt 0.968262 0.924255
vt 0.983398 0.930664
vt 0.883789 0.878296
vt 0.889648 0.873657
vt 0.108032 0.584717
vt 0.112305 0.595703
vt 0.102051 0.596191
vt 0.806152 0.965424
vt 0.802246 0.972137
vt 0.941406 0.306641
vt 0.285156 0.431152
vt 0.274902 0.421875
vt 0.538574 0.449707
vt 0.522461 0.438477
vt 0.535156 0.435059
vt 0.828613 0.417969
vt 0.822754 0.433105
vt 0.818848 0.426758
vt 0.895996 0.073730
vt 0.890137 0.057617
vt 0.085022 0.942596
vt 0.072083 0.945953
vt 0.076599 0.933594
vt 0.524902 0.619629
vt 0.541504 0.620605
vt 0.528320 0.625244
vt 0.543457 0.643799
vt 0.536133 0.635986
vt 0.418701 0.916565
vt 0.784180 0.788208
vt 0.787109 0.796997
vt 0.821289 0.445801
vt 0.812988 0.448242
vt 0.847656 0.814941
vt 0.136108 0.909302
vt 0.129272 0.917297
vt 0.122314 0.909485
vt 0.479004 0.299316
vt 0.491943 0.303711
vt 0.774902 0.591064
vt 0.030426 0.729492
vt 0.185425 0.562744
vt 0.093262 0.354980
vt 0.104004 0.362305
vt 0.089722 0.369629
vt 0.456543 0.795410
vt 0.452881 0.807983
vt 0.783691 0.317871
vt 0.164185 0.099609
vt 0.167969 0.080566
vt 0.174805 0.092285
vt 0.517578 0.670898
vt 0.554688 0.214355
vt 0.537598 0.223145
vt 0.971680 0.661133
vt 0.986328 0.663818
vt 0.709961 0.486328
vt 0.416748 0.665283
vt 0.422852 0.674805
vt 0.403320 0.673340
vt 0.872070 0.788696
vt 0.871094 0.784180
vt 0.246948 0.188477
vt 0.240723 0.198242
vt 0.239258 0.180176
vt 0.967773 0.008789
vt 0.963867 0.016602
vt 0.954102 0.005371
vt 0.189453 0.120605
vt 0.673828 0.424805
vt 0.600586 0.293945
vt 0.597656 0.283203
vt 0.604492 0.288086
vt 0.396484 0.481445
vt 0.379395 0.481445
vt 0.391113 0.475098
vt 0.348145 0.807739
vt 0.336182 0.797607
vt 0.347900 0.796997
vt 0.864258 0.438477
vt 0.877441 0.431152
vt 0.873535 0.447754
vt 0.094116 0.185547
vt 0.105835 0.191406
vt 0.689453 0.796509
vt 0.975586 0.939178
vt 0.631836 0.926086
vt 0.627930 0.918457
vt 0.640137 0.925537
vt 0.950684 0.943420
vt 0.888672 0.105957
vt 0.891113 0.097168
vt 0.385986 0.186035
vt 0.373535 0.190918
vt 0.182495 0.332031
vt 0.183350 0.321777
vt 0.192139 0.325195
vt 0.813477 0.695557
vt 0.339600 0.737061
vt 0.968262 0.312500
vt 0.981445 0.312988
vt 0.966309 0.323730
vt 0.638184 0.527344
vt 0.125244 0.389160
vt 0.119507 0.377441
vt 0.014343 0.336914
vt 0.003906 0.341797
vt 0.000124 0.322754
vt 0.011444 0.319336
vt 0.478760 0.124512
vt 0.463135 0.119629
vt 0.406738 0.950806
vt 0.763184 0.588379
vt 0.766602 0.597656
vt 0.941895 0.245605
vt 0.928711 0.241211
vt 0.943848 0.222168
vt 0.544922 0.788696
vt 0.537109 0.787231
vt 0.404053 0.473633
vt 0.156128 0.948975
vt 0.158691 0.963623
vt 0.144897 0.954926
vt 0.915039 0.795532
vt 0.921875 0.785645
vt 0.637207 0.200195
vt 0.640625 0.193848
vt 0.551758 0.574219
vt 0.554688 0.561768
vt 0.562988 0.566406
vt 0.345215 0.832520
vt 0.182373 0.970490
vt 0.194214 0.980164
vt 0.178345 0.977219
vt 0.433105 0.688477
vt 0.411377 0.687744
vt 0.335693 0.598877
vt 0.327637 0.585938
vt 0.777344 0.787720
vt 0.642578 0.518555
vt 0.659180 0.533203
vt 0.649414 0.534424
vt 0.628418 0.740234
vt 0.641113 0.744385
vt 0.299072 0.824219
vt 0.124756 0.243164
vt 0.118652 0.248047
vt 0.115906 0.244629
vt 0.625488 0.665771
vt 0.642090 0.656006
vt 0.645020 0.661133
vt 0.795410 0.365723
vt 0.785645 0.369629
vt 0.872559 0.816162
vt 0.881348 0.821167
vt 0.635254 0.384277
vt 0.430420 0.381836
vt 0.426270 0.365234
vt 0.437744 0.377930
vt 0.273438 0.424316
vt 0.263672 0.416504
vt 0.546387 0.733887
vt 0.527344 0.613281
vt 0.947266 0.669189
vt 0.957031 0.675049
vt 0.945801 0.677734
vt 0.783203 0.116211
vt 0.902832 0.802368
vt 0.845703 0.146484
vt 0.839844 0.142578
vt 0.848145 0.139648
vt 0.815918 0.832764
vt 0.811523 0.820557
vt 0.357666 0.089355
vt 0.346924 0.085938
vt 0.637695 0.411133
vt 0.643066 0.404785
vt 0.525879 0.663818
vt 0.520020 0.648193
vt 0.532227 0.649902
vt 0.835938 0.067383
vt 0.507812 0.269531
vt 0.291748 0.944672
vt 0.326416 0.686035
vt 0.334473 0.685547
vt 0.731445 0.423340
vt 0.730469 0.416016
vt 0.479004 0.614258
vt 0.461182 0.621338
vt 0.466797 0.600586
vt 0.962891 0.117676
vt 0.955078 0.131836
vt 0.930664 0.312500
vt 0.545410 0.135254
vt 0.888672 0.088867
vt 0.890137 0.079590
vt 0.894531 0.616211
vt 0.901855 0.623291
vt 0.886230 0.620117
vt 0.187988 0.319336
vt 0.212524 0.719238
vt 0.203125 0.717773
vt 0.211792 0.710938
vt 0.093262 0.249023
vt 0.100525 0.244141
vt 0.105042 0.256348
vt 0.497314 0.458984
vt 0.506348 0.475586
vt 0.187622 0.824829
vt 0.181885 0.834106
vt 0.180786 0.822632
vt 0.470215 0.411133
vt 0.483887 0.416992
vt 0.473145 0.423828
vt 0.686035 0.724854
vt 0.704590 0.720459
vt 0.686523 0.734375
vt 0.128174 0.736572
vt 0.110535 0.743896
vt 0.819336 0.880859
vt 0.083435 0.725586
vt 0.090698 0.708496
vt 0.449951 0.265137
vt 0.439941 0.272949
vt 0.726074 0.367188
vt 0.744141 0.358398
vt 0.383789 0.082520
vt 0.393311 0.085938
vt 0.376465 0.324219
vt 0.372559 0.315918
vt 0.386719 0.310547
vt 0.907227 0.004883
vt 0.201782 0.469727
vt 0.203125 0.456543
vt 0.436279 0.165039
vt 0.447998 0.166016
vt 0.501953 0.426270
vt 0.496582 0.436035
vt 0.495850 0.422363
vt 0.690430 0.863770
vt 0.685059 0.876770
vt 0.677246 0.871704
vt 0.177246 0.894592
vt 0.180542 0.904297
vt 0.047577 0.458008
vt 0.284424 0.268555
vt 0.296387 0.257324
vt 0.294922 0.269043
vt 0.886230 0.250488
vt 0.895996 0.247559
vt 0.894531 0.680908
vt 0.885742 0.686279
vt 0.086548 0.236816
vt 0.344727 0.325684
vt 0.326172 0.329102
vt 0.336670 0.319336
vt 0.924316 0.712891
vt 0.056244 0.395996
vt 0.069031 0.387695
vt 0.756836 0.318359
vt 0.571289 0.139160
vt 0.571289 0.148926
vt 0.553711 0.820923
vt 0.658691 0.569824
vt 0.037903 0.331543
vt 0.029541 0.321777
vt 0.047150 0.320801
vt 0.041656 0.053711
vt 0.043304 0.061035
vt 0.260986 0.475586
vt 0.903809 0.843872
vt 0.900879 0.837158
vt 0.186157 0.486328
vt 0.194946 0.479980
vt 0.163574 0.376465
vt 0.149658 0.368652
vt 0.153320 0.363281
vt 0.232544 0.296387
vt 0.908203 0.149414
vt 0.905273 0.163574
vt 0.863770 0.798096
vt 0.133667 0.054688
vt 0.147705 0.054688
vt 0.138428 0.066895
vt 0.801758 0.445801
vt 0.173218 0.443848
vt 0.160156 0.458984
vt 0.152832 0.439941
vt 0.470947 0.959076
vt 0.478516 0.953705
vt 0.480469 0.965729
vt 0.325195 0.145996
vt 0.136353 0.441895
vt 0.138428 0.448242
vt 0.074585 0.726318
vt 0.224731 0.673828
vt 0.228394 0.660400
vt 0.236328 0.662109
vt 0.840332 0.010742
vt 0.826172 0.012207
vt 0.555176 0.611328
vt 0.935059 0.593506
vt 0.915527 0.586426
vt 0.926270 0.570557
vt 0.329590 0.999801
vt 0.327393 0.993736
vt 0.331299 0.991821
vt 0.929199 0.165039
vt 0.881836 0.454102
vt 0.868652 0.461914
vt 0.107849 0.768921
vt 0.107422 0.762817
vt 0.110413 0.766968
vt 0.214844 0.401855
vt 0.203125 0.391602
vt 0.219360 0.393555
vt 0.488037 0.955170
vt 0.496338 0.969849
vt 0.424805 0.065430
vt 0.799805 0.916748
vt 0.804199 0.908142
vt 0.541504 0.537842
vt 0.536133 0.531250
vt 0.544922 0.531738
vt 0.687012 0.092285
vt 0.687988 0.073730
vt 0.144897 0.495605
vt 0.124451 0.494141
vt 0.320801 0.328613
vt 0.312500 0.332520
vt 0.312744 0.322266
vt 0.233154 0.959442
vt 0.239014 0.961517
vt 0.231934 0.971695
vt 0.191040 0.550537
vt 0.855957 0.388672
vt 0.856934 0.395996
vt 0.026703 0.092773
vt 0.033630 0.090820
vt 0.133179 0.580078
vt 0.124756 0.577637
vt 0.303467 0.407715
vt 0.910645 0.172852
vt 0.905273 0.179688
vt 0.721680 0.925049
vt 0.438232 0.336426
vt 0.453857 0.342773
vt 0.446533 0.349121
vt 0.737305 0.495605
vt 0.736816 0.515625
vt 0.729492 0.504150
vt 0.052429 0.436523
vt 0.323975 0.073242
vt 0.716309 0.622070
vt 0.712891 0.617188
vt 0.654785 0.513428
vt 0.884277 0.116699
vt 0.047119 0.675781
vt 0.266113 0.738525
vt 0.518066 0.280762
vt 0.524414 0.290527
vt 0.015488 0.733398
vt 0.008003 0.726807
vt 0.405273 0.527832
vt 0.401367 0.541748
vt 0.388916 0.530518
vt 0.465576 0.579834
vt 0.463379 0.567627
vt 0.476318 0.565918
vt 0.093262 0.975250
vt 0.100159 0.962097
vt 0.106934 0.968826
vt 0.080811 0.326172
vt 0.077820 0.338867
vt 0.065857 0.325195
vt 0.748047 0.694092
vt 0.803711 0.393555
vt 0.802246 0.372559
vt 0.242065 0.059570
vt 0.225708 0.053711
vt 0.899414 0.673828
vt 0.910156 0.672852
vt 0.902344 0.684814
vt 0.409912 0.243164
vt 0.840820 0.510498
vt 0.103455 0.299805
vt 0.093384 0.316895
vt 0.859375 0.148438
vt 0.069031 0.927673
vt 0.822754 0.362793
vt 0.223389 0.422852
vt 0.243286 0.426758
vt 0.105042 0.026855
vt 0.116638 0.027832
vt 0.977539 0.174805
vt 0.981934 0.180664
vt 0.680176 0.687012
vt 0.665527 0.666748
vt 0.680176 0.673828
vt 0.663086 0.259277
vt 0.660645 0.278320
vt 0.614746 0.646240
vt 0.622070 0.641602
vt 0.618652 0.648438
vt 0.016953 0.885193
vt 0.020462 0.874390
vt 0.032806 0.878906
vt 0.896973 0.848999
vt 0.892578 0.840698
vt 0.955566 0.142090
vt 0.937988 0.136230
vt 0.231079 0.747559
vt 0.229858 0.757568
vt 0.220581 0.742920
vt 0.958984 0.623779
vt 0.981445 0.419434
vt 0.864746 0.786743
vt 0.856445 0.784790
vt 0.864746 0.772583
vt 0.782715 0.188477
vt 0.063110 0.512695
vt 0.792969 0.123047
vt 0.791992 0.120117
vt 0.798828 0.127441
vt 0.995117 0.272461
vt 0.982422 0.272461
vt 0.066956 0.046387
vt 0.050171 0.045898
vt 0.058563 0.038086
vt 0.644043 0.937134
vt 0.644043 0.297363
vt 0.625977 0.289551
vt 0.111633 0.989540
vt 0.105103 0.978378
vt 0.115295 0.978241
vt 0.216553 0.368652
vt 0.328613 0.912048
vt 0.311035 0.918335
vt 0.315186 0.899780
vt 0.472900 0.349121
vt 0.479492 0.361816
vt 0.468018 0.364746
vt 0.418701 0.247559
vt 0.419434 0.259277
vt 0.923340 0.863037
vt 0.937500 0.861572
vt 0.074036 0.118164
vt 0.060791 0.118652
vt 0.970215 0.855835
vt 0.983887 0.852783
vt 0.288574 0.961853
vt 0.278564 0.968262
vt 0.657227 0.660400
vt 0.994141 0.395996
vt 0.366943 0.926331
vt 0.366943 0.934753
vt 0.357666 0.934998
vt 0.288330 0.278320
vt 0.278564 0.279297
vt 0.445068 0.947998
vt 0.453125 0.943298
vt 0.456299 0.957947
vt 0.500977 0.835205
vt 0.488525 0.850220
vt 0.479980 0.840454
vt 0.477295 0.586426
vt 0.186523 0.359863
vt 0.178223 0.358887
vt 0.184204 0.354980
vt 0.591797 0.864502
vt 0.599609 0.877869
vt 0.591309 0.885986
vt 0.520996 0.422852
vt 0.516602 0.435059
vt 0.511719 0.427734
vt 0.016388 0.036133
vt 0.013008 0.028320
vt 0.021942 0.038086
vt 0.736328 0.566895
vt 0.729004 0.569336
vt 0.726074 0.543701
vt 0.649902 0.097168
vt 0.650879 0.081055
vt 0.675293 0.360352
vt 0.677734 0.366699
vt 0.497803 0.698730
vt 0.486572 0.717773
vt 0.476074 0.700439
vt 0.877930 0.599609
vt 0.860840 0.597656
vt 0.872559 0.591309
vt 0.897949 0.551025
vt 0.887207 0.552734
vt 0.887207 0.540039
vt 0.529297 0.285645
vt 0.141846 0.688232
vt 0.139160 0.693848
vt 0.536621 0.718018
vt 0.256348 0.769531
vt 0.275391 0.763428
vt 0.274414 0.773560
vt 0.396973 0.849121
vt 0.385498 0.843384
vt 0.387695 0.837524
vt 0.569336 0.359863
vt 0.577637 0.377441
vt 0.566895 0.376953
vt 0.824219 0.060059
vt 0.812988 0.052734
vt 0.161133 0.813721
vt 0.260254 0.802490
vt 0.256592 0.789795
vt 0.606934 0.500977
vt 0.587891 0.489258
vt 0.447266 0.999853
vt 0.429199 0.999853
vt 0.440918 0.994236
vt 0.822754 0.571045
vt 0.824219 0.580566
vt 0.812988 0.567383
vt 0.401367 0.248535
vt 0.296143 0.554199
vt 0.288818 0.555664
vt 0.298340 0.550537
vt 0.042633 0.868042
vt 0.052032 0.874634
vt 0.462402 0.215820
vt 0.480713 0.220215
vt 0.471191 0.229004
vt 0.037659 0.822266
vt 0.048981 0.817871
vt 0.575684 0.915649
vt 0.623535 0.476074
vt 0.627930 0.486328
vt 0.715820 0.796387
vt 0.705566 0.801514
vt 0.709961 0.789917
vt 0.278564 0.068359
vt 0.274170 0.057617
vt 0.858398 0.187500
vt 0.854980 0.195312
vt 0.393311 0.693604
vt 0.377686 0.695557
vt 0.007023 0.147461
vt 0.015991 0.158691
vt 0.783203 0.299316
vt 0.183838 0.870972
vt 0.296143 0.197754
vt 0.308838 0.205566
vt 0.971680 0.961609
vt 0.979004 0.974258
vt 0.457520 0.094238
vt 0.204346 0.658936
vt 0.209961 0.656250
vt 0.915527 0.308594
vt 0.072327 0.690430
vt 0.062012 0.693604
vt 0.061005 0.684570
vt 0.153564 0.727051
vt 0.142456 0.738525
vt 0.142822 0.722168
vt 0.381104 0.729004
vt 0.372314 0.735352
vt 0.887695 0.695312
vt 0.874512 0.703613
vt 0.626953 0.878662
vt 0.638672 0.864258
vt 0.635254 0.880371
vt 0.875977 0.110352
vt 0.475586 0.161621
vt 0.488281 0.161133
vt 0.488037 0.177246
vt 0.147827 0.259766
vt 0.747559 0.149902
vt 0.771973 0.148438
vt 0.763672 0.163086
vt 0.877930 0.485352
vt 0.897949 0.488281
vt 0.884277 0.495605
vt 0.423828 0.968048
vt 0.414795 0.975601
vt 0.417725 0.963287
vt 0.373047 0.752686
vt 0.009972 0.934937
vt 0.009972 0.921570
vt 0.026108 0.929871
vt 0.447510 0.092773
vt 0.455322 0.077148
vt 0.243530 0.323242
vt 0.237061 0.327148
vt 0.230469 0.320312
vt 0.877930 0.416016
vt 0.868164 0.411133
vt 0.868652 0.405273
vt 0.270752 0.413086
vt 0.592773 0.736572
vt 0.592285 0.741699
vt 0.897949 0.109375
vt 0.904297 0.419434
vt 0.926270 0.698242
vt 0.917969 0.715576
vt 0.910645 0.708496
vt 0.451416 0.223145
vt 0.196167 0.804810
vt 0.203247 0.786011
vt 0.198975 0.807251
vt 0.299805 0.613770
vt 0.312988 0.606201
vt 0.034393 0.635010
vt 0.034668 0.631348
vt 0.036469 0.634277
vt 0.947266 0.065430
vt 0.933594 0.056152
vt 0.946289 0.048340
vt 0.970215 0.626465
vt 0.756348 0.944733
vt 0.748047 0.953857
vt 0.742676 0.946381
vt 0.184204 0.416992
vt 0.185303 0.427734
vt 0.174438 0.416504
vt 0.340820 0.672363
vt 0.343262 0.658447
vt 0.266846 0.970703
vt 0.664551 0.599121
vt 0.689453 0.605469
vt 0.670410 0.609375
vt 0.383301 0.778564
vt 0.368164 0.781616
vt 0.680176 0.727295
vt 0.686035 0.740723
vt 0.479980 0.254395
vt 0.493164 0.250000
vt 0.446533 0.059570
vt 0.435059 0.056152
vt 0.444336 0.043945
vt 0.189331 0.836914
vt 0.372314 0.264648
vt 0.368164 0.271973
vt 0.205444 0.094727
vt 0.991699 0.726318
vt 0.985352 0.724121
vt 0.987793 0.717529
vt 0.472412 0.495117
vt 0.057709 0.098633
vt 0.973145 0.295898
vt 0.984375 0.299805
vt 0.973145 0.304199
vt 0.447266 0.028809
vt 0.434570 0.040039
vt 0.436768 0.029785
vt 0.743164 0.127441
vt 0.763672 0.139648
vt 0.747559 0.141113
vt 0.406982 0.994453
vt 0.416748 0.994110
vt 0.421631 0.999977
vt 0.317871 0.543213
vt 0.475098 0.873779
vt 0.515137 0.866577
vt 0.429688 0.191406
vt 0.440674 0.207031
vt 0.828125 0.080566
vt 0.238892 0.669678
vt 0.246094 0.671387
vt 0.833984 0.126953
vt 0.440430 0.635498
vt 0.981445 0.441406
vt 0.964355 0.446289
vt 0.972168 0.426758
vt 0.421875 0.493164
vt 0.412842 0.489258
vt 0.378906 0.208008
vt 0.367432 0.203125
vt 0.370361 0.198242
vt 0.243042 0.746338
vt 0.239014 0.763428
vt 0.206543 0.253418
vt 0.201782 0.268555
vt 0.198364 0.258301
vt 0.228516 0.892883
vt 0.215088 0.905151
vt 0.219238 0.885986
vt 0.400879 0.150879
vt 0.507812 0.436523
vt 0.363525 0.238770
vt 0.361084 0.242676
vt 0.359375 0.238770
vt 0.361816 0.233398
vt 0.584961 0.249023
vt 0.586426 0.893799
vt 0.681152 0.613770
vt 0.699707 0.615723
vt 0.679688 0.621582
vt 0.286377 0.257812
vt 0.273926 0.919067
vt 0.287598 0.921082
vt 0.280273 0.937317
vt 0.864258 0.122559
vt 0.866211 0.129883
vt 0.857910 0.125000
vt 0.445068 0.229492
vt 0.799805 0.456543
vt 0.792969 0.456543
vt 0.793945 0.450684
vt 0.567871 0.672607
vt 0.583008 0.669189
vt 0.459961 0.138184
vt 0.464355 0.123047
vt 0.662598 0.618652
vt 0.818359 0.960327
vt 0.822754 0.971024
vt 0.253174 0.012695
vt 0.243164 0.015137
vt 0.542480 0.884888
vt 0.672363 0.045898
vt 0.679688 0.061035
vt 0.668457 0.062988
vt 0.885254 0.416992
vt 0.876953 0.420898
vt 0.941895 0.750366
vt 0.935059 0.755371
vt 0.549316 0.933594
vt 0.536133 0.937012
vt 0.706055 0.059570
vt 0.697266 0.070801
vt 0.596680 0.379883
vt 0.061859 0.912476
vt 0.064331 0.904175
vt 0.071594 0.912415
vt 0.821777 0.318359
vt 0.833984 0.314453
vt 0.846191 0.318359
vt 0.272217 0.330078
vt 0.257324 0.324219
vt 0.412109 0.301270
vt 0.422363 0.311035
vt 0.410400 0.305664
vt 0.585449 0.228027
vt 0.163452 0.769409
vt 0.173218 0.768066
vt 0.165771 0.776733
vt 0.201172 0.702148
vt 0.209717 0.698242
vt 0.211548 0.703613
vt 0.202515 0.706299
vt 0.936523 0.614502
vt 0.937988 0.628174
vt 0.930176 0.616455
vt 0.556152 0.730957
vt 0.561035 0.743408
vt 0.241455 0.403809
vt 0.775879 0.575684
vt 0.630371 0.126465
vt 0.259033 0.132812
vt 0.252930 0.126953
vt 0.259033 0.129395
vt 0.032990 0.728027
vt 0.711426 0.584961
vt 0.647461 0.756226
vt 0.916016 0.485352
vt 0.745605 0.110352
vt 0.759277 0.107422
vt 0.755371 0.123047
vt 0.470703 0.207031
vt 0.477295 0.189941
vt 0.017075 0.590820
vt 0.026062 0.585693
vt 0.032776 0.594727
vt 0.612793 0.495117
vt 0.228638 0.774902
vt 0.955078 0.474609
vt 0.947266 0.487305
vt 0.943359 0.471191
vt 0.140747 0.708984
vt 0.129028 0.707764
vt 0.305908 0.635254
vt 0.310303 0.647217
vt 0.300781 0.646973
vt 0.585938 0.316406
vt 0.581055 0.316895
vt 0.128174 0.038086
vt 0.714844 0.834595
vt 0.709473 0.849731
vt 0.027374 0.047363
vt 0.657227 0.148926
vt 0.904297 0.235352
vt 0.868652 0.930359
vt 0.855469 0.928162
vt 0.862793 0.917053
vt 0.162842 0.682861
vt 0.960938 0.858398
vt 0.966797 0.849365
vt 0.140991 0.094727
vt 0.147461 0.104004
vt 0.130981 0.105469
vt 0.364990 0.425781
vt 0.355957 0.417480
vt 0.366943 0.407227
vt 0.340576 0.084473
vt 0.332031 0.088379
vt 0.168213 0.698486
vt 0.158447 0.691162
vt 0.983887 0.959778
vt 0.248779 0.963226
vt 0.240967 0.966248
vt 0.173828 0.081055
vt 0.164185 0.066895
vt 0.275391 0.229980
vt 0.658203 0.291504
vt 0.643555 0.284180
vt 0.605957 0.988037
vt 0.600098 0.978348
vt 0.737305 0.968170
vt 0.748047 0.968628
vt 0.740234 0.980377
vt 0.628418 0.894775
vt 0.825195 0.093262
vt 0.410645 0.476562
vt 0.398682 0.483887
vt 0.249023 0.991676
vt 0.255127 0.999946
vt 0.240967 0.997484
vt 0.918457 0.832153
vt 0.925293 0.824707
vt 0.928223 0.833252
vt 0.976562 0.867432
vt 0.980957 0.860229
vt 0.462158 0.173340
vt 0.955566 0.330566
vt 0.948242 0.339844
vt 0.536621 0.308105
vt 0.896484 0.869507
vt 0.711426 0.094727
vt 0.702148 0.086914
vt 0.495117 0.673340
vt 0.479492 0.670166
vt 0.336426 0.469238
vt 0.343750 0.458496
vt 0.344482 0.478516
vt 0.042603 0.387695
vt 0.049194 0.397461
vt 0.041718 0.399414
vt 0.064026 0.169922
vt 0.250000 0.975479
vt 0.238281 0.978607
vt 0.956055 0.845215
vt 0.953125 0.851562
vt 0.115479 0.470215
vt 0.109131 0.455078
vt 0.843750 0.052246
vt 0.848145 0.046387
vt 0.934082 0.479004
vt 0.121948 0.117676
vt 0.803711 0.293945
vt 0.743164 0.406738
vt 0.751953 0.387695
vt 0.757324 0.416992
vt 0.318848 0.440430
vt 0.330566 0.454102
vt 0.316406 0.452148
vt 0.811035 0.614990
vt 0.807617 0.623047
vt 0.796875 0.615234
vt 0.427979 0.791870
vt 0.417725 0.799316
vt 0.501465 0.847778
vt 0.513672 0.848267
vt 0.225220 0.273926
vt 0.218994 0.266602
vt 0.026627 0.329590
vt 0.627441 0.923950
vt 0.825195 0.938568
vt 0.705078 0.267578
vt 0.060394 0.292969
vt 0.049744 0.282715
vt 0.065063 0.286621
vt 0.463379 0.042480
vt 0.464600 0.058594
vt 0.724121 0.693359
vt 0.916504 0.640625
vt 0.907715 0.637451
vt 0.905273 0.628418
vt 0.473145 0.437012
vt 0.481445 0.434570
vt 0.187866 0.228516
vt 0.175171 0.218750
vt 0.190552 0.205566
vt 0.916016 0.406738
vt 0.901855 0.403809
vt 0.246460 0.122070
vt 0.241455 0.117188
vt 0.248779 0.120605
vt 0.704102 0.035156
vt 0.806152 0.775513
vt 0.807129 0.782471
vt 0.926758 0.979309
vt 0.910156 0.972260
vt 0.928223 0.972122
vt 0.295898 0.013184
vt 0.422607 0.466309
vt 0.424805 0.456055
vt 0.955566 0.826538
vt 0.963379 0.831665
vt 0.949707 0.838867
vt 0.240967 0.217773
vt 0.229248 0.215332
vt 0.229858 0.208984
vt 0.359131 0.209961
vt 0.425781 0.502441
vt 0.434814 0.509521
vt 0.427490 0.519043
vt 0.595215 0.664551
vt 0.303223 0.510986
vt 0.166870 0.368164
vt 0.015511 0.077637
vt 0.022919 0.078613
vt 0.230347 0.199707
vt 0.221191 0.210449
vt 0.218384 0.196289
vt 0.279297 0.827271
vt 0.838867 0.152344
vt 0.835449 0.163086
vt 0.832520 0.157227
vt 0.565918 0.263672
vt 0.850586 0.122559
vt 0.469727 0.279297
vt 0.474365 0.283203
vt 0.779785 0.982605
vt 0.767578 0.993095
vt 0.762695 0.981247
vt 0.579590 0.725830
vt 0.812988 0.651367
vt 0.695801 0.192383
vt 0.365479 0.555908
vt 0.984863 0.780396
vt 0.975098 0.785278
vt 0.556641 0.647461
vt 0.571289 0.644531
vt 0.563477 0.653076
vt 0.785156 0.120605
vt 0.606445 0.643555
vt 0.397705 0.384277
vt 0.397705 0.396973
vt 0.969727 0.555908
vt 0.352051 0.486328
vt 0.334961 0.491211
vt 0.299805 0.336426
vt 0.294922 0.324707
vt 0.959961 0.740723
vt 0.067383 0.424805
vt 0.059082 0.418457
vt 0.088623 0.544434
vt 0.102600 0.548096
vt 0.051910 0.846802
vt 0.830078 0.941711
vt 0.833496 0.947021
vt 0.819824 0.940948
vt 0.065857 0.644287
vt 0.065735 0.630615
vt 0.580566 0.335938
vt 0.579102 0.328125
vt 0.644531 0.492188
vt 0.648438 0.499023
vt 0.288086 0.077148
vt 0.272949 0.082031
vt 0.038483 0.197266
vt 0.024628 0.180664
vt 0.051086 0.181641
vt 0.010567 0.075195
vt 0.018738 0.063965
vt 0.029831 0.075195
vt 0.063904 0.922363
vt 0.066223 0.921814
vt 0.335938 0.962311
vt 0.348389 0.959167
vt 0.351562 0.968719
vt 0.844238 0.133301
vt 0.836426 0.134277
vt 0.841309 0.129883
vt 0.046173 0.488770
vt 0.037445 0.813599
vt 0.028534 0.822632
vt 0.923828 0.942230
vt 0.930176 0.933105
vt 0.044525 0.095703
vt 0.253906 0.399902
vt 0.603516 0.869995
vt 0.616211 0.870483
vt 0.067871 0.521973
vt 0.057953 0.524170
vt 0.233154 0.458496
vt 0.080505 0.912109
vt 0.076904 0.928406
vt 0.670410 0.756592
vt 0.682129 0.768677
vt 0.674316 0.768311
vt 0.802734 0.760498
vt 0.412842 0.066895
vt 0.979004 0.946503
vt 0.498291 0.440918
vt 0.511719 0.440430
vt 0.500488 0.447754
vt 0.616211 0.803711
vt 0.629883 0.807739
vt 0.625000 0.819336
vt 0.213013 0.225586
vt 0.272461 0.240723
vt 0.626953 0.257324
vt 0.438477 0.073242
vt 0.428711 0.060547
vt 0.371582 0.289062
vt 0.376465 0.276367
vt 0.386719 0.285156
vt 0.658691 0.337891
vt 0.649902 0.334473
vt 0.187500 0.710938
vt 0.076355 0.446777
vt 0.068665 0.448242
vt 0.062622 0.436523
vt 0.294678 0.067383
vt 0.627441 0.543945
vt 0.640137 0.559570
vt 0.628906 0.554688
vt 0.979004 0.146484
vt 0.989746 0.142578
vt 0.985840 0.156250
vt 0.369385 0.076172
vt 0.372314 0.065918
vt 0.056305 0.273438
vt 0.325928 0.948669
vt 0.341064 0.951141
vt 0.173584 0.757568
vt 0.179688 0.765869
vt 0.223267 0.999994
vt 0.227539 0.994095
vt 0.231934 0.999671
vt 0.733887 0.682861
vt 0.734863 0.692871
vt 0.134521 0.605469
vt 0.820801 0.197266
vt 0.350586 0.604492
vt 0.359619 0.595215
vt 0.191895 0.050781
vt 0.167114 0.049805
vt 0.167725 0.040527
vt 0.803711 0.925476
vt 0.807617 0.921448
vt 0.038574 0.508789
vt 0.049194 0.500732
vt 0.651367 0.760498
vt 0.643555 0.762817
vt 0.932617 0.126953
vt 0.245850 0.619873
vt 0.246948 0.625732
vt 0.082825 0.430664
vt 0.080566 0.433105
vt 0.099670 0.044434
vt 0.108826 0.049316
vt 0.910645 0.950134
vt 0.906250 0.938049
vt 0.916016 0.944733
vt 0.542969 0.959930
vt 0.578125 0.062988
vt 0.889648 0.537354
vt 0.317627 0.629150
vt 0.318848 0.640137
vt 0.510742 0.284180
vt 0.521484 0.291504
vt 0.512695 0.297852
vt 0.118896 0.586426
vt 0.115601 0.574219
vt 0.987305 0.162109
vt 0.247925 0.215332
vt 0.865723 0.033691
vt 0.850586 0.021973
vt 0.862305 0.020996
vt 0.970703 0.159180
vt 0.970703 0.147949
vt 0.775879 0.223633
vt 0.769531 0.214844
vt 0.570801 0.822021
vt 0.572266 0.660400
vt 0.587402 0.655762
vt 0.590332 0.662598
vt 0.340088 0.704590
vt 0.553711 0.471680
vt 0.549805 0.462402
vt 0.404541 0.202637
vt 0.740234 0.349609
vt 0.753906 0.344727
vt 0.554199 0.520508
vt 0.568848 0.513184
vt 0.563965 0.526855
vt 0.337402 0.259277
vt 0.100159 0.077637
vt 0.086487 0.077148
vt 0.746582 0.099121
vt 0.149048 0.065430
vt 0.151978 0.075684
vt 0.647949 0.922913
vt 0.638184 0.920532
vt 0.092041 0.319824
vt 0.079102 0.314941
vt 0.649902 0.577393
vt 0.649414 0.899475
vt 0.649902 0.890991
vt 0.703125 0.046875
vt 0.693848 0.057617
vt 0.766602 0.814819
vt 0.076233 0.783081
vt 0.089539 0.780029
vt 0.088135 0.790405
vt 0.837402 0.536621
vt 0.168213 0.581543
vt 0.171265 0.570801
vt 0.144043 0.398438
vt 0.141357 0.406250
vt 0.090088 0.967834
vt 0.091064 0.953613
vt 0.102295 0.743652
vt 0.113281 0.733643
vt 0.849609 0.403809
vt 0.837891 0.394531
vt 0.555176 0.641846
vt 0.085388 0.165039
vt 0.536621 0.544189
vt 0.525391 0.535645
vt 0.174561 0.461914
vt 0.033020 0.342285
vt 0.018036 0.352051
vt 0.500488 0.381836
vt 0.498535 0.366699
vt 0.508789 0.370605
vt 0.331299 0.898499
vt 0.774902 0.895203
vt 0.784180 0.899719
vt 0.774414 0.905640
vt 0.532227 0.452148
vt 0.917969 0.595215
vt 0.431152 0.656006
vt 0.431396 0.665771
vt 0.414551 0.659912
vt 0.858398 0.470215
vt 0.861328 0.450195
vt 0.199097 0.728760
vt 0.192505 0.735840
vt 0.216919 0.693115
vt 0.223389 0.697021
vt 0.218994 0.698975
vt 0.597168 0.471680
vt 0.587891 0.456543
vt 0.237915 0.335449
vt 0.227539 0.328125
vt 0.448730 0.719482
vt 0.429932 0.721436
vt 0.434814 0.714600
vt 0.469482 0.310059
vt 0.462158 0.307617
vt 0.038879 0.649658
vt 0.356689 0.288574
vt 0.151733 0.391113
vt 0.347656 0.041992
vt 0.354980 0.032715
vt 0.355225 0.042480
vt 0.153809 0.270508
vt 0.329102 0.651611
vt 0.340088 0.660645
vt 0.320801 0.662842
vt 0.290771 0.314941
vt 0.283691 0.303711
vt 0.291992 0.307129
vt 0.250732 0.173828
vt 0.255127 0.168945
vt 0.271729 0.184082
vt 0.350342 0.159668
vt 0.625000 0.718506
vt 0.629883 0.702148
vt 0.636230 0.713135
vt 0.292480 0.432617
vt 0.152100 0.131348
vt 0.141968 0.128906
vt 0.145630 0.119629
vt 0.848145 0.790039
vt 0.632324 0.208496
vt 0.625000 0.212891
vt 0.632324 0.204102
vt 0.816895 0.903259
vt 0.174561 0.174805
vt 0.178833 0.161133
vt 0.192871 0.166992
vt 0.527832 0.341309
vt 0.534180 0.346191
vt 0.523438 0.354004
vt 0.409912 0.799561
vt 0.416748 0.816528
vt 0.399414 0.808228
vt 0.011971 0.720215
vt 0.629883 0.988724
vt 0.947754 0.270020
vt 0.937500 0.274414
vt 0.797363 0.271973
vt 0.799316 0.277344
vt 0.587402 0.759521
vt 0.564941 0.755737
vt 0.580566 0.742432
vt 0.402100 0.434570
vt 0.140503 0.945953
vt 0.541016 0.769409
vt 0.549805 0.777466
vt 0.541992 0.774170
vt 0.120972 0.515381
vt 0.122864 0.529053
vt 0.357422 0.300781
vt 0.049622 0.917114
vt 0.054382 0.971481
vt 0.738770 0.728271
vt 0.211792 0.093750
vt 0.198242 0.083008
vt 0.995605 0.262207
vt 0.223145 0.704346
vt 0.858887 0.493652
vt 0.726074 0.119141
vt 0.288574 0.781128
vt 0.282227 0.776367
vt 0.291748 0.767334
vt 0.076111 0.062012
vt 0.825195 0.558594
vt 0.842773 0.566162
vt 0.725098 0.493164
vt 0.181763 0.251465
vt 0.650879 0.029297
vt 0.660156 0.041016
vt 0.118591 0.761841
vt 0.118835 0.770996
vt 0.836914 0.408203
vt 0.835449 0.403320
vt 0.488281 0.761475
vt 0.493408 0.744873
vt 0.356201 0.583740
vt 0.098816 0.601807
vt 0.090271 0.612549
vt 0.174927 0.954071
vt 0.171509 0.963531
vt 0.042725 0.292969
vt 0.032776 0.287109
vt 0.258545 0.881470
vt 0.081970 0.893188
vt 0.295166 0.752441
vt 0.291992 0.737061
vt 0.201538 0.036621
vt 0.215210 0.045898
vt 0.191895 0.041016
vt 0.149048 0.141602
vt 0.522461 0.848999
vt 0.913574 0.111816
vt 0.076599 0.738281
vt 0.451172 0.127441
vt 0.138184 0.947357
vt 0.126709 0.952759
vt 0.125610 0.942017
vt 0.385254 0.260742
vt 0.382080 0.263672
vt 0.891602 0.428223
vt 0.527832 0.047363
vt 0.538574 0.042480
vt 0.531250 0.056641
vt 0.637695 0.168457
vt 0.634766 0.170410
vt 0.784668 0.806885
vt 0.793457 0.798584
vt 0.791504 0.812256
vt 0.251465 0.762451
vt 0.247070 0.775757
vt 0.097168 0.854492
vt 0.259521 0.265625
vt 0.140381 0.681152
vt 0.109802 0.072754
vt 0.110596 0.085938
vt 0.749023 0.434082
vt 0.758301 0.419434
vt 0.847656 0.534668
vt 0.859375 0.536133
vt 0.573730 0.400879
vt 0.578613 0.383301
vt 0.585938 0.391602
vt 0.651367 0.491699
vt 0.297363 0.861084
vt 0.301514 0.847900
vt 0.659180 0.109375
vt 0.646484 0.106445
vt 0.798340 0.517334
vt 0.625000 0.756348
vt 0.633301 0.758423
vt 0.614258 0.769287
vt 0.873047 0.710938
vt 0.860840 0.718506
vt 0.383057 0.922363
vt 0.601074 0.908142
vt 0.875977 0.822021
vt 0.875000 0.822754
vt 0.358398 0.898132
vt 0.349121 0.912476
vt 0.129883 0.536865
vt 0.106873 0.065430
vt 0.393555 0.958130
vt 0.727051 0.217285
vt 0.442139 0.756958
vt 0.810059 0.416504
vt 0.815430 0.426270
vt 0.552734 0.788940
vt 0.524902 0.942963
vt 0.696289 0.156250
vt 0.687988 0.149902
vt 0.359863 0.640137
vt 0.366455 0.639893
vt 0.042267 0.957916
vt 0.038116 0.946991
vt 0.048065 0.941132
vt 0.643066 0.675049
vt 0.367920 0.195801
vt 0.357422 0.189453
vt 0.368164 0.184570
vt 0.572754 0.160156
vt 0.069580 0.484863
vt 0.074646 0.672119
vt 0.078186 0.657959
vt 0.415039 0.097656
vt 0.404541 0.085449
vt 0.095886 0.453613
vt 0.077393 0.457031
vt 0.086670 0.442871
vt 0.360352 0.999940
vt 0.347412 0.999940
vt 0.351562 0.991684
vt 0.107727 0.777954
vt 0.110718 0.778687
vt 0.073669 0.438477
vt 0.071289 0.435059
vt 0.894531 0.221680
vt 0.906738 0.215820
vt 0.098389 0.784546
vt 0.094116 0.793579
vt 0.730957 0.131348
vt 0.211060 0.993740
vt 0.214722 0.993801
vt 0.216553 0.997395
vt 0.456055 0.757690
vt 0.160034 0.651123
vt 0.146606 0.653320
vt 0.459717 0.024414
vt 0.456543 0.038086
vt 0.281494 0.644531
vt 0.290527 0.640381
vt 0.293457 0.649658
vt 0.263916 0.235840
vt 0.306152 0.803833
vt 0.312744 0.793457
vt 0.316406 0.808472
vt 0.008675 0.301758
vt 0.022034 0.303223
vt 0.472168 0.443359
vt 0.480225 0.440918
vt 0.486816 0.444824
vt 0.295166 0.720215
vt 0.298828 0.709717
vt 0.087402 0.887512
vt 0.031311 0.770752
vt 0.022812 0.767334
vt 0.035370 0.764404
vt 0.352051 0.656250
vt 0.708496 0.314941
vt 0.833984 0.341309
vt 0.842773 0.322754
vt 0.845703 0.343750
vt 0.215088 0.416992
vt 0.106995 0.348145
vt 0.200928 0.365723
vt 0.193237 0.355957
vt 0.205444 0.360352
vt 0.529297 0.138184
vt 0.318604 0.197754
vt 0.318115 0.205566
vt 0.582520 0.810913
vt 0.394043 0.096191
vt 0.381836 0.104492
vt 0.283691 0.215820
vt 0.124512 0.711914
vt 0.121033 0.707520
vt 0.259033 0.110352
vt 0.255371 0.099121
vt 0.268555 0.111328
vt 0.109131 0.444336
vt 0.619629 0.867798
vt 0.835449 0.363770
vt 0.262451 0.044434
vt 0.258057 0.051758
vt 0.966797 0.906799
vt 0.639648 0.887390
vt 0.372314 0.587158
vt 0.235962 0.927124
vt 0.230225 0.939087
vt 0.613281 0.915100
vt 0.277588 0.619385
vt 0.324951 0.888733
vt 0.694824 0.791382
vt 0.935059 0.339355
vt 0.302002 0.264160
vt 0.273682 0.879272
vt 0.278320 0.867310
vt 0.159546 0.161621
vt 0.279785 0.691406
vt 0.287354 0.692139
vt 0.715332 0.184082
vt 0.724121 0.193359
vt 0.021606 0.621094
vt 0.752441 0.084473
vt 0.663574 0.839844
vt 0.649414 0.831055
vt 0.669434 0.820923
vt 0.028351 0.700928
vt 0.042297 0.703857
vt 0.378174 0.499023
vt 0.111450 0.096191
vt 0.101990 0.101562
vt 0.117981 0.953308
vt 0.093872 0.658203
vt 0.910156 0.891357
vt 0.891113 0.888916
vt 0.903809 0.884094
vt 0.828125 0.321777
vt 0.837402 0.321289
vt 0.811523 0.438477
vt 0.958496 0.254395
vt 0.970215 0.260742
vt 0.673340 0.286133
vt 0.514648 0.621582
vt 0.502930 0.598389
vt 0.481201 0.757446
vt 0.479248 0.748535
vt 0.023849 0.064453
vt 0.046112 0.064453
vt 0.036346 0.075195
vt 0.682617 0.632812
vt 0.666504 0.634033
vt 0.204590 0.215820
vt 0.551270 0.449219
vt 0.278076 0.184570
vt 0.274170 0.175293
vt 0.343262 0.107422
vt 0.605469 0.303223
vt 0.600098 0.303711
vt 0.011444 0.735596
vt 0.006882 0.733154
vt 0.179565 0.713135
vt 0.244629 0.530029
vt 0.250000 0.542969
vt 0.236084 0.544189
vt 0.018784 0.499023
vt 0.028091 0.500000
vt 0.753906 0.994015
vt 0.750000 0.985283
vt 0.712891 0.688477
vt 0.714844 0.702148
vt 0.167847 0.557861
vt 0.734375 0.827637
vt 0.701172 0.637207
vt 0.702637 0.653564
vt 0.681152 0.647217
vt 0.857910 0.142090
vt 0.853516 0.135742
vt 0.246948 0.950317
vt 0.208008 0.644043
vt 0.223511 0.646240
vt 0.600586 0.941650
vt 0.826660 0.072266
vt 0.460205 0.833862
vt 0.469482 0.821899
vt 0.474609 0.840576
vt 0.532227 0.463379
vt 0.522949 0.454102
vt 0.425293 0.179199
vt 0.640625 0.189453
vt 0.101074 0.628174
vt 0.338867 0.357422
vt 0.301758 0.339844
vt 0.307373 0.336914
vt 0.306641 0.346680
vt 0.848145 0.204102
vt 0.182739 0.289062
vt 0.212524 0.897217
vt 0.209839 0.907898
vt 0.981934 0.723877
vt 0.220093 0.454590
vt 0.501465 0.958527
vt 0.510254 0.965179
vt 0.832031 0.307129
vt 0.646973 0.840820
vt 0.960938 0.301758
vt 0.963867 0.293945
vt 0.348389 0.238281
vt 0.427490 0.131348
vt 0.553711 0.534424
vt 0.553223 0.523682
vt 0.836426 0.098145
vt 0.366943 0.479492
vt 0.192505 0.851929
vt 0.203125 0.858887
vt 0.173950 0.819702
vt 0.193481 0.916504
vt 0.185791 0.914551
vt 0.849609 0.705078
vt 0.110107 0.330566
vt 0.093506 0.334961
vt 0.013374 0.680420
vt 0.356201 0.277832
vt 0.021057 0.257812
vt 0.953125 0.656738
vt 0.325439 0.122559
vt 0.318115 0.128906
vt 0.312988 0.122070
vt 0.159302 0.570557
vt 0.368652 0.860107
vt 0.912598 0.346680
vt 0.911621 0.334961
vt 0.930176 0.344727
vt 0.672852 0.073730
vt 0.452148 0.708496
vt 0.462646 0.682617
vt 0.324707 0.339844
vt 0.316650 0.336426
vt 0.440430 0.323242
vt 0.428711 0.319824
vt 0.070007 0.706543
vt 0.960938 0.521729
vt 0.948242 0.536621
vt 0.145508 0.967773
vt 0.142090 0.963379
vt 0.954590 0.796021
vt 0.955078 0.779175
vt 0.965820 0.777466
vt 0.178589 0.068359
vt 0.185303 0.075195
vt 0.677734 0.341309
vt 0.667969 0.346680
vt 0.459717 0.980621
vt 0.461182 0.967041
vt 0.468018 0.973740
vt 0.306885 0.256348
vt 0.401855 0.930420
vt 0.619141 0.659668
vt 0.637695 0.650879
vt 0.757324 0.621582
vt 0.752930 0.635010
vt 0.252441 0.698975
vt 0.264160 0.685303
vt 0.904297 0.252441
vt 0.183838 0.302734
vt 0.174072 0.290527
vt 0.667969 0.243164
vt 0.171509 0.402832
vt 0.724121 0.172363
vt 0.724121 0.159668
vt 0.726562 0.166016
vt 0.105103 0.480469
vt 0.096069 0.488281
vt 0.097534 0.468750
vt 0.130005 0.296387
vt 0.119934 0.292480
vt 0.824219 0.532959
vt 0.818359 0.538574
vt 0.895996 0.736816
vt 0.437744 0.442871
vt 0.726562 0.396973
vt 0.734375 0.398926
vt 0.135376 0.245117
vt 0.245361 0.886902
vt 0.234497 0.877380
vt 0.247559 0.874023
vt 0.967773 0.100586
vt 0.813965 0.189453
vt 0.627930 0.822876
vt 0.624512 0.833862
vt 0.878418 0.134277
vt 0.894043 0.136230
vt 0.761230 0.029785
vt 0.381836 0.808105
vt 0.444580 0.644043
vt 0.111633 0.201660
vt 0.104858 0.211914
vt 0.311035 0.979141
vt 0.294678 0.980774
vt 0.109802 0.238770
vt 0.110291 0.251465
vt 0.688965 0.849731
vt 0.679688 0.856445
vt 0.676758 0.845337
vt 0.296631 0.102539
vt 0.285645 0.093262
vt 0.292236 0.083496
vt 0.865234 0.173340
vt 0.155396 0.505127
vt 0.220947 0.687988
vt 0.494873 0.194824
vt 0.508301 0.207520
vt 0.424561 0.301758
vt 0.115479 0.527832
vt 0.257080 0.553711
vt 0.256104 0.564941
vt 0.241943 0.554199
vt 0.377686 0.972336
vt 0.366699 0.967316
vt 0.372559 0.960724
vt 0.685547 0.137207
vt 0.209106 0.424805
vt 0.197144 0.427246
vt 0.617188 0.121582
vt 0.614746 0.107910
vt 0.628906 0.116211
vt 0.596191 0.700928
vt 0.088013 0.463867
vt 0.079041 0.473145
vt 0.825684 0.352539
vt 0.703125 0.608643
vt 0.436523 0.151855
vt 0.421387 0.152344
vt 0.432617 0.140137
vt 0.973633 0.136230
vt 0.987305 0.131836
vt 0.784180 0.154785
vt 0.775879 0.164062
vt 0.576660 0.346680
vt 0.662598 0.319824
vt 0.360352 0.546143
vt 0.351318 0.560547
vt 0.261230 0.418457
vt 0.248291 0.419922
vt 0.250977 0.408691
vt 0.082275 0.362305
vt 0.074707 0.358398
vt 0.420898 0.827515
vt 0.071655 0.474609
vt 0.063171 0.477051
vt 0.662109 0.343262
vt 0.651367 0.345215
vt 0.459229 0.642090
vt 0.733887 0.817017
vt 0.595703 0.327148
vt 0.251709 0.237305
vt 0.192993 0.829224
vt 0.202393 0.294434
vt 0.199707 0.284180
vt 0.725098 0.019531
vt 0.724121 0.008789
vt 0.737305 0.020996
vt 0.828613 0.290039
vt 0.835938 0.279785
vt 0.663086 0.053711
vt 0.704102 0.181641
vt 0.446045 0.323730
vt 0.888672 0.408203
vt 0.995605 0.247559
vt 0.982422 0.425293
vt 0.192505 0.250000
vt 0.356689 0.881592
vt 0.907227 0.318359
vt 0.571777 0.027344
vt 0.563477 0.032715
vt 0.054474 0.788452
vt 0.054047 0.769531
vt 0.073242 0.784668
vt 0.272217 0.991760
vt 0.269043 0.998880
vt 0.263672 0.997761
vt 0.280762 0.544189
vt 0.960449 0.334961
vt 0.973633 0.338867
vt 0.965820 0.347656
vt 0.595703 0.952332
vt 0.747070 0.611328
vt 0.180298 0.453613
vt 0.887207 0.661621
vt 0.915527 0.681641
vt 0.086304 0.481934
vt 0.384033 0.419922
vt 0.398926 0.427734
vt 0.174194 0.545410
vt 0.504883 0.359375
vt 0.394775 0.762939
vt 0.956543 0.966644
vt 0.824707 0.160645
vt 0.190186 0.415039
vt 0.180054 0.404785
vt 0.383545 0.957947
vt 0.395752 0.962250
vt 0.385254 0.971069
vt 0.513672 0.416016
vt 0.490234 0.383789
vt 0.483398 0.397461
vt 0.477783 0.382812
vt 0.114197 0.697266
vt 0.107422 0.694824
vt 0.107910 0.692139
vt 0.920898 0.758789
vt 0.678711 0.277344
vt 0.370605 0.916626
vt 0.359375 0.914185
vt 0.841797 0.833496
vt 0.836914 0.828979
vt 0.076294 0.712402
vt 0.771484 0.099609
vt 0.368164 0.645508
vt 0.372559 0.638184
vt 0.374512 0.647217
vt 0.835449 0.974854
vt 0.759277 0.597900
vt 0.636719 0.482910
vt 0.916992 0.364746
vt 0.680664 0.453613
vt 0.680176 0.443848
vt 0.155396 0.626953
vt 0.151855 0.620850
vt 0.942871 0.726807
vt 0.671875 0.701416
vt 0.186035 0.961182
vt 0.195801 0.965759
vt 0.772461 0.303223
vt 0.630859 0.064453
vt 0.305420 0.061035
vt 0.295166 0.072754
vt 0.201416 0.351562
vt 0.190674 0.344238
vt 0.836914 0.375488
vt 0.543457 0.522705
vt 0.180420 0.603516
vt 0.189087 0.621826
vt 0.170776 0.618896
vt 0.810547 0.461426
vt 0.810547 0.474121
vt 0.805176 0.471680
vt 0.169678 0.107910
vt 0.021667 0.735840
vt 0.514160 0.612061
vt 0.591309 0.825073
vt 0.958008 0.435547
vt 0.899902 0.411133
vt 0.411133 0.213379
vt 0.465332 0.950562
vt 0.476562 0.942169
vt 0.838867 0.681396
vt 0.336426 0.297363
vt 0.607910 0.525635
vt 0.618652 0.534424
vt 0.612305 0.536377
vt 0.320068 0.699463
vt 0.674316 0.531250
vt 0.891113 0.340820
vt 0.267090 0.011230
vt 0.432129 0.646729
vt 0.579590 0.225586
vt 0.261230 0.700928
vt 0.856934 0.726074
vt 0.835449 0.723389
vt 0.842285 0.717529
vt 0.291016 0.787720
vt 0.174438 0.827759
vt 0.789062 0.899780
vt 0.152832 0.759155
vt 0.770508 0.016602
vt 0.745117 0.015137
vt 0.666504 0.412598
vt 0.681152 0.407227
vt 0.930176 0.491211
vt 0.890137 0.442383
vt 0.711426 0.143555
vt 0.718750 0.156738
vt 0.067444 0.347168
vt 0.064270 0.337891
vt 0.902832 0.964874
vt 0.074890 0.276855
vt 0.655273 0.717041
vt 0.277100 0.785400
vt 0.426514 0.032227
vt 0.295410 0.927917
vt 0.306396 0.933350
vt 0.901855 0.311035
vt 0.835449 0.143555
vt 0.776367 0.737549
vt 0.790527 0.743164
vt 0.768555 0.750854
vt 0.960938 0.613281
vt 0.967773 0.600830
vt 0.365479 0.153320
vt 0.359619 0.162598
vt 0.203491 0.767578
vt 0.356934 0.444824
vt 0.353516 0.436523
vt 0.978027 0.731445
vt 0.934082 0.147949
vt 0.844238 0.309570
vt 0.914062 0.444336
vt 0.511230 0.805786
vt 0.501953 0.816772
vt 0.492920 0.806763
vt 0.080933 0.744141
vt 0.083801 0.735596
vt 0.048584 0.108398
vt 0.377686 0.043945
vt 0.361084 0.030762
vt 0.107056 0.380859
vt 0.104553 0.374512
vt 0.670410 0.037109
vt 0.613770 0.338867
vt 0.606934 0.357422
vt 0.064270 0.279297
vt 0.592285 0.077148
vt 0.171021 0.533203
vt 0.212402 0.852051
vt 0.204224 0.848999
vt 0.554688 0.826904
vt 0.701660 0.529297
vt 0.643066 0.182617
vt 0.823242 0.116699
vt 0.823730 0.110840
vt 0.661133 0.764893
vt 0.946289 0.399414
vt 0.815430 0.486328
vt 0.811523 0.498535
vt 0.786621 0.489746
vt 0.086609 0.296387
vt 0.173096 0.742188
vt 0.184204 0.742920
vt 0.173706 0.362793
vt 0.168701 0.349121
vt 0.753418 0.044922
vt 0.931641 0.064453
vt 0.916992 0.063477
vt 0.922363 0.535889
vt 0.934082 0.538574
vt 0.934082 0.559082
vt 0.774902 0.292969
vt 0.085449 0.533447
vt 0.959961 0.096191
vt 0.593750 0.368652
vt 0.042572 0.001953
vt 0.315430 0.599609
vt 0.343750 0.500244
vt 0.206299 0.999894
vt 0.202026 0.999894
vt 0.203003 0.997643
vt 0.137451 0.868530
vt 0.148193 0.875671
vt 0.134521 0.876953
vt 0.178589 0.339844
vt 0.166260 0.341309
vt 0.368896 0.597168
vt 0.137085 0.042480
vt 0.172119 0.911072
vt 0.029419 0.252930
vt 0.031281 0.265625
vt 0.636230 0.111816
vt 0.211182 0.136719
vt 0.213135 0.147461
vt 0.203613 0.140137
vt 0.713379 0.354980
vt 0.702637 0.345703
vt 0.728516 0.348633
vt 0.735840 0.618408
vt 0.046753 0.033691
vt 0.366211 0.871826
vt 0.357422 0.870972
vt 0.424316 0.859741
vt 0.437988 0.075684
vt 0.093628 0.198730
vt 0.090698 0.210449
vt 0.260986 0.484375
vt 0.575195 0.955963
vt 0.568848 0.945038
vt 0.583984 0.947113
vt 0.150635 0.890747
vt 0.149536 0.884521
vt 0.525391 0.025391
vt 0.518555 0.033203
vt 0.581543 0.210938
vt 0.345703 0.203613
vt 0.911133 0.324707
vt 0.180786 0.662598
vt 0.164307 0.661865
vt 0.379639 0.363770
vt 0.554199 0.420410
vt 0.207886 0.598633
vt 0.855957 0.111328
vt 0.861816 0.108398
vt 0.617676 0.324707
vt 0.616211 0.339355
vt 0.790527 0.329590
vt 0.798340 0.347168
vt 0.788574 0.347656
vt 0.371826 0.955902
vt 0.921387 0.683594
vt 0.918457 0.693115
vt 0.872070 0.086426
vt 0.266846 0.283203
vt 0.256104 0.290527
vt 0.254883 0.282715
vt 0.393311 0.449219
vt 0.156494 0.431641
vt 0.629883 0.913818
vt 0.614258 0.264160
vt 0.256836 0.966400
vt 0.261963 0.975403
vt 0.928223 0.331543
vt 0.699219 0.222168
vt 0.702148 0.228516
vt 0.286377 0.633301
vt 0.814453 0.795776
vt 0.533203 0.641113
vt 0.364502 0.356445
vt 0.359131 0.365234
vt 0.919922 0.719238
vt 0.451172 0.304688
vt 0.966797 0.868042
vt 0.956543 0.870483
vt 0.045044 0.195312
vt 0.057617 0.189941
vt 0.500488 0.080078
vt 0.489990 0.082031
vt 0.492676 0.070801
vt 0.587402 0.053223
vt 0.115784 0.272461
vt 0.129761 0.401855
vt 0.222046 0.710449
vt 0.484863 0.449707
vt 0.156860 0.036133
vt 0.976074 0.749268
vt 0.968750 0.750610
vt 0.368164 0.131348
vt 0.835938 0.840576
vt 0.809570 0.274902
vt 0.808594 0.287109
vt 0.464844 0.848877
vt 0.852051 0.331055
vt 0.852051 0.320312
vt 0.898438 0.707520
vt 0.461182 0.317383
vt 0.413086 0.767700
vt 0.230225 0.991791
vt 0.240234 0.991791
vt 0.237183 0.998851
vt 0.507324 0.346680
vt 0.496826 0.356445
vt 0.882812 0.826660
vt 0.226074 0.307617
vt 0.116882 0.188477
vt 0.123840 0.187500
vt 0.119873 0.191895
vt 0.524414 0.010254
vt 0.095642 0.500244
vt 0.769531 0.132812
vt 0.511230 0.573975
vt 0.500977 0.572998
vt 0.917480 0.002930
vt 0.950195 0.002930
vt 0.936035 0.011719
vt 0.122986 0.603027
vt 0.128540 0.592773
vt 0.423584 0.586182
vt 0.432129 0.124512
vt 0.427246 0.117676
vt 0.433838 0.113281
vt 0.037354 0.462891
vt 0.966797 0.379883
vt 0.319824 0.113281
vt 0.743652 0.443359
vt 0.021866 0.688232
vt 0.597656 0.613770
vt 0.370850 0.656494
vt 0.122620 0.928894
vt 0.770996 0.648438
vt 0.765137 0.667969
vt 0.761719 0.647217
vt 0.288818 0.293945
vt 0.095703 0.932739
vt 0.237305 0.340820
vt 0.221558 0.332031
vt 0.123962 0.152832
vt 0.361572 0.176758
vt 0.291748 0.863892
vt 0.272949 0.623047
vt 0.930664 0.853760
vt 0.311035 0.134766
vt 0.264648 0.754150
vt 0.913086 0.316406
vt 0.119446 0.478027
vt 0.109741 0.484863
vt 0.041504 0.602051
vt 0.042633 0.586426
vt 0.134399 0.121094
vt 0.142944 0.111816
vt 0.524414 0.186523
vt 0.829590 0.134766
vt 0.819336 0.138184
vt 0.820312 0.127930
vt 0.029602 0.390137
vt 0.012856 0.948975
vt 0.022858 0.940826
vt 0.070068 0.056641
vt 0.075439 0.041016
vt 0.703125 0.860596
vt 0.709473 0.751465
vt 0.721680 0.757080
vt 0.816406 0.101562
vt 0.608887 0.020508
vt 0.596680 0.014648
vt 0.605469 0.008301
vt 0.565918 0.434570
vt 0.451172 0.577148
vt 0.107300 0.679443
vt 0.221924 0.182617
vt 0.214355 0.184570
vt 0.212646 0.174805
vt 0.774414 0.374512
vt 0.559082 0.364258
vt 0.469971 0.629639
vt 0.368896 0.815186
vt 0.328613 0.764771
vt 0.137085 0.458984
vt 0.452637 0.172852
vt 0.442871 0.185547
vt 0.435791 0.168457
vt 0.259033 0.299316
vt 0.506348 0.589111
vt 0.496582 0.580078
vt 0.249634 0.083496
vt 0.158203 0.199707
vt 0.148804 0.201172
vt 0.047302 0.056152
vt 0.405273 0.499023
vt 0.397217 0.496094
vt 0.064575 0.200195
vt 0.076843 0.199707
vt 0.566406 0.127930
vt 0.572266 0.129883
vt 0.592285 0.164062
vt 0.829590 0.142578
vt 0.823242 0.149902
vt 0.855957 0.313965
vt 0.807617 0.144043
vt 0.696777 0.183594
vt 0.812500 0.131836
vt 0.922852 0.844116
vt 0.761230 0.709473
vt 0.362305 0.022949
vt 0.281982 0.321289
vt 0.275879 0.326172
vt 0.275146 0.312988
vt 0.103516 0.787109
vt 0.844727 0.098145
vt 0.743164 0.574951
vt 0.920410 0.372070
vt 0.688477 0.781494
vt 0.332275 0.100586
vt 0.105164 0.491211
vt 0.116272 0.496094
vt 0.966309 0.685547
vt 0.956543 0.711426
vt 0.951660 0.690430
vt 0.755859 0.712402
vt 0.761719 0.732178
vt 0.700684 0.582275
vt 0.684570 0.596436
vt 0.446777 0.518555
vt 0.459473 0.530762
vt 0.738770 0.270996
vt 0.745117 0.284668
vt 0.729492 0.282227
vt 0.316406 0.410645
vt 0.306396 0.425781
vt 0.175659 0.714355
vt 0.177490 0.731445
vt 0.779785 0.833008
vt 0.784668 0.824219
vt 0.790527 0.829590
vt 0.187988 0.083496
vt 0.116211 0.644043
vt 0.722168 0.263672
vt 0.495361 0.504639
vt 0.502441 0.516846
vt 0.526855 0.072754
vt 0.539062 0.068848
vt 0.332520 0.716064
vt 0.890137 0.186523
vt 0.039154 0.003418
vt 0.699707 0.230957
vt 0.687500 0.229004
vt 0.350586 0.072266
vt 0.387451 0.442871
vt 0.388672 0.458008
vt 0.482910 0.972733
vt 0.560059 0.321289
vt 0.549805 0.327148
vt 0.548340 0.314453
vt 0.346191 0.785645
vt 0.431885 0.311035
vt 0.495361 0.440430
vt 0.918945 0.954224
vt 0.982910 0.076660
vt 0.976562 0.062500
vt 0.885254 0.097656
vt 0.301514 0.674072
vt 0.504883 0.842163
vt 0.690918 0.799561
vt 0.682129 0.211426
vt 0.423828 0.709473
vt 0.222778 0.683350
vt 0.226562 0.689209
vt 0.306152 0.444336
vt 0.455322 0.052734
vt 0.095520 0.892761
vt 0.509277 0.746094
vt 0.501953 0.745361
vt 0.691406 0.110352
vt 0.203125 0.725830
vt 0.274902 0.379395
vt 0.905273 0.868408
vt 0.880371 0.762573
vt 0.478760 0.071777
vt 0.473145 0.080566
vt 0.230103 0.300293
vt 0.198120 0.521240
vt 0.183350 0.511963
vt 0.198608 0.507568
vt 0.263916 0.126465
vt 0.256348 0.115234
vt 0.268555 0.119629
vt 0.090881 0.740967
vt 0.568359 0.686035
vt 0.836914 0.578613
vt 0.552246 0.546143
vt 0.568848 0.538330
vt 0.736816 0.035645
vt 0.723633 0.048340
vt 0.363037 0.864380
vt 0.152710 0.379883
vt 0.168091 0.739258
vt 0.151489 0.740723
vt 0.103577 0.610107
vt 0.828613 0.328613
vt 0.819336 0.323730
vt 0.721191 0.723389
vt 0.931152 0.280762
vt 0.942871 0.292480
vt 0.351318 0.408203
vt 0.389160 0.912476
vt 0.061127 0.357422
vt 0.099609 0.266602
vt 0.483887 0.773560
vt 0.468994 0.795654
vt 0.477295 0.774048
vt 0.125732 0.100098
vt 0.424316 0.390625
vt 0.472656 0.175293
vt 0.193970 0.711670
vt 0.114929 0.486328
vt 0.251465 0.483398
vt 0.815430 0.287598
vt 0.818359 0.283203
vt 0.562988 0.117676
vt 0.886719 0.508545
vt 0.174316 0.942169
vt 0.190796 0.948730
vt 0.892090 0.204102
vt 0.932617 0.521484
vt 0.965332 0.897522
vt 0.717773 0.562500
vt 0.217163 0.281250
vt 0.209717 0.272461
vt 0.213013 0.263672
vt 0.000188 0.908020
vt 0.010834 0.892212
vt 0.017380 0.227539
vt 0.029572 0.217285
vt 0.038788 0.227051
vt 0.399414 0.838867
vt 0.406982 0.852783
vt 0.153687 0.884155
vt 0.747070 0.584229
vt 0.613770 0.016113
vt 0.461426 0.394043
vt 0.470947 0.402832
vt 0.467041 0.410645
vt 0.885742 0.223145
vt 0.312012 0.299805
vt 0.302246 0.306641
vt 0.030563 0.571777
vt 0.633789 0.604248
vt 0.243164 0.491699
vt 0.243042 0.474121
vt 0.638672 0.030273
vt 0.156128 0.844482
vt 0.805176 0.166992
vt 0.812500 0.179688
vt 0.625977 0.496582
vt 0.383545 0.645264
vt 0.300781 0.508789
vt 0.145630 0.938843
vt 0.300537 0.787109
vt 0.804688 0.548096
vt 0.798340 0.570801
vt 0.685547 0.662109
vt 0.667480 0.664062
vt 0.385986 0.222168
vt 0.654785 0.388184
vt 0.706055 0.593018
vt 0.777344 0.179688
vt 0.480469 0.743408
vt 0.209839 0.338867
vt 0.304932 0.552002
vt 0.170776 0.270508
vt 0.028732 0.425293
vt 0.724609 0.938660
vt 0.714844 0.930298
vt 0.448730 0.442871
vt 0.450928 0.448730
vt 0.280273 0.237305
vt 0.610840 0.416504
vt 0.615234 0.426758
vt 0.593262 0.424805
vt 0.267334 0.168457
vt 0.947754 0.714600
vt 0.726562 0.356934
vt 0.427246 0.648682
vt 0.417725 0.650146
vt 0.590332 0.778320
vt 0.831055 0.839844
vt 0.180176 0.033691
vt 0.548340 0.621338
vt 0.254639 0.466309
vt 0.558594 0.843994
vt 0.581543 0.020020
vt 0.584961 0.029785
vt 0.202881 0.735840
vt 0.380127 0.687500
vt 0.541016 0.053711
vt 0.311523 0.288574
vt 0.322754 0.285156
vt 0.979492 0.893250
vt 0.256348 0.747070
vt 0.610352 0.312012
vt 0.602539 0.311523
vt 0.447998 0.501953
vt 0.449707 0.489258
vt 0.458984 0.510254
vt 0.129639 0.232910
vt 0.117188 0.233887
vt 0.122925 0.223145
vt 0.424316 0.846802
vt 0.427734 0.841919
vt 0.079224 0.772339
vt 0.246582 0.317871
vt 0.213867 0.763550
vt 0.382080 0.034180
vt 0.391357 0.033203
vt 0.303467 0.246094
vt 0.107971 0.930664
vt 0.427734 0.264160
vt 0.766602 0.175293
vt 0.770996 0.166016
vt 0.078491 0.073242
vt 0.081055 0.081543
vt 0.373047 0.533691
vt 0.378174 0.522949
vt 0.400146 0.652100
vt 0.392578 0.648193
vt 0.401855 0.642334
vt 0.889160 0.836304
vt 0.881348 0.828735
vt 0.090637 0.621094
vt 0.651855 0.072754
vt 0.736328 0.533447
vt 0.739746 0.549072
vt 0.119202 0.702393
vt 0.939453 0.088379
vt 0.933594 0.084473
vt 0.943848 0.079102
vt 0.741699 0.799194
vt 0.751465 0.800659
vt 0.579102 0.128418
vt 0.853027 0.832031
vt 0.801758 0.951660
vt 0.891602 0.718506
vt 0.237183 0.857544
vt 0.706055 0.235352
vt 0.778809 0.456543
vt 0.768555 0.474609
vt 0.150391 0.708008
vt 0.149536 0.717041
vt 0.397461 0.054688
vt 0.775879 0.621094
vt 0.787598 0.611816
vt 0.840820 0.662598
vt 0.092102 0.984039
vt 0.087646 0.978180
vt 0.629395 0.970612
vt 0.122437 0.842163
vt 0.035095 0.881348
vt 0.107605 0.960968
vt 0.507812 0.782593
vt 0.500488 0.798828
vt 0.672363 0.573730
vt 0.762695 0.800537
vt 0.514648 0.824951
vt 0.218018 0.128418
vt 0.525879 0.479492
vt 0.777344 0.768677
vt 0.759277 0.777954
vt 0.757324 0.762207
vt 0.751953 0.081543
vt 0.886719 0.928467
vt 0.809082 0.586182
vt 0.809570 0.121582
vt 0.364990 0.046875
vt 0.318115 0.999875
vt 0.306396 0.999875
vt 0.316162 0.991753
vt 0.041748 0.472168
vt 0.358887 0.609375
vt 0.101746 0.373535
vt 0.581543 0.184570
vt 0.569824 0.180176
vt 0.583008 0.168457
vt 0.377930 0.675293
vt 0.371338 0.671875
vt 0.380859 0.669678
vt 0.067261 0.030762
vt 0.277832 0.906677
vt 0.481934 0.372070
vt 0.728516 0.177734
vt 0.725586 0.180176
vt 0.086853 0.950928
vt 0.088562 0.939392
vt 0.044312 0.524902
vt 0.058502 0.531738
vt 0.052551 0.544434
vt 0.025681 0.406738
vt 0.032227 0.412109
vt 0.019379 0.416016
vt 0.336182 0.837769
vt 0.454834 0.366211
vt 0.197144 0.019531
vt 0.214966 0.036133
vt 0.413330 0.270020
vt 0.395264 0.270996
vt 0.619629 0.125000
vt 0.585938 0.373535
vt 0.264893 0.429688
vt 0.768066 0.630859
vt 0.449463 0.287598
vt 0.211914 0.327148
vt 0.202026 0.324219
vt 0.211060 0.316895
vt 0.247070 0.339844
vt 0.242676 0.330078
vt 0.259033 0.339355
vt 0.592285 0.750488
vt 0.385254 0.799683
vt 0.369629 0.801758
vt 0.838379 0.039551
vt 0.213745 0.118652
vt 0.206543 0.128418
vt 0.423828 0.543213
vt 0.429688 0.529297
vt 0.239746 0.796265
vt 0.248169 0.808228
vt 0.321777 0.380859
vt 0.156494 0.089844
vt 0.631836 0.747559
vt 0.639160 0.750610
vt 0.970703 0.394043
vt 0.518066 0.452148
vt 0.502930 0.458984
vt 0.946289 0.579834
vt 0.994141 0.768311
vt 0.014793 0.674805
vt 0.227905 0.145996
vt 0.588867 0.063965
vt 0.601562 0.061523
vt 0.596680 0.068359
vt 0.383301 0.116211
vt 0.173340 0.718262
vt 0.172852 0.710205
vt 0.229858 0.187988
vt 0.729004 0.205566
vt 0.634277 0.475586
vt 0.229248 0.020996
vt 0.230469 0.030273
vt 0.831055 0.364258
vt 0.334961 0.748291
vt 0.056061 0.763306
vt 0.042053 0.774780
vt 0.040344 0.764648
vt 0.532715 0.583740
vt 0.541016 0.591553
vt 0.149170 0.187988
vt 0.157593 0.188477
vt 0.805176 0.035645
vt 0.728516 0.530273
vt 0.904785 0.574707
vt 0.031128 0.274902
vt 0.306885 0.623779
vt 0.340820 0.616699
vt 0.334473 0.610840
vt 0.393311 0.411621
vt 0.387939 0.407227
vt 0.411621 0.151367
vt 0.719238 0.232422
vt 0.724121 0.730957
vt 0.397217 0.640137
vt 0.658203 0.629150
vt 0.166626 0.132812
vt 0.260742 0.061523
vt 0.264160 0.077637
vt 0.081543 0.956085
vt 0.927734 0.991875
vt 0.647949 0.976486
vt 0.658691 0.969055
vt 0.661133 0.982697
vt 0.556152 0.917236
vt 0.309570 0.237793
vt 0.300293 0.237305
vt 0.258545 0.457031
vt 0.252930 0.330078
vt 0.901855 0.347168
vt 0.913574 0.355957
vt 0.097717 0.885620
vt 0.089294 0.883179
vt 0.093811 0.868164
vt 0.508789 0.767334
vt 0.972168 0.499512
vt 0.972168 0.486816
vt 0.984375 0.493164
vt 0.681152 0.046875
vt 0.692383 0.049805
vt 0.682129 0.061523
vt 0.262451 0.050781
vt 0.309326 0.374023
vt 0.129150 0.053223
vt 0.142700 0.048828
vt 0.310059 0.048828
vt 0.192749 0.283691
vt 0.325439 0.617676
vt 0.318115 0.608154
vt 0.210571 0.610352
vt 0.529297 0.302246
vt 0.773926 0.131836
vt 0.217163 0.725098
vt 0.218994 0.718750
vt 0.222900 0.725830
vt 0.540527 0.860352
vt 0.626465 0.092773
vt 0.616211 0.083008
vt 0.630859 0.079590
vt 0.251221 0.574951
vt 0.236450 0.566895
vt 0.195312 0.955627
vt 0.586426 0.870361
vt 0.386963 0.977173
vt 0.371094 0.984634
vt 0.744141 0.502686
vt 0.482666 0.532227
vt 0.200439 0.420410
vt 0.192871 0.422363
vt 0.647949 0.321777
vt 0.724121 0.787231
vt 0.730469 0.798584
vt 0.152710 0.178711
vt 0.165649 0.167969
vt 0.922852 0.871094
vt 0.332520 0.231934
vt 0.188843 0.633057
vt 0.206421 0.940369
vt 0.188843 0.937378
vt 0.549316 0.686035
vt 0.545410 0.673584
vt 0.553223 0.677490
vt 0.888672 0.631348
vt 0.144165 0.703613
vt 0.811035 0.607910
vt 0.795410 0.606934
vt 0.415039 0.986481
vt 0.400635 0.984894
vt 0.177856 0.347168
vt 0.416748 0.807373
vt 0.421875 0.818237
vt 0.958008 0.312988
vt 0.323730 0.836670
vt 0.315674 0.846313
vt 0.314941 0.836182
vt 0.363281 0.458984
vt 0.273682 0.366211
vt 0.031830 0.665039
vt 0.161987 0.109863
vt 0.153076 0.102051
vt 0.763184 0.671143
vt 0.755859 0.678223
vt 0.752930 0.653076
vt 0.841309 0.244629
vt 0.607422 0.838379
vt 0.591309 0.838623
vt 0.925781 0.631104
vt 0.140137 0.081055
vt 0.144531 0.092773
vt 0.130005 0.088867
vt 0.396484 0.021484
vt 0.518555 0.242188
vt 0.525391 0.255859
vt 0.043274 0.722168
vt 0.043640 0.735840
vt 0.571777 0.481934
vt 0.588379 0.502686
vt 0.573730 0.493164
vt 0.949219 0.182617
vt 0.954102 0.567627
vt 0.427979 0.801514
vt 0.424805 0.044434
vt 0.749512 0.724365
vt 0.028671 0.725586
vt 0.342773 0.011230
vt 0.933105 0.439941
vt 0.921875 0.433594
vt 0.455078 0.723389
vt 0.446777 0.709717
vt 0.529297 0.271484
vt 0.537598 0.275879
vt 0.729004 0.893677
vt 0.685547 0.203125
vt 0.152588 0.520508
vt 0.363525 0.945984
vt 0.122986 0.566650
vt 0.497314 0.944305
vt 0.513184 0.952454
vt 0.681641 0.999819
vt 0.011566 0.090332
vt 0.015099 0.088379
vt 0.445068 0.135254
vt 0.629395 0.374512
vt 0.030731 0.718262
vt 0.460938 0.939209
vt 0.364014 0.103516
vt 0.919922 0.929382
vt 0.632812 0.852051
vt 0.444092 0.753906
vt 0.440918 0.747803
vt 0.648438 0.409180
vt 0.936035 0.828491
vt 0.122742 0.701416
vt 0.133057 0.695801
vt 0.484375 0.496094
vt 0.399414 0.992764
vt 0.407471 0.999505
vt 0.392090 0.999848
vt 0.712891 0.178223
vt 0.711914 0.180176
vt 0.420898 0.274414
vt 0.397949 0.277344
vt 0.312256 0.662109
vt 0.881836 0.767456
vt 0.143433 0.532227
vt 0.862305 0.898804
vt 0.853516 0.884155
vt 0.870605 0.885559
vt 0.993164 0.783569
vt 0.533203 0.260254
vt 0.235962 0.281738
vt 0.228516 0.288086
vt 0.224243 0.280273
vt 0.071716 0.514160
vt 0.129272 0.767212
vt 0.194214 0.371582
vt 0.540527 0.334473
vt 0.184326 0.796387
vt 0.189575 0.780396
vt 0.194824 0.790405
vt 0.512207 0.942444
vt 0.498535 0.933533
vt 0.072083 0.504639
vt 0.150269 0.682617
vt 0.141846 0.677979
vt 0.155029 0.673096
vt 0.802246 0.660156
vt 0.162720 0.227051
vt 0.271973 0.661621
vt 0.280518 0.659424
vt 0.280029 0.668213
vt 0.759766 0.101074
vt 0.656250 0.941772
vt 0.953125 0.708252
vt 0.944824 0.707520
vt 0.407715 0.649414
vt 0.741211 0.425293
vt 0.322754 0.801270
vt 0.362793 0.654785
vt 0.518555 0.605957
vt 0.687988 0.755981
vt 0.693848 0.766724
vt 0.534668 0.244629
vt 0.163818 0.332031
vt 0.158936 0.341797
vt 0.319336 0.316406
vt 0.399414 0.862061
vt 0.709473 0.807129
vt 0.571289 0.467285
vt 0.609375 0.672119
vt 0.628418 0.670898
vt 0.320801 0.215820
vt 0.321533 0.199219
vt 0.791504 0.255859
vt 0.164185 0.394531
vt 0.850586 0.656982
vt 0.390625 0.212402
vt 0.384033 0.199707
vt 0.708984 0.668945
vt 0.208618 0.991661
vt 0.208618 0.996021
vt 0.204590 0.994778
vt 0.586914 0.610107
vt 0.993164 0.730957
vt 0.782227 0.664062
vt 0.759766 0.921936
vt 0.766602 0.930725
vt 0.401855 0.666504
vt 0.562012 0.724609
vt 0.102661 0.320801
vt 0.775879 0.912354
vt 0.200806 0.712646
vt 0.544434 0.050781
vt 0.543945 0.041016
vt 0.292725 0.137695
vt 0.299316 0.140137
vt 0.230347 0.315430
vt 0.219849 0.315918
vt 0.577637 0.459961
vt 0.031921 0.507812
vt 0.021271 0.511230
vt 0.022629 0.501953
vt 0.971680 0.385742
vt 0.971680 0.375488
vt 0.806152 0.717529
vt 0.332275 0.003906
vt 0.485107 0.935852
vt 0.470947 0.930725
vt 0.737305 0.064941
vt 0.918945 0.176270
vt 0.860840 0.905640
vt 0.761230 0.639893
vt 0.277100 0.444336
vt 0.050934 0.686279
vt 0.054749 0.697998
vt 0.759766 0.601074
vt 0.467285 0.785156
vt 0.472656 0.765991
vt 0.849609 0.680908
vt 0.124512 0.468750
vt 0.966797 0.458496
vt 0.971191 0.463379
vt 0.959961 0.462891
vt 0.799805 0.332031
vt 0.634766 0.412598
vt 0.711426 0.610840
vt 0.380859 0.227539
vt 0.833008 0.052246
vt 0.615723 0.517334
vt 0.585449 0.291992
vt 0.583984 0.286133
vt 0.591309 0.282715
vt 0.675781 0.373047
vt 0.677734 0.377930
vt 0.117004 0.416504
vt 0.440918 0.282715
vt 0.457031 0.283203
vt 0.463379 0.657471
vt 0.441162 0.651367
vt 0.407715 0.897095
vt 0.399170 0.908936
vt 0.392822 0.897461
vt 0.285400 0.553711
vt 0.274414 0.558594
vt 0.746582 0.265137
vt 0.181152 0.816650
vt 0.197266 0.645508
vt 0.181396 0.883911
vt 0.949219 0.727295
vt 0.506836 0.025879
vt 0.508301 0.035156
vt 0.500977 0.025879
vt 0.831055 0.350098
vt 0.955566 0.324219
vt 0.767090 0.318848
vt 0.139160 0.676514
vt 0.131592 0.685303
vt 0.971680 0.400391
vt 0.691895 0.453613
vt 0.704102 0.469727
vt 0.632324 0.620850
vt 0.633301 0.627197
vt 0.703613 0.180176
vt 0.547852 0.195312
vt 0.542480 0.209961
vt 0.391113 0.788696
vt 0.375244 0.791870
vt 0.653320 0.396973
vt 0.694336 0.267578
vt 0.295654 0.587402
vt 0.821289 0.303223
vt 0.821289 0.296387
vt 0.833496 0.696777
vt 0.802734 0.097656
vt 0.790527 0.097168
vt 0.877930 0.075684
vt 0.105286 0.268066
vt 0.108704 0.282715
vt 0.284180 0.441895
vt 0.272705 0.432129
vt 0.277832 0.427734
vt 0.845703 0.153809
vt 0.669434 0.530029
vt 0.656738 0.540527
vt 0.935547 0.924255
vt 0.903809 0.596924
vt 0.312500 0.349609
vt 0.306396 0.359863
vt 0.220215 0.850830
vt 0.210938 0.859131
vt 0.632324 0.681885
vt 0.614746 0.684570
vt 0.631348 0.676025
vt 0.313965 0.270508
vt 0.320801 0.255859
vt 0.323730 0.270508
vt 0.904297 0.830322
vt 0.570801 0.770508
vt 0.559570 0.779907
vt 0.099487 0.411133
vt 0.090637 0.396973
vt 0.100708 0.400879
vt 0.215210 0.847046
vt 0.048523 0.354492
vt 0.951172 0.464844
vt 0.937500 0.457520
vt 0.555176 0.177246
vt 0.986328 0.567871
vt 0.323975 0.476562
vt 0.525879 0.173828
vt 0.530273 0.167969
vt 0.655273 0.964142
vt 0.221436 0.045410
vt 0.725098 0.377441
vt 0.375000 0.413086
vt 0.264160 0.274414
vt 0.581055 0.157715
vt 0.159058 0.552979
vt 0.153931 0.557861
vt 0.150024 0.551270
vt 0.661133 0.709229
vt 0.107910 0.471191
vt 0.220093 0.143555
vt 0.252441 0.274414
vt 0.498291 0.153320
vt 0.508301 0.151367
vt 0.504395 0.161621
vt 0.173828 0.627686
vt 0.294922 0.911621
vt 0.286865 0.894043
vt 0.579590 0.653320
vt 0.581055 0.648193
vt 0.249634 0.583984
vt 0.234741 0.580566
vt 0.120422 0.686279
vt 0.130615 0.673096
vt 0.319824 0.615967
vt 0.948242 0.691650
vt 0.940430 0.691895
vt 0.948242 0.684326
vt 0.304688 0.366211
vt 0.298584 0.375000
vt 0.335693 0.635742
vt 0.334229 0.627686
vt 0.364990 0.280762
vt 0.610840 0.551758
vt 0.614746 0.564209
vt 0.593750 0.566650
vt 0.747559 0.303711
vt 0.419434 0.105469
vt 0.404053 0.108887
vt 0.543945 0.347656
vt 0.546387 0.339355
vt 0.311523 0.223145
vt 0.895996 0.630615
vt 0.555176 0.005371
vt 0.565430 0.010254
vt 0.294922 0.723389
vt 0.303711 0.722900
vt 0.795898 0.310547
vt 0.969238 0.484375
vt 0.814941 0.156738
vt 0.661621 0.861938
vt 0.263184 0.580566
vt 0.232910 0.166992
vt 0.785645 0.655029
vt 0.125366 0.718750
vt 0.910156 0.757568
vt 0.906250 0.763916
vt 0.425049 0.956879
vt 0.057404 0.734863
vt 0.884766 0.805298
vt 0.575684 0.862305
vt 0.916504 0.034668
vt 0.899902 0.032715
vt 0.524414 0.732422
vt 0.516113 0.714355
vt 0.649414 0.548096
vt 0.473389 0.247559
vt 0.469727 0.263672
vt 0.462158 0.256348
vt 0.231323 0.383789
vt 0.219604 0.383301
vt 0.468018 0.726807
vt 0.953125 0.614258
vt 0.496338 0.050781
vt 0.501465 0.043945
vt 0.408203 0.970734
vt 0.809082 0.551025
vt 0.570312 0.339844
vt 0.414795 0.946716
vt 0.442627 0.309082
vt 0.572266 0.030762
vt 0.994629 0.754150
vt 0.990234 0.749756
vt 0.046692 0.047852
vt 0.919434 0.314453
vt 0.986816 0.886414
vt 0.990234 0.895081
vt 0.493408 0.556396
vt 0.256592 0.234375
vt 0.443115 0.132324
vt 0.952148 0.151367
vt 0.842285 0.733887
vt 0.824219 0.047852
vt 0.391602 0.667480
vt 0.958008 0.874634
vt 0.966797 0.884338
vt 0.305176 0.040039
vt 0.320557 0.029297
vt 0.315186 0.045410
vt 0.546875 0.728027
vt 0.958496 0.483398
vt 0.966797 0.473633
vt 0.230469 0.175781
vt 0.190308 0.693604
vt 0.442871 0.780762
vt 0.574219 0.326172
vt 0.575195 0.781860
vt 0.127686 0.190918
vt 0.266357 0.334473
vt 0.700684 0.293945
vt 0.936523 0.774902
vt 0.929688 0.778442
vt 0.523926 0.230469
vt 0.458008 0.558838
vt 0.461914 0.556396
vt 0.898926 0.683594
vt 0.618652 0.550049
vt 0.603516 0.123047
vt 0.198975 0.437500
vt 0.441895 0.148438
vt 0.967285 0.137695
vt 0.963379 0.148438
vt 0.934082 0.107910
vt 0.991211 0.842529
vt 0.045197 0.598145
vt 0.865234 0.093262
vt 0.854492 0.082520
vt 0.863281 0.081055
vt 0.889648 0.123535
vt 0.892578 0.114258
vt 0.029541 0.214355
vt 0.022003 0.200684
vt 0.588867 0.957672
vt 0.187500 0.934937
vt 0.165039 0.887756
vt 0.158447 0.897583
vt 0.415039 0.315918
vt 0.538086 0.684082
vt 0.532715 0.668457
vt 0.079468 0.379883
vt 0.070984 0.375000
vt 0.539062 0.651611
vt 0.539062 0.372559
vt 0.525879 0.369629
vt 0.799316 0.902832
vt 0.793457 0.909607
vt 0.087158 0.418945
vt 0.739746 0.397949
vt 0.748047 0.388184
vt 0.381836 0.619629
vt 0.375977 0.618652
vt 0.654785 0.845093
vt 0.046722 0.240234
vt 0.035522 0.240234
vt 0.461914 0.781128
vt 0.454102 0.780884
vt 0.468262 0.758423
vt 0.891602 0.817017
vt 0.356445 0.649170
vt 0.977051 0.879822
vt 0.300781 0.867310
vt 0.127930 0.657715
vt 0.059875 0.122070
vt 0.279297 0.639893
vt 0.326172 0.290039
vt 0.236694 0.079590
vt 0.088440 0.423828
vt 0.687988 0.173340
vt 0.694824 0.166016
vt 0.812988 0.932007
vt 0.619629 0.497559
vt 0.653809 0.815430
vt 0.670410 0.799316
vt 0.849609 0.308105
vt 0.544922 0.259277
vt 0.549316 0.248535
vt 0.733887 0.658447
vt 0.424072 0.946442
vt 0.127930 0.132812
vt 0.734863 0.967621
vt 0.722168 0.964233
vt 0.732422 0.955780
vt 0.419189 0.350586
vt 0.425537 0.354004
vt 0.555664 0.975952
vt 0.635742 0.333496
vt 0.672363 0.964630
vt 0.677734 0.946991
vt 0.680664 0.959534
vt 0.379395 0.266113
vt 0.676758 0.299805
vt 0.691406 0.307617
vt 0.681641 0.322754
vt 0.175781 0.233398
vt 0.274658 0.993412
vt 0.273438 0.999131
vt 0.278076 0.740479
vt 0.044037 0.929199
vt 0.058990 0.923706
vt 0.433350 0.631836
vt 0.419922 0.642334
vt 0.366699 0.337891
vt 0.561035 0.669678
vt 0.563965 0.675781
vt 0.126343 0.305664
vt 0.106201 0.311035
vt 0.583984 0.070801
vt 0.457031 0.109375
vt 0.910645 0.883545
vt 0.913574 0.871826
vt 0.528320 0.819946
vt 0.344727 0.721191
vt 0.200195 0.243652
vt 0.159302 0.932373
vt 0.061096 0.741943
vt 0.046295 0.744385
vt 0.701172 0.572510
vt 0.400635 0.366211
vt 0.406250 0.354492
vt 0.421143 0.361328
vt 0.655762 0.435059
vt 0.661133 0.444336
vt 0.645020 0.436523
vt 0.216187 0.523193
vt 0.216675 0.513184
vt 0.323486 0.962311
vt 0.328369 0.977585
vt 0.042542 0.418457
vt 0.047424 0.405762
vt 0.036682 0.716064
vt 0.040344 0.720703
vt 0.398926 0.971039
vt 0.818848 0.230957
vt 0.854980 0.355957
vt 0.504395 0.387207
vt 0.848633 0.777954
vt 0.854004 0.775757
vt 0.878906 0.946045
vt 0.884277 0.955078
vt 0.162598 0.790039
vt 0.647461 0.788940
vt 0.571289 0.666260
vt 0.558594 0.658936
vt 0.230469 0.789429
vt 0.442627 0.355469
vt 0.450928 0.358887
vt 0.924316 0.294922
vt 0.406738 0.960358
vt 0.625488 0.572754
vt 0.787109 0.680420
vt 0.812012 0.266602
vt 0.132935 0.410645
vt 0.947266 0.863647
vt 0.584961 0.935181
vt 0.573730 0.935913
vt 0.852539 0.148438
vt 0.200073 0.309570
vt 0.299072 0.991821
vt 0.310791 0.991821
vt 0.301270 0.999309
vt 0.521973 0.465820
vt 0.766113 0.457031
vt 0.755859 0.477051
vt 0.757812 0.454102
vt 0.091370 0.491699
vt 0.729492 0.944458
vt 0.893066 0.030273
vt 0.888672 0.018066
vt 0.626465 0.335938
vt 0.599609 0.541016
vt 0.357666 0.247070
vt 0.772949 0.062500
vt 0.333008 0.758179
vt 0.813477 0.575928
vt 0.905273 0.331543
vt 0.072144 0.656250
vt 0.948242 0.426758
vt 0.252686 0.688477
vt 0.044098 0.018555
vt 0.042450 0.022949
vt 0.433838 0.924072
vt 0.427490 0.910645
vt 0.039246 0.256836
vt 0.493652 0.291016
vt 0.488525 0.297852
vt 0.516113 0.815674
vt 0.760254 0.810059
vt 0.548340 0.061035
vt 0.272705 0.232422
vt 0.496338 0.057129
vt 0.968262 0.530762
vt 0.973145 0.520508
vt 0.762207 0.603516
vt 0.744141 0.412598
vt 0.235962 0.648682
vt 0.244385 0.636475
vt 0.067871 0.304688
vt 0.038788 0.800537
vt 0.149780 0.241699
vt 0.650391 0.403809
vt 0.668457 0.402344
vt 0.374268 0.172852
vt 0.474609 0.450195
vt 0.861328 0.556885
vt 0.057770 0.706543
vt 0.290771 0.956451
vt 0.944824 0.539062
vt 0.376221 0.552490
vt 0.246216 0.045410
vt 0.394531 0.357910
vt 0.632812 0.640869
vt 0.849121 0.127441
vt 0.970215 0.534912
vt 0.957031 0.539062
vt 0.117798 0.017090
vt 0.106750 0.017578
vt 0.671875 0.989532
vt 0.855469 0.129395
vt 0.796875 0.511230
vt 0.708008 0.297363
vt 0.769531 0.947327
vt 0.781738 0.942596
vt 0.370117 0.920105
vt 0.699219 0.172363
vt 0.790527 0.428711
vt 0.919922 0.987518
vt 0.912598 0.996315
vt 0.905762 0.984238
vt 0.016815 0.277344
vt 0.027283 0.275391
vt 0.030106 0.288086
vt 0.937500 0.697510
vt 0.949219 0.697021
vt 0.938477 0.703857
vt 0.404541 0.640625
vt 0.372559 0.846191
vt 0.366699 0.841309
vt 0.266113 0.487305
vt 0.546387 0.015625
vt 0.228516 0.503174
vt 0.225586 0.490234
vt 0.832031 0.325684
vt 0.879395 0.378906
vt 0.984863 0.124023
vt 0.223633 0.135254
vt 0.236328 0.138184
vt 0.733887 0.996223
vt 0.169922 0.898499
vt 0.130005 0.434082
vt 0.099854 0.822144
vt 0.118408 0.823242
vt 0.303467 0.840576
vt 0.960938 0.531494
vt 0.961426 0.811523
vt 0.476807 0.867065
vt 0.178589 0.882141
vt 0.168335 0.885986
vt 0.286377 0.734375
vt 0.330322 0.791992
vt 0.506348 0.409668
vt 0.460449 0.354004
vt 0.880859 0.512695
vt 0.882324 0.525146
vt 0.470703 0.507568
vt 0.161743 0.723633
vt 0.051483 0.482422
vt 0.040436 0.477051
vt 0.048737 0.473145
vt 0.982422 0.827881
vt 0.364014 0.812378
vt 0.260010 0.096191
vt 0.270020 0.095215
vt 0.274414 0.107422
vt 0.829102 0.831177
vt 0.906250 0.433105
vt 0.903809 0.426270
vt 0.665527 0.861328
vt 0.430176 0.270996
vt 0.730469 0.218262
vt 0.220337 0.786377
vt 0.526367 0.561523
vt 0.517578 0.567139
vt 0.908203 0.650391
vt 0.001431 0.005371
vt 0.000720 0.014160
vt 0.876465 0.583496
vt 0.872070 0.576416
vt 0.039490 0.202637
vt 0.933594 0.840088
vt 0.036438 0.537354
vt 0.878418 0.276367
vt 0.890625 0.281250
vt 0.875000 0.285645
vt 0.805176 0.942505
vt 0.815430 0.946014
vt 0.812012 0.949982
vt 0.783203 0.263672
vt 0.446289 0.687012
vt 0.673828 0.976578
vt 0.074402 0.854004
vt 0.081970 0.838379
vt 0.086121 0.857910
vt 0.659668 0.422852
vt 0.569336 0.326660
vt 0.516602 0.188477
vt 0.248169 0.244141
vt 0.917969 0.440430
vt 0.759277 0.246582
vt 0.421387 0.855469
vt 0.415039 0.847168
vt 0.916016 0.163574
vt 0.296631 0.661133
vt 0.100769 0.755371
vt 0.746094 0.045898
vt 0.743652 0.057129
vt 0.635254 0.095215
vt 0.536133 0.739014
vt 0.281250 0.204102
vt 0.287598 0.191406
vt 0.739746 0.250488
vt 0.735352 0.263672
vt 0.331055 0.846069
vt 0.333252 0.859985
vt 0.319824 0.860474
vt 0.323730 0.862671
vt 0.533691 0.515137
vt 0.045227 0.585693
vt 0.589355 0.515869
vt 0.566895 0.500244
vt 0.094299 0.237793
vt 0.134399 0.372559
vt 0.125122 0.369629
vt 0.042358 0.376953
vt 0.049103 0.376465
vt 0.919922 0.153809
vt 0.140137 0.750854
vt 0.121338 0.755127
vt 0.876953 0.560791
vt 0.322266 0.922546
vt 0.968750 0.713379
vt 0.501953 0.236328
vt 0.517578 0.234375
vt 0.242798 0.033203
vt 0.365479 0.979599
vt 0.357910 0.972305
vt 0.231812 0.100098
vt 0.226318 0.108887
vt 0.224121 0.870361
vt 0.214844 0.869385
vt 0.222656 0.854614
vt 0.694336 0.961029
vt 0.921875 0.464355
vt 0.803711 0.630371
vt 0.664062 0.220215
vt 0.665527 0.211914
vt 0.815430 0.587891
vt 0.477783 0.658203
vt 0.464111 0.662109
vt 0.233032 0.514404
vt 0.686523 0.698730
vt 0.884766 0.033203
vt 0.869141 0.031738
vt 0.912598 0.515137
vt 0.847656 0.898987
vt 0.850098 0.881104
vt 0.989746 0.834839
vt 0.702637 0.950684
vt 0.688965 0.951538
vt 0.694336 0.943085
vt 0.115356 0.507324
vt 0.325439 0.401367
vt 0.186401 0.373535
vt 0.363281 0.703369
vt 0.758301 0.062012
vt 0.429443 0.603027
vt 0.859863 0.576904
vt 0.739258 0.897827
vt 0.917480 0.960022
vt 0.237915 0.587402
vt 0.551270 0.873291
vt 0.563477 0.872803
vt 0.563477 0.879150
vt 0.417969 0.044922
vt 0.925293 0.751465
vt 0.021866 0.514404
vt 0.034424 0.510254
vt 0.029495 0.522705
vt 0.213867 0.836792
vt 0.483398 0.476074
vt 0.779297 0.503906
vt 0.777832 0.518066
vt 0.768555 0.509033
vt 0.645508 0.694336
vt 0.169312 0.425293
vt 0.154785 0.423340
vt 0.161987 0.419922
vt 0.513184 0.350098
vt 0.513184 0.335938
vt 0.414062 0.605713
vt 0.814941 0.115234
vt 0.688477 0.131836
vt 0.674316 0.877380
vt 0.972168 0.740479
vt 0.442871 0.893005
vt 0.429932 0.898926
vt 0.431885 0.880920
vt 0.601074 0.221680
vt 0.601562 0.208496
vt 0.611816 0.213379
vt 0.087830 0.254883
vt 0.759766 0.224609
vt 0.806641 0.597656
vt 0.478271 0.045410
vt 0.919434 0.447754
vt 0.920898 0.439453
vt 0.924805 0.444336
vt 0.550781 0.593750
vt 0.823730 0.951355
vt 0.642578 0.966766
vt 0.651367 0.969864
vt 0.384521 0.675537
vt 0.070679 0.125000
vt 0.410400 0.509521
vt 0.408203 0.524902
vt 0.276611 0.754517
vt 0.760742 0.840576
vt 0.940918 0.679199
vt 0.660645 0.701660
vt 0.000121 0.637939
vt 0.000207 0.635010
vt 0.003529 0.636230
vt 0.095032 0.796509
vt 0.078308 0.985107
vt 0.675293 0.169922
vt 0.273193 0.321289
vt 0.073425 0.557617
vt 0.587402 0.643066
vt 0.575195 0.147461
vt 0.760742 0.580078
vt 0.263428 0.675293
vt 0.568359 0.113770
vt 0.172974 0.804199
vt 0.520020 0.801514
vt 0.137817 0.935120
vt 0.518555 0.477539
vt 0.289551 0.824707
vt 0.813477 0.218750
vt 0.825195 0.233398
vt 0.301025 0.297363
vt 0.741699 0.421387
vt 0.035156 0.917969
vt 0.500000 0.129883
vt 0.440186 0.705566
vt 0.426270 0.706299
vt 0.438721 0.469727
vt 0.275879 0.084473
vt 0.166138 0.978638
vt 0.140747 0.191895
vt 0.309570 0.649414
vt 0.291260 0.653320
vt 0.523438 0.673340
vt 0.137939 0.145508
vt 0.314941 0.575439
vt 0.174683 0.520752
vt 0.735840 0.444824
vt 0.721191 0.448730
vt 0.613281 0.304688
vt 0.609375 0.654297
vt 0.772461 0.690674
vt 0.402344 0.622559
vt 0.310791 0.104980
vt 0.099731 0.686768
vt 0.097534 0.101562
vt 0.290771 0.660889
vt 0.830566 0.906616
vt 0.238770 0.521240
vt 0.229248 0.531006
vt 0.202148 0.778198
vt 0.062164 0.367676
vt 0.762207 0.347656
vt 0.760254 0.332031
vt 0.522461 0.892212
vt 0.963379 0.422363
vt 0.819336 0.639893
vt 0.782715 0.333008
vt 0.778809 0.346680
vt 0.284912 0.721436
vt 0.331299 0.739502
vt 0.397705 0.519287
vt 0.042908 0.814453
vt 0.040009 0.789185
vt 0.795898 0.943695
vt 0.008720 0.640137
vt 0.437500 0.289062
vt 0.540039 0.075684
vt 0.547852 0.089844
vt 0.359619 0.472168
vt 0.030365 0.032715
vt 0.990234 0.311035
vt 0.980469 0.325195
vt 0.303955 0.736328
vt 0.077881 0.528076
vt 0.900879 0.700684
vt 0.080933 0.205566
vt 0.527344 0.106934
vt 0.507324 0.111816
vt 0.512695 0.098145
vt 0.346924 0.250000
vt 0.236938 0.636475
vt 0.227661 0.650391
vt 0.637207 0.978470
vt 0.549805 0.150391
vt 0.366211 0.370117
vt 0.028748 0.831787
vt 0.357666 0.514404
vt 0.318115 0.217285
vt 0.480225 0.999874
vt 0.461182 0.999874
vt 0.476074 0.992737
vt 0.199707 0.423340
vt 0.876465 0.175781
vt 0.110168 0.809448
vt 0.121704 0.670166
vt 0.205933 0.786011
vt 0.058899 0.387207
vt 0.394043 0.672363
vt 0.853027 0.014160
vt 0.861328 0.008301
vt 0.803711 0.651611
vt 0.909180 0.397949
vt 0.582031 0.925171
vt 0.624512 0.649170
vt 0.639160 0.644043
vt 0.603027 0.278320
vt 0.015976 0.462891
vt 0.022461 0.458984
vt 0.502441 0.039062
vt 0.491699 0.033691
vt 0.760742 0.690430
vt 0.752441 0.687256
vt 0.759277 0.302246
vt 0.898926 0.902649
vt 0.003601 0.696289
vt 0.003036 0.682617
vt 0.476807 0.271484
vt 0.604492 0.667725
vt 0.822266 0.500000
vt 0.074707 0.545654
vt 0.726074 0.291992
vt 0.220581 0.599121
vt 0.796875 0.822876
vt 0.011513 0.618652
vt 0.762207 0.795044
vt 0.896973 0.480957
vt 0.830078 0.506836
vt 0.271973 0.978470
vt 0.406982 0.038086
vt 0.100403 0.691650
vt 0.218384 0.991791
vt 0.225464 0.991791
vt 0.219116 0.997372
vt 0.424805 0.933472
vt 0.421387 0.925720
vt 0.388428 0.271484
vt 0.571777 0.922424
vt 0.520020 0.121094
vt 0.852051 0.090820
vt 0.198975 0.814331
vt 0.429688 0.281738
vt 0.476074 0.630615
vt 0.464111 0.636719
vt 0.212524 0.217285
vt 0.157349 0.575439
vt 0.387451 0.877441
vt 0.080933 0.393555
vt 0.982910 0.755371
vt 0.525391 0.972916
vt 0.596680 0.555420
vt 0.039001 0.639893
vt 0.674316 0.140625
vt 0.913086 0.930054
vt 0.924316 0.913330
vt 0.588867 0.266602
vt 0.614746 0.677246
vt 0.911133 0.073730
vt 0.647949 0.299805
vt 0.668945 0.312012
vt 0.209229 0.584961
vt 0.780762 0.550293
vt 0.291992 0.670654
vt 0.564453 0.917419
vt 0.427246 0.423828
vt 0.360107 0.919006
vt 0.287109 0.353516
vt 0.291504 0.344727
vt 0.300049 0.347656
vt 0.144043 0.232422
vt 0.788574 0.413574
vt 0.543945 0.663818
vt 0.552734 0.649414
vt 0.951172 0.592529
vt 0.219604 0.295898
vt 0.638184 0.536621
vt 0.032349 0.936707
vt 0.027420 0.952942
vt 0.039520 0.630127
vt 0.040283 0.635254
vt 0.975098 0.985924
vt 0.984375 0.982971
vt 0.583008 0.999861
vt 0.584961 0.991768
vt 0.603516 0.991768
vt 0.584961 0.526123
vt 0.596680 0.277344
vt 0.639648 0.548340
vt 0.766113 0.391602
vt 0.757324 0.799927
vt 0.741211 0.843994
vt 0.752930 0.846191
vt 0.374512 0.087402
vt 0.064880 0.375488
vt 0.279053 0.104004
vt 0.285645 0.110352
vt 0.173828 0.423828
vt 0.097229 0.682129
vt 0.774414 0.541504
vt 0.130249 0.872803
vt 0.366699 0.747070
vt 0.574219 0.082520
vt 0.942383 0.309570
vt 0.943359 0.158691
vt 0.714844 0.643799
vt 0.709473 0.642822
vt 0.119934 0.722900
vt 0.762695 0.024414
vt 0.603027 0.520752
vt 0.343506 0.845581
vt 0.622070 0.691406
vt 0.251221 0.265137
vt 0.546387 0.115723
vt 0.207153 0.406250
vt 0.797363 0.378418
vt 0.926758 0.924255
vt 0.743164 0.885620
vt 0.289307 0.560059
vt 0.349365 0.864746
vt 0.347656 0.857178
vt 0.733398 0.231445
vt 0.766113 0.956146
vt 0.688477 0.886597
vt 0.338135 0.564941
vt 0.328857 0.574707
vt 0.424072 0.739502
vt 0.319092 0.820801
vt 0.359619 0.251465
vt 0.362549 0.248047
vt 0.747559 0.166992
vt 0.709473 0.379395
vt 0.801270 0.213379
vt 0.763184 0.625977
vt 0.119263 0.963470
vt 0.200562 0.446289
vt 0.946777 0.307129
vt 0.415527 0.502441
vt 0.341797 0.699219
vt 0.455811 0.670898
vt 0.708496 0.134766
vt 0.898926 0.608154
vt 0.599121 0.745850
vt 0.610840 0.743408
vt 0.025848 0.732178
vt 0.878906 0.303223
vt 0.386230 0.298828
vt 0.187378 0.467773
vt 0.458984 0.066406
vt 0.975098 0.287598
vt 0.982422 0.288086
vt 0.428955 0.105469
vt 0.986816 0.712402
vt 0.981445 0.696533
vt 0.671387 0.709961
vt 0.671875 0.719482
vt 0.339111 0.867554
vt 0.026169 0.777832
vt 0.022034 0.778931
vt 0.346436 0.490723
vt 0.429443 0.352051
vt 0.260742 0.600586
vt 0.981445 0.112305
vt 0.518555 0.361328
vt 0.921387 0.727783
vt 0.856934 0.367188
vt 0.863770 0.354980
vt 0.422852 0.880005
vt 0.428711 0.862305
vt 0.349365 0.399414
vt 0.335205 0.410645
vt 0.638672 0.373535
vt 0.023438 0.422852
vt 0.012001 0.434570
vt 0.012360 0.423828
vt 0.020889 0.851196
vt 0.083801 0.188477
vt 0.248657 0.434570
vt 0.231689 0.438965
vt 0.605469 0.997248
vt 0.897949 0.454102
vt 0.880859 0.471191
vt 0.023148 0.645508
vt 0.016220 0.641113
vt 0.024918 0.635254
vt 0.929688 0.174805
vt 0.612793 0.209961
vt 0.617188 0.201172
vt 0.577637 0.455078
vt 0.579590 0.444336
vt 0.728027 0.312988
vt 0.665039 0.368164
vt 0.838379 0.440430
vt 0.601074 0.050781
vt 0.410156 0.652344
vt 0.708008 0.019043
vt 0.104614 0.789551
vt 0.796387 0.418945
vt 0.935059 0.696777
vt 0.794922 0.780884
vt 0.487305 0.055176
vt 0.955078 0.223145
vt 0.035706 0.647949
vt 0.254150 0.605957
vt 0.783691 0.433105
vt 0.551270 0.500000
vt 0.649902 0.413574
vt 0.271729 0.273926
vt 0.504395 0.496094
vt 0.861328 0.310547
vt 0.877930 0.312988
vt 0.956543 0.432129
vt 0.094238 0.690674
vt 0.306152 0.817139
vt 0.309082 0.822998
vt 0.514160 0.788696
vt 0.794434 0.733643
vt 0.862305 0.280762
vt 0.355469 0.809204
vt 0.602051 0.179688
vt 0.608398 0.167969
vt 0.941406 0.848267
vt 0.948730 0.852905
vt 0.221069 0.248047
vt 0.931152 0.070801
vt 0.996582 0.954498
vt 0.991211 0.943146
vt 0.729492 0.749023
vt 0.737305 0.742676
vt 0.681152 0.207031
vt 0.685059 0.211426
vt 0.951660 0.018066
vt 0.258789 0.407715
vt 0.266602 0.407227
vt 0.333740 0.673096
vt 0.668457 0.434570
vt 0.877930 0.271973
vt 0.828613 0.857056
vt 0.135742 0.618652
vt 0.042633 0.256836
vt 0.031433 0.303223
vt 0.669434 0.273926
vt 0.499268 0.170410
vt 0.265869 0.991798
vt 0.257568 0.997854
vt 0.256348 0.992149
vt 0.307861 0.794556
vt 0.095276 0.388672
vt 0.109802 0.389160
vt 0.760742 0.506592
vt 0.730469 0.327637
vt 0.519531 0.187988
vt 0.513184 0.172363
vt 0.519531 0.169922
vt 0.363037 0.379395
vt 0.078430 0.238281
vt 0.057770 0.227051
vt 0.189331 0.096680
vt 0.232788 0.848389
vt 0.738770 0.876221
vt 0.732910 0.883850
vt 0.079956 0.041504
vt 0.930664 0.024414
vt 0.928223 0.042480
vt 0.522949 0.297363
vt 0.050415 0.677979
vt 0.411133 0.402832
vt 0.995117 0.444336
vt 0.593262 0.211426
vt 0.610352 0.635010
vt 0.009583 0.601318
vt 0.220337 0.940491
vt 0.228394 0.948639
vt 0.219971 0.957520
vt 0.681152 0.225098
vt 0.412842 0.280762
vt 0.396484 0.284180
vt 0.335205 0.395020
vt 0.707031 0.943970
vt 0.408447 0.781372
vt 0.056427 0.354492
vt 0.607422 0.118164
vt 0.854980 0.272949
vt 0.868164 0.269043
vt 0.947754 0.649170
vt 0.596680 0.969513
vt 0.596680 0.963226
vt 0.408691 0.389160
vt 0.791504 0.128418
vt 0.290283 0.577881
vt 0.351318 0.646240
vt 0.804199 0.459961
vt 0.197388 0.399902
vt 0.173462 0.279785
vt 0.482178 0.857422
vt 0.214966 0.321777
vt 0.648438 0.169922
vt 0.483398 0.233887
vt 0.475830 0.244629
vt 0.029404 0.480469
vt 0.620117 0.882019
vt 0.937988 0.786865
vt 0.186890 0.671875
vt 0.166138 0.669678
vt 0.876465 0.915894
vt 0.807617 0.956665
vt 0.346436 0.133301
vt 0.187378 0.679443
vt 0.766602 0.255859
vt 0.301758 0.354004
vt 0.729004 0.889038
vt 0.719238 0.878662
vt 0.723633 0.676025
vt 0.708008 0.687988
vt 0.383057 0.469727
vt 0.049103 0.652832
vt 0.468018 0.387695
vt 0.587402 0.208008
vt 0.859375 0.545898
vt 0.751465 0.250000
vt 0.162354 0.536377
vt 0.381348 0.637695
vt 0.041077 0.140625
vt 0.057068 0.136719
vt 0.052368 0.154785
vt 0.032013 0.536377
vt 0.014290 0.536377
vt 0.026520 0.527588
vt 0.135254 0.657959
vt 0.090454 0.031250
vt 0.887695 0.880005
vt 0.799805 0.191895
vt 0.150391 0.487793
vt 0.380615 0.873169
vt 0.374756 0.866577
vt 0.030457 0.737793
vt 0.950195 0.780151
vt 0.938477 0.782227
vt 0.502441 0.083496
vt 0.514160 0.080078
vt 0.973145 0.367188
vt 0.990723 0.367188
vt 0.104797 0.867920
vt 0.253174 0.123535
vt 0.349121 0.428711
vt 0.342041 0.416016
vt 0.364502 0.328613
vt 0.911133 0.554932
vt 0.023178 0.003418
vt 0.007313 0.000000
vt 0.579590 0.007812
vt 0.587891 0.006836
vt 0.263672 0.376465
vt 0.797852 0.932251
vt 0.289307 0.140137
vt 0.100952 0.385742
vt 0.090149 0.381836
vt 0.009361 0.818970
vt 0.822754 0.182617
vt 0.121887 0.880615
vt 0.875488 0.779053
vt 0.984375 0.033203
vt 0.984375 0.022949
vt 0.192871 0.235840
vt 0.159302 0.291992
vt 0.954590 0.750122
vt 0.231079 0.043945
vt 0.298340 0.019531
vt 0.894043 0.937012
vt 0.312500 0.951843
vt 0.174561 0.248047
vt 0.523438 0.629150
vt 0.314941 0.467773
vt 0.310791 0.482910
vt 0.565918 0.461914
vt 0.572266 0.460449
vt 0.551758 0.664795
vt 0.694336 0.837524
vt 0.990723 0.541260
vt 0.985352 0.550049
vt 0.386963 0.225098
vt 0.053345 0.419434
vt 0.322021 0.998284
vt 0.834473 0.785278
vt 0.957031 0.772217
vt 0.420654 0.111328
vt 0.156250 0.020508
vt 0.235474 0.634521
vt 0.384033 0.369141
vt 0.339600 0.311523
vt 0.157227 0.873169
vt 0.478516 0.274414
vt 0.259766 0.664062
vt 0.214111 0.154297
vt 0.284912 0.433594
vt 0.109314 0.038086
vt 0.160889 0.936096
vt 0.378418 0.991699
vt 0.393311 0.991699
vt 0.389404 0.997957
vt 0.435059 0.495605
vt 0.937988 0.823364
vt 0.366455 0.860107
vt 0.353516 0.856812
vt 0.364258 0.855225
vt 0.690918 0.519775
vt 0.774414 0.492188
vt 0.156616 0.286621
vt 0.396240 0.260254
vt 0.203125 0.584473
vt 0.519531 0.467773
vt 0.368652 0.375977
vt 0.803711 0.536865
vt 0.251221 0.516113
vt 0.242676 0.506104
vt 0.376221 0.128418
vt 0.387695 0.116699
vt 0.961426 0.267578
vt 0.253418 0.134766
vt 0.662109 0.648926
vt 0.114807 0.257812
vt 0.708008 0.446289
vt 0.187866 0.612061
vt 0.777344 0.416992
vt 0.244629 0.278809
vt 0.232178 0.270996
vt 0.879395 0.309082
vt 0.106995 0.143555
vt 0.522461 0.707764
vt 0.103088 0.581055
vt 0.078735 0.703369
vt 0.531250 0.421875
vt 0.912109 0.934998
vt 0.445068 0.673096
vt 0.862793 0.138184
vt 0.296387 0.034180
vt 0.279053 0.035645
vt 0.651855 0.990974
vt 0.663086 0.998820
vt 0.952148 0.044922
vt 0.600586 0.508301
vt 0.038391 0.724365
vt 0.391113 0.677002
vt 0.360352 0.008301
vt 0.351318 0.013672
vt 0.352539 0.006836
vt 0.319336 0.992157
vt 0.275146 0.195801
vt 0.526855 0.770142
vt 0.865234 0.176270
vt 0.212036 0.245117
vt 0.708008 0.362793
vt 0.498047 0.041016
vt 0.320068 0.505615
vt 0.239624 0.110840
vt 0.236084 0.949310
vt 0.137817 0.195801
vt 0.662598 0.524170
vt 0.482422 0.999708
vt 0.485352 0.994820
vt 0.501953 0.999760
vt 0.245117 0.175293
vt 0.743164 0.680420
vt 0.274902 0.291992
vt 0.274414 0.300293
vt 0.991699 0.327637
vt 0.626465 0.902466
vt 0.407959 0.322754
vt 0.425293 0.322754
vt 0.278320 0.763672
vt 0.284912 0.747803
vt 0.710449 0.729980
vt 0.388184 0.638916
vt 0.022522 0.230469
vt 0.040283 0.229492
vt 0.030014 0.239258
vt 0.875488 0.232422
vt 0.384766 0.054199
vt 0.335938 0.720459
vt 0.750977 0.035156
vt 0.923340 0.895569
vt 0.809570 0.106445
vt 0.800293 0.102051
vt 0.822266 0.694824
vt 0.949219 0.772583
vt 0.127563 0.362793
vt 0.724609 0.085449
vt 0.868652 0.932556
vt 0.471191 0.899780
vt 0.084473 0.695801
vt 0.085083 0.714111
vt 0.423828 0.161621
vt 0.090759 0.135742
vt 0.982910 0.048828
vt 0.969238 0.043457
vt 0.227417 0.233398
vt 0.533203 0.705566
vt 0.544434 0.699707
vt 0.048157 0.332520
vt 0.027740 0.753174
vt 0.829590 0.151855
vt 0.997070 0.152344
vt 0.961914 0.157227
vt 0.815430 0.684082
vt 0.490723 0.146484
vt 0.996094 0.092285
vt 0.040710 0.026855
vt 0.283447 0.284668
vt 0.484375 0.282715
vt 0.492920 0.283691
vt 0.860352 0.135742
vt 0.063599 0.530518
vt 0.634766 0.222168
vt 0.664551 0.957275
vt 0.256104 0.897583
vt 0.561523 0.409180
vt 0.144043 0.419434
vt 0.627441 0.035156
vt 0.206909 0.378418
vt 0.969727 0.679199
vt 0.387939 0.542480
vt 0.377930 0.545410
vt 0.649902 0.368652
vt 0.216431 0.240234
vt 0.167480 0.241699
vt 0.741699 0.745850
vt 0.076355 0.646484
vt 0.014893 0.980072
vt 0.023361 0.973907
vt 0.028458 0.986183
vt 0.837891 0.387207
vt 0.831543 0.394043
vt 0.639648 0.074219
vt 0.628418 0.071777
vt 0.844238 0.490234
vt 0.090698 0.219727
vt 0.082520 0.218750
vt 0.298584 0.580566
vt 0.301270 0.568359
vt 0.625000 0.176758
vt 0.560059 0.859497
vt 0.114990 0.370117
vt 0.119263 0.372559
vt 0.164673 0.057617
vt 0.259521 0.616699
vt 0.700195 0.081055
vt 0.597168 0.434082
vt 0.007046 0.796509
vt 0.007595 0.784302
vt 0.947266 0.968536
vt 0.965820 0.745117
vt 0.706543 0.517090
vt 0.607910 0.226074
vt 0.376465 0.298340
vt 0.368408 0.303711
vt 0.334229 0.245117
vt 0.407227 0.625000
vt 0.904785 0.772095
vt 0.329834 0.129395
vt 0.695801 0.401367
vt 0.100281 0.989487
vt 0.416504 0.543457
vt 0.952637 0.354980
vt 0.000564 0.729248
vt 0.106140 0.226562
vt 0.462158 0.340332
vt 0.991699 0.822510
vt 0.344971 0.999857
vt 0.333008 0.995934
vt 0.345215 0.994232
vt 0.429932 0.823608
vt 0.670410 0.726074
vt 0.921875 0.043945
vt 0.153809 0.980682
vt 0.783203 0.682861
vt 0.445801 0.124512
vt 0.939941 0.905823
vt 0.753906 0.234375
vt 0.746582 0.220215
vt 0.828125 0.124512
vt 0.130005 0.610596
vt 0.886719 0.761230
vt 0.032562 0.041992
vt 0.033295 0.029785
vt 0.407715 0.110840
vt 0.441650 0.673828
vt 0.797852 0.465332
vt 0.239380 0.921021
vt 0.235107 0.925049
vt 0.922852 0.879333
vt 0.541992 0.808472
vt 0.869629 0.777832
vt 0.497559 0.979950
vt 0.741211 0.435547
vt 0.533691 0.756958
vt 0.459473 0.812744
vt 0.464600 0.822998
vt 0.972168 0.757080
vt 0.777832 0.731689
vt 0.920410 0.768311
vt 0.405762 0.417969
vt 0.363037 0.477051
vt 0.058685 0.983719
vt 0.211792 0.766724
vt 0.215698 0.772339
vt 0.440918 0.697998
vt 0.539551 0.315918
vt 0.351562 0.310547
vt 0.213013 0.165527
vt 0.320557 0.302246
vt 0.712891 0.175781
vt 0.875977 0.929688
vt 0.952148 0.295898
vt 0.770020 0.613037
vt 0.293213 0.424316
vt 0.320068 0.346680
vt 0.151489 0.397949
vt 0.643555 0.930115
vt 0.647461 0.928650
vt 0.002569 0.779785
vt 0.004559 0.759888
vt 0.610352 0.180176
vt 0.743652 0.424805
vt 0.306152 0.046875
vt 0.296875 0.049316
vt 0.112366 0.270996
vt 0.239624 0.820312
vt 0.611816 0.296387
vt 0.606934 0.297852
vt 0.326172 0.041016
vt 0.785645 0.443359
vt 0.666992 0.783936
vt 0.029922 0.644043
vt 0.027969 0.649170
vt 0.919922 0.146973
vt 0.499512 0.593506
vt 0.826660 0.277344
vt 0.830566 0.267578
vt 0.840332 0.271973
vt 0.876953 0.353516
vt 0.610840 0.457031
vt 0.631836 0.442871
vt 0.458252 0.228516
vt 0.448975 0.888550
vt 0.456055 0.899719
vt 0.669434 0.107422
vt 0.258301 0.911560
vt 0.266357 0.914917
vt 0.484131 0.106445
vt 0.120605 0.775024
vt 0.984863 0.061523
vt 0.975586 0.058594
vt 0.784668 0.132324
vt 0.078430 0.679199
vt 0.526855 0.355469
vt 0.060516 0.914978
vt 0.920410 0.522705
vt 0.347168 0.032227
vt 0.966797 0.000977
vt 0.938965 0.094727
vt 0.118408 0.544922
vt 0.320801 0.496094
vt 0.132324 0.289551
vt 0.550781 0.615723
vt 0.038635 0.308105
vt 0.034088 0.621582
vt 0.042023 0.615723
vt 0.557617 0.926453
vt 0.226685 0.083496
vt 0.523926 0.641113
vt 0.505859 0.249512
vt 0.897461 0.584717
vt 0.465576 0.448730
vt 0.090637 0.580322
vt 0.103943 0.586182
vt 0.090820 0.592285
vt 0.793945 0.529053
vt 0.239502 0.048340
vt 0.072083 0.066406
vt 0.054291 0.068359
vt 0.517090 0.220215
vt 0.967285 0.046875
vt 0.835449 0.427246
vt 0.014648 0.702148
vt 0.616211 0.057129
vt 0.617188 0.075195
vt 0.207764 0.976593
vt 0.148071 0.452148
vt 0.931641 0.364746
vt 0.941895 0.381348
vt 0.806641 0.198730
vt 0.621582 0.211426
vt 0.617676 0.214355
vt 0.671875 0.794678
vt 0.275391 0.652100
vt 0.287842 0.653809
vt 0.626465 0.107422
vt 0.095520 0.148926
vt 0.234253 0.907654
vt 0.752441 0.456055
vt 0.061920 0.464844
vt 0.830566 0.047363
vt 0.598145 0.827515
vt 0.527832 0.327148
vt 0.223511 0.291016
vt 0.454590 0.936768
vt 0.447021 0.932251
vt 0.074707 0.751343
vt 0.069153 0.766357
vt 0.543945 0.170898
vt 0.944336 0.845581
vt 0.817383 0.042480
vt 0.752441 0.056152
vt 0.798828 0.129883
vt 0.645020 0.108887
vt 0.393311 0.322754
vt 0.400635 0.312988
vt 0.199951 0.694824
vt 0.875488 0.125977
vt 0.985840 0.224609
vt 0.976074 0.221680
vt 0.446533 0.936462
vt 0.651855 0.560059
vt 0.085449 0.567383
vt 0.194458 0.652100
vt 0.322266 0.421875
vt 0.333740 0.766724
vt 0.916016 0.121094
vt 0.592285 0.762207
vt 0.725098 0.741699
vt 0.732422 0.732666
vt 0.164917 0.511230
vt 0.886719 0.174805
vt 0.299805 0.167480
vt 0.163086 0.902283
vt 0.642578 0.969971
vt 0.645996 0.980408
vt 0.548340 0.235840
vt 0.503906 0.238281
vt 0.612305 0.187012
vt 0.612305 0.172852
vt 0.626465 0.702881
vt 0.034271 0.578857
vt 0.560059 0.481934
vt 0.372314 0.305664
vt 0.328613 0.109375
vt 0.559570 0.687988
vt 0.442627 0.412598
vt 0.450684 0.409668
vt 0.080078 0.795776
vt 0.337158 0.300781
vt 0.585938 0.591553
vt 0.945312 0.655762
vt 0.512207 0.489258
vt 0.444092 0.769775
vt 0.256104 0.371094
vt 0.528320 0.866943
vt 0.141357 0.972702
vt 0.363281 0.624512
vt 0.711426 0.047363
vt 0.711426 0.494141
vt 0.714844 0.506104
vt 0.365479 0.305664
vt 0.360352 0.323730
vt 0.347168 0.886108
vt 0.983398 0.361816
vt 0.639160 0.084473
vt 0.434082 0.346680
vt 0.163452 0.044434
vt 0.159058 0.051270
vt 0.031250 0.627686
vt 0.196533 0.386719
vt 0.739746 0.674805
vt 0.373535 0.144043
vt 0.170288 0.708740
vt 0.181274 0.701416
vt 0.092773 0.899109
vt 0.149536 0.049316
vt 0.028702 0.360840
vt 0.029892 0.348145
vt 0.342773 0.877319
vt 0.440430 0.019043
vt 0.422852 0.024414
vt 0.171387 0.259277
vt 0.532227 0.013672
vt 0.609375 0.820557
vt 0.625000 0.247559
vt 0.054932 0.261719
vt 0.188232 0.807373
vt 0.953125 0.811035
vt 0.091553 0.127930
vt 0.401611 0.022949
vt 0.393066 0.037109
vt 0.245605 0.372559
vt 0.827637 0.705078
vt 0.167236 0.470215
vt 0.323486 0.787476
vt 0.332275 0.781860
vt 0.519043 0.758911
vt 0.241455 0.698975
vt 0.412598 0.738281
vt 0.705566 0.971481
vt 0.695801 0.972473
vt 0.091003 0.112793
vt 0.150635 0.867432
vt 0.873047 0.841431
vt 0.582520 0.411621
vt 0.622070 0.171875
vt 0.080994 0.928955
vt 0.087891 0.924255
vt 0.313721 0.343750
vt 0.273193 0.896606
vt 0.378906 0.158691
vt 0.367920 0.166016
vt 0.340576 0.037598
vt 0.979492 0.516357
vt 0.693359 0.899048
vt 0.691406 0.913025
vt 0.794922 0.409180
vt 0.690918 0.931335
vt 0.064758 0.187012
vt 0.060394 0.181152
vt 0.744141 0.863037
vt 0.643066 0.811890
vt 0.261475 0.785645
vt 0.956055 0.104004
vt 0.028671 0.458984
vt 0.768555 0.835938
vt 0.130493 0.643066
vt 0.429443 0.217285
vt 0.985352 0.340820
vt 0.628418 0.124023
vt 0.207397 0.954132
vt 0.493652 0.093750
vt 0.496582 0.107422
vt 0.553223 0.382324
vt 0.949219 0.375977
vt 0.036377 0.400879
vt 0.946777 0.546387
vt 0.440674 0.875427
vt 0.433350 0.489258
vt 0.946289 0.932068
vt 0.939941 0.922791
vt 0.030594 0.658203
vt 0.437256 0.565430
vt 0.716797 0.596436
vt 0.092163 0.685303
vt 0.074341 0.634521
vt 0.073242 0.625000
vt 0.013496 0.633301
vt 0.377930 0.252930
vt 0.334961 0.553711
vt 0.326416 0.545410
vt 0.421143 0.747803
vt 0.319336 0.005859
vt 0.106750 0.562744
vt 0.925781 0.961945
vt 0.930176 0.969803
vt 0.823242 0.788452
vt 0.101196 0.566162
vt 0.748535 0.791382
vt 0.765137 0.790894
vt 0.383301 0.249023
vt 0.343750 0.640625
vt 0.776855 0.118164
vt 0.188843 0.309082
vt 0.198975 0.187988
vt 0.958496 0.142090
vt 0.801758 0.836304
vt 0.669434 0.854370
vt 0.240479 0.255371
vt 0.242798 0.245605
vt 0.914062 0.732666
vt 0.450684 0.972809
vt 0.195190 0.222168
vt 0.791016 0.894714
vt 0.114563 0.362305
vt 0.127319 0.073242
vt 0.641602 0.166504
vt 0.996094 0.234863
vt 0.971191 0.413574
vt 0.244141 0.914246
vt 0.178711 0.177246
vt 0.179810 0.188477
vt 0.371582 0.999066
vt 0.373047 0.994652
vt 0.386475 0.999930
vt 0.375488 0.632324
vt 0.205566 0.159180
vt 0.199097 0.821289
vt 0.185425 0.662842
vt 0.144897 0.024414
vt 0.057678 0.247559
vt 0.247314 0.054688
vt 0.895508 0.417969
vt 0.696289 0.078613
vt 0.693848 0.093262
vt 0.929199 0.012207
vt 0.812012 0.634033
vt 0.258301 0.062500
vt 0.228027 0.238281
vt 0.131714 0.019531
vt 0.400879 0.114258
vt 0.447754 0.962921
vt 0.559570 0.579346
vt 0.037720 0.477051
vt 0.034271 0.465820
vt 0.436523 0.483398
vt 0.606934 0.077148
vt 0.390381 0.145996
vt 0.509277 0.138184
vt 0.497803 0.290039
vt 0.110718 0.760742
vt 0.242432 0.286133
vt 0.330078 0.389160
vt 0.054993 0.365723
vt 0.285889 0.700684
vt 0.029175 0.630615
vt 0.704102 0.621094
vt 0.721680 0.272949
vt 0.815918 0.204102
vt 0.919922 0.053711
vt 0.956543 0.766602
vt 0.154297 0.393066
vt 0.457275 0.999929
vt 0.443848 0.992271
vt 0.462402 0.991699
vt 0.415039 0.867920
vt 0.595215 0.022949
vt 0.489502 0.064941
vt 0.261963 0.199219
vt 0.260254 0.201660
vt 0.257812 0.194824
vt 0.867676 0.321777
vt 0.512207 0.979813
vt 0.706055 0.557373
vt 0.292236 0.677734
vt 0.548340 0.481934
vt 0.913086 0.621582
vt 0.121277 0.885559
vt 0.084900 0.227539
vt 0.404297 0.758545
vt 0.509277 0.039062
vt 0.182617 0.809326
vt 0.847656 0.684814
vt 0.198242 0.993549
vt 0.202148 0.992268
vt 0.202271 0.994434
vt 0.315186 0.418457
vt 0.592773 0.414062
vt 0.269043 0.704102
vt 0.905762 0.243652
vt 0.973145 0.275391
vt 0.964355 0.266602
vt 0.784668 0.677246
vt 0.384521 0.073242
vt 0.476074 0.058105
vt 0.438477 0.649658
vt 0.650391 0.604248
vt 0.970703 0.511230
vt 0.973633 0.501709
vt 0.986328 0.507080
vt 0.332031 0.405762
vt 0.274170 0.486816
vt 0.285156 0.166992
vt 0.398193 0.467285
vt 0.870117 0.102539
vt 0.946289 0.664062
vt 0.460693 0.244141
vt 0.713867 0.597168
vt 0.601562 0.825073
vt 0.081116 0.629150
vt 0.901855 0.269531
vt 0.670410 0.224609
vt 0.973145 0.479492
vt 0.614746 0.504395
vt 0.755859 0.063965
vt 0.042480 0.699219
vt 0.402588 0.416992
vt 0.356201 0.569092
vt 0.170898 0.937256
vt 0.985352 0.017578
vt 0.968262 0.017578
vt 0.971191 0.008301
vt 0.326172 0.138184
vt 0.060455 0.620117
vt 0.206787 0.382812
vt 0.958984 0.446289
vt 0.401611 0.092285
vt 0.525391 0.216309
vt 0.773438 0.120117
vt 0.541016 0.730469
vt 0.519043 0.766602
vt 0.157959 0.473633
vt 0.958496 0.571533
vt 0.954590 0.558838
vt 0.965820 0.560303
vt 0.689941 0.679688
vt 0.518555 0.373535
vt 0.913574 0.768188
vt 0.029877 0.434570
vt 0.455078 0.477051
vt 0.463379 0.489746
vt 0.483154 0.513672
vt 0.604980 0.071777
vt 0.689453 0.064453
vt 0.524902 0.081055
vt 0.998535 0.977859
vt 0.746582 0.092773
vt 0.955566 0.970795
vt 0.962402 0.967072
vt 0.805176 0.127441
vt 0.530762 0.755981
vt 0.473633 0.903564
vt 0.815430 0.393555
vt 0.164917 0.519531
vt 0.085938 0.484375
vt 0.909180 0.967194
vt 0.688965 0.358887
vt 0.626465 0.135742
vt 0.595215 0.763916
vt 0.952148 0.578369
vt 0.087097 0.125488
vt 0.358154 0.084961
vt 0.369141 0.081055
vt 0.440674 0.478516
vt 0.756348 0.219238
vt 0.810059 0.895386
vt 0.966797 0.749268
vt 0.389648 0.681396
vt 0.569824 0.394531
vt 0.411865 0.755127
vt 0.222412 0.976807
vt 0.041443 0.345215
vt 0.271973 0.574707
vt 0.593262 0.450195
vt 0.604004 0.464844
vt 0.197021 0.619873
vt 0.047180 0.156250
vt 0.272949 0.633301
vt 0.393799 0.685303
vt 0.927734 0.704590
vt 0.044403 0.176758
vt 0.042572 0.167480
vt 0.050934 0.171387
vt 0.116455 0.249023
vt 0.704590 0.178711
vt 0.660645 0.959320
vt 0.478516 0.353516
vt 0.150269 0.473633
vt 0.120056 0.426270
vt 0.519043 0.636963
vt 0.126099 0.826782
vt 0.062408 0.401367
vt 0.054932 0.416504
vt 0.946777 0.299805
vt 0.080750 0.225098
vt 0.377686 0.077637
vt 0.050049 0.340820
vt 0.805176 0.936218
vt 0.641602 0.844238
vt 0.609863 0.362305
vt 0.603516 0.366211
vt 0.485596 0.822876
vt 0.456055 0.231445
vt 0.772949 0.843506
vt 0.958496 0.361816
vt 0.951660 0.684570
vt 0.593262 0.443848
vt 0.690918 0.837524
vt 0.963867 0.818481
vt 0.408203 0.746582
vt 0.298340 0.999871
vt 0.286865 0.999871
vt 0.293213 0.991753
vt 0.649414 0.453613
vt 0.846680 0.301270
vt 0.963867 0.105957
vt 0.947266 0.828735
vt 0.127808 0.541992
vt 0.036407 0.300293
vt 0.162231 0.185547
vt 0.257080 0.447754
vt 0.197510 0.720215
vt 0.785645 0.226562
vt 0.924316 0.500000
vt 0.158569 0.877625
vt 0.319824 0.048828
vt 0.210205 0.998210
vt 0.213745 0.999182
vt 0.208374 0.999327
vt 0.534668 0.769531
vt 0.366455 0.468750
vt 0.375488 0.124023
vt 0.108093 0.398438
vt 0.878418 0.532227
vt 0.152100 0.606201
vt 0.940918 0.836792
vt 0.957031 0.200684
vt 0.255127 0.848999
vt 0.271973 0.842285
vt 0.262207 0.849487
vt 0.084167 0.639648
vt 0.051208 0.969589
vt 0.031204 0.984116
vt 0.026138 0.972229
vt 0.212280 0.451172
vt 0.622559 0.222168
vt 0.242188 0.708252
vt 0.635254 0.418457
vt 0.824707 0.828735
vt 0.339355 0.940033
vt 0.811523 0.211426
vt 0.742676 0.296875
vt 0.342529 0.080078
vt 0.515137 0.800537
vt 0.912598 0.249023
vt 0.444092 0.473145
vt 0.647461 0.426758
vt 0.699707 0.338379
vt 0.423096 0.381836
vt 0.704590 0.832642
vt 0.431396 0.735840
vt 0.586914 0.333984
vt 0.017975 0.651367
vt 0.032288 0.651367
vt 0.024033 0.660400
vt 0.585449 0.182617
vt 0.818359 0.266602
vt 0.993652 0.718994
vt 0.252197 0.222656
vt 0.161621 0.553223
vt 0.354736 0.957245
vt 0.349609 0.302734
vt 0.885742 0.076172
vt 0.700195 0.806396
vt 0.553223 0.072754
vt 0.005569 0.631104
vt 0.694336 0.825073
vt 0.030899 0.528076
vt 0.042084 0.982101
vt 0.675781 0.200195
vt 0.916992 0.539062
vt 0.807617 0.098633
vt 0.808105 0.094238
vt 0.110718 0.428223
vt 0.302246 0.057617
vt 0.577637 0.079590
vt 0.934082 0.913147
vt 0.326904 0.628906
vt 0.962402 0.275879
vt 0.194458 0.700195
vt 0.020035 0.628662
vt 0.520508 0.495605
vt 0.514160 0.492676
vt 0.746582 0.957764
vt 0.341064 0.978134
vt 0.587402 0.849854
vt 0.349854 0.128418
vt 0.995605 0.224121
vt 0.396729 0.375977
vt 0.419678 0.373047
vt 0.520996 0.039062
vt 0.753418 0.960876
vt 0.022629 0.758667
vt 0.579102 0.833374
vt 0.570312 0.845459
vt 0.338135 0.620850
vt 0.312988 0.588623
vt 0.779297 0.072266
vt 0.358398 0.991745
vt 0.371338 0.991745
vt 0.364502 0.999387
vt 0.317383 0.145020
vt 0.845703 0.231445
vt 0.248169 0.835693
vt 0.757324 0.680420
vt 0.217407 0.659424
vt 0.781250 0.123535
vt 0.022461 0.962341
vt 0.029144 0.455078
vt 0.409912 0.160645
vt 0.591797 0.195312
vt 0.351562 0.258301
vt 0.430420 0.622559
vt 0.594238 0.967010
vt 0.103149 0.232910
vt 0.832520 0.239746
vt 0.763184 0.608643
vt 0.811523 0.977768
vt 0.118774 0.062988
vt 0.243286 0.131836
vt 0.115417 0.753174
vt 0.601562 0.919006
vt 0.466064 0.071289
vt 0.633789 0.339844
vt 0.008308 0.169434
vt 0.227417 0.708008
vt 0.990723 0.712891
vt 0.394531 0.158691
vt 0.181030 0.023926
vt 0.192627 0.817993
vt 0.907715 0.363770
vt 0.228027 0.780396
vt 0.309814 0.853638
vt 0.917969 0.770874
vt 0.687012 0.811035
vt 0.015823 0.479492
vt 0.198364 0.412598
vt 0.619141 0.369141
vt 0.770508 0.678467
vt 0.326172 0.107422
vt 0.977539 0.560791
vt 0.900879 0.877930
vt 0.318359 0.645020
vt 0.632324 0.785522
vt 0.283936 0.969254
vt 0.119629 0.346191
vt 0.955078 0.351074
vt 0.688477 0.340820
vt 0.029465 0.376953
vt 0.010437 0.371094
vt 0.026382 0.363770
vt 0.265381 0.432617
vt 0.559570 0.040527
vt 0.384033 0.164062
vt 0.335693 0.105469
vt 0.934570 0.170898
vt 0.385254 0.134766
vt 0.922852 0.483398
vt 0.393066 0.201172
vt 0.105103 0.795776
vt 0.960449 0.755249
vt 0.959961 0.753052
vt 0.710449 0.978088
vt 0.538086 0.325684
vt 0.849121 0.449707
vt 0.678223 0.888123
vt 0.094849 0.911011
vt 0.630859 0.727295
vt 0.263916 0.193359
vt 0.007721 0.631348
vt 0.581543 0.200684
vt 0.873535 0.370117
vt 0.418457 0.958435
vt 0.947754 0.439941
vt 0.937988 0.455078
vt 0.566895 0.854370
vt 0.424805 0.838013
vt 0.783691 0.452148
vt 0.076233 0.539307
vt 0.806641 0.898438
vt 0.729492 0.221680
vt 0.006100 0.038574
vt 0.946289 0.101074
vt 0.079285 0.481445
vt 0.999023 0.470703
vt 0.721191 0.182617
vt 0.608887 0.666260
vt 0.020355 0.292480
vt 0.484375 0.547119
vt 0.679688 0.188965
vt 0.094543 0.277832
vt 0.018936 0.041016
vt 0.177612 0.096191
vt 0.086182 0.029297
vt 0.772461 0.074707
vt 0.218018 0.019531
vt 0.803711 0.047363
vt 0.172852 0.725342
vt 0.512207 0.444336
vt 0.939941 0.892578
vt 0.948730 0.876465
vt 0.786133 0.218750
vt 0.610840 0.760620
vt 0.921875 0.073730
vt 0.432617 0.429199
vt 0.829590 0.963104
vt 0.894043 0.976624
vt 0.919434 0.462402
vt 0.613770 0.756470
vt 0.319824 0.156738
vt 0.664062 0.164551
vt 0.390869 0.274414
vt 0.044159 0.911743
vt 0.519531 0.999856
vt 0.527344 0.991707
vt 0.541016 0.999918
vt 0.992188 0.555420
vt 0.842773 0.046387
vt 0.094360 0.156250
vt 0.276855 0.855713
vt 0.434326 0.872192
vt 0.253906 0.215332
vt 0.184937 0.452148
vt 0.451660 0.775757
vt 0.174927 0.271484
vt 0.925293 0.158203
vt 0.517090 0.992012
vt 0.828613 0.169922
vt 0.871582 0.313965
vt 0.222900 0.966858
vt 0.814453 0.318359
vt 0.733398 0.832886
vt 0.720703 0.972931
vt 0.051483 0.863525
vt 0.447998 0.327637
vt 0.340576 0.562500
vt 0.355469 0.082520
vt 0.361084 0.961914
vt 0.665039 0.239746
vt 0.088074 0.554932
vt 0.378418 0.916321
vt 0.539551 0.481445
vt 0.334961 0.885803
vt 0.029144 0.779785
vt 0.203979 0.180664
vt 0.189087 0.245605
vt 0.604980 0.912415
vt 0.121948 0.925232
vt 0.093506 0.811035
vt 0.642578 0.450684
vt 0.124817 0.866211
vt 0.752441 0.257812
vt 0.739746 0.260254
vt 0.711914 0.030273
vt 0.221313 0.837646
vt 0.537598 0.234863
vt 0.985840 0.991684
vt 0.943359 0.879761
vt 0.848145 0.915100
vt 0.639648 0.860962
vt 0.851074 0.393066
vt 0.569824 0.577881
vt 0.648438 0.765137
vt 0.706543 0.762085
vt 0.938477 0.017090
vt 0.006969 0.499512
vt 0.647949 0.573242
vt 0.308350 0.445312
vt 0.565918 0.079590
vt 0.143799 0.848511
vt 0.764160 0.909973
vt 0.230957 0.076172
vt 0.973633 0.416504
vt 0.753418 0.894470
vt 0.912109 0.611572
vt 0.950195 0.717041
vt 0.514648 0.754517
vt 0.010757 0.676025
vt 0.175537 0.328613
vt 0.016373 0.237305
vt 0.164551 0.533447
vt 0.044403 0.086914
vt 0.336182 0.872681
vt 0.799316 0.808716
vt 0.558105 0.602051
vt 0.987305 0.871216
vt 0.971191 0.424316
vt 0.019791 0.835327
vt 0.012321 0.825073
vt 0.030533 0.824707
vt 0.232544 0.835205
vt 0.040710 0.695312
vt 0.921875 0.963776
vt 0.226440 0.530029
vt 0.168945 0.509277
vt 0.891602 0.668457
vt 0.155151 0.388184
vt 0.120117 0.140137
vt 0.306152 0.834839
vt 0.737793 0.886536
vt 0.514160 0.575684
vt 0.812500 0.105469
vt 0.863770 0.048828
vt 0.331787 0.542725
vt 0.888184 0.288574
vt 0.784180 0.997469
vt 0.292480 0.721680
vt 0.526367 0.678223
vt 0.335938 0.651611
vt 0.027710 0.542725
vt 0.919434 0.513428
vt 0.429932 0.161621
vt 0.667480 0.219727
vt 0.768555 0.783447
vt 0.123901 0.141113
vt 0.562988 0.836670
vt 0.334229 0.046387
vt 0.615723 0.751709
vt 0.459229 0.931274
vt 0.539062 0.278809
vt 0.563477 0.993401
vt 0.233276 0.241211
vt 0.935547 0.885010
vt 0.319092 0.247070
vt 0.981445 0.815918
vt 0.373535 0.139648
vt 0.567871 0.165039
vt 0.604980 0.444336
vt 0.800293 0.731689
vt 0.600586 0.865479
vt 0.650391 0.552979
vt 0.668945 0.452148
vt 0.919922 0.823975
vt 0.015823 0.523682
vt 0.053253 0.131348
vt 0.021622 0.404785
vt 0.017303 0.391602
vt 0.039825 0.393555
vt 0.424805 0.998290
vt 0.419434 0.991859
vt 0.436768 0.991943
vt 0.074829 0.829102
vt 0.701660 0.679688
vt 0.784180 0.398926
vt 0.182373 0.499023
vt 0.516113 0.090332
vt 0.715820 0.498047
vt 0.239136 0.358398
vt 0.421631 0.050293
vt 0.131348 0.734619
vt 0.512207 0.091797
vt 0.553711 0.782593
vt 0.536621 0.558350
vt 0.037415 0.511475
vt 0.605469 0.409180
vt 0.861816 0.583008
vt 0.662598 0.080078
vt 0.840820 0.845581
vt 0.004589 0.194824
vt 0.952637 0.241211
vt 0.608887 0.333496
vt 0.956055 0.363770
vt 0.206787 0.831787
vt 0.816895 0.173828
vt 0.009964 0.964783
vt 0.223877 0.452637
vt 0.124695 0.330078
vt 0.521973 0.204590
vt 0.741699 0.184082
vt 0.948242 0.871826
vt 0.351074 0.718262
vt 0.191772 0.434082
vt 0.454834 0.786255
vt 0.824219 0.416504
vt 0.114319 0.607910
vt 0.880371 0.127930
s 1
f 1/1 2/2 3/3
f 4/4 5/5 116/6
f 6/7 7/8 8/9
f 9/10 10/11 11/12
f 12/13 13/14 14/15
f 7/8 12/13 15/16
f 10/11 16/17 17/18
f 18/19 20/20 19/21
f 116/6 20/22 21/23
f 22/24 23/25 24/26
f 4605/27 8/9 14/15
f 25/28 26/29 18/19
f 116/6 5/5 28/30
f 5/31 27/32 28/33
f 35/34 29/35 30/36
f 31/37 4/38 32/39
f 5/40 33/41 34/42
f 5/31 34/43 27/32
f 108/44 35/45 116/6
f 36/46 21/23 37/47
f 38/48 8/9 4605/27
f 118/49 111/50 39/51
f 4/38 31/37 5/52
f 39/53 40/54 41/55
f 21/23 22/24 42/56
f 43/57 44/58 45/59
f 46/60 47/61 25/28
f 36/46 89/62 21/23
f 48/63 49/64 36/46
f 20/22 116/6 51/65
f 34/42 33/41 50/66
f 16/17 46/60 19/21
f 51/67 19/21 20/20
f 6/7 8/9 52/68
f 22/24 21/23 23/25
f 53/69 48/63 36/46
f 37/47 21/23 20/22
f 54/70 55/71 56/72
f 26/29 57/73 54/74
f 58/75 54/74 57/73
f 4607/76 58/75 57/73
f 59/77 60/78 4671/79
f 61/80 47/61 62/81
f 52/68 26/29 63/82
f 41/55 64/83 65/84
f 41/55 65/84 66/85
f 67/86 65/84 64/83
f 44/58 68/87 45/59
f 11/12 10/11 17/18
f 47/61 61/80 69/88
f 70/89 71/90 13/14
f 25/28 70/89 63/82
f 28/33 27/32 51/91
f 72/92 73/93 74/94
f 116/6 21/23 42/56
f 75/95 76/96 17/18
f 17/18 76/96 11/12
f 62/81 46/60 77/97
f 36/46 78/98 53/69
f 89/62 36/46 49/64
f 79/99 72/92 74/94
f 62/81 77/97 80/100
f 19/21 46/60 18/19
f 56/72 81/101 37/47
f 15/16 8/9 7/8
f 7/8 6/7 63/82
f 9/10 16/17 10/11
f 39/51 111/50 82/102
f 51/91 75/103 17/104
f 17/18 16/17 51/67
f 65/84 67/86 83/105
f 44/58 84/106 75/103
f 34/43 68/87 27/32
f 75/95 4401/107 76/96
f 51/91 27/32 75/103
f 57/73 26/29 38/48
f 42/56 108/44 116/6
f 85/108 86/109 78/98
f 4607/76 4671/110 58/75
f 56/72 37/47 20/22
f 70/89 25/28 47/61
f 4401/111 84/106 87/112
f 75/103 27/32 68/87
f 51/67 16/17 19/21
f 88/113 89/114 49/115
f 35/45 4/4 116/6
f 64/83 50/66 90/116
f 40/117 91/118 34/43
f 92/119 93/120 94/121
f 115/122 82/102 95/123
f 83/105 66/85 65/84
f 34/43 91/118 45/59
f 52/68 63/82 6/7
f 12/13 14/15 15/16
f 37/47 78/98 36/46
f 89/62 72/92 23/25
f 96/124 97/125 98/126
f 73/127 97/125 96/124
f 4605/27 4607/76 57/73
f 5/40 31/128 33/41
f 99/129 92/119 94/121
f 100/130 103/131 115/122
f 67/86 64/83 101/132
f 34/42 41/55 40/54
f 89/62 23/25 21/23
f 102/133 120/134 118/135
f 103/136 91/118 40/117
f 92/119 104/137 93/120
f 9/10 77/97 16/17
f 105/138 90/116 50/66
f 38/48 52/68 8/9
f 18/19 56/139 20/20
f 4605/27 57/73 38/48
f 81/101 55/71 60/78
f 106/140 23/25 79/99
f 107/141 106/140 79/99
f 35/34 108/142 3699/143
f 56/139 18/19 26/29
f 68/87 44/58 75/103
f 84/106 4401/111 75/103
f 91/118 94/121 93/120
f 104/137 92/119 109/144
f 39/51 82/102 115/122
f 101/132 64/83 90/116
f 50/66 33/41 105/138
f 102/133 110/145 120/134
f 113/146 111/147 112/148
f 113/149 114/150 111/50
f 26/29 25/28 63/82
f 4/38 35/34 30/36
f 26/29 52/68 38/48
f 47/61 46/60 62/81
f 63/82 70/89 7/8
f 60/78 85/108 81/101
f 115/151 103/136 40/117
f 43/57 45/59 93/120
f 56/72 55/71 81/101
f 72/92 97/152 73/93
f 54/74 58/75 55/153
f 116/154 28/33 51/91
f 16/17 77/97 46/60
f 117/155 102/133 41/55
f 118/135 39/53 102/133
f 23/25 72/92 79/99
f 111/50 114/150 82/102
f 94/121 103/136 99/129
f 91/118 103/136 94/121
f 34/42 50/66 64/83
f 24/26 23/25 106/140
f 72/92 89/62 97/152
f 1066/156 49/157 4288/158
f 37/47 81/101 85/108
f 55/71 4671/79 60/78
f 26/29 54/74 56/139
f 70/89 12/13 7/8
f 47/61 69/88 71/90
f 25/28 18/19 46/60
f 70/89 47/61 71/90
f 84/106 44/58 87/112
f 34/43 45/59 68/87
f 110/145 102/133 117/155
f 115/122 40/159 39/51
f 112/148 111/147 118/160
f 41/55 102/133 39/53
f 93/120 45/59 91/118
f 30/36 32/39 4/38
f 100/130 115/122 95/123
f 97/125 89/114 88/113
f 49/157 48/161 4288/158
f 82/102 114/150 119/162
f 118/160 120/163 112/148
f 12/13 70/89 13/14
f 43/57 87/112 44/58
f 85/108 78/98 37/47
f 41/55 34/42 64/83
f 121/164 73/127 96/124
f 66/85 117/155 41/55
f 122/165 123/166 124/167
f 125/168 126/169 127/170
f 128/171 129/172 130/173
f 131/174 132/175 133/176
f 4596/177 134/178 135/179
f 382/180 136/181 137/182
f 3913/183 4453/184 138/185
f 4165/186 139/187 140/188
f 141/189 142/190 143/191
f 878/192 144/193 145/194
f 3665/195 146/196 147/197
f 544/198 148/199 1918/200
f 149/201 150/202 151/203
f 1644/204 152/205 153/206
f 3190/207 154/208 155/209
f 156/210 157/211 158/212
f 4571/213 159/214 622/215
f 160/216 161/217 162/218
f 163/219 164/220 165/221
f 393/222 166/223 167/224
f 168/225 781/226 169/227
f 3667/228 170/229 171/230
f 4073/231 1653/232 172/233
f 173/234 174/235 175/236
f 176/237 177/238 178/239
f 179/240 4444/241 180/242
f 4401/111 87/112 2730/243
f 181/244 182/245 4648/246
f 4026/247 2322/248 183/249
f 184/250 185/251 186/252
f 187/253 188/254 189/255
f 190/256 191/257 3768/258
f 192/259 3364/260 2078/261
f 193/262 194/263 195/264
f 196/265 197/266 198/267
f 199/268 200/269 201/270
f 967/271 969/272 202/273
f 203/274 2070/275 204/276
f 205/277 206/278 207/279
f 208/280 1766/281 209/282
f 210/283 208/284 211/285
f 212/286 4642/287 4296/288
f 1694/289 213/290 214/291
f 215/292 4357/293 216/294
f 3864/295 217/296 218/297
f 219/298 220/299 221/300
f 222/301 4293/302 223/303
f 224/304 225/305 226/306
f 227/307 228/308 3182/309
f 229/310 230/311 231/312
f 1189/313 232/314 233/315
f 234/316 235/317 236/318
f 237/319 238/320 239/321
f 240/322 241/323 242/324
f 243/325 244/326 245/327
f 4286/328 4195/329 246/330
f 247/331 248/332 238/320
f 249/333 250/334 1983/335
f 251/336 252/337 3464/338
f 2507/339 253/340 254/341
f 255/342 256/343 257/344
f 258/345 259/346 260/347
f 261/348 3007/349 262/350
f 2454/351 263/352 486/353
f 264/354 265/355 3757/356
f 3053/357 266/358 267/359
f 268/360 2132/361 269/362
f 270/363 271/364 3772/365
f 3267/366 4674/367 272/368
f 2080/369 273/370 274/371
f 275/372 276/373 277/374
f 278/375 279/376 280/377
f 281/378 282/379 283/380
f 284/381 3007/382 4718/383
f 285/384 4652/385 2604/386
f 286/387 287/388 288/389
f 289/390 290/391 796/392
f 4680/393 291/394 584/395
f 238/320 4599/396 239/321
f 292/397 293/398 1556/399
f 2207/400 294/401 295/402
f 296/403 943/404 942/405
f 297/406 298/407 299/408
f 300/409 301/410 302/411
f 303/412 304/413 2774/414
f 305/415 306/416 307/417
f 308/418 2844/419 309/420
f 310/421 311/422 3277/423
f 3124/424 319/425 312/426
f 313/427 314/428 4560/429
f 1551/430 4273/431 4066/432
f 315/433 316/434 3792/435
f 2765/436 317/437 318/438
f 3565/439 319/440 4438/441
f 320/442 321/443 322/444
f 3116/445 323/446 324/447
f 325/448 326/449 3496/450
f 327/451 328/452 329/453
f 330/454 331/455 332/456
f 4520/457 333/458 2752/459
f 334/460 335/461 336/462
f 337/463 1507/464 338/465
f 178/239 177/238 339/466
f 340/467 341/468 342/469
f 343/470 3439/471 344/472
f 345/473 346/474 347/475
f 348/476 3078/477 349/478
f 350/479 351/480 352/481
f 353/482 4514/483 354/484
f 355/485 356/486 357/487
f 358/488 359/489 360/490
f 361/491 362/492 363/493
f 364/494 365/495 366/496
f 266/358 762/497 367/498
f 4725/499 368/500 369/501
f 3247/502 4538/503 505/504
f 133/176 132/175 763/505
f 4413/506 4491/507 370/508
f 3532/509 4735/510 3984/511
f 1718/512 371/513 628/514
f 372/515 373/516 374/517
f 375/518 376/519 377/520
f 378/521 379/522 537/523
f 380/524 381/525 382/526
f 2661/527 2925/528 383/529
f 384/530 385/531 386/532
f 387/533 388/534 3330/535
f 389/536 390/537 391/538
f 167/539 392/540 393/541
f 394/542 395/543 396/544
f 397/545 398/546 399/547
f 305/415 400/548 3437/549
f 401/550 402/551 403/552
f 404/553 405/554 406/555
f 2684/556 407/557 408/558
f 409/559 410/560 411/561
f 412/562 413/563 414/564
f 2933/565 415/566 416/567
f 3912/568 417/569 1847/570
f 4385/571 3042/572 168/573
f 3375/574 418/575 419/576
f 420/577 421/578 188/254
f 422/579 423/580 424/581
f 275/372 277/374 3117/582
f 425/583 426/584 427/585
f 1510/586 428/587 4668/588
f 429/589 395/543 394/542
f 430/590 431/591 3673/592
f 432/593 433/594 2806/595
f 434/596 3862/597 3942/598
f 435/599 4332/600 436/601
f 4412/602 437/603 438/604
f 439/605 4444/241 179/240
f 440/606 441/607 2936/608
f 4706/609 442/610 4145/611
f 443/612 444/613 3144/614
f 445/615 446/616 447/617
f 448/618 449/619 450/620
f 451/621 354/622 452/623
f 453/624 454/625 1926/626
f 455/627 456/628 2380/629
f 457/630 458/631 459/632
f 460/633 461/634 462/635
f 463/636 464/637 465/638
f 466/639 467/640 468/641
f 469/642 100/130 470/643
f 1793/644 4751/645 3830/646
f 471/647 2122/648 472/649
f 4749/650 473/651 474/652
f 4235/653 475/654 476/655
f 477/656 3706/657 478/658
f 479/659 480/660 481/661
f 482/662 483/663 484/664
f 485/665 486/666 1674/667
f 1700/668 487/669 3218/670
f 488/671 4573/672 489/673
f 490/674 491/675 4658/676
f 2282/677 492/678 4737/679
f 493/680 379/681 494/682
f 495/683 2893/684 496/685
f 497/686 498/687 2499/688
f 499/689 500/690 1531/691
f 3662/692 501/693 502/694
f 503/695 1236/696 504/697
f 3927/698 505/699 506/700
f 198/267 507/701 508/702
f 509/703 510/704 511/705
f 3163/706 2888/707 1174/708
f 512/709 513/710 514/711
f 515/712 516/713 517/714
f 518/715 519/716 2012/717
f 520/718 521/719 522/720
f 2366/721 4130/722 523/723
f 524/724 525/725 2818/726
f 526/727 284/381 527/728
f 528/729 529/730 530/731
f 531/732 532/733 533/734
f 4349/735 534/736 535/737
f 3856/738 536/739 275/372
f 537/740 538/741 3919/742
f 539/743 3505/744 540/745
f 3328/746 541/747 4546/748
f 260/347 188/254 519/716
f 542/749 3468/750 3389/751
f 4228/752 4079/753 2863/754
f 543/755 3915/756 491/675
f 134/757 544/758 545/759
f 546/760 3966/761 547/762
f 1212/763 548/764 549/765
f 550/766 830/767 551/768
f 552/769 749/770 2052/771
f 553/772 554/773 3634/774
f 477/656 555/775 3706/657
f 556/776 557/777 558/778
f 559/779 560/780 561/781
f 562/782 563/783 564/784
f 565/785 566/786 567/787
f 568/788 569/789 3329/790
f 570/791 571/792 572/793
f 4157/794 573/795 574/796
f 575/797 576/798 3787/799
f 577/800 578/801 579/802
f 2145/803 1628/804 580/805
f 581/806 582/807 583/808
f 4281/809 1477/810 642/811
f 584/812 585/813 586/814
f 587/815 588/816 4708/817
f 589/818 590/819 591/820
f 592/821 2365/822 4529/823
f 4471/824 3667/228 4022/825
f 148/199 1002/826 1918/200
f 593/827 594/828 595/829
f 596/830 597/831 2393/832
f 279/376 598/833 599/834
f 523/723 600/835 4249/836
f 4688/837 601/838 602/839
f 3469/840 603/841 604/842
f 3751/843 605/844 121/164
f 606/845 607/846 608/847
f 609/848 4159/849 610/850
f 4058/851 611/852 612/853
f 437/603 2366/721 613/854
f 614/855 3689/856 615/857
f 3775/858 616/859 617/860
f 4277/861 497/686 618/862
f 619/863 620/864 621/865
f 622/866 623/867 624/868
f 625/869 626/870 627/871
f 628/872 761/873 629/874
f 4411/875 437/603 4412/602
f 405/876 902/877 3993/878
f 630/879 631/880 632/881
f 633/882 634/883 635/884
f 4716/885 636/886 2087/887
f 637/888 638/889 639/890
f 640/891 641/892 1995/893
f 642/894 1477/895 643/896
f 644/897 2691/898 645/899
f 646/900 647/901 648/902
f 649/903 3547/904 650/905
f 651/906 652/907 653/908
f 4508/909 654/910 655/911
f 656/912 657/913 658/914
f 659/915 660/916 661/917
f 662/918 663/919 664/920
f 665/921 666/922 667/923
f 3842/924 668/925 669/926
f 670/927 671/928 877/929
f 746/930 672/931 673/932
f 674/933 675/934 1007/935
f 2785/936 4382/937 3010/938
f 4618/939 676/940 677/941
f 678/942 679/943 680/944
f 4731/945 681/946 682/947
f 683/948 684/949 685/950
f 686/951 687/952 688/953
f 4726/954 4479/955 3906/956
f 689/957 690/958 691/959
f 692/960 693/961 694/962
f 642/811 2947/963 4281/809
f 695/964 1344/965 3206/966
f 533/734 696/967 697/968
f 4696/969 698/970 2907/971
f 699/972 700/973 701/974
f 702/975 703/976 3533/977
f 704/978 528/729 3111/979
f 3990/980 705/981 706/982
f 707/983 708/984 709/985
f 4550/986 710/987 711/988
f 712/989 713/990 714/991
f 1716/992 715/993 716/994
f 4642/995 4638/996 1714/997
f 4268/998 1151/999 515/712
f 3136/1000 717/1001 718/1002
f 4272/1003 3443/1004 719/1005
f 720/1006 721/1007 722/1008
f 723/1009 1520/1010 724/1011
f 725/1012 726/1013 727/1014
f 728/1015 149/201 3545/1016
f 317/437 4090/1017 729/1018
f 4521/1019 730/1020 731/1021
f 3953/1022 732/1023 2975/1024
f 733/1025 4628/1026 671/928
f 734/1027 3703/1028 4362/1029
f 735/1030 494/682 736/1031
f 737/1032 738/1033 739/1034
f 4616/1035 4301/1036 740/1037
f 741/1038 3472/1039 742/1040
f 4532/1041 1525/1042 3139/1043
f 743/1044 744/1045 745/1046
f 1683/1047 746/1048 747/1049
f 748/1050 4241/1051 4596/177
f 749/1052 750/1053 751/1054
f 752/1055 737/1032 753/1056
f 754/1057 755/1058 756/1059
f 757/1060 758/1061 759/1062
f 624/868 4571/1063 622/866
f 582/807 760/1064 531/732
f 628/514 4298/1065 761/1066
f 762/1067 763/1068 4431/1069
f 4715/1070 164/220 163/219
f 764/1071 765/1072 766/1073
f 910/1074 184/250 767/1075
f 768/1076 769/1077 770/1078
f 771/1079 2371/1080 2649/1081
f 772/1082 3796/1083 3950/1084
f 862/1085 4604/1086 773/1087
f 3955/1088 774/1089 775/1090
f 185/251 2868/1091 186/252
f 4355/1092 776/1093 777/1094
f 778/1095 4657/1096 779/1097
f 780/1098 781/1099 782/1100
f 783/1101 3486/1102 4478/1103
f 784/1104 4723/1105 785/1106
f 4625/1107 786/1108 4418/1109
f 787/1110 788/1111 789/1112
f 353/482 3844/1113 790/1114
f 2576/1115 791/1116 4688/837
f 792/1117 793/1118 794/1119
f 795/1120 796/1121 797/1122
f 798/1123 799/1124 800/1125
f 4277/861 801/1126 497/686
f 4443/1127 2664/1128 802/1129
f 125/168 3439/471 343/470
f 803/1130 804/1131 1069/1132
f 805/1133 1497/1134 3469/840
f 806/1135 740/1037 4639/1136
f 807/1137 808/1138 809/1139
f 4735/1140 810/1141 811/1142
f 585/813 812/1143 813/1144
f 3667/228 814/1145 4022/825
f 815/1146 816/1147 794/1148
f 1261/1149 817/1150 818/1151
f 819/1152 820/1153 821/1154
f 396/544 822/1155 823/1156
f 824/1157 216/294 775/1090
f 3677/1158 825/1159 826/1160
f 827/1161 611/852 4058/851
f 281/378 828/1162 829/1163
f 303/412 4132/1164 830/1165
f 831/1166 832/1167 833/1168
f 834/1169 835/1170 836/1171
f 837/1172 3704/1173 838/1174
f 564/784 839/1175 310/1176
f 840/1177 841/1178 842/1179
f 843/1180 4669/1181 844/1182
f 3976/1183 845/1184 3977/1185
f 3350/1186 846/1187 3509/1188
f 553/772 2123/1189 554/773
f 471/647 847/1190 848/1191
f 833/1168 832/1167 849/1192
f 850/1193 3771/1194 1668/1195
f 2526/1196 2525/1197 851/1198
f 852/1199 853/1200 854/1201
f 855/1202 3766/1203 856/1204
f 857/1205 454/1206 2971/1207
f 858/1208 859/1209 860/1210
f 861/1211 862/1212 863/1213
f 864/1214 544/758 134/757
f 506/700 505/699 731/1021
f 865/1215 866/1216 867/1217
f 868/1218 869/1219 870/1220
f 871/1221 4397/1222 4493/1223
f 1010/1224 3690/1225 872/1226
f 873/1227 874/1228 875/1229
f 876/1230 4321/1231 877/1232
f 3698/1233 2518/1234 878/1235
f 879/1236 460/633 880/1237
f 3392/1238 881/1239 882/1240
f 3867/1241 883/1242 3860/1243
f 970/1244 884/1245 885/1246
f 886/1247 887/1248 888/1249
f 889/1250 4413/506 2802/1251
f 616/859 3302/1252 890/1253
f 3416/1254 891/1255 4403/1256
f 892/1257 893/1258 4633/1259
f 894/1260 895/1261 896/1262
f 693/961 725/1012 897/1263
f 898/1264 4133/1265 899/1266
f 900/1267 901/1268 902/1269
f 903/1270 904/1271 905/1272
f 3857/1273 1030/1274 906/1275
f 215/292 824/1157 621/865
f 515/712 907/1276 516/713
f 908/1277 909/1278 4250/1279
f 910/1280 911/1281 720/1006
f 912/1282 444/613 443/612
f 913/1283 701/974 914/1284
f 915/1285 4099/1286 916/1287
f 917/1288 918/1289 919/1290
f 233/315 1187/1291 1189/313
f 920/1292 4154/1293 921/1294
f 922/1295 797/1122 923/1296
f 4561/1297 924/1298 925/1299
f 4713/1300 196/1301 926/1302
f 927/1303 247/331 238/320
f 928/1304 929/1305 930/1306
f 931/1307 419/576 932/1308
f 933/1309 934/1310 935/1311
f 936/1312 937/1313 938/1314
f 939/1315 940/1316 941/1317
f 942/1318 943/1319 944/1320
f 928/1304 930/1306 1166/1321
f 3472/1039 741/1038 945/1322
f 1846/1323 1847/570 946/1324
f 947/1325 2885/1326 948/1327
f 949/1328 950/1329 951/1330
f 833/1168 952/1331 953/1332
f 954/1333 955/1334 4105/1335
f 835/1170 319/440 784/1104
f 956/1336 183/1337 4405/1338
f 957/1339 468/1340 958/1341
f 298/1342 959/1343 960/1344
f 961/1345 642/894 643/896
f 798/1346 4737/679 962/1347
f 963/1348 964/1349 965/1350
f 348/476 650/1351 966/1352
f 967/1353 968/1354 969/1355
f 970/1356 971/1357 884/1358
f 4357/1359 972/1360 3587/1361
f 973/1362 431/591 225/305
f 32/39 2694/1363 31/37
f 974/1364 975/1365 976/1366
f 974/1364 976/1366 977/1367
f 3906/956 4375/1368 978/1369
f 972/1360 979/1370 3606/1371
f 718/1002 717/1001 980/1372
f 981/1373 982/1374 983/1375
f 984/1376 985/1377 4735/1140
f 3589/1378 986/1379 1138/1380
f 104/137 109/144 987/1381
f 988/1382 989/1383 990/1384
f 122/165 3415/1385 991/1386
f 4152/1387 3118/1388 992/1389
f 993/1390 881/1239 3392/1238
f 994/1391 995/1392 996/1393
f 4561/1297 2021/1394 2761/1395
f 592/821 4529/823 997/1396
f 998/1397 999/1398 1000/1399
f 1001/1400 1002/1401 1663/1402
f 4668/1403 4644/1404 3837/1405
f 1003/1406 1004/1407 1005/1408
f 1006/1409 4715/1410 2696/1411
f 1007/1412 385/531 1008/1413
f 483/663 1009/1414 1010/1415
f 1427/1416 356/486 355/485
f 3883/1417 2662/1418 1011/1419
f 4512/1420 536/739 1012/1421
f 1013/1422 1014/1423 1015/1424
f 925/1299 989/1383 988/1382
f 1016/1425 1017/1426 1018/1427
f 1019/1428 4567/1429 1020/1430
f 419/576 1021/1431 1022/1432
f 1023/1433 487/1434 1024/1435
f 1025/1436 4219/1437 1026/1438
f 1027/1439 1028/1440 1029/1441
f 906/1442 1030/1443 3316/1444
f 652/907 4733/1445 653/908
f 112/148 120/163 1031/1446
f 1032/1447 4518/1448 4700/1449
f 715/1450 1718/512 628/514
f 1033/1451 3369/1452 1034/1453
f 664/920 371/513 3534/1454
f 1035/1455 4226/1456 1036/1457
f 1037/1458 1038/1459 1039/1460
f 4102/1461 1040/1462 1041/1463
f 1042/1464 1043/1465 1044/1466
f 3573/1467 1045/1468 1046/1469
f 1047/1470 1048/1471 1049/1472
f 1050/1473 1511/1474 1051/1475
f 415/566 1052/1476 1053/1477
f 1054/1478 3079/1479 1055/1480
f 1056/1481 1057/1482 1058/1483
f 3374/1484 1059/1485 1060/1486
f 1061/1487 1062/1488 1063/1489
f 4442/1490 3768/258 1064/1491
f 1042/1464 4168/1492 1065/1493
f 1066/1494 88/113 49/115
f 4473/1495 1067/1496 1068/1497
f 4572/1498 1069/1499 3621/1500
f 1070/1501 1071/1502 1072/1503
f 4595/1504 1701/1505 4487/1506
f 1073/1507 1074/1508 1075/1509
f 1076/1510 268/1511 1077/1512
f 4742/1513 1078/1514 3520/1515
f 196/1301 1123/1516 926/1302
f 3296/1517 1079/1518 1080/1519
f 1081/1520 1082/1521 1023/1433
f 1083/1522 1585/1523 1584/1524
f 2495/1525 1084/1526 4246/1527
f 1085/1528 1086/1529 1087/1530
f 4125/1531 4124/1532 1088/1533
f 4125/1531 1088/1533 1077/1512
f 1089/1534 1090/1535 1091/1536
f 1092/1537 1093/1538 1094/1539
f 1095/1540 478/658 4626/1541
f 1096/1542 4565/1543 1097/1544
f 2891/1545 1336/1546 1098/1547
f 1560/1548 1099/1549 3175/1550
f 1100/1551 1101/1552 1102/1553
f 1103/1554 2908/1555 2907/971
f 29/35 35/34 3699/143
f 1104/1556 3694/1557 3946/1558
f 1105/1559 3595/1560 1106/1561
f 1107/1562 1108/1563 1109/1564
f 1110/1565 1111/1566 1112/1567
f 1113/1568 1114/1569 1115/1570
f 1116/1571 1117/1572 1118/1573
f 2949/1574 2948/1575 1119/1576
f 1120/1577 1121/1578 1122/1579
f 1123/1580 1124/1581 1125/1582
f 1126/1583 1127/1584 971/1357
f 1128/1585 1129/1586 1130/1587
f 4391/1588 1131/1589 1132/1590
f 1133/1591 1134/1592 1135/1593
f 444/613 1136/1594 1137/1595
f 1138/1596 1139/1597 1140/1598
f 4331/1599 1141/1600 1142/1601
f 1143/1602 1144/1603 1145/1604
f 4278/1605 4396/1606 1146/1607
f 1147/1608 1148/1609 1145/1604
f 3645/1610 1149/1611 1150/1612
f 3717/1613 4651/1614 1151/1615
f 1152/1616 1153/1617 1154/1618
f 1155/1619 1156/1620 1157/1621
f 1158/1622 189/255 1159/1623
f 1160/1624 1161/1625 1162/1626
f 1163/1627 1164/1628 1165/1629
f 1166/1630 1167/1631 1168/1632
f 3682/1633 2623/1634 2368/1635
f 3339/1636 86/1637 59/1638
f 3800/1639 3330/1640 1169/1641
f 2276/1642 1170/1643 1171/1644
f 1172/1645 1072/1646 4530/1647
f 2888/1648 1173/1649 1174/1650
f 1175/1651 1176/1652 1177/1653
f 1178/1654 464/637 4217/1655
f 1179/1656 1180/1657 1181/1658
f 4470/1659 1182/1660 1149/1611
f 4507/1661 1183/1662 1184/1663
f 1185/1664 3512/1665 1186/1666
f 1187/1667 1188/1668 1189/1669
f 2775/1670 4527/1671 1190/1672
f 1191/1673 1192/1674 1193/1675
f 4341/1676 3831/1677 1194/1678
f 1115/1570 1195/1679 1111/1566
f 1196/1680 1197/1681 1198/1682
f 992/1389 2911/1683 1199/1684
f 1200/1685 1201/1686 1202/1687
f 1203/1688 1204/1689 658/914
f 1205/1690 739/1034 1542/1691
f 1206/1692 674/933 1207/1693
f 1208/1694 2889/1695 4504/1696
f 3273/1697 1209/1698 1210/1699
f 1211/1700 4749/1701 858/1208
f 903/1270 3343/1702 3344/1703
f 1547/1704 1212/1705 1213/1706
f 808/1138 1214/1707 4197/1708
f 1215/1709 1216/1710 2196/1711
f 1217/1712 1218/1713 1219/1714
f 634/883 1220/1715 1221/1716
f 177/238 1222/1717 339/466
f 1223/1718 1224/1719 1225/1720
f 1226/1721 1227/1722 1228/1723
f 1229/1724 1230/1725 4095/1726
f 1231/1727 1232/1728 4099/1286
f 1038/1459 1233/1729 1234/1730
f 1235/1731 3253/1732 2756/1733
f 1236/1734 137/182 1237/1735
f 1238/1736 4666/1737 1239/1738
f 1240/1739 3929/1740 1241/1741
f 3984/1742 1242/1743 3532/1744
f 2508/1745 354/484 3890/1746
f 3910/1747 1304/1748 123/166
f 1243/1749 1244/1750 1245/1751
f 2780/1752 1246/1753 3591/1754
f 1247/1755 1092/1537 1094/1539
f 986/1756 1248/1757 2292/1758
f 1249/1759 1250/1760 330/1761
f 3209/1762 2142/1763 1251/1764
f 1252/1765 1253/1766 1254/1767
f 4109/1768 1255/1769 1256/1770
f 1257/1771 514/711 1258/1772
f 3700/1773 2458/1774 1259/1775
f 1260/1776 1261/1777 1262/1778
f 1263/1779 540/745 1264/1780
f 1265/1781 771/1079 2649/1081
f 1266/1782 1267/1783 1268/1784
f 1269/1785 1270/1786 1271/1787
f 1272/1788 380/524 382/526
f 1273/1789 332/456 331/455
f 920/1292 1274/1790 1275/1791
f 1276/1792 1277/1793 1278/1794
f 220/299 1279/1795 1280/1796
f 1281/1797 1282/1798 1283/1799
f 1284/1800 1285/1801 1286/1802
f 1087/1530 1086/1529 660/916
f 1287/1803 688/953 1288/1804
f 243/325 4656/1805 244/326
f 1289/1806 520/718 522/720
f 1290/1807 1338/1808 1291/1809
f 1292/1810 574/1811 1293/1812
f 1294/1813 1295/1814 1314/1815
f 1296/1816 3379/1817 4391/1588
f 4590/1818 1297/1819 4236/1820
f 3817/1821 3816/1822 1298/1823
f 1299/1824 1300/1825 4041/1826
f 1301/1827 2070/275 643/896
f 1302/1828 1303/1829 1304/1830
f 1201/1686 1305/1831 1306/1832
f 1307/1833 1308/1834 4548/1835
f 1309/1836 1310/1837 1400/1838
f 999/1398 3218/1839 1311/1840
f 1312/1841 1313/1842 754/1057
f 970/1244 885/1246 1314/1843
f 4462/1844 4061/1845 1315/1846
f 1316/1847 1317/1848 192/1849
f 4579/1850 1318/1851 1319/1852
f 1320/1853 1321/1854 1322/1855
f 1323/1856 998/1397 1000/1399
f 1324/1857 3456/1858 1325/1859
f 1326/1860 1327/1861 1973/1862
f 3705/1863 483/663 482/662
f 1328/1864 1329/1865 1330/1866
f 1331/1867 4080/1868 1332/1869
f 1333/1870 1334/1871 596/830
f 1335/1872 1336/1873 4425/1874
f 1337/1875 2238/1876 1338/1877
f 1339/1878 1340/1879 1341/1880
f 1342/1881 3748/1882 1343/1883
f 1344/1884 1345/1885 1346/1886
f 1347/1887 2252/1888 1348/1889
f 1349/1890 1350/1891 1351/1892
f 1352/1893 1353/1894 1354/1895
f 1355/1896 1356/1897 1811/1898
f 107/1899 1355/1896 1811/1898
f 1357/1900 3829/1901 1358/1902
f 1848/1903 4186/1904 4666/1905
f 1359/1906 1360/1907 341/468
f 417/569 1361/1908 1362/1909
f 1363/1910 764/1071 766/1073
f 4042/1911 1364/1912 1365/1913
f 1366/1914 1367/1915 1368/1916
f 1369/1917 746/930 1370/1918
f 1371/1919 1372/1920 4230/1921
f 448/618 450/620 1373/1922
f 2694/1363 33/1923 31/37
f 1374/1924 4276/1925 4700/1926
f 4741/1927 1375/1928 1405/1929
f 3564/1930 1376/1931 1162/1626
f 299/408 298/407 960/1932
f 1377/1933 1378/1934 1379/1935
f 1380/1936 1381/1937 1382/1938
f 1383/1939 1384/1940 4110/1941
f 828/1942 1054/1478 1055/1480
f 1067/1943 967/1353 1385/1944
f 4551/1945 1386/1946 1387/1947
f 1388/1948 3401/1949 4618/939
f 1389/1950 1390/1951 1391/1952
f 1392/1953 1393/1954 1394/1955
f 1395/1956 1396/1957 1397/1958
f 4436/1959 1398/1960 1399/1961
f 1164/1628 4574/1962 757/1060
f 1310/1963 834/1169 1400/1964
f 920/1292 1401/1965 1274/1790
f 4717/1966 1402/1967 4117/1968
f 1403/1969 1404/1970 390/537
f 1405/1971 3851/1972 4227/1973
f 1406/1974 1407/1975 1408/1976
f 766/1073 1409/1977 1410/1978
f 525/725 1411/1979 1412/1980
f 1413/1981 1414/1982 1415/1983
f 1416/1984 1417/1985 1418/1986
f 4196/1987 2837/1988 3708/1989
f 1419/1990 1420/1991 1421/1992
f 1422/1993 1423/1994 2934/1995
f 1424/1996 694/1997 1425/1998
f 1426/1999 1018/1427 3427/2000
f 1426/1999 3427/2000 1427/2001
f 869/1219 963/1348 1428/2002
f 1429/2003 1430/2004 1431/2005
f 944/1320 2651/2006 587/815
f 1432/2007 1060/1486 1433/2008
f 1434/2009 4416/2010 1435/2011
f 4653/2012 1436/2013 1437/2014
f 4425/1874 2879/2015 4631/2016
f 1438/2017 1439/2018 3083/2019
f 4589/2020 3532/1744 1242/1743
f 1440/2021 1441/2022 646/2023
f 3666/2024 1442/2025 2906/2026
f 1443/2027 1282/1798 1281/1797
f 344/472 1444/2028 1445/2029
f 1446/2030 1447/2031 1448/2032
f 1249/1759 1449/2033 1250/1760
f 1450/2034 1451/2035 3489/2036
f 1452/2037 4397/1222 871/1221
f 1453/2038 3210/2039 1454/2040
f 1546/2041 1455/2042 1456/2043
f 631/880 1457/2044 1458/2045
f 717/2046 1459/2047 1460/2048
f 1461/2049 723/2050 1462/2051
f 1463/2052 1025/2053 1176/1652
f 776/1093 4634/2054 777/1094
f 1317/2055 1464/2056 1465/2057
f 1466/2058 1467/2059 1468/2060
f 1469/2061 1470/2062 3312/2063
f 3978/2064 1471/2065 1472/2066
f 2847/2067 1473/2068 1474/2069
f 1475/2070 1476/2071 3828/2072
f 1477/2073 4281/2074 1478/2075
f 1479/2076 662/2077 1480/2078
f 1481/2079 1482/2080 1483/2081
f 1484/2082 1434/2083 1485/2084
f 1484/2085 1485/2086 1459/2047
f 1486/2087 3730/2088 1487/2089
f 1488/2090 247/331 927/1303
f 3955/2091 1109/1564 774/2092
f 1489/2093 4233/2094 1490/2095
f 1491/2096 1492/2097 3340/2098
f 576/798 1493/2099 490/674
f 3973/2100 4741/1927 1494/2101
f 1495/2102 1496/2103 1497/2104
f 1498/2105 1499/2106 1197/1681
f 1500/2107 1501/2108 1502/2109
f 2847/2067 1474/2069 1503/2110
f 1504/2111 4255/2112 1505/2113
f 4653/2012 1506/2114 1436/2013
f 1801/2115 1335/2116 1507/2117
f 1508/2118 1509/2119 1510/2120
f 1051/2121 1511/2122 1073/1507
f 1470/2062 1512/2123 309/420
f 3823/2124 1513/2125 1514/2126
f 1515/2127 3791/2128 1516/2129
f 1517/2130 1421/1992 1518/2131
f 339/466 1519/2132 1520/2133
f 1521/2134 1522/2135 302/411
f 1523/2136 875/1229 1524/2137
f 795/1120 797/1122 922/1295
f 957/1339 4693/2138 593/827
f 904/1271 3289/2139 1525/2140
f 1526/2141 1527/2142 1528/2143
f 4428/2144 1529/2145 1530/2146
f 1531/2147 199/2148 3912/2149
f 1270/1786 1532/2150 3843/2151
f 1444/2028 3967/2152 1533/2153
f 282/379 281/378 569/789
f 1269/1785 1534/2154 1270/1786
f 1535/2155 191/257 1057/2156
f 170/2157 1536/2158 1537/2159
f 1538/2160 2635/2161 985/1377
f 2229/2162 1327/1861 1539/2163
f 2812/2164 1540/2165 2609/2166
f 3402/2167 2130/2168 1384/2169
f 1541/2170 1542/2171 868/1218
f 1543/2172 1544/2173 425/583
f 361/491 1545/2174 362/492
f 3850/2175 1036/1457 1546/2176
f 1547/2177 1548/2178 548/2179
f 561/781 1549/2180 1550/2181
f 1189/313 1551/2182 232/314
f 1552/2183 1264/1780 1553/2184
f 896/2185 4368/2186 1554/2187
f 1555/2188 292/2189 1556/2190
f 1399/1961 1557/2191 1558/2192
f 1313/1842 3840/2193 754/1057
f 1259/1775 3625/2194 1559/2195
f 594/828 1560/2196 2924/2197
f 1561/2198 1562/2199 1563/2200
f 4337/2201 3384/2202 1564/2203
f 1565/2204 2158/2205 3414/2206
f 987/1381 2730/243 87/112
f 564/784 1566/2207 287/388
f 1567/2208 2028/2209 164/2210
f 4267/2211 3878/2212 1568/2213
f 1569/2214 1585/1523 1083/1522
f 1570/2215 3599/2216 1571/2217
f 3560/2218 1572/2219 1573/2220
f 4173/2221 1574/2222 557/2223
f 3019/2224 3018/2225 1575/2226
f 4182/2227 4481/2228 270/363
f 1576/2229 3324/2230 4743/2231
f 1577/2232 1578/2233 1579/2234
f 1496/2235 1580/2236 1593/2237
f 346/474 3455/2238 347/475
f 1581/2239 861/1211 1582/2240
f 1583/2241 535/737 534/736
f 1584/2242 1585/2243 1586/2244
f 208/280 209/282 750/1053
f 1587/2245 4200/2246 1221/2247
f 234/316 236/318 1120/1577
f 1588/2248 1589/2249 1590/2250
f 1591/2251 468/1340 593/827
f 3377/2252 1592/2253 1593/2254
f 1594/2255 438/604 1595/2256
f 1596/2257 1597/2258 1598/2259
f 1207/2260 4080/1868 167/539
f 1599/2261 583/808 4240/2262
f 3928/2263 1600/2264 1601/2265
f 1602/2266 4376/2267 710/987
f 1603/2268 1604/2269 3905/2270
f 1605/2271 1606/2272 261/2273
f 1378/1934 1607/2274 4627/2275
f 1608/2276 305/415 3436/2277
f 1234/1730 1609/2278 4162/2279
f 1031/1446 120/163 110/2280
f 3223/2281 1626/2282 1610/2283
f 1599/2261 311/422 583/808
f 1611/2284 1612/2285 1613/2286
f 1126/2287 934/1310 1614/2288
f 1615/2289 534/736 1616/2290
f 1375/2291 4741/2292 2428/2293
f 1617/2294 1618/2295 1619/2296
f 98/126 121/164 96/124
f 1620/2297 1621/2298 1622/2299
f 947/1325 948/1327 1623/2300
f 1624/2301 1625/2302 2176/2303
f 4219/1437 1626/2304 1627/2305
f 244/326 4656/1805 1628/2306
f 1629/2307 1382/1938 1630/2308
f 1631/2309 2191/2310 3084/2311
f 1361/1908 1632/2312 1362/1909
f 1633/2313 1634/2314 4551/1945
f 1635/2315 4618/939 677/941
f 353/482 790/1114 1636/2316
f 3764/2317 1637/2318 1638/2319
f 1639/2320 1640/2321 1416/2322
f 568/788 1641/2323 569/789
f 1642/2324 3679/2325 1643/2326
f 3464/338 1717/2327 1644/2328
f 1645/2329 3402/2167 1646/2330
f 476/655 475/654 1647/2331
f 1648/2332 1285/1801 1284/1800
f 97/125 88/113 98/126
f 678/942 1033/1451 1218/2333
f 112/148 1031/1446 1649/2334
f 112/148 1649/2334 113/146
f 768/1076 1650/2335 633/882
f 4268/998 515/712 517/714
f 1651/2336 1652/2337 1653/2338
f 1654/2339 1655/2340 1656/2341
f 1668/2342 1657/2343 4023/2344
f 925/1299 924/1298 989/1383
f 1658/2345 1659/2346 1660/2347
f 1661/2348 2552/2349 1662/2350
f 1663/2351 1002/826 1664/2352
f 1665/2353 1666/2354 1667/2355
f 4598/2356 3218/1839 1668/2357
f 1669/2358 1670/2359 1671/2360
f 1672/2361 4411/2362 160/216
f 1673/2363 1674/2364 1675/2365
f 4702/2366 1676/2367 1303/1829
f 136/2368 382/526 3454/2369
f 1677/2370 1678/2371 2054/2372
f 1679/2373 2722/2374 1680/2375
f 165/221 3649/2376 1681/2377
f 1682/2378 1370/1918 1683/2379
f 1684/2380 1685/2381 304/413
f 1686/2382 1687/2383 1688/2384
f 797/1122 4342/2385 1689/2386
f 1193/1675 1690/2387 1691/2388
f 633/882 635/884 589/818
f 1692/2389 1693/2390 190/256
f 2105/2391 3681/2392 1694/2393
f 4587/2394 1695/2395 1696/2396
f 4640/2397 711/988 559/2398
f 463/636 1697/2399 1698/2400
f 1699/2401 341/468 340/467
f 1700/2402 998/1397 1701/2403
f 1702/2404 3494/2405 1703/2406
f 1704/2407 4643/2408 1705/2409
f 3032/2410 1706/2411 1707/2412
f 699/972 701/974 1708/2413
f 3681/2392 2429/2414 1709/2415
f 1710/2416 1711/2417 2577/2418
f 1712/2419 574/2420 1713/2421
f 4642/287 1714/2422 1715/2423
f 1716/2424 1717/2425 1718/2426
f 1719/2427 1648/2332 1284/1800
f 1580/2236 1720/2428 1721/2429
f 1160/2430 368/2431 2509/2432
f 1722/2433 1052/1476 2933/565
f 1723/2434 1724/2435 1725/2436
f 4436/1959 1558/2192 2555/2437
f 1726/2438 3746/2439 1727/2440
f 431/591 973/1362 1728/2441
f 1729/2442 1730/2443 1731/2444
f 641/2445 1732/2446 1733/2447
f 1734/2448 1735/2449 1736/2450
f 1737/2451 899/2452 825/1159
f 1738/2453 1063/1489 1739/2454
f 1740/2455 205/277 3805/2456
f 1741/2457 2966/2458 1742/2459
f 701/974 700/973 1743/2460
f 1111/1566 1744/2461 4420/2462
f 477/656 478/658 1095/1540
f 854/1201 440/606 2936/608
f 4689/2463 1745/2464 1746/2465
f 1167/2466 930/1306 1747/2467
f 1748/2468 1749/2469 2970/2470
f 286/387 1750/2471 562/782
f 1751/2472 977/1367 1752/2473
f 2907/971 1753/2474 4696/969
f 1754/2475 844/1182 1755/2476
f 762/497 4134/2477 1756/2478
f 1757/2479 256/2480 379/681
f 1758/2481 336/462 1759/2482
f 1760/2483 3225/2484 701/974
f 1761/2485 632/881 631/880
f 2238/1876 1337/1875 1762/2486
f 4419/2487 1701/1505 1763/2488
f 3920/2489 1764/2490 1765/2491
f 4084/2492 1766/2493 1767/2494
f 1768/2495 1400/1838 4098/2496
f 1769/2497 1770/2498 1771/2499
f 1772/2500 699/972 1708/2413
f 1011/1419 2662/1418 689/957
f 1379/1935 1504/2111 1773/2501
f 3906/956 978/1369 1774/2502
f 853/1200 440/606 854/1201
f 1775/2503 1776/2504 1777/2505
f 1778/2506 2577/2418 1779/2507
f 1780/2508 1781/2509 1782/2510
f 1783/2511 1784/2512 1785/2513
f 1786/2514 1787/2515 1598/2259
f 4358/2516 3026/2517 1788/2518
f 1789/2519 1659/2346 1658/2345
f 1790/2520 1791/2521 2756/1733
f 1792/2522 4751/2523 1793/2524
f 1794/2525 1795/2526 1188/1668
f 517/714 516/713 2768/2527
f 1446/2030 787/1110 1447/2031
f 1796/2528 1797/2529 1798/2530
f 1768/2495 4098/2496 1799/2531
f 3500/2532 1800/2533 3819/2534
f 2191/2310 1631/2309 1414/1982
f 337/463 1801/2535 1507/464
f 1802/2536 1683/1047 747/1049
f 1803/2537 335/461 1804/2538
f 1089/1534 138/185 1805/2539
f 1301/2540 1477/2073 4114/2541
f 913/1283 914/1284 1806/2542
f 543/755 1807/2543 3915/756
f 1808/2544 1809/2545 1810/2546
f 406/555 4407/2547 404/553
f 24/26 107/141 1811/2548
f 2786/2549 1812/2550 2787/2551
f 3361/2552 1813/2553 1814/2554
f 3519/2555 1815/2556 2773/2557
f 2174/2558 4664/2559 1706/2411
f 3272/2560 3071/2561 1816/2562
f 2212/2563 1817/2564 1818/2565
f 1819/2566 677/2567 1820/2568
f 3052/2569 851/1198 2525/1197
f 2150/2570 736/1031 494/682
f 1425/1998 1821/2571 764/2572
f 1822/2573 4729/2574 726/1013
f 1823/2575 609/2576 1824/2577
f 1825/2578 1826/2579 1827/2580
f 1828/2581 1829/2582 1830/2583
f 1831/2584 1832/2585 1833/2586
f 182/2587 629/874 1834/2588
f 1835/2589 1276/1792 1836/2590
f 446/616 1837/2591 1838/2592
f 1685/2381 1839/2593 1840/2594
f 2338/2595 2736/2596 1841/2597
f 1842/2598 1352/1893 1354/1895
f 1368/1916 1367/1915 840/1177
f 1480/2078 662/2077 3534/2599
f 1843/2600 1844/2601 1845/2602
f 1846/2603 4557/2604 1847/2605
f 4710/2606 1848/2607 3068/2608
f 1672/2361 2450/2609 4411/2362
f 1849/2610 1850/2611 1851/2612
f 1852/2613 4655/2614 3393/2615
f 481/2616 1853/2617 1854/2618
f 1855/2619 1250/1760 1856/2620
f 4158/2621 1857/2622 1877/2623
f 1273/1789 610/850 332/456
f 1468/2060 1858/2624 1859/2625
f 1077/1512 268/1511 4125/1531
f 1860/2626 1861/2627 1862/2628
f 1863/2629 210/283 1864/2630
f 280/377 1865/2631 1866/2632
f 1867/2633 1868/2634 1869/2635
f 1870/2636 897/1263 3337/2637
f 1871/2638 870/1220 1872/2639
f 1235/1731 2756/1733 1791/2521
f 1873/2640 4697/2641 4706/2642
f 3412/2643 3411/2644 513/710
f 1874/2645 1875/2646 1876/2647
f 167/224 166/223 1207/1693
f 2537/2648 1877/2649 1878/2650
f 1236/1734 1879/2651 307/2652
f 3721/2653 1691/2388 1880/2654
f 679/943 1881/2655 680/944
f 1680/2656 1882/2657 1883/2658
f 274/2659 1884/2660 2302/2661
f 1219/1714 1218/1713 1034/2662
f 1471/2065 1885/2663 1472/2066
f 1886/2664 2920/2665 4734/2666
f 1724/2435 3351/2667 1725/2436
f 2785/936 3010/938 1887/2668
f 1888/2669 1889/2670 1890/2671
f 1891/2672 1892/2673 1136/1594
f 1893/2674 1057/2156 1056/2675
f 1894/2676 1895/2677 294/2678
f 2834/2679 1896/2680 1897/2681
f 719/1005 3443/1004 4312/2682
f 1898/2683 572/793 571/792
f 527/728 4718/383 4362/2684
f 4144/2685 4692/2686 1899/2687
f 1900/2688 2538/2689 1901/2690
f 465/638 464/637 1178/1654
f 1902/2691 3364/260 192/259
f 691/959 1903/2692 1904/2693
f 1491/2096 1460/2048 1492/2097
f 3019/2224 1375/2291 2428/2293
f 352/481 351/480 1734/2448
f 1905/2694 603/2695 1906/2696
f 1907/2697 1850/2698 1908/2699
f 3057/2700 1909/2701 3005/2702
f 1910/2703 4016/2704 1208/1694
f 2457/2705 3197/2706 1911/2707
f 1854/2618 1037/1458 1912/2708
f 1469/2061 1913/2709 1914/2710
f 1915/2711 1916/2712 1917/2713
f 1918/2714 1002/1401 1001/1400
f 1777/2505 1776/2504 1919/2715
f 3932/2716 4333/2717 4334/2718
f 1092/1537 861/1211 1093/1538
f 1920/2719 3115/2720 1921/2721
f 1922/2722 1923/2723 474/652
f 4510/2724 4641/2725 2877/2726
f 4245/2727 1450/2034 3489/2036
f 1617/2294 1924/2728 1618/2295
f 1925/2729 1926/2730 857/1205
f 1927/2731 1928/2732 1929/2733
f 4648/2734 3931/2735 4665/2736
f 1930/2737 1931/2738 1932/2739
f 217/296 1933/2740 1934/2741
f 725/1012 1935/2742 726/1013
f 428/587 1510/586 1509/2743
f 1764/2490 1936/2744 1937/2745
f 3986/2746 1938/2747 1939/2748
f 2971/1207 1940/2749 4641/2725
f 1829/2582 1466/2058 193/262
f 1941/2750 4724/2751 575/797
f 615/857 3689/856 1942/2752
f 226/306 1943/2753 1944/2754
f 4352/2755 1945/2756 1015/2757
f 814/1145 3667/228 171/230
f 3116/2758 555/775 2246/2759
f 3247/502 489/673 1946/2760
f 1947/2761 117/155 66/85
f 1948/2762 1317/1848 1316/1847
f 458/631 1948/2762 1316/1847
f 1949/2763 1871/2638 1872/2639
f 1950/2764 2891/1545 1273/1789
f 1035/1455 1951/2765 4226/1456
f 1952/2766 3109/2767 1953/2768
f 4728/2769 4572/1498 1954/2770
f 506/700 4383/2771 3927/698
f 1955/2772 1956/2773 1957/2774
f 1583/2241 534/736 1615/2289
f 1958/2775 1800/2533 1959/2776
f 1960/2777 1892/2673 1891/2672
f 1961/2778 2012/717 1962/2779
f 961/1345 203/274 546/760
f 2146/2780 4372/2781 1963/2782
f 1964/2783 1315/1846 4061/1845
f 1965/2784 1009/1414 483/663
f 3336/2785 528/729 530/731
f 1724/2435 1966/2786 3351/2667
f 4641/2787 4412/2788 2877/2789
f 3025/2790 3852/2791 1575/2226
f 526/727 482/662 1634/2792
f 1967/2793 3859/2794 1968/2795
f 4684/2796 1969/2797 4371/2798
f 1970/2799 1971/2800 1248/1757
f 1972/2801 1973/2802 1974/2803
f 1975/2804 1042/1464 1065/1493
f 429/589 1976/2805 395/543
f 3120/2806 1977/2807 3893/2808
f 4729/2574 1978/2809 727/1014
f 4492/2810 1979/2811 1980/2812
f 1981/2813 1982/2814 4686/2815
f 1983/2816 1984/2817 3130/2818
f 3859/2794 1985/2819 1986/2820
f 3546/2821 1987/2822 2733/2823
f 1585/2243 1988/2824 1989/2825
f 1814/2554 1990/2826 1991/2827
f 837/2828 1992/2829 1993/2830
f 1994/2831 1995/2832 4614/2833
f 1996/2834 1997/2835 1998/2836
f 3505/744 539/743 3504/2837
f 1989/2825 1363/1910 1486/2087
f 926/1302 1123/1516 1999/2838
f 2000/2839 1891/2672 2001/2840
f 2002/2841 2003/2842 2004/2843
f 2005/2844 2006/2845 2007/2846
f 2008/2847 2009/2848 2010/2849
f 2011/2850 4485/2851 2832/2852
f 1962/2853 2012/2854 2013/2855
f 2014/2856 2015/2857 930/1306
f 2016/2858 1820/2568 2017/2859
f 1067/1943 1385/1944 1068/2860
f 2018/2861 2019/2862 702/975
f 2020/2863 2021/2864 3697/2865
f 379/681 493/680 537/740
f 361/491 363/493 2022/2866
f 2023/2867 2024/2868 626/870
f 2025/2869 2026/2870 2027/2871
f 1733/2447 4677/2872 3180/2873
f 2028/2874 3687/2875 3649/2376
f 2029/2876 2030/2877 1930/2737
f 2031/2878 1921/2721 827/2879
f 4466/2880 2032/2881 2033/2882
f 2034/2883 2035/2884 2036/2885
f 2037/2886 2038/2887 2039/2888
f 3110/2889 194/2890 3711/2891
f 1738/2453 1739/2454 141/189
f 1986/2892 2040/2893 2041/2894
f 2042/2895 2043/2896 3208/2897
f 1194/1678 1862/2628 2044/2898
f 2045/2899 2046/2900 2047/2901
f 3765/2902 4590/1818 4236/1820
f 1484/2082 1459/2903 3136/2904
f 2048/2905 3291/2906 1473/2907
f 4451/2908 2048/2905 1473/2907
f 3723/2909 2049/2910 4222/2911
f 2112/2912 1177/1653 1176/1652
f 532/733 1783/2511 1785/2513
f 3453/2913 2050/2914 2051/2915
f 2052/2916 749/1052 3057/2700
f 3350/1186 4492/2810 1980/2812
f 1532/2150 2053/2917 3843/2151
f 4225/2918 2054/2919 1790/2520
f 3139/1043 1816/2562 4726/2920
f 1093/1538 3492/2921 3694/1557
f 986/1756 2055/2922 1248/1757
f 697/968 1737/2923 2056/2924
f 2057/2925 1415/1983 2058/2926
f 4139/2927 852/1199 2059/2928
f 797/1122 1689/2386 923/1296
f 1502/2109 1501/2108 1179/1656
f 2060/2929 2061/2930 2062/2931
f 2063/2932 2064/2933 2065/2934
f 1789/2519 2066/2935 1659/2346
f 4166/2936 1448/2032 4167/2937
f 1404/2938 2067/2939 390/2940
f 4510/2724 4674/367 4641/2725
f 2022/2866 363/493 950/1329
f 83/105 67/86 66/85
f 2609/2941 4323/2942 4568/2943
f 1048/2944 1751/2472 4588/2945
f 3138/2946 2068/2947 2564/2948
f 2069/2949 1178/1654 2823/2950
f 2070/2951 2071/2952 204/2953
f 639/890 2072/2954 2073/2955
f 2924/2197 2074/2956 4233/2094
f 2075/2957 4525/2958 2076/2959
f 2077/2960 2078/2961 1557/2191
f 2079/2962 1510/2120 1260/1776
f 2080/2963 274/2659 1755/2476
f 1023/1433 850/1193 487/1434
f 599/834 598/833 3152/2964
f 2081/2965 2082/2966 2083/2967
f 1924/2728 2084/2968 1618/2295
f 3895/2969 2085/2970 2086/2971
f 1860/2626 4421/2972 4650/2973
f 2087/2974 4364/2975 2088/2976
f 2089/2977 3041/2978 1720/2428
f 2090/2979 1194/1678 3333/2980
f 3821/2981 2091/2982 556/776
f 2092/2983 2093/2984 2094/2985
f 637/888 639/890 2095/2986
f 1687/2383 2096/2987 1688/2384
f 121/2988 605/2989 74/94
f 2097/2990 4565/1543 2098/2991
f 744/1045 1959/2776 2099/2992
f 2100/2993 2101/2994 2102/2995
f 630/879 2103/2996 1457/2044
f 1665/2997 4403/2998 3130/2818
f 2104/2999 1905/2694 2105/3000
f 2106/3001 466/639 2107/3002
f 1704/2407 999/1398 1311/1840
f 2108/3003 1084/1526 2409/3004
f 2109/3005 2110/3006 4624/3007
f 1026/1438 2111/3008 2112/3009
f 570/791 2113/3010 571/792
f 1486/2087 1363/1910 766/1073
f 1102/1553 2114/3011 2115/3012
f 2116/3013 4385/3014 3947/3015
f 1808/3016 3396/3017 2117/3018
f 2118/3019 1710/2416 2119/3020
f 2120/3021 2121/3022 2122/3023
f 2123/3024 4345/3025 2279/3026
f 3030/3027 2124/3028 2684/556
f 2823/3029 2174/2558 1706/2411
f 2125/3030 1225/3031 886/1247
f 2126/3032 2127/3033 3396/3017
f 224/304 226/306 2128/3034
f 2129/3035 3675/3036 2130/3037
f 2868/1091 2131/3038 2132/3039
f 737/1032 1205/1690 2133/3040
f 418/575 2134/3041 1021/1431
f 778/1095 779/1097 2135/3042
f 2136/3043 3995/3044 2137/3045
f 1863/2629 2138/3046 4020/3047
f 1863/2629 4020/3047 210/283
f 1661/2348 2139/3048 1047/1470
f 2140/3049 2141/3050 2142/3051
f 197/266 2143/3052 140/188
f 197/266 140/188 507/701
f 2144/3053 1628/2306 2145/3054
f 1963/3055 3950/1084 2146/3056
f 1915/2711 1727/3057 1058/1483
f 2147/3058 2148/3059 2149/3060
f 2150/3061 256/343 1856/2620
f 2150/3061 1856/2620 736/3062
f 2151/3063 2152/3064 4369/3065
f 4113/3066 2153/3067 3839/3068
f 581/806 583/808 311/422
f 1990/2826 1493/2099 2154/3069
f 1747/2467 2015/2857 2155/3070
f 1201/1686 1306/1832 1849/2610
f 2156/3071 2157/3072 4248/3073
f 1565/3074 2259/3075 2158/3076
f 2159/3077 2160/3078 2161/3079
f 2162/3080 2163/3081 2164/3082
f 2165/3083 1401/1965 2166/3084
f 1899/2687 4692/2686 2167/3085
f 2106/3001 2107/3002 2168/3086
f 2169/3087 2724/3088 2170/3089
f 281/378 283/380 2299/3090
f 664/920 2171/3091 2172/3092
f 2823/2950 2173/3093 2174/3094
f 2175/3095 1624/3096 2176/3097
f 1232/1728 3281/3098 4099/1286
f 583/808 582/807 3170/3099
f 2177/3100 2178/3101 2179/3102
f 1817/2564 2180/3103 1818/2565
f 2181/3104 4680/393 2182/3105
f 2183/3106 4389/3107 2689/3108
f 2183/3106 2689/3108 2184/3109
f 129/172 374/3110 2185/3111
f 1488/2090 4071/3112 247/331
f 2186/3113 2133/3040 2187/3114
f 2186/3115 2187/3116 2781/3117
f 2188/3118 579/802 4732/3119
f 743/1044 745/1046 3911/3120
f 2189/3121 2190/3122 2191/3123
f 2192/3124 2104/2999 908/3125
f 2193/3126 2194/3127 1253/1766
f 2195/3128 2196/3129 1216/3130
f 1589/2249 1133/1591 2197/3131
f 2198/3132 855/3133 783/3134
f 2148/3059 2199/3135 2680/3136
f 2200/3137 2201/3138 1889/2670
f 1908/2699 3728/3139 886/1247
f 2202/3140 2203/3141 2204/3142
f 2205/3143 1320/1853 2206/3144
f 2207/3145 1894/2676 294/2678
f 2208/3146 2209/3147 2210/3148
f 2211/3149 2212/3150 4562/3151
f 3152/2964 3373/3152 4127/3153
f 2213/3154 257/344 2821/3155
f 2214/3156 343/470 1536/2158
f 4339/3157 1643/3158 2215/3159
f 2115/3012 2216/3160 1084/3161
f 1659/2346 2066/2935 2217/3162
f 2803/3163 990/1384 2123/3024
f 2218/3164 4553/3165 2219/3166
f 2220/3167 1696/2396 1652/2337
f 2221/3168 1905/2694 2104/2999
f 2222/3169 2223/3170 2224/3171
f 2225/3172 3783/3173 1728/2441
f 2226/3174 1953/2768 1538/3175
f 553/772 3634/774 151/203
f 2227/3176 127/170 2228/3177
f 1974/3178 2229/3179 4483/3180
f 1954/2770 2072/2954 2230/3181
f 2231/3182 614/855 615/857
f 292/2189 1555/2188 2232/3183
f 2057/2925 2233/3184 2808/3185
f 2234/3186 928/1304 3760/3187
f 2235/3188 2236/3189 2237/3190
f 2238/3191 2239/3192 1338/1808
f 571/792 2240/3193 1898/2683
f 546/760 2241/3194 3966/761
f 2242/3195 1523/2136 733/3196
f 4360/3197 2433/3198 2243/3199
f 74/94 1355/3200 107/141
f 2003/3201 4505/3202 2244/3203
f 2245/3204 2246/3205 555/3206
f 2247/3207 4076/3208 1240/1739
f 3132/3209 2248/3210 2249/3211
f 3332/3212 2250/3213 1027/3214
f 3244/3215 2251/3216 2252/3217
f 2537/2648 4310/3218 3351/3219
f 4395/3220 13/14 69/88
f 1144/1603 4209/3221 397/3222
f 1054/1478 2/2 1/1
f 4050/3223 2253/3224 601/838
f 279/376 2254/3225 2255/3226
f 1798/2530 2256/3227 2257/3228
f 2258/3229 3686/3230 3537/3231
f 1846/2603 2259/3232 1565/2204
f 2260/3233 266/3234 821/1154
f 2261/3235 608/847 2262/3236
f 2263/3237 2264/3238 4308/3239
f 2265/3240 2835/3241 2361/3242
f 1135/3243 2526/1196 2266/3244
f 670/927 877/929 2232/3245
f 2267/3246 2268/3247 659/3248
f 3223/2281 2269/3249 2270/3250
f 2271/3251 4730/3252 1036/1457
f 3344/1703 2272/3253 2245/3204
f 2273/3254 2274/3255 2275/3256
f 4507/1661 1184/1663 2547/3257
f 426/584 1170/3258 2276/3259
f 144/193 2277/3260 1677/2370
f 961/1345 2161/3261 2278/3262
f 1982/2814 1981/2813 2949/1574
f 554/773 2279/3263 578/801
f 1073/1507 2360/3264 1074/1508
f 2280/3265 2281/3266 2282/3267
f 2283/3268 2876/3269 1357/1900
f 3690/1225 2284/3270 872/1226
f 2285/3271 938/3272 822/1155
f 1832/2585 4247/3273 2286/3274
f 2287/3275 4388/3276 4311/3277
f 1806/2542 914/1284 2288/3278
f 2289/3279 2290/3280 1828/2581
f 736/3062 1856/2620 2291/3281
f 1138/3282 2292/3283 2293/3284
f 681/946 388/534 387/533
f 424/581 2294/3285 422/579
f 2295/3286 3732/3287 476/3288
f 2296/3289 2297/3290 2298/3291
f 968/1354 4512/3292 969/1355
f 3446/3293 2299/3294 4508/909
f 657/913 656/912 2300/3295
f 2301/3296 2302/3297 2303/3298
f 2870/3299 881/1239 3325/3300
f 989/1383 924/1298 4115/3301
f 2304/3302 4721/3303 2305/3304
f 2306/3305 14/3306 13/3307
f 1335/1872 4425/1874 2307/3308
f 2308/3309 3632/3310 2164/3082
f 2309/3311 3265/3312 2310/3313
f 2311/3314 4060/3315 2312/3316
f 1394/1955 318/438 320/442
f 2298/3291 2313/3317 2314/3318
f 1679/2373 2315/3319 2722/2374
f 2006/2845 2051/2915 2050/2914
f 2316/3320 2317/3321 626/870
f 683/3322 2318/3323 2319/3324
f 2320/3325 777/1094 3577/3326
f 1792/2522 2321/3327 2138/3328
f 2322/3329 2323/3330 2527/3331
f 4356/3332 2324/3333 4422/3334
f 1460/2048 2325/3335 1492/2097
f 2412/3336 814/1145 3259/3337
f 4614/2833 2326/3338 359/3339
f 581/806 760/1064 582/807
f 2327/3340 2328/3341 2094/2985
f 1417/1985 2329/3342 1418/1986
f 1897/2681 2330/3343 4012/3344
f 450/620 2331/3345 122/165
f 1458/3346 2332/3347 2333/3348
f 2334/3349 3650/3350 2335/3351
f 1376/1931 1160/1624 1162/1626
f 2336/3352 670/927 1834/2588
f 2337/3353 2252/1888 1347/1887
f 907/1276 2736/3354 2338/3355
f 2082/2966 2339/3356 2202/3140
f 793/1118 681/946 4731/945
f 160/216 162/218 1672/2361
f 4468/3357 873/1227 2171/3091
f 3616/3358 4332/600 435/599
f 209/282 1766/281 2340/3359
f 2341/3360 1527/2142 2342/3361
f 2343/3362 4070/3363 932/1308
f 4177/3364 2344/3365 2345/3366
f 2346/3367 2857/3368 2347/3369
f 2348/3370 2349/3371 2350/3372
f 2351/3373 2352/3374 2984/3375
f 2353/3376 1808/2544 1810/2546
f 742/1040 2354/3377 3080/3378
f 4324/3379 332/456 2355/3380
f 2356/3381 2357/3382 297/3383
f 1551/430 2358/3384 4273/431
f 4141/3385 1029/1441 1390/1951
f 2359/3386 2360/3387 168/573
f 1468/2060 2361/3388 193/262
f 1182/1660 4470/1659 3321/3389
f 2362/3390 741/1038 1/1
f 1172/1645 2363/3391 2364/3392
f 1742/2459 2184/3393 2365/3394
f 273/370 4279/3395 3971/3396
f 2366/3397 3214/3398 2367/3399
f 3682/3400 2368/3401 1192/1674
f 1428/3402 2369/3403 4191/3404
f 2370/3405 4524/3406 2371/3407
f 2372/3408 936/3409 938/3272
f 2239/3192 2373/3410 2374/3411
f 2375/3412 2376/3413 4499/3414
f 2331/3345 449/619 1161/1625
f 1972/2801 1974/2803 2377/3415
f 1848/1903 4666/1905 3068/3416
f 2378/3417 2379/3418 2380/3419
f 838/1174 1667/2355 2381/3420
f 2623/1634 2275/3256 2368/1635
f 585/813 2382/3421 812/1143
f 2383/3422 2384/3423 180/3424
f 1045/1468 657/3425 2905/3426
f 243/325 1426/1999 1427/2001
f 1428/3402 1163/1627 2369/3403
f 2385/3427 2386/3428 2387/3429
f 1091/1536 2388/3430 290/391
f 1690/2387 3078/3431 3799/3432
f 459/632 458/631 1316/1847
f 2089/3433 2389/3434 3041/3435
f 1086/1529 1085/1528 2390/3436
f 1897/3437 2391/3438 2392/3439
f 684/949 1425/1998 685/950
f 1046/1469 1045/1468 1970/2799
f 3824/3440 2393/3441 2394/3442
f 2395/3443 2396/3444 1611/2284
f 2086/2971 2397/3445 473/3446
f 3756/3447 2398/3448 414/564
f 2399/3449 1623/2300 2400/3450
f 4233/2094 2401/3451 4241/3452
f 713/990 2402/3453 3214/3398
f 4186/1904 2403/3454 4666/1905
f 2404/3455 2405/3456 2946/3457
f 760/1064 532/733 531/732
f 661/3458 2406/3459 2267/3246
f 4019/3460 4232/3461 2407/3462
f 2408/3463 2108/3464 2409/3465
f 2410/3466 2237/3190 2346/3367
f 2411/3467 2412/3468 2413/3469
f 3999/3470 4526/3471 2414/3472
f 4518/1448 1463/2052 495/683
f 1307/1833 1277/1793 1308/1834
f 1877/3473 2415/3474 2416/3475
f 2417/3476 4351/3477 2449/3478
f 2418/3479 2419/3480 2420/3481
f 2421/3482 2422/3483 776/1093
f 1423/1994 4545/3484 2423/3485
f 2424/3486 2425/3487 2426/3488
f 2427/3489 2428/3490 3232/3491
f 1906/3492 3367/3493 2429/3494
f 2342/3361 1527/2142 2430/3495
f 2431/3496 1198/1682 2432/3497
f 1680/2656 1883/2658 2433/3498
f 2434/3499 2435/3500 1608/3501
f 2436/3502 2437/3503 2438/3504
f 2439/3505 2440/3506 4601/3507
f 737/1032 739/1034 1205/1690
f 2441/3508 1559/2195 1513/3509
f 4245/2727 3489/2036 2442/3510
f 2443/3511 4259/3512 1044/1466
f 1563/2200 4294/3513 2444/3514
f 2445/3515 4203/3516 3100/3517
f 2446/3518 3809/3519 4522/3520
f 2358/3384 1611/2284 2447/3521
f 2448/3522 2449/3523 4065/3524
f 4411/875 2450/3525 2451/3526
f 2129/3035 2130/3037 4341/1676
f 2452/3527 2453/3528 4736/3529
f 955/3530 2454/3531 486/666
f 340/467 342/469 2455/3532
f 2806/595 2456/3533 2457/3534
f 2458/3535 4632/3536 2459/3537
f 2460/3538 2461/3539 1157/1621
f 2462/3540 3906/956 2463/3541
f 4380/3542 1311/1840 4426/3543
f 152/3544 716/994 2464/3545
f 1685/2381 1840/2594 4615/3546
f 1168/1632 2465/3547 1582/2240
f 1053/1477 2466/3548 2467/3549
f 1675/2365 2468/3550 2469/3551
f 646/900 623/867 647/901
f 130/173 129/172 2470/3552
f 667/923 666/922 1913/2709
f 321/443 2471/3553 2472/3554
f 1791/2521 2473/3555 1898/2683
f 4566/3556 2474/3557 4509/3558
f 2475/3559 4738/3560 2476/3561
f 2477/3562 3775/858 2478/3563
f 4339/3157 710/987 4550/986
f 3808/3564 2479/3565 1035/1455
f 600/3566 3790/3567 2480/3568
f 4625/1107 4418/1109 2481/3569
f 2502/3570 2482/3571 3590/3572
f 1439/2018 2483/3573 1420/1991
f 3322/3574 2484/3575 3339/3576
f 4384/3577 2485/3578 1324/3579
f 3243/3580 2398/3581 2120/3582
f 2486/3583 890/1253 1783/2511
f 2234/3186 4462/1844 928/1304
f 2487/3584 1256/3585 1842/3586
f 2470/3552 2488/3587 2546/3588
f 2489/3589 2490/3590 2491/3591
f 2492/3592 2493/3593 2494/3594
f 4383/2771 506/700 524/724
f 1100/1551 2495/3595 519/716
f 1671/2360 2315/3596 2496/3597
f 663/919 2497/3598 664/920
f 2036/2885 2498/3599 1180/1657
f 2144/3600 2145/3601 3155/3602
f 307/2652 1879/2651 400/3603
f 122/165 124/167 3415/1385
f 3451/3604 2499/3605 2500/3606
f 2501/3607 2651/2006 2502/3608
f 1650/2335 1220/1715 634/883
f 2503/3609 2504/3610 2505/3611
f 1090/1535 2169/3087 2170/3089
f 2506/3612 2507/3613 2539/3614
f 772/1082 1972/2801 2508/3615
f 1160/3616 2509/3617 3487/3618
f 2510/3619 2511/3620 2512/3621
f 3400/3622 4722/3623 3401/1949
f 2343/3362 932/1308 1022/1432
f 2513/3624 1490/2095 4241/3452
f 2514/3625 2515/3626 4554/3627
f 4055/3628 2516/3629 1785/2513
f 1280/1796 2517/3630 2518/3631
f 1942/2752 3499/3632 3498/3633
f 2519/3634 2520/3635 2521/3636
f 2522/3637 1247/1755 2248/3210
f 1605/2271 262/3638 2523/3639
f 2524/3640 1814/2554 1991/2827
f 478/3641 2525/3642 2526/3643
f 183/249 2322/248 2527/3644
f 414/564 2528/3645 997/1396
f 2529/3646 2530/3647 2531/3648
f 2532/3649 2533/3650 2534/3651
f 2535/3652 530/3653 2536/3654
f 2537/3655 3351/3656 1966/3657
f 919/1290 3104/3658 4065/3524
f 2538/3659 2539/3660 1479/2076
f 4646/3661 2540/3662 1697/2399
f 2541/3663 3700/1773 1259/1775
f 356/486 2542/3664 2543/3665
f 1369/1917 2544/3666 672/931
f 4239/3667 1218/1713 1217/1712
f 2545/3668 1454/3669 2546/3670
f 500/690 2547/3671 2548/3672
f 2549/3673 4600/3674 326/3675
f 2375/3412 2550/3676 2551/3677
f 2552/3678 2553/3679 2554/3680
f 3321/3389 2122/3023 1182/1660
f 2555/3681 1558/3682 2556/3683
f 1759/2482 1803/2537 1105/3684
f 2557/3685 2416/3475 2415/3474
f 2558/3686 2559/3687 2560/3688
f 2558/3686 2560/3688 2561/3689
f 3962/3690 1017/1426 1016/1425
f 301/410 1852/2613 3393/2615
f 2876/3269 3829/1901 1357/1900
f 1360/1907 2414/3472 2562/3691
f 2563/3692 2564/3693 2565/3694
f 1270/1786 1534/2154 1532/2150
f 2566/3695 2267/3246 1997/2835
f 2567/3696 4603/3697 650/3698
f 2568/3699 3803/3700 2569/3701
f 2906/3702 2576/1115 1794/2525
f 2570/3703 3622/3704 2571/3705
f 2570/3703 2571/3705 2294/3285
f 2572/3706 2573/3707 1693/2390
f 2574/3708 1794/3709 1187/1291
f 4554/3627 2563/3692 2575/3710
f 791/3711 2576/3712 2111/3008
f 4556/3713 646/900 1441/3714
f 4212/3715 1699/2401 1922/2722
f 2577/3716 1711/3717 2578/3718
f 2579/3719 2580/3720 2492/3592
f 86/109 85/108 60/78
f 2298/3291 2297/3290 2313/3317
f 2581/3721 2582/3722 1960/2777
f 4719/3723 135/179 2583/3724
f 2584/3725 462/635 524/3726
f 3118/1388 2585/3727 992/1389
f 2586/3728 2587/3729 2588/3730
f 1462/3731 2589/3732 2590/3733
f 1772/2500 4639/3734 2591/3735
f 2592/3736 2593/3737 3517/3738
f 1325/1859 3962/3690 2594/3739
f 4379/3740 2595/3741 4549/3742
f 4147/3743 2596/3744 2597/3745
f 2598/3746 4147/3743 2597/3745
f 1121/1578 2561/3689 1122/1579
f 999/1398 1700/2402 3218/1839
f 4616/3747 4044/3748 2599/3749
f 2600/3750 2601/3751 1659/2346
f 2217/3162 2600/3750 1659/2346
f 2602/3752 1266/1782 1404/2938
f 1040/1462 2603/3753 1041/1463
f 4628/3754 1313/1842 1312/1841
f 2227/3755 2604/3756 2605/3757
f 418/575 2606/3758 2134/3041
f 1228/1723 2952/3759 1812/2550
f 2236/3189 1217/1712 1219/1714
f 101/132 66/85 67/86
f 2057/2925 2058/2926 2233/3184
f 2607/3760 220/299 219/298
f 3157/3761 337/463 2485/3578
f 2608/3762 2609/3763 2610/3764
f 2611/3765 2612/3766 131/174
f 4237/3767 2613/3768 2614/3769
f 1563/2200 1562/2199 2615/3770
f 2551/3677 2616/3771 2376/3413
f 2617/3772 2618/3773 2619/3774
f 2620/3775 2476/3561 2621/3776
f 2622/3777 4302/3778 2623/3779
f 2624/3780 1841/3781 314/428
f 2365/3394 2625/3782 1742/2459
f 2801/3783 2802/1251 2626/3784
f 2627/3785 1357/1900 1358/1902
f 756/1059 2983/3786 4321/1231
f 1542/2171 4408/3787 868/1218
f 3407/3788 3353/3789 4586/3790
f 285/384 2628/3791 4652/385
f 2629/3792 2630/3793 2399/3449
f 1007/3794 675/3795 2631/3796
f 2632/3797 2633/3798 2634/3799
f 2635/3800 1953/2768 2636/3801
f 2637/3802 2638/3803 2628/3791
f 2639/3804 1655/2340 2469/3551
f 2324/3333 2640/3805 2641/3806
f 2642/3807 2141/3050 2643/3808
f 1722/2433 2644/3809 1052/1476
f 677/941 676/940 1333/1870
f 2368/3401 2274/3810 2645/3811
f 2009/2848 403/552 402/551
f 2646/3812 212/3813 810/1141
f 1100/1551 1102/1553 2495/3595
f 4629/3814 4092/3815 2739/3816
f 2647/3817 865/1215 867/1217
f 322/3818 3700/1773 2541/3663
f 2648/3819 3912/3820 3911/3120
f 2649/3821 2371/3822 4520/3823
f 4151/3824 2709/3825 2650/3826
f 3522/3827 2399/3449 2817/3828
f 2440/3506 1245/1751 1244/1750
f 2262/3236 607/846 2651/3829
f 1292/3830 692/3831 1713/2421
f 1501/2108 2036/2885 1179/1656
f 4071/3112 248/332 247/331
f 1837/2591 2652/3832 1838/2592
f 2409/3004 923/1296 2653/3833
f 4534/3834 4156/3835 461/634
f 508/702 2654/3836 2655/3837
f 2656/3838 2657/3839 2658/3840
f 2659/3841 2660/3842 2661/3843
f 304/413 303/412 1353/1894
f 3072/3844 1326/1860 1973/1862
f 2641/3806 2662/3845 3883/3846
f 95/123 82/102 119/162
f 1196/1680 1498/2105 1197/1681
f 2663/3847 2629/3792 2664/3848
f 654/910 2665/3849 2666/3850
f 4728/2769 4535/3851 803/3852
f 2618/3773 2667/3853 2619/3774
f 1778/2506 2119/3020 2577/2418
f 2668/3854 1919/2715 2631/3796
f 1913/2709 1469/2061 667/923
f 1994/3855 1840/2594 1839/2593
f 2669/3856 2670/3857 139/3858
f 4112/3859 2671/3860 2153/3861
f 765/1072 1409/1977 766/1073
f 2937/3862 2188/3863 2672/3864
f 985/1377 2646/3812 810/1141
f 231/312 2673/3865 3188/3866
f 2013/2855 2674/3867 2675/3868
f 1962/2853 2013/2855 2675/3868
f 2676/3869 2677/3870 1402/1967
f 2280/3265 2678/3871 2281/3266
f 1805/2539 2679/3872 2169/3087
f 627/871 2680/3873 625/869
f 404/553 4407/2547 3544/3874
f 4575/3875 2681/3876 4576/3877
f 2682/3878 1297/1819 2683/3879
f 2684/3880 440/606 853/1200
f 2685/3881 2686/3882 1307/3883
f 1028/3884 1027/3214 2687/3885
f 4389/3886 2688/3887 2689/3888
f 2690/3889 1181/1658 2691/3890
f 4231/3891 2342/3892 2692/3893
f 1928/2732 1927/2731 1900/3894
f 3042/572 2359/3386 168/573
f 2693/3895 33/41 2694/3896
f 2695/3897 2696/3898 2697/3899
f 3890/3900 354/622 451/621
f 1153/1617 2698/3901 2699/3902
f 4229/3903 2700/3904 2701/3905
f 2702/3906 2703/3907 2704/3908
f 1039/1460 1038/1459 2854/3909
f 2705/3910 2706/3911 2707/3912
f 2573/3707 4437/3913 1693/2390
f 556/776 918/1289 2708/3914
f 2709/3915 2287/3275 4311/3277
f 3180/2873 2710/3916 360/3917
f 2326/3338 3180/2873 360/3917
f 1898/2683 2473/3555 572/793
f 1115/1570 1111/1566 1110/1565
f 2711/3918 2712/3919 2713/3920
f 2714/3921 1043/1465 1975/2804
f 2715/3922 3886/3923 2716/3924
f 1018/1427 1017/1426 3426/3925
f 2566/3695 1997/2835 158/212
f 1967/2793 2492/3592 2580/3720
f 2093/2984 2327/3340 2094/2985
f 1682/2378 2717/3926 1370/1918
f 3338/3927 2718/3928 2033/2882
f 2719/3929 2720/3930 2721/3931
f 1670/2359 2722/3932 1671/2360
f 2723/3933 484/664 483/663
f 2724/3934 1305/1831 1201/1686
f 1445/2029 1533/2153 1537/2159
f 1870/2636 3337/2637 3969/3935
f 2725/3936 2726/3937 1251/1764
f 3822/3938 2727/3939 3222/3940
f 2383/3422 2728/3941 2384/3423
f 963/3942 1163/1627 1428/3402
f 864/3943 2401/3944 544/198
f 2087/2974 2088/2976 2729/3945
f 2658/3840 2730/3946 3323/3947
f 2731/3948 1070/1501 2732/3949
f 4665/2736 3931/2735 2733/3950
f 621/865 824/1157 774/1089
f 425/583 4077/3951 4661/3952
f 4590/3953 785/1106 1297/3954
f 485/665 1674/667 1673/3955
f 1462/3956 2253/3957 3266/3958
f 2734/3959 972/1360 2735/3960
f 2736/3961 2737/3962 1841/3781
f 2081/2965 1165/3963 2738/3964
f 2081/2965 2738/3964 2082/2966
f 2739/3965 3955/3966 2460/3538
f 3458/3967 2740/3968 3605/3969
f 4735/3970 811/3971 1867/3972
f 4541/3973 2586/3728 2741/3974
f 2742/3975 3985/3976 2743/3977
f 2744/3978 2745/3979 2746/3980
f 586/814 813/1144 2747/3981
f 4156/3982 4534/3983 488/671
f 2748/3984 2749/3985 282/379
f 592/821 2528/3645 4531/3986
f 2750/3987 2602/3752 1404/2938
f 2238/1876 2751/3988 2239/3989
f 4703/3990 2752/3991 2382/3421
f 819/1152 821/1154 4057/3992
f 2588/3730 2753/3993 4144/3994
f 2754/3995 2755/3996 2756/3997
f 221/300 2754/3995 2756/3997
f 2449/3523 919/1290 4065/3524
f 90/116 2693/3895 2757/3998
f 713/990 4562/3151 2402/3453
f 749/1052 751/1054 3057/2700
f 1255/1769 1684/2380 1256/1770
f 1679/2373 1981/3999 2315/3319
f 1190/1672 4402/4000 2639/3804
f 2758/4001 2759/4002 2760/4003
f 4659/4004 4386/4005 2761/4006
f 804/1131 2762/4007 2712/3919
f 156/210 158/212 2763/4008
f 4269/4009 1193/1675 1691/2388
f 2271/3251 1036/1457 3850/2175
f 2520/3635 2944/4010 4266/4011
f 4254/4012 2764/4013 2765/4014
f 826/1160 2766/4015 2767/4016
f 3676/4017 4110/1941 1384/1940
f 2768/4018 4222/4019 2769/4020
f 2460/3538 1157/1621 4629/4021
f 2770/4022 3850/4023 2771/4024
f 2772/4025 2773/4026 892/4027
f 2221/3168 2949/1574 1119/1576
f 2774/4028 1345/1885 695/4029
f 2775/4030 4576/3877 2681/3876
f 2581/3721 3928/2263 2582/3722
f 2776/4031 3983/4032 2742/3975
f 4387/4033 1206/1692 2777/4034
f 346/4035 3144/4036 4625/4037
f 2494/3594 814/1145 171/230
f 2684/3880 408/4038 2778/4039
f 717/1001 1491/4040 980/1372
f 565/785 567/787 2779/4041
f 1226/1721 1812/2550 2419/3480
f 2780/4042 1888/2669 2567/4043
f 2781/4044 4681/4045 3701/4046
f 689/957 748/1050 690/958
f 2782/4047 2316/3320 2783/4048
f 1018/1427 3426/3925 3427/2000
f 413/4049 1051/1475 1075/4050
f 1545/2174 2032/2881 362/492
f 2607/3760 4305/4051 3275/4052
f 2784/4053 1291/1809 2374/3411
f 350/479 2785/4054 1887/4055
f 2786/4056 2787/4057 1544/2173
f 1350/1891 2788/4058 2789/4059
f 2790/4060 3601/4061 2791/4062
f 748/1050 2792/4063 690/958
f 2039/2888 2097/2990 2793/4064
f 1755/2476 2302/2661 2301/4065
f 4221/4066 4404/4067 2622/3777
f 2794/4068 2795/4069 4652/4070
f 2328/3341 2796/4071 4494/4072
f 1554/2187 627/871 818/1151
f 2879/2015 2797/4073 4631/2016
f 1223/1718 4667/4074 1224/1719
f 2798/4075 2799/4076 2487/4077
f 2772/4025 4332/4078 2800/4079
f 2801/4080 1686/2382 2802/4081
f 1390/1951 1029/1441 1028/1440
f 2803/4082 2123/1189 150/202
f 2804/4083 2805/4084 3909/4085
f 1697/4086 1413/1981 2057/2925
f 2806/4087 2457/2705 2807/4088
f 464/637 1698/2400 2808/4089
f 184/250 910/1074 185/251
f 2255/3226 4750/4090 2809/4091
f 188/254 1100/1551 519/716
f 1381/4092 2810/4093 2811/4094
f 4712/4095 1606/2272 2040/2893
f 1351/1892 3740/4096 3168/4097
f 1756/2478 4134/2477 2812/4098
f 1210/1699 451/621 452/623
f 332/456 610/850 2355/3380
f 4745/4099 2643/3808 2813/4100
f 2239/3192 2374/3411 1291/1809
f 1948/4101 4691/4102 1464/2056
f 1145/1604 1144/1603 397/3222
f 2814/4103 2351/3373 2644/4104
f 168/4105 2360/3264 782/1100
f 1902/2691 2815/4106 2816/4107
f 2817/4108 2584/3725 2818/4109
f 1258/1772 2819/4110 888/1249
f 257/4111 2820/4112 2821/4113
f 1925/2729 484/664 1926/2730
f 2777/4034 1206/1692 1207/1693
f 197/266 507/701 198/267
f 2822/4114 4428/2144 1530/2146
f 2039/2888 1097/1544 2097/2990
f 779/1097 2823/4115 2824/4116
f 3405/4117 2825/4118 206/278
f 2349/3371 2826/4119 2827/4120
f 551/768 2118/3019 2119/3020
f 2537/2648 1966/4121 2828/4122
f 3259/3337 2829/4123 4746/4124
f 3822/3938 3394/4125 2727/3939
f 2196/1711 2830/4126 1215/1709
f 685/4127 764/1071 2831/4128
f 2295/3286 2832/4129 3732/3287
f 2488/4130 3881/4131 2183/3106
f 2833/4132 2789/4133 4320/4134
f 1727/2440 1518/2131 1726/2438
f 2834/4135 1897/3437 2392/3439
f 2361/4136 2835/4137 4172/4138
f 2116/3013 4683/4139 4385/3014
f 2836/4140 4721/3303 2304/3302
f 2575/4141 3596/4142 2837/4143
f 3632/3310 3807/4144 2838/4145
f 1383/1939 2839/4146 2840/4147
f 4619/4148 2841/4149 4537/4150
f 2842/4151 1561/2198 4224/4152
f 2490/3590 2843/4153 4309/4154
f 4085/4155 2844/4156 3611/4157
f 1319/1852 4516/4158 4517/4159
f 1155/4160 3606/1371 979/1370
f 2845/4161 4254/4012 1407/1975
f 4730/3252 3808/3564 1035/1455
f 4375/1368 1310/1837 978/1369
f 558/778 3104/3658 919/1290
f 547/762 2161/3261 961/1345
f 3403/4162 205/277 1740/2455
f 744/1045 2099/2992 2699/3902
f 744/1045 2699/3902 745/1046
f 2459/3537 1316/1847 2077/2960
f 2028/2874 165/221 164/220
f 2846/4163 2847/4164 3630/4165
f 1438/2017 3745/4166 2483/3573
f 2174/4167 2173/4168 2848/4169
f 2849/4170 2850/4171 2851/4172
f 4651/4173 2852/4174 3171/4175
f 2853/4176 1504/2111 968/1354
f 2854/4177 2855/4178 2856/4179
f 1101/1552 2857/4180 1102/1553
f 4110/4181 2858/4182 2839/4183
f 1383/1939 4110/1941 2839/4146
f 225/305 2859/4184 1943/2753
f 2860/4185 2861/4186 2862/4187
f 2024/2868 2023/2867 2863/4188
f 2864/4189 2865/4190 4627/4191
f 2866/4192 4300/4193 2867/4194
f 2131/4195 2868/4196 4030/4197
f 2869/4198 3375/574 419/576
f 4580/4199 1538/2160 985/1377
f 2257/4200 2256/4201 293/398
f 2870/4202 2871/4203 1255/1769
f 235/4204 2872/4205 2873/4206
f 1958/2775 1959/2776 1372/4207
f 1414/4208 2189/3121 2191/3123
f 2874/4209 480/4210 2875/4211
f 4399/4212 511/705 416/4213
f 1408/1976 1407/1975 2876/4214
f 2877/4215 4412/602 1594/2255
f 3646/4216 3645/1610 1150/1612
f 1809/2545 2878/4217 2936/608
f 2891/1545 2890/4218 2879/4219
f 2880/4220 1045/1468 3573/1467
f 2597/3745 4537/4150 2881/4221
f 1029/1441 3332/4222 1027/1439
f 267/359 367/498 2882/4223
f 140/188 2654/3836 507/701
f 2883/4224 4297/4225 2884/4226
f 1349/1890 1351/1892 2885/4227
f 228/308 1150/1612 2121/3022
f 2886/4228 2887/4229 2446/3518
f 2335/3351 2445/4230 1917/2713
f 688/953 687/952 2888/4231
f 3057/2700 751/1054 1909/2701
f 1115/1570 1114/1569 485/665
f 2889/4232 1779/4233 372/515
f 2890/4234 2891/4235 2310/3313
f 1968/2795 3213/4236 4460/4237
f 2829/4123 1968/2795 4460/4237
f 271/364 2892/4238 2517/4239
f 1888/2669 3551/4240 2567/4043
f 2893/4241 2261/4242 296/403
f 255/342 1855/2619 1856/2620
f 2894/4243 2895/4244 2190/3122
f 500/690 2548/3672 1531/691
f 2896/4245 2897/4246 2681/3876
f 2202/3140 2339/3356 2203/3141
f 4520/457 2371/4247 333/458
f 1429/2003 2898/4248 2588/3730
f 2899/4249 2900/4250 1914/2710
f 2901/4251 2186/4252 2902/4253
f 832/1167 2903/4254 849/1192
f 974/1364 1751/2472 2904/4255
f 1893/2674 1535/2155 1057/2156
f 4082/4256 254/341 663/919
f 2905/4257 657/913 2300/3295
f 2906/4258 1794/3709 2574/3708
f 2907/4259 2908/4260 2909/4261
f 1386/1946 2958/4262 2910/4263
f 1786/2514 1598/2259 1597/2258
f 2911/4264 2163/3081 2580/3720
f 2912/4265 4135/4266 2913/4267
f 2196/4268 1782/2510 2830/4269
f 376/519 375/518 2862/4187
f 2914/4270 2151/4271 4344/4272
f 2915/4273 2434/3499 2916/4274
f 2917/4275 1867/2633 1869/2635
f 2918/4276 839/1175 1998/2836
f 2919/4277 2431/3496 2432/3497
f 3740/4096 4319/4278 3638/4279
f 1994/4280 2920/4281 640/891
f 2921/4282 1028/1440 2922/4283
f 3019/4284 4689/4285 2923/4286
f 1818/2565 1770/2498 1769/2497
f 1165/3963 3747/4287 2738/3964
f 150/202 553/772 151/203
f 2924/4288 1560/1548 2074/4289
f 8/9 15/16 14/15
f 2925/4290 2660/4291 2421/3482
f 1183/1662 2001/2840 1184/1663
f 675/934 674/933 1206/1692
f 3189/4292 4743/2231 3324/2230
f 2926/4293 3774/4294 3541/4295
f 2927/4296 1521/2134 2928/4297
f 927/1303 238/320 4714/4298
f 1337/1875 2929/4299 1762/2486
f 1855/2619 2930/4300 2931/4301
f 2483/3573 3746/2439 1726/2438
f 2932/4302 3637/4303 552/769
f 511/705 2933/4304 416/4213
f 2833/4305 1351/1892 1350/1891
f 248/332 4071/3112 3626/4306
f 1447/2031 2852/4174 1448/2032
f 1849/2610 2934/4307 1850/2611
f 1007/1412 2935/4308 385/531
f 1661/2348 1662/2350 2139/3048
f 2936/4309 2878/4310 424/581
f 577/800 2188/3118 2937/4311
f 2827/4120 2084/2968 1924/2728
f 135/179 134/178 2938/4312
f 2939/4313 2940/4314 891/1255
f 2941/4315 1584/1524 2942/4316
f 2519/4317 2943/4318 2944/4319
f 2945/4320 713/990 712/989
f 2404/4321 2946/4322 4624/4323
f 2278/3262 2947/4324 642/894
f 584/812 586/814 4609/4325
f 408/558 2279/3026 4345/3025
f 4489/4326 1620/2297 4011/4327
f 2948/4328 2949/4329 1679/2373
f 4112/3859 885/1246 2671/3860
f 2950/4330 718/4331 4129/4332
f 3116/4333 4124/4334 323/4335
f 2951/4336 2309/3311 1950/4337
f 2303/3298 4713/1300 926/1302
f 2787/4057 2952/4338 2953/4339
f 125/168 2214/3156 126/169
f 4408/3787 4175/4340 2954/4341
f 2821/4113 2955/4342 2956/4343
f 267/359 2957/4344 1983/2816
f 1870/2636 693/961 897/1263
f 2910/4345 2958/4346 3267/4347
f 1516/2129 4032/4348 1515/2127
f 2959/4349 2960/4350 3468/750
f 4540/4351 2961/4352 2532/3649
f 2962/4353 2963/4354 3682/4355
f 1750/2471 286/387 2964/4356
f 4679/4357 1765/4358 2965/4359
f 1742/4360 2966/4361 2184/3109
f 1803/2537 1759/2482 335/461
f 2922/4362 2967/4363 2968/4364
f 199/268 201/270 1361/1908
f 4465/4365 2969/4366 3084/2311
f 1431/2005 4249/836 2970/4367
f 454/4368 1940/4369 2971/4370
f 4722/3623 2972/4371 3401/1949
f 2016/2858 2017/2859 2973/4372
f 2974/4373 2975/4374 2976/4375
f 2363/3391 2977/4376 1268/1784
f 1238/4377 3995/3044 2136/3043
f 2978/4378 2979/4379 2980/4380
f 477/656 2981/4381 555/775
f 2467/3549 2435/4382 4056/4383
f 728/1015 2982/4384 149/201
f 2983/4385 4131/4386 1798/2530
f 1052/1476 2984/4387 1053/1477
f 2985/4388 1583/2241 2986/4389
f 2987/4390 2988/4391 1444/4392
f 732/1023 2989/4393 2975/1024
f 1571/2217 3944/4394 1570/2215
f 561/781 2990/4395 1549/2180
f 2991/4396 4338/4397 648/902
f 2992/4398 467/640 466/639
f 1749/2469 2993/4399 865/1215
f 3337/2637 897/1263 2994/4400
f 466/4401 1591/2251 2107/4402
f 1342/1881 3298/4403 3748/1882
f 2995/4404 587/815 4708/817
f 2996/4405 2392/3439 1786/2514
f 2167/3085 4692/2686 2997/4406
f 2998/4407 1713/2421 692/3831
f 2268/3247 1087/4408 659/3248
f 558/778 557/777 3104/3658
f 2999/4409 3902/4410 1596/2257
f 563/783 1998/2836 839/1175
f 2588/3730 2898/4248 2753/3993
f 3000/4411 833/1168 849/1192
f 4659/4004 909/1278 908/1277
f 3001/4412 1416/2322 3607/4413
f 1305/1831 3002/4414 3003/4415
f 3004/4416 2060/2929 2062/2931
f 1380/1936 4203/4417 1381/1937
f 2052/4418 3005/4419 3006/4420
f 261/4421 734/1027 3007/4422
f 3008/4423 417/569 1362/1909
f 4463/4424 1919/2715 1793/4425
f 446/616 1838/2592 447/617
f 3009/4426 2909/4261 2908/4260
f 2583/3724 135/179 2938/4312
f 1453/2038 3316/1444 3434/4427
f 4382/4428 4480/4429 3010/4430
f 2253/4431 1462/3731 3011/4432
f 2294/3285 3012/4433 2570/3703
f 2643/4434 1971/2800 3013/4435
f 1843/2600 1845/2602 3014/4436
f 4435/4437 1142/1601 3015/4438
f 3016/4439 3017/4440 2517/4239
f 2923/4441 3018/4442 3019/4443
f 2565/3694 3020/4444 4394/4445
f 771/1079 2370/4446 2371/1080
f 3021/4447 3947/3015 217/296
f 503/695 3449/4448 1272/4449
f 119/162 114/150 3022/4450
f 3023/4451 3024/4452 2156/3071
f 3196/4453 3025/4454 4070/3363
f 2130/4455 3676/4017 1384/1940
f 3026/4456 3027/4457 1788/4458
f 1170/4459 1050/1473 3028/4460
f 1107/4461 3029/4462 2721/3931
f 3030/4463 2684/3880 3031/4464
f 2135/3042 2824/4116 3032/4465
f 3033/4466 512/709 514/711
f 2488/4130 2678/3871 2280/3265
f 447/4467 3477/4468 3034/4469
f 4400/4470 2224/3171 3035/4471
f 3036/4472 593/827 595/829
f 3037/4473 1735/2449 3038/4474
f 3581/4475 3913/183 1881/2655
f 2541/3663 1259/1775 3039/4476
f 310/421 2478/3563 311/422
f 3040/4477 3041/4478 4176/4479
f 618/862 497/686 2499/688
f 4683/4139 3754/4480 3042/4481
f 465/638 3043/4482 463/636
f 1254/1767 3044/4483 1780/2508
f 1453/2038 1454/2040 3045/4484
f 1060/1486 1059/1485 3046/4485
f 3047/4486 3048/4487 3049/4488
f 1106/1561 2463/3541 3050/4489
f 1224/1719 2152/3064 2151/3063
f 580/805 3051/4490 686/951
f 935/4491 3238/4492 3052/2569
f 2525/3642 935/1311 3052/4493
f 1239/1738 1396/1957 901/1268
f 821/1154 266/3234 3053/4494
f 2314/3318 3054/4495 3055/4496
f 1116/1571 1118/1573 3056/4497
f 2052/4418 3057/4498 3005/4419
f 2531/3648 4747/4499 3058/4500
f 1038/1459 3059/4501 1233/1729
f 4240/2262 583/808 3170/3099
f 335/461 3060/4502 1804/2538
f 3061/4503 2319/3324 4658/4504
f 320/4505 2541/3663 638/889
f 4089/4506 1471/2065 3978/2064
f 3062/4507 3063/4508 1168/1632
f 3064/4509 1450/2034 4245/2727
f 804/1131 2703/3907 2702/3906
f 59/77 86/109 60/78
f 3065/4510 1294/1813 3066/4511
f 2040/2893 1606/2272 1605/2271
f 2269/3249 1610/2283 1463/2052
f 2479/3565 3067/4512 1951/2765
f 3068/4513 2102/2995 3069/4514
f 1784/2512 4055/3628 1785/2513
f 479/659 3703/1028 4608/4515
f 3070/4516 1605/2271 2523/3639
f 3071/4517 1441/2022 1440/2021
f 1963/3055 3072/4518 772/1082
f 1030/4519 3815/4520 3073/4521
f 2824/4116 2823/4115 1706/4522
f 802/1129 2664/1128 4440/4523
f 3074/4524 3075/4525 3076/4526
f 716/994 182/245 181/244
f 777/1094 3880/4527 3577/3326
f 2215/3159 1643/3158 142/190
f 2426/3488 4164/4528 3077/4529
f 2274/3255 349/4530 3078/4531
f 2046/2900 3079/4532 3080/4533
f 2474/3557 4566/3556 3081/4534
f 2897/4535 3082/4536 3589/1378
f 2191/3123 3083/4537 3084/4538
f 2437/3503 4443/1127 802/1129
f 3085/4539 3608/4540 3086/4541
f 2642/3807 3087/4542 3088/4543
f 3089/4544 4545/3484 3090/4545
f 123/4546 4497/4547 124/4548
f 4738/4549 1087/4408 2268/3247
f 2515/3626 2563/3692 4554/3627
f 230/311 2673/3865 231/312
f 1706/2411 4664/2559 3091/4550
f 2212/3150 3653/4551 3092/4552
f 3093/4553 789/4554 403/552
f 3094/4555 3095/4556 1639/2320
f 1187/1667 1794/2525 1188/1668
f 1895/4557 3223/2281 2270/3250
f 4656/4558 3096/4559 3051/4490
f 1272/1788 382/526 137/4560
f 2783/4048 2316/3320 626/870
f 3665/195 147/197 3097/4561
f 2010/4562 3098/4563 2737/4564
f 237/319 239/321 2405/3456
f 4500/4565 1290/4566 3099/4567
f 1727/2440 1915/4568 3100/4569
f 155/209 154/208 3101/4570
f 155/209 3101/4570 3102/4571
f 329/4572 302/411 1522/2135
f 1152/1616 1154/1618 3103/4573
f 3104/4574 278/375 3105/4575
f 2208/3146 3106/4576 1419/1990
f 4727/4577 3107/4578 3108/4579
f 1785/2513 2516/3629 696/967
f 1714/2422 2697/4580 2087/887
f 565/785 2779/4041 2529/4581
f 3109/4582 1649/2334 3391/4583
f 1830/2583 3110/4584 3111/4585
f 2300/4586 215/292 620/864
f 722/1008 369/501 3112/4587
f 2596/3744 1129/1586 4619/4148
f 1217/1712 598/4588 4239/3667
f 3113/4589 1645/2329 3114/4590
f 2321/3327 509/703 2138/3328
f 2733/2823 3115/4591 1920/4592
f 2246/3205 4124/4593 3116/4594
f 860/1210 859/1209 2790/4060
f 1448/2032 2852/4174 4651/4173
f 4174/4595 1859/4596 3117/4597
f 3118/4598 3119/4599 3018/4600
f 1467/2059 3120/4601 1858/2624
f 2321/3327 3121/4602 510/704
f 2277/3260 1678/2371 1677/2370
f 1128/1585 1130/1587 4126/4603
f 132/175 3122/4604 4027/4605
f 949/1328 951/1330 3123/4606
f 784/1104 3124/4607 4723/1105
f 3125/4608 3126/4609 3127/4610
f 3128/4611 3129/4612 1656/4613
f 2940/4314 3130/4614 891/1255
f 1834/2588 670/927 2232/3245
f 3131/4615 4530/1647 3132/4616
f 2613/4617 3133/4618 1620/4619
f 1535/2155 3134/4620 1064/1491
f 3135/4621 3136/4622 718/4331
f 3/3 3137/4623 1/1
f 2795/4069 2794/4068 2341/3360
f 1908/2699 886/1247 2819/4110
f 3138/4624 2564/3693 2563/3692
f 1691/2388 1690/2387 3799/3432
f 3139/4625 3140/4626 4532/4627
f 1946/4628 3445/4629 2772/4025
f 1449/2033 1249/1759 2128/3034
f 3141/4630 4484/4631 2484/3575
f 1245/1751 2439/3505 3142/4632
f 3143/4633 3089/4544 3090/4545
f 443/4634 3144/4635 346/474
f 1684/2380 304/413 1352/1893
f 3891/4636 3145/4637 3146/4638
f 2100/2993 3147/4639 3148/4640
f 185/4641 910/1280 720/1006
f 1087/1530 660/916 659/915
f 3149/4642 4609/4325 3150/4643
f 2098/2991 1030/1274 3857/1273
f 3151/4644 1422/1993 3003/4645
f 784/1104 319/440 3124/4607
f 3152/4646 1217/1712 2236/3189
f 937/1313 3412/2643 3153/4647
f 623/867 646/900 4556/3713
f 4746/4124 2829/4123 4460/4237
f 2338/4648 2624/3780 3723/2909
f 2091/4649 288/389 4173/2221
f 982/1374 2522/3637 3154/4650
f 3155/4651 2145/803 3156/4652
f 3157/4653 806/4654 3158/4655
f 3031/4464 853/1200 852/1199
f 3159/4656 3160/4657 1117/1572
f 732/1023 655/911 654/910
f 3161/4658 2577/3716 2578/3718
f 3162/4659 3002/4414 1305/1831
f 2680/3136 2149/3060 2148/3059
f 2046/2900 1055/4660 3079/4532
f 2492/3592 4662/4661 2579/3719
f 2055/2922 3744/4662 1046/1469
f 2545/3668 2546/3670 4101/4663
f 1288/1804 2888/4231 3163/4664
f 2932/4302 3164/4665 1647/2331
f 2698/3901 2648/3819 745/1046
f 1235/1731 1791/2521 3165/4666
f 1937/2745 4486/4667 3166/4668
f 3167/4669 1711/4670 1710/4671
f 2756/4672 3253/4673 221/4674
f 917/1288 919/1290 1436/4675
f 3168/4676 3169/4677 3965/4678
f 2053/2917 698/970 3843/2151
f 1226/1721 1228/1723 1812/2550
f 3170/4679 3581/4475 679/943
f 3171/4680 907/1276 515/712
f 2832/4129 2295/3286 1332/4681
f 591/820 590/819 2063/4682
f 498/687 591/820 2063/4682
f 2357/3382 3172/4683 297/3383
f 3135/4621 3173/4684 3136/4622
f 3174/4685 3175/4686 2207/400
f 3176/4687 2135/3042 3032/4465
f 4320/4134 2789/4133 3177/4688
f 890/1253 3178/4689 1783/2511
f 829/1163 828/1162 1055/4690
f 2716/3924 3886/3923 3179/4691
f 4677/4692 2510/3619 3180/4693
f 3181/4694 3182/4695 3183/4696
f 1498/2105 2638/3803 1499/2106
f 1878/4697 1877/3473 2416/3475
f 1707/2412 1706/2411 3091/4550
f 2819/4110 886/1247 888/1249
f 2718/3928 4466/2880 2033/2882
f 3517/4698 2354/4699 3184/4700
f 3211/4701 3185/4702 3186/4703
f 2582/3722 1603/2268 3187/4704
f 3297/4705 1080/1519 1843/2600
f 231/4706 3188/4707 475/654
f 1902/2691 2816/4107 3364/260
f 2128/3034 3189/4708 3190/4709
f 4631/2016 4279/3395 273/370
f 3081/4534 3191/4710 656/912
f 1629/2307 3192/4711 1382/1938
f 3193/4712 3194/4713 3195/4714
f 3025/2790 3196/4715 3852/2791
f 517/714 2960/4716 4268/998
f 2645/3811 2274/3810 3078/3431
f 2456/3533 3197/4717 2457/3534
f 3330/535 3800/4718 387/533
f 794/1148 793/4719 3254/4720
f 2726/3937 3086/4541 1251/1764
f 3198/4721 3389/751 3199/4722
f 1050/1473 1051/1475 3028/4460
f 1183/1662 3200/4723 2001/2840
f 4627/4191 2865/4190 1131/1589
f 2451/4724 714/991 2366/3397
f 3201/4725 4456/4726 2198/3132
f 1661/2348 1047/1470 4213/4727
f 374/517 373/516 3202/4728
f 993/4729 1886/2664 3325/4730
f 3203/4731 2979/4379 3204/4732
f 560/780 3205/4733 561/781
f 2318/3323 3597/4734 2319/3324
f 3206/4735 1344/4736 4087/4737
f 3207/4738 2042/4739 3208/4740
f 2140/3049 2142/3051 3209/4741
f 2826/4742 2343/3362 1022/1432
f 988/1382 2803/3163 2982/4743
f 3697/2865 988/4744 2982/4384
f 1454/3669 3210/4745 2546/3670
f 1180/1657 2498/3599 3211/4746
f 1697/2399 2057/4747 1698/2400
f 2105/3000 1905/2694 1906/2696
f 3212/4748 4563/4749 2297/3290
f 1633/4750 3007/382 284/381
f 3050/4489 1774/2502 1309/1836
f 1982/2814 2949/1574 2192/3124
f 2912/4265 2913/4267 2050/2914
f 3213/4751 1406/1974 1408/1976
f 3214/4752 3215/4753 3216/4754
f 1631/2309 3217/4755 1415/1983
f 329/453 153/206 300/4756
f 487/1434 850/1193 3218/4757
f 1182/1660 1150/1612 1149/1611
f 4663/4758 624/868 623/867
f 4239/3667 598/4588 2809/4759
f 245/327 3219/4760 243/325
f 779/1097 2824/4116 2135/3042
f 3094/4555 1639/2320 3220/4761
f 154/208 1391/1952 3101/4570
f 3221/4762 3222/4763 3898/4764
f 1895/2677 1065/1493 3223/4765
f 3224/4766 1104/1556 3946/1558
f 4606/4767 4671/110 4607/76
f 3323/4768 2730/243 987/1381
f 1760/4769 1823/2575 3225/4770
f 1747/2467 1600/4771 3226/4772
f 2618/3773 650/1351 3227/4773
f 2308/3309 2164/3082 3264/4774
f 3186/4703 645/899 2691/898
f 1340/1879 3228/4775 3229/4776
f 2352/3374 3230/4777 3231/4778
f 3232/4779 2428/2293 4741/2292
f 3233/4780 3289/2139 904/1271
f 399/547 3234/4781 1320/1853
f 523/723 4249/836 1431/2005
f 4066/4782 4297/4225 2883/4224
f 2534/3651 2533/3650 2037/4783
f 3227/4784 2391/3438 2667/4785
f 2330/3343 1897/2681 2290/3280
f 2755/4786 4225/2918 1790/2520
f 2715/3922 3235/4787 2223/3170
f 3671/4788 4591/4789 4709/4790
f 1096/1542 1097/1544 2038/2887
f 2377/4791 3844/1113 3236/4792
f 2853/4176 4515/4793 3237/4794
f 674/933 1007/935 2011/4795
f 294/401 1895/4796 4552/4797
f 935/1311 1126/2287 3238/4798
f 981/1373 2522/3637 982/1374
f 2374/3411 3239/4799 1434/2083
f 3056/4497 1118/1573 3240/4800
f 1877/2623 1857/2622 2415/4801
f 3342/4802 3241/4803 4025/4804
f 4446/4805 3242/4806 1616/2290
f 4531/3986 2528/3645 3243/4807
f 2884/4226 1913/2709 666/922
f 159/214 3244/4808 2337/4809
f 2182/3105 2373/4810 2239/4811
f 4744/4812 1929/2733 1928/2732
f 1243/1749 4460/4813 3245/4814
f 2351/3373 2101/2994 2352/3374
f 4114/2541 3246/4815 3233/4780
f 3927/698 3247/4816 505/699
f 3248/4817 1492/2097 3176/4687
f 4256/4818 3063/4508 3249/4819
f 2113/4820 573/795 4157/794
f 3520/1515 1078/1514 3250/4821
f 1631/2309 2969/4366 539/743
f 1378/1934 4627/2275 1379/1935
f 1252/1765 1254/1767 3251/4822
f 672/931 3252/4823 3400/4824
f 418/575 1021/1431 419/576
f 4305/4051 219/298 3253/4825
f 793/1118 4731/945 3254/4826
f 3255/4827 3256/4828 3257/4829
f 1301/2540 643/4830 1477/2073
f 1206/1692 1645/4831 3258/4832
f 2412/3468 3259/4833 4746/4834
f 167/539 4080/1868 1331/1867
f 620/864 619/863 3260/4835
f 3261/4836 3262/4837 2507/3613
f 1146/4838 4333/4839 3543/4840
f 1329/1865 2176/3097 1330/1866
f 1685/2381 4615/3546 4699/4841
f 836/1171 785/1106 4063/4842
f 807/1137 809/1139 3263/4843
f 2911/1683 2585/3727 3264/4844
f 3265/4845 3990/980 706/982
f 1705/4846 2201/3138 2200/3137
f 905/1272 3343/1702 903/1270
f 1461/2049 1462/2051 3266/4847
f 2958/4848 1925/4849 3267/4850
f 3268/4851 3269/4852 3270/4853
f 2970/2470 865/1215 2647/3817
f 759/1062 758/1061 251/336
f 4622/4854 4746/4834 1243/4855
f 2341/3360 2794/4068 614/855
f 727/1014 1978/2809 4417/4856
f 848/1191 847/1190 3271/4857
f 2625/3782 848/1191 3271/4857
f 2318/3323 685/4127 2831/4128
f 4161/4858 2266/3244 1548/2178
f 2984/3375 2352/3374 3231/4778
f 3272/4859 3273/4860 3071/4517
f 4628/3754 1524/4861 1313/1842
f 1108/1563 2726/3937 1109/1564
f 3274/4862 3275/4863 3276/4864
f 1566/4865 310/4866 3277/4867
f 2722/3932 2315/3596 1671/2360
f 3093/4553 403/552 3278/4868
f 354/484 3236/4792 353/482
f 1198/1682 2431/3496 1196/1680
f 2386/3428 1113/4869 2387/3429
f 3699/143 2836/4140 29/35
f 1377/1933 1379/1935 1773/2501
f 1549/2180 2974/4373 2976/4375
f 3279/4870 3164/4665 3280/4871
f 1271/1787 3843/2151 3467/4872
f 1462/3731 2590/3733 3011/4432
f 2546/3588 2488/3587 4101/4873
f 3281/4874 3114/4590 3282/4875
f 872/1226 2284/3270 3283/4876
f 3284/4877 3285/4878 668/4879
f 3046/4485 3547/904 649/903
f 1995/2832 1733/2447 4614/2833
f 3286/4880 1194/1678 3287/4881
f 3288/4882 3289/4883 3272/2560
f 4559/4884 245/327 1587/2245
f 1234/1730 4162/2279 2855/4885
f 3369/1452 680/944 289/390
f 3165/4666 3290/4886 1235/1731
f 302/411 3221/4762 2928/4297
f 1473/2068 3291/4887 3292/4888
f 3293/4889 4548/1835 1308/1834
f 3294/4890 1933/2740 3708/1989
f 3295/4891 1540/2165 2812/2164
f 786/1108 3296/4892 3297/4893
f 2056/4894 3677/1158 3298/4895
f 3299/4896 4282/4897 4464/4898
f 4599/396 2864/4899 239/321
f 3300/4900 4564/4901 3172/4683
f 875/1229 4445/4902 1524/2137
f 3301/4903 3302/4904 616/4905
f 1959/2776 743/1044 3303/4906
f 2295/3286 3304/4907 2043/2896
f 2040/2893 3070/4516 2041/2894
f 4434/4908 867/1217 1464/2056
f 1887/2668 3305/4909 3721/2653
f 3306/4910 3872/4911 2662/3845
f 3075/4525 3307/4912 3076/4526
f 2273/3254 1432/2007 2274/3255
f 941/1317 3308/4913 3309/4914
f 3310/4915 588/816 2963/4354
f 2621/4916 430/590 3673/592
f 1190/1672 4527/1671 4402/4000
f 3311/4917 3030/3027 4483/3180
f 3312/4918 4085/4919 1059/1485
f 2547/3257 1184/1663 4177/4920
f 1177/1653 2112/2912 1442/2025
f 366/496 916/1287 364/494
f 3133/4618 731/1021 730/1020
f 362/492 4517/4159 3313/4921
f 2629/3792 3004/4922 4441/4923
f 1721/2429 1534/4924 1269/4925
f 3314/4926 3315/4927 3316/4928
f 1115/1570 485/665 1195/1679
f 3317/4929 2097/2990 2098/2991
f 1518/2131 1727/2440 3318/4930
f 613/854 523/723 1430/2004
f 206/278 3319/4931 2181/3104
f 2688/3887 1578/2233 1577/2232
f 2244/3203 2597/3745 2705/4932
f 2336/3352 671/928 670/927
f 1243/1749 3245/4814 1244/1750
f 1862/2628 2129/3035 2044/2898
f 691/959 690/958 1903/2692
f 669/926 668/925 3675/3036
f 2247/3207 1241/1741 3320/4933
f 2247/3207 3320/4933 2760/4003
f 1485/2086 1435/2011 2325/3335
f 847/1190 472/649 3321/4934
f 191/257 1535/2155 3768/258
f 402/551 434/596 3942/598
f 1614/2288 3614/4935 3322/4936
f 3323/4937 469/642 1299/1824
f 3189/4708 3324/4938 3190/4709
f 1950/4337 2310/3313 2891/4235
f 3325/4939 4734/4940 2871/4203
f 3326/4941 1103/1554 1532/2150
f 3327/4942 2975/4374 3328/4943
f 2204/4944 2927/4296 2479/3565
f 3329/4945 2045/2899 2047/2901
f 3733/4946 384/530 229/310
f 388/4947 2926/4948 3330/4949
f 3331/4950 4306/4951 767/1075
f 2821/3155 2956/4952 2930/4300
f 3332/4953 1743/2460 700/973
f 4287/4954 3333/4955 3334/4956
f 1440/4957 1816/2562 3071/2561
f 3335/4958 4438/441 835/1170
f 2610/3764 3336/4959 530/3653
f 3337/4960 3338/4961 1409/1977
f 3322/4962 3339/4963 59/4964
f 1491/4040 3340/4965 3341/4966
f 3342/4967 1935/2742 1293/1812
f 1541/2170 868/1218 1871/2638
f 3343/4968 3793/4969 3344/4970
f 3931/4971 1834/2588 2232/3245
f 3649/2376 3804/4972 1681/2377
f 3073/4521 1208/1694 3314/4973
f 1057/1482 191/4974 1916/2712
f 2535/3652 2608/3762 2610/3764
f 3345/4975 734/1027 261/4421
f 3604/4976 1900/2688 758/1061
f 1333/1870 676/940 3346/4977
f 594/828 2924/2197 1489/2093
f 2479/3565 1951/2765 1035/1455
f 2259/3075 1846/1323 946/1324
f 1619/2296 2168/4978 2909/4261
f 3168/4676 2179/3102 3169/4677
f 1502/2109 1181/1658 2690/3889
f 3347/4979 3348/4980 4744/4981
f 2850/4171 3349/4982 2851/4172
f 425/583 1544/2173 4077/3951
f 2084/2968 3350/4983 1618/2295
f 2843/4153 3351/4984 4310/4985
f 832/1167 831/1166 3752/4986
f 3352/4987 2946/4322 1377/1933
f 3902/4410 1012/4988 1596/2257
f 2995/4404 4708/817 3353/4989
f 2168/3086 3509/1188 2106/3001
f 2397/3445 823/1156 3354/4990
f 2397/3445 3354/4990 473/3446
f 1730/2443 2335/3351 1917/2713
f 2338/4648 1841/3781 2624/3780
f 3355/4991 3073/4521 3815/4520
f 2289/3279 1830/2583 4568/2943
f 2435/3500 2434/3499 3356/4992
f 1627/2305 1026/1438 4219/1437
f 3165/4666 3357/4993 3290/4886
f 2665/3849 2929/4994 1337/4995
f 4672/4996 2614/3769 4488/4997
f 2839/4183 3358/4998 3359/4999
f 1455/2042 1546/2041 3720/5000
f 3360/5001 3361/5002 2524/5003
f 4347/5004 4095/1726 2659/3841
f 2798/5005 2487/3584 3362/5006
f 3256/5007 2385/3427 3940/5008
f 3363/5009 2265/3240 4174/4595
f 2078/2961 3364/5010 3365/5011
f 3366/5012 3700/1773 322/3818
f 3201/4725 2198/3132 2895/4244
f 4003/5013 4013/5014 3367/5015
f 2020/2863 728/1015 909/1278
f 218/297 1934/2741 3368/5016
f 2346/3367 3369/5017 2857/3368
f 388/5018 644/897 645/899
f 1369/1917 672/931 746/930
f 1475/5019 3370/5020 3371/5021
f 1866/2632 1865/2631 3810/5022
f 2761/1395 1694/289 214/291
f 240/322 1952/2766 2226/3174
f 1625/2302 1624/2301 3372/5023
f 1141/1600 3373/5024 2235/3188
f 3112/4587 369/501 1376/5025
f 2291/3281 1944/2754 2378/3417
f 667/923 1469/2061 3374/5026
f 283/5027 4508/909 2299/3294
f 302/411 301/410 3221/4762
f 2752/5028 4611/5029 812/5030
f 1151/999 3171/4680 515/712
f 1573/2220 3847/5031 3302/4904
f 2268/3247 2267/3246 2566/3695
f 2606/3758 1404/1970 1403/1969
f 3338/4961 2994/5032 2718/5033
f 501/693 3375/5034 2988/4391
f 3376/5035 1638/2319 2276/5036
f 1315/1846 929/1305 928/1304
f 3256/5007 4637/5037 2386/3428
f 2548/3672 4086/5038 200/5039
f 1593/2237 4367/5040 3377/5041
f 547/762 3378/5042 2159/5043
f 1508/2118 2079/2962 3379/5044
f 195/264 3110/4584 1830/2583
f 3380/5045 4007/5046 3361/5002
f 2576/1115 1795/2526 1794/2525
f 2274/3255 1432/2007 349/4530
f 1332/4681 2295/3286 2042/2895
f 2729/3945 2088/2976 2019/2862
f 2687/3885 2264/3238 2967/4363
f 317/437 2471/3553 321/443
f 2589/3732 3381/5047 2590/3733
f 4125/5048 269/362 3816/1822
f 3162/4659 2724/3934 1343/5049
f 4125/5048 3816/1822 323/5050
f 3382/5051 822/1155 4151/3824
f 3152/2964 1865/2631 599/834
f 366/496 365/495 3383/5052
f 3384/5053 159/214 2337/4809
f 3385/5054 3386/5055 3387/5056
f 2956/4343 2955/4342 3388/5057
f 1130/5058 320/4505 638/889
f 3389/5059 1226/1721 2418/3479
f 681/946 387/533 3390/5060
f 457/630 4691/5061 1948/2762
f 227/307 3646/4216 1150/1612
f 3264/4774 2164/3082 2163/3081
f 3109/2767 3391/5062 1953/2768
f 440/606 2778/4039 441/607
f 4438/441 3609/5063 3392/5064
f 3393/5065 3495/5066 3394/5067
f 3395/5068 3396/5069 1808/2544
f 2034/2883 2036/2885 1501/2108
f 780/1098 3726/5070 3397/5071
f 3398/5072 3399/5073 898/1264
f 1000/1399 999/1398 1704/2407
f 3400/5074 3401/5075 1388/5076
f 3015/5077 2410/5078 2329/3342
f 3402/5079 1384/1940 1646/5080
f 3403/5081 3404/5082 3405/5083
f 2512/3621 146/196 3665/195
f 2642/3807 3088/4543 4024/5084
f 3406/5085 1453/2038 3045/4484
f 406/555 3407/5086 4407/2547
f 2604/3756 4231/3891 2692/3893
f 2579/3719 2911/4264 2580/3720
f 1221/1716 2144/3600 3300/4900
f 2030/5087 3408/5088 1487/2089
f 1973/2802 1972/2801 772/1082
f 3409/5089 2913/4267 2900/5090
f 2162/3080 2164/3082 2838/4145
f 3410/5091 1414/1982 1413/1981
f 964/1349 3605/5092 965/1350
f 706/982 4653/2012 4539/5093
f 939/1315 3411/5094 3412/5095
f 3413/5096 358/488 1345/1885
f 4230/5097 3303/4906 3414/5098
f 3415/5099 2298/3291 2314/3318
f 3377/2252 2861/4186 2860/4185
f 929/1305 816/1147 2014/2856
f 3228/5100 891/5101 3416/5102
f 2160/3078 2278/5103 2161/3079
f 951/1330 3417/5104 3123/4606
f 2264/3238 3418/5105 2967/4363
f 2790/4060 2791/4062 3419/5106
f 1929/5107 808/1138 1927/5108
f 2171/3091 873/1227 3420/5109
f 2885/1326 947/1325 2700/3904
f 1264/1780 540/745 3421/5110
f 205/277 3405/4117 206/278
f 1375/2291 3851/1972 1405/1971
f 3233/4780 3246/4815 3289/2139
f 2108/3464 3422/5111 2674/3867
f 1227/1722 2768/2527 1228/1723
f 3423/5112 1899/2687 2167/3085
f 3424/5113 940/1316 939/1315
f 1323/1856 1000/1399 3425/5114
f 2096/2987 276/373 536/739
f 3426/5115 2542/3664 3427/5116
f 1672/2361 3428/5117 2450/2609
f 2682/3878 2683/3879 3429/5118
f 2898/4248 2970/4367 2647/5119
f 1321/5120 3772/365 3430/5121
f 461/5122 4355/1092 2320/3325
f 1737/2451 825/1159 2056/4894
f 2002/5123 4505/3202 2003/3201
f 3431/5124 518/715 1961/2778
f 2653/3833 1976/2805 3432/5125
f 300/409 3433/5126 1852/2613
f 3434/5127 3315/4927 3435/5128
f 4378/5129 2288/3278 914/1284
f 3436/5130 3437/5131 3438/5132
f 3439/5133 3440/5134 344/5135
f 1319/1852 1318/1851 4516/4158
f 534/736 4348/5136 1616/2290
f 3441/5137 190/256 3768/258
f 956/1336 3442/5138 2887/4229
f 2908/1555 1103/1554 3326/4941
f 1630/5139 2811/4094 4644/5140
f 1801/5141 337/5142 1824/2577
f 3279/4870 3280/4871 3443/5143
f 3403/4162 1740/2455 3444/5144
f 2390/5145 1085/5146 2475/3559
f 246/330 3045/4484 3445/5147
f 3956/5148 3/3 3446/5149
f 854/1201 2936/608 4496/5150
f 3447/5151 4081/5152 570/791
f 2634/3799 2633/3798 3448/5153
f 4714/4298 3176/5154 1707/2412
f 3230/4777 3148/4640 3449/5155
f 2981/5156 2245/3204 555/3206
f 3450/5157 3451/5158 3452/5159
f 2631/3796 2935/5160 1007/3794
f 3453/5161 4550/986 4640/2397
f 136/181 3454/5162 2612/3766
f 2440/5163 4147/3743 2598/3746
f 4751/2523 2138/3328 1863/5164
f 1010/1224 872/1226 2723/5165
f 347/5166 3455/5167 3159/4656
f 246/330 3406/5085 3045/4484
f 1134/5168 3966/761 4626/1541
f 844/1182 1754/2475 3456/5169
f 4010/5170 3457/5171 2894/4243
f 4175/4340 3458/5172 2954/4341
f 4333/4839 1146/4838 3600/5173
f 1979/2811 1019/1428 3459/5174
f 4724/2751 1991/2827 2154/3069
f 2420/3481 3460/5175 4742/1513
f 3461/5176 3462/5177 3463/5178
f 1117/1572 2103/2996 630/879
f 3464/5179 1480/5180 1717/2425
f 2781/3117 1871/2638 1949/2763
f 3932/5181 4334/5182 3944/5183
f 3465/5184 911/1281 3466/5185
f 3287/4881 3467/5186 3286/4880
f 3468/5187 517/714 1227/1722
f 1497/2104 4003/5013 3469/5188
f 3470/5189 3471/5190 3472/5191
f 912/1282 1136/1594 444/613
f 4175/4340 3473/5192 3458/5172
f 981/1373 3062/4507 2522/3637
f 3474/5193 1826/2579 3475/5194
f 450/620 991/1386 1373/1922
f 1376/5195 368/2431 1160/2430
f 251/336 3464/338 1004/5196
f 4472/5197 819/1152 4258/5198
f 3171/4680 3278/4868 907/1276
f 1356/1897 449/619 448/618
f 2889/4232 372/515 4504/5199
f 3694/1557 3476/5200 3946/1558
f 3477/5201 1838/5202 3704/1173
f 3092/5203 2083/2967 1817/2564
f 1334/1871 3195/4714 3478/5204
f 493/680 3479/5205 2708/3914
f 3410/5206 2189/3121 1414/4208
f 3777/5207 2883/4224 666/922
f 4686/5208 3480/5209 1040/1462
f 1993/5210 4067/5211 3034/4469
f 1912/2708 479/5212 1854/2618
f 2818/726 525/725 1412/1980
f 1969/2797 3481/5213 126/169
f 3397/5071 3726/5070 3482/5214
f 529/730 704/978 3483/5215
f 3484/5216 2517/4239 3017/4440
f 960/1344 3462/5177 3461/5176
f 3203/4731 3485/5217 660/916
f 4327/5218 2448/3522 4065/3524
f 3486/5219 3745/4166 1438/2017
f 715/5220 628/872 629/874
f 3487/5221 3910/1747 3488/5222
f 2442/5223 3489/5224 709/985
f 3490/5225 2763/4008 1750/2471
f 2820/4112 2955/4342 2821/4113
f 3837/5226 4644/5227 3491/5228
f 1447/2031 3093/5229 2852/4174
f 3492/5230 3200/4723 1183/1662
f 2892/4238 3452/5159 3016/4439
f 3493/5231 3277/4867 4750/4090
f 4555/5232 2575/4141 4329/5233
f 538/741 918/1289 917/1288
f 728/1015 3545/1016 3914/5234
f 9/10 11/12 4094/5235
f 2878/4310 2117/3018 3012/4433
f 1733/2447 3180/2873 2326/3338
f 2695/3897 2697/3899 1714/997
f 2902/4253 3701/4046 3494/5236
f 3394/4125 3495/5237 2031/2878
f 3690/1225 3496/5238 2284/3270
f 4081/5239 1048/2944 4588/2945
f 2947/5240 2278/5241 4486/4667
f 2840/4147 2839/4146 3359/5242
f 3422/5111 974/1364 2675/3868
f 3422/5111 2675/3868 2674/3867
f 4426/3543 1068/5243 4380/3542
f 2900/5090 2913/4267 3497/5244
f 3474/5193 3498/5245 3499/5246
f 3459/5174 3500/5247 467/640
f 3501/5248 2915/4273 2550/3676
f 733/1025 671/928 2336/3352
f 2953/5249 2769/5250 3024/4452
f 2410/3466 2346/3367 2347/3369
f 3502/5251 2841/5252 3503/5253
f 3504/5254 4647/5255 3505/5256
f 1697/4086 3410/5091 1413/1981
f 1271/1787 4192/5257 4498/5258
f 2820/4112 1757/5259 378/521
f 2682/3878 3429/5118 2961/4352
f 2591/3735 2489/3589 3506/5260
f 2376/3413 3642/5261 4499/3414
f 3507/5262 4571/213 3508/5263
f 4739/5264 2268/3247 157/211
f 3509/5265 1618/2295 3350/4983
f 3510/5266 2396/3444 602/839
f 3483/5215 3511/5267 3512/5268
f 1579/5269 3586/5270 997/1396
f 2345/3366 3513/5271 3514/5272
f 3515/5273 3516/5274 3517/5275
f 331/5276 330/1761 3518/5277
f 3445/5147 3045/4484 3519/5278
f 2494/3594 2829/4123 3259/3337
f 3161/4658 3520/5279 372/515
f 1711/5280 4088/5281 2420/3481
f 2679/3872 2724/3088 2169/3087
f 2498/5282 1147/1608 3211/4701
f 4207/5283 4208/5284 3521/5285
f 941/5286 3309/5287 3411/2644
f 3522/5288 2818/726 1412/1980
f 3810/5022 3152/2964 4127/3153
f 3189/4708 1249/1759 4325/5289
f 3523/5290 1026/1438 1627/2305
f 2203/5291 1521/2134 2927/4296
f 289/390 1091/1536 290/391
f 3108/4579 3524/5292 333/458
f 2375/3412 2551/3677 2376/3413
f 380/524 3845/5293 381/525
f 3525/5294 4058/851 3526/5295
f 4634/2054 3880/4527 777/1094
f 3527/5296 3528/5297 2620/3775
f 3145/4637 2364/3392 1267/1783
f 98/126 3529/5298 3751/843
f 525/725 731/1021 1411/1979
f 1366/1914 3530/5299 3531/5300
f 3993/878 944/1320 587/815
f 4080/1868 2832/2852 1332/1869
f 1634/2792 482/662 4511/5301
f 2348/3370 3196/5302 2343/5303
f 984/1376 4735/1140 3532/5304
f 1869/2635 1868/2634 3533/5305
f 1717/2425 3534/5306 1718/2426
f 2349/3371 3535/5307 2350/3372
f 3536/5308 3537/5309 4182/2227
f 780/1098 782/1100 3538/5310
f 1908/2699 3539/5311 1907/2697
f 124/4548 2298/3291 3415/5099
f 975/1365 2408/3463 3540/5312
f 3330/1640 3541/5313 1169/1641
f 2079/2962 1260/1776 1262/1778
f 3197/2706 3542/5314 3754/4480
f 3654/5315 3543/5316 3932/5317
f 4737/679 492/678 2721/3931
f 2661/527 2660/5318 2925/528
f 1331/1867 3207/4738 2126/3032
f 3544/5319 1014/1423 1013/1422
f 3545/5320 737/1032 752/1055
f 3328/746 2989/4393 541/747
f 1016/1425 1018/1427 1426/1999
f 4195/329 906/1442 3406/5085
f 3488/5222 123/166 122/165
f 4073/5321 1651/2336 1653/2338
f 2337/4809 3244/4808 2252/5322
f 4347/5323 2659/5324 2661/5325
f 3931/4971 2232/3245 3546/5326
f 3547/5327 2780/4042 2567/4043
f 3507/5262 3244/4808 159/214
f 3995/3044 3548/5328 2137/3045
f 4455/5329 3549/5330 4456/5331
f 2017/5332 4193/5333 3550/5334
f 2385/3427 2387/3429 1110/5335
f 3030/4463 3031/4464 4139/2927
f 3551/5336 4603/3697 2567/3696
f 2493/3593 1968/2795 2494/3594
f 1396/1957 942/405 901/1268
f 3515/5337 2394/3442 2393/3441
f 709/985 1153/1617 1152/1616
f 1362/1909 1461/2049 1472/2066
f 2736/5338 2008/5339 2737/4564
f 1298/1823 3141/4630 2484/3575
f 389/5340 391/5341 2084/2968
f 3552/5342 3870/5343 4636/5344
f 743/1044 3414/5098 3303/4906
f 4280/5345 4290/5346 451/5347
f 1913/2709 2899/4249 1914/2710
f 1589/2249 2197/3131 3553/5348
f 3554/5349 2394/3442 1061/1487
f 745/1046 2648/3819 3911/3120
f 3629/5350 3555/5351 2901/4251
f 1613/2286 3556/5352 3557/5353
f 3113/4589 3402/2167 1645/2329
f 1260/1776 817/5354 1261/1777
f 2923/4286 4689/4285 1746/5355
f 4705/5356 2364/3392 3145/4637
f 4705/5356 3145/4637 3891/4636
f 842/1179 3473/5357 840/1177
f 2022/2866 3558/5358 361/491
f 3346/4977 3195/4714 1334/1871
f 4365/5359 3559/5360 3560/5361
f 469/642 470/643 1299/1824
f 1725/5362 3561/5363 3562/5364
f 3563/5365 2496/3597 1956/2773
f 3707/5366 3112/4587 3564/5367
f 3565/5368 3392/1238 882/1240
f 722/1008 2438/3504 369/501
f 666/922 2883/4224 2884/4226
f 3566/5369 3541/5313 3567/5370
f 2516/5371 3568/5372 898/1264
f 3569/5373 299/408 3461/5374
f 650/905 3547/904 2567/5375
f 2813/4100 2141/3050 3570/5376
f 2926/4293 3571/5377 3572/5378
f 165/221 1681/2377 3573/5379
f 3658/5380 3574/5381 2760/4003
f 2694/1363 2304/3302 3575/5382
f 2142/1763 4024/5383 1251/1764
f 1912/2708 1039/1460 4600/3674
f 2875/5384 480/660 479/659
f 2301/3296 2303/3298 2542/3664
f 4166/2936 4184/5385 1446/2030
f 3576/5386 4286/5387 3577/5388
f 222/5389 4041/1826 4131/4386
f 1095/1540 4626/1541 3966/761
f 3481/5390 411/561 3578/5391
f 1638/2319 3376/5035 1578/2233
f 2711/3918 3579/5392 2152/3064
f 1306/1832 1422/5393 2934/4307
f 3574/5381 2247/3207 2760/4003
f 307/417 504/697 1236/696
f 2456/3533 1873/2640 4701/5394
f 1440/5395 646/900 4375/5396
f 2990/4395 3205/4733 3580/5397
f 582/807 531/732 3581/5398
f 4701/5394 1873/2640 4706/2642
f 3582/5399 4672/5400 3583/5401
f 3584/5402 214/291 3585/5403
f 328/452 1005/1408 329/453
f 1561/2198 1563/2200 2444/3514
f 2276/5036 1171/5404 3586/5405
f 2437/3503 4725/499 369/501
f 414/564 413/563 3756/3447
f 3587/5406 216/294 4357/293
f 4236/1820 1297/1819 2682/3878
f 2578/5407 1711/5280 2420/3481
f 3588/5408 2305/3304 4721/3303
f 2136/3043 2137/3045 3147/4639
f 3589/5409 1138/1596 1140/1598
f 483/663 1010/1415 2723/3933
f 2501/3607 2502/3608 3590/5410
f 3046/4485 1246/1753 3547/904
f 494/682 379/681 256/2480
f 2780/4042 3591/5411 3592/5412
f 3593/5413 3594/5414 2401/3944
f 2541/3663 320/4505 322/3818
f 3140/4626 3595/5415 1804/2538
f 4285/5416 405/554 404/553
f 30/36 29/35 2304/3302
f 30/36 2304/3302 32/39
f 2665/3849 1337/4995 4500/4565
f 4496/5150 2936/608 4199/5417
f 3516/5274 2592/5418 3517/5275
f 846/1187 1980/2812 2992/4398
f 2565/3694 3596/5419 2575/3710
f 2563/3692 2565/3694 2575/3710
f 4658/676 3597/5420 3787/799
f 827/1161 3255/4827 3257/4829
f 3587/5421 2460/3538 775/5422
f 1892/2673 1137/1595 1136/1594
f 3598/5423 228/308 2121/3022
f 3599/5424 2695/3897 4638/996
f 1966/4121 4349/735 2828/4122
f 1146/5425 3055/5426 3600/5427
f 885/1246 2657/3839 2671/3860
f 474/652 1923/2723 3601/5428
f 3602/5429 4739/5264 4299/5430
f 326/5431 162/218 3496/5238
f 3884/5432 3562/5364 3561/5363
f 4337/2201 1564/2203 993/4729
f 595/829 1490/2095 3306/4910
f 491/5433 3074/4524 3061/5434
f 2386/5435 4637/5436 2743/5437
f 3881/4131 4389/3107 2183/3106
f 3603/5438 270/363 3772/365
f 2788/4058 1350/1891 1349/1890
f 3747/4287 328/452 327/451
f 3323/5439 1299/5440 223/5441
f 1733/2447 1732/2446 4677/2872
f 1092/1537 1247/1755 1582/2240
f 2740/5442 3604/5443 3605/5444
f 2782/4047 1185/1664 2316/3320
f 1155/1619 2461/3539 3606/5445
f 3607/5446 1416/1984 1418/1986
f 3085/5447 3271/4857 3608/5448
f 650/1351 2618/3773 966/1352
f 3182/309 228/308 3598/5423
f 1354/1895 1353/1894 830/1165
f 3609/5449 4337/2201 993/4729
f 3610/5450 686/951 688/953
f 3592/5412 3611/5451 3425/5452
f 2853/4176 1773/2501 1504/2111
f 3612/5453 352/481 1734/2448
f 3613/5454 1838/2592 2652/3832
f 715/993 182/245 716/994
f 1298/1823 2484/3575 3614/5455
f 1438/2017 2483/3573 1439/2018
f 2004/5456 4054/5457 4055/5458
f 1751/2472 3615/5459 2904/4255
f 3616/5460 3617/5461 4332/5462
f 3126/4609 4263/5463 3618/5464
f 2141/3050 2642/3807 2142/3051
f 3457/5171 4215/5465 3201/4725
f 1464/2056 2815/4106 1465/2057
f 2156/3071 1874/2645 2157/3072
f 2460/3538 3955/3966 775/5422
f 2780/4042 3592/5412 2200/3137
f 4354/5466 3999/3470 2414/3472
f 3203/4731 3204/4732 1328/1864
f 3619/5467 3755/5468 3128/4611
f 996/1393 995/1392 3620/5469
f 2407/3462 3212/4748 2296/3289
f 3503/5253 3621/5470 3399/5073
f 2562/3691 2414/3472 265/355
f 4677/4692 2571/5471 3622/5472
f 2687/3885 4308/3239 2264/3238
f 1464/2056 867/1217 2815/4106
f 3623/5473 3143/4633 2766/4015
f 859/1209 3601/4061 2790/4060
f 3624/5474 1398/1960 3625/5475
f 3190/4709 224/304 2128/3034
f 494/682 256/2480 2150/2570
f 3380/5045 3361/5002 3360/5001
f 2286/3274 2260/3233 1833/2586
f 2864/4189 3626/5476 3627/5477
f 3628/5478 2397/3445 2086/2971
f 3629/5479 1702/2404 1233/1729
f 475/654 2932/4302 1647/2331
f 356/486 2543/3665 357/487
f 3630/5480 2847/2067 1503/2110
f 1558/5481 3457/5171 2556/5482
f 790/5483 4140/5484 3631/5485
f 3632/5486 2243/3199 2433/3198
f 1198/1682 3633/5487 2432/3497
f 3039/4476 2441/3508 2230/3181
f 739/1034 3634/5488 3635/5489
f 2436/3502 2438/3504 3465/5184
f 3515/5337 1061/1487 2394/3442
f 3756/5490 4748/5491 2398/3581
f 904/1271 1525/2140 905/1272
f 2412/3468 4746/4834 3636/5492
f 2561/3689 1038/1459 1037/1458
f 366/496 3383/5052 915/1285
f 3637/5493 211/285 749/5494
f 104/137 43/57 93/120
f 2179/3102 3638/5495 2177/3100
f 3639/5496 3262/5497 3640/5498
f 884/1245 4220/5499 2657/3839
f 1174/1650 3431/5124 3641/5500
f 3431/5124 1173/1649 258/345
f 2442/5223 709/985 1152/1616
f 479/659 481/661 1854/5501
f 4470/5502 1149/5503 2140/3049
f 3642/5504 4318/5505 4284/5506
f 4494/4072 2796/4071 2109/3005
f 2700/3904 947/1325 2663/3847
f 2893/684 1175/1651 3838/5507
f 2636/5508 3599/2216 4189/5509
f 1660/2347 480/4210 2874/4209
f 210/283 4020/3047 208/284
f 3165/4666 1791/2521 3357/4993
f 2026/2870 2685/3881 3643/5510
f 1861/2627 4650/2973 669/926
f 3644/5511 3645/5512 3646/5513
f 4570/5514 3508/5263 4571/213
f 2026/2870 3643/5510 4044/3748
f 1528/2143 3349/5515 3647/5516
f 3648/5517 1203/1688 3649/5518
f 3650/5519 3651/5520 3652/5521
f 209/282 3501/5248 2550/3676
f 1949/2763 1872/2639 3653/5522
f 3575/5382 2305/3304 3543/4840
f 3575/5382 3543/4840 3654/5523
f 3615/5459 1751/2472 1048/2944
f 3321/4934 472/649 2122/648
f 2613/3768 4488/4997 2614/3769
f 3188/3866 3655/5524 3637/5493
f 1502/2109 1179/1656 1181/1658
f 2321/3327 510/704 509/703
f 1516/2129 3791/2128 878/1235
f 2520/3635 4266/4011 2038/5525
f 3224/4766 1450/2034 3064/4509
f 1808/2544 2117/5526 1809/2545
f 3860/1243 883/1242 3656/5527
f 3273/1697 1210/1699 3657/5528
f 3658/5529 3659/5530 1500/2107
f 2644/4104 2351/3373 2984/3375
f 4164/4528 4127/5531 3660/5532
f 2430/3495 3661/5533 3662/5534
f 1373/1922 4278/1605 3588/5535
f 3277/423 311/422 1599/2261
f 2907/971 2053/2917 1103/1554
f 2170/5536 2724/3934 1200/1685
f 2626/3784 370/508 3363/5009
f 3121/4602 3618/5537 510/704
f 2946/3457 2405/3456 1607/5538
f 2328/3341 4494/4072 3663/5539
f 3054/4495 3875/5540 3874/5541
f 312/426 2799/4076 2798/4075
f 3664/5542 1006/1409 2696/1411
f 3180/2873 3665/5543 3097/5544
f 3666/5545 2906/4258 2574/3708
f 2551/3677 2916/4274 2616/3771
f 1536/2158 170/2157 3667/5546
f 3867/1241 3668/5547 883/1242
f 3669/5548 3212/4748 4232/3461
f 3864/295 2807/4088 3021/4447
f 2390/3436 2980/4380 1086/1529
f 2554/3680 1288/1804 3163/4664
f 2769/5250 4222/2911 1875/2646
f 2226/3174 1952/2766 1953/2768
f 2871/4203 1994/3855 1839/2593
f 1944/2754 1943/2753 2379/3418
f 1950/4337 3388/5057 2951/4336
f 1144/1603 3242/4806 4209/3221
f 4041/1826 1300/1825 3670/5549
f 3504/5254 3106/4576 2208/3146
f 1372/4207 1959/2776 3303/4906
f 3418/5105 2264/3238 2758/4001
f 1605/2271 261/2273 262/3638
f 2748/3984 2455/5550 2749/3985
f 1571/2217 3671/5551 3944/4394
f 2726/3937 2725/3936 1109/1564
f 175/5552 4717/5553 1515/2127
f 3267/366 1925/2729 857/1205
f 2319/3324 3061/4503 683/3322
f 4628/3754 1312/1841 876/1230
f 2508/3615 1972/2801 2377/3415
f 2003/3201 2244/3203 4054/5457
f 2435/4382 306/416 1608/2276
f 2228/3177 285/5554 2227/3176
f 2650/3826 2709/3825 3672/5555
f 3435/5128 130/173 2546/3588
f 2930/4300 3518/5277 2931/4301
f 2621/3776 3673/5556 3674/5557
f 1197/1681 3527/5296 3633/5487
f 2322/248 871/1221 2323/5558
f 4023/2344 3663/5539 4473/1495
f 137/182 136/181 1237/1735
f 3675/5559 3676/5560 2130/5561
f 2631/3796 1919/2715 2935/5160
f 3677/5562 3678/5563 3162/4659
f 3556/5352 2590/5564 3679/5565
f 1553/2184 179/240 3680/5566
f 1906/2696 3681/5567 2105/3000
f 2968/4364 2758/4001 2760/4003
f 511/705 1722/5568 2933/4304
f 2962/5569 3682/5570 1191/5571
f 1109/1564 3683/5572 774/2092
f 2740/5442 1928/2732 3604/5443
f 2562/3691 342/469 1360/1907
f 837/1172 3483/5215 3512/5268
f 3661/5533 3647/5516 3684/5573
f 3685/5574 4120/5575 4743/5576
f 3371/5577 4703/3990 2382/3421
f 987/1381 109/144 469/5578
f 156/210 2763/4008 3490/5225
f 3954/5579 2411/3467 2979/4379
f 4434/4908 1464/2056 4691/4102
f 2866/4192 2272/5580 4300/4193
f 249/333 1983/335 2940/4314
f 3686/5581 4277/5582 618/5583
f 2172/3092 2242/3195 371/513
f 3687/5584 3875/5540 3648/5585
f 3729/5586 2382/3421 585/813
f 2746/3980 2544/3666 1369/1917
f 3688/5587 2431/3496 4303/5588
f 3689/5589 3688/5587 4303/5588
f 3690/5590 325/448 3496/450
f 2688/3887 4223/5591 1578/2233
f 2113/4820 4588/2945 1752/2473
f 3688/5587 2628/3791 2638/3803
f 3691/5592 3692/5593 3693/5594
f 1695/2395 3318/5595 3192/4711
f 290/391 4342/5596 796/392
f 3694/5597 3492/5230 3476/5598
f 3184/5599 3515/5273 3517/5275
f 4462/1844 2234/3186 3759/5600
f 1588/2248 3695/5601 2160/3078
f 676/940 3696/5602 3346/4977
f 4561/1297 925/1299 3697/5603
f 614/855 2794/4068 3689/856
f 3698/5604 4225/5605 2755/3996
f 3647/5516 3349/5515 4346/5606
f 108/44 4711/5607 3699/5608
f 183/5609 2527/3331 1826/2579
f 2701/5610 4443/1127 2436/3502
f 4632/3536 2458/3535 3700/5611
f 3620/5612 2444/3514 3650/5519
f 2427/3489 3232/3491 316/434
f 3740/4096 2833/4305 4319/4278
f 3701/5613 2211/3149 3702/5614
f 1703/2406 3701/5615 3702/5616
f 536/739 4512/1420 4690/5617
f 2151/4271 2914/4270 1225/3031
f 3097/4561 147/197 2710/5618
f 1475/5019 2713/3920 3370/5020
f 4511/5301 1925/2729 2958/5619
f 851/1198 1295/1814 3065/4510
f 3703/5620 2549/3673 325/5621
f 1943/2753 2859/4184 2379/3418
f 3477/4468 3704/5622 1993/5210
f 3705/5623 527/5624 4362/5625
f 1921/2721 3255/5626 827/2879
f 933/1309 478/3641 3706/5627
f 3685/5574 1806/2542 4120/5575
f 3348/4980 3347/4979 2219/5628
f 605/5629 3707/5630 3564/1930
f 2837/4143 2147/3058 3708/5631
f 3709/5632 1883/2658 1882/2657
f 3710/5633 3068/4513 3069/4514
f 598/833 2255/3226 2809/4091
f 3711/5634 4172/4138 1186/1666
f 2598/3746 2244/3203 4582/5635
f 2393/832 3516/5274 3515/5273
f 1096/1542 4266/5636 4267/5637
f 3878/2212 3806/5638 3712/5639
f 3082/4536 986/1379 3589/1378
f 3332/4953 3713/5640 2250/5641
f 995/5642 4224/4152 1561/2198
f 4032/4348 175/5552 1515/2127
f 3370/5643 4703/5644 3371/5645
f 2950/4330 3135/4621 718/4331
f 2880/5646 3804/4972 657/5647
f 4099/1286 3282/5648 916/1287
f 2913/4267 3409/5089 2007/2846
f 3945/5649 3657/5528 1210/1699
f 547/762 2159/5043 2161/3261
f 2742/3975 3983/4032 3985/3976
f 1204/5650 4563/4749 3714/5651
f 3715/5652 880/1237 1285/1801
f 3037/5653 4012/3344 2330/3343
f 2542/3664 1999/2838 2543/3665
f 4586/3790 3858/5654 1282/1798
f 842/1179 3716/5655 3473/5357
f 535/737 2828/4122 4349/735
f 162/218 2856/5656 1672/2361
f 2941/4315 1083/1522 1584/1524
f 3669/5657 2474/3557 3714/5658
f 1106/1561 3050/4489 567/787
f 3717/5659 1151/999 4268/998
f 3452/5159 3718/5660 3719/5661
f 2097/2990 1097/1544 4565/1543
f 4226/1456 3720/5662 1036/1457
f 4241/3452 1490/2095 4233/2094
f 4654/5663 654/910 4508/909
f 1835/2589 1724/2435 1723/2434
f 4149/5664 3721/5665 3722/5666
f 3163/706 1174/708 3641/5667
f 125/168 127/170 2605/5668
f 125/168 2605/5668 3439/471
f 907/1276 2338/3355 3723/5669
f 3724/5670 1120/1577 1853/2617
f 2062/2931 2061/2930 4672/4996
f 1724/2435 1836/2590 1966/2786
f 2230/3181 4373/5671 1954/2770
f 4120/5575 1806/2542 2288/3278
f 2402/5672 1771/2499 3215/4753
f 2364/3392 2363/3391 1267/1783
f 2935/5160 1919/2715 4463/4424
f 1568/2213 3712/5639 3355/4991
f 315/433 2427/3489 316/434
f 3725/5673 3482/5674 3726/5675
f 3727/5676 2423/3485 3728/5677
f 1122/1579 2561/3689 1037/1458
f 291/394 3729/5678 584/395
f 3730/5679 3820/5680 3558/5358
f 1125/1582 3731/5681 4435/5682
f 3732/5683 3733/5684 3734/5685
f 1663/1402 3735/5686 3736/5687
f 494/682 735/1030 3479/5205
f 2784/4053 1434/2083 1484/2082
f 921/1294 2166/3084 1401/1965
f 3737/5688 1354/1895 830/1165
f 3738/5689 2249/3211 3064/4509
f 3624/5474 2459/3537 2077/2960
f 2330/5690 1735/2449 3037/4473
f 280/377 599/834 1865/2631
f 1134/5691 2526/1196 1135/3243
f 3492/5230 863/5692 3200/4723
f 3921/5693 3246/5694 1209/5695
f 1175/1651 1177/1653 3666/2024
f 1175/1651 3666/2024 3838/5507
f 3739/5696 3137/4623 3/3
f 4131/4386 1796/2528 1798/2530
f 3638/5495 2179/3102 3740/5697
f 4154/1293 4287/4954 921/1294
f 1320/1853 3234/4781 1321/1854
f 1066/1494 98/126 88/113
f 2599/3749 4044/3748 3643/5510
f 2277/3260 4213/4727 3741/5698
f 3742/5699 2919/4277 3743/5700
f 3433/5126 4655/2614 1852/2613
f 3744/5701 165/221 3573/5379
f 2737/3962 1289/1806 1841/3781
f 3745/5702 1056/1481 3746/5703
f 757/1060 1003/5704 3747/5705
f 3677/5562 3162/4659 3748/5706
f 760/1064 2486/3583 532/733
f 3749/5707 3750/5708 1546/2041
f 3751/5709 3707/5366 605/5710
f 2228/3177 127/170 3578/5711
f 2269/3249 1463/2052 4518/1448
f 381/525 3544/3874 1013/5712
f 943/1319 2262/5713 2651/2006
f 1519/5714 1222/5715 1116/1571
f 1786/2514 2392/3439 1787/2515
f 3067/4512 2572/5716 1951/2765
f 4348/5136 4446/4805 1616/2290
f 3752/5717 3753/5718 1509/2743
f 1524/2137 4445/4902 1313/5719
f 2057/2925 1413/1981 1415/1983
f 3754/5720 3755/5721 3042/572
f 289/5722 795/5723 4052/5724
f 2715/3922 2222/3169 3834/5725
f 4092/3815 962/1347 3029/4462
f 240/322 2226/3174 1797/2529
f 3060/4502 335/461 334/460
f 3756/5726 1075/1509 4748/5727
f 2700/3904 2663/3847 2701/3905
f 3823/2124 1514/2126 2762/4007
f 3193/4712 3346/4977 3696/5602
f 2749/3985 3757/5728 283/380
f 2836/4140 3758/5729 4721/3303
f 1685/2381 4699/4841 304/413
f 1262/1778 4079/753 4228/752
f 3049/4488 3759/5730 3760/5731
f 4256/4818 3049/5732 3760/5733
f 3761/5734 1609/5735 3762/5736
f 2838/5737 3807/5738 3763/5739
f 822/1155 3033/5740 4151/3824
f 1660/2347 234/5741 3724/5742
f 1078/5743 1543/2172 3764/5744
f 3250/5745 1078/5743 3764/5744
f 3249/4819 983/1375 4137/5746
f 1229/1724 3765/5747 1230/1725
f 2772/4025 3445/4629 2773/4026
f 3038/5748 2619/3774 3037/5749
f 1364/1912 1456/2043 3766/5750
f 1042/1464 1044/1466 4168/1492
f 2899/4249 1913/2709 2884/4226
f 4514/483 1636/2316 3945/5751
f 3767/5752 2656/3838 3323/3947
f 1208/1694 4016/2704 2889/1695
f 751/1054 209/282 2550/3676
f 3391/4583 3671/5551 1571/2217
f 1455/2042 3441/5753 3768/5754
f 1548/2178 1294/1813 548/2179
f 795/5755 289/390 796/392
f 4159/849 1760/5756 2355/3380
f 3104/4574 1574/5757 278/375
f 3174/4685 295/402 3769/5758
f 3301/4903 616/4905 3770/5759
f 1508/2118 3379/5044 2903/5760
f 4546/5761 3861/5762 3771/5763
f 1308/1834 1277/1793 1835/2589
f 3234/4781 3772/5764 1321/1854
f 2925/528 879/1236 383/529
f 2665/3849 3773/5765 2666/3850
f 2550/3676 2915/4273 2551/3677
f 3541/5313 3774/5766 3274/4862
f 341/468 1360/1907 342/469
f 952/1331 3000/4411 3627/5477
f 2389/3434 2348/3370 2350/3372
f 3770/5759 3775/5767 2918/4276
f 587/815 2501/3607 588/816
f 3776/5768 3777/5769 3778/5770
f 3630/5480 1503/2110 3779/5771
f 1331/1867 1332/1869 2042/4739
f 1787/2515 3780/5772 3781/5773
f 595/829 594/828 1489/2093
f 2214/3156 125/168 343/470
f 196/265 198/267 1123/1580
f 3782/5774 3222/3940 3525/5775
f 4263/5463 2644/5776 1722/5777
f 310/421 2477/3562 2478/3563
f 3773/5765 2665/3849 4500/4565
f 3743/5700 3783/5778 3784/5779
f 3590/5410 2482/5780 4221/4066
f 1451/5781 707/5782 3489/5783
f 3785/5784 3786/5785 1173/1649
f 3249/4819 3063/4508 3062/4507
f 575/5786 3787/5787 1569/2214
f 1161/1625 449/619 1162/1626
f 3561/5363 1725/5362 2843/4153
f 2845/4161 3788/5788 4254/4012
f 3697/2865 728/1015 2020/2863
f 3789/5789 3790/5790 600/5791
f 878/192 3791/5792 144/193
f 4624/4323 2946/4322 3352/4987
f 4712/4095 3763/5739 3807/5738
f 1380/1936 3192/4711 3318/5595
f 2948/4328 3792/5793 3854/5794
f 3793/5795 2272/5580 3344/5796
f 3794/5797 415/566 2467/3549
f 2485/3578 337/463 338/465
f 497/686 591/820 498/687
f 3795/5798 1307/3883 2686/3882
f 2637/3802 2628/3791 285/384
f 1520/1010 1519/5714 3056/4497
f 3796/5799 4506/5800 1936/2744
f 2900/4250 4513/5801 3797/5802
f 3798/5803 3641/5667 3299/4896
f 3799/5804 3078/477 966/1352
f 3913/183 138/185 1089/1534
f 2620/3775 2432/3497 3633/5487
f 3066/4511 1548/2178 2266/3244
f 3179/4691 3800/5805 4007/5046
f 653/908 4733/1445 3750/5806
f 4263/5463 3126/4609 2814/5807
f 1448/2032 4651/4173 4251/5808
f 3801/5809 3347/4979 841/1178
f 1671/2360 2496/3597 2873/4206
f 851/1198 3052/2569 1295/1814
f 2621/3776 2476/3561 3602/5810
f 3144/614 3802/5811 3803/5812
f 2120/3582 2122/5813 3243/3580
f 3804/5814 658/914 657/913
f 975/1365 3422/5111 2408/3463
f 603/2695 1905/2694 604/5815
f 3285/4878 3284/4877 691/959
f 2872/4205 234/5741 1660/2347
f 4354/5466 1360/1907 3805/5816
f 909/1278 728/1015 3914/5234
f 3878/5817 550/766 3806/5818
f 2454/351 2896/4245 263/352
f 2506/3612 2539/3614 4197/1708
f 792/1117 1502/2109 2690/3889
f 2724/3934 3162/4659 1305/1831
f 1181/1658 3211/4746 2691/3890
f 3513/5271 176/237 3514/5272
f 2433/3498 3807/5819 3632/5820
f 3423/5112 2997/4406 459/632
f 2180/3103 2204/3142 3808/5821
f 3401/1949 2972/4371 4618/939
f 1311/1840 4380/3542 1704/2407
f 4256/4818 3760/5733 3063/4508
f 2979/4379 2413/3469 3204/4732
f 3809/5822 3784/5823 4522/5824
f 1280/1796 2518/3631 2754/3995
f 4635/5825 2312/3316 4390/5826
f 2192/3124 2221/3168 2104/2999
f 2426/3488 3810/5827 4164/4528
f 3734/5685 3733/5684 4235/653
f 369/501 368/500 1376/5025
f 2377/4791 3811/5828 3844/1113
f 3812/5829 4621/5830 3453/2913
f 1356/1897 1162/1626 449/619
f 699/972 3506/5260 700/973
f 1214/1707 2506/3612 4197/1708
f 2398/3581 4748/5491 3813/5831
f 2886/4228 2225/5832 3102/4571
f 2175/5833 3142/4632 1624/2301
f 4664/2559 4072/5834 1488/2090
f 3814/5835 2046/2900 3417/5104
f 2098/2991 4565/1543 3815/5836
f 867/1217 866/1216 2815/4106
f 3816/5837 3817/5838 323/446
f 1244/5839 2283/3268 2627/3785
f 1197/1681 409/559 3527/5296
f 3624/5474 2077/2960 1557/2191
f 3290/4886 3818/5840 3307/4912
f 880/1237 460/633 1285/1801
f 3500/5247 3819/5841 958/5842
f 1410/1978 1409/1977 3820/5843
f 3066/4511 1294/1813 1548/2178
f 1393/1954 2765/436 318/438
f 3397/5071 2515/3626 2514/3625
f 260/347 518/715 258/345
f 4182/2227 3603/5438 3536/5308
f 2964/4356 288/389 3821/5844
f 3748/5706 3162/4659 1343/5049
f 4416/2010 2135/3042 1435/2011
f 905/5845 4532/4627 3060/4502
f 2373/3410 3149/5846 2374/3411
f 3393/2615 3822/5847 301/410
f 2441/3508 1513/3509 3823/5848
f 3824/5849 596/830 2393/832
f 1019/1428 3103/5850 4687/5851
f 4280/5852 3825/5853 4281/5854
f 3780/5772 2391/3438 3227/4784
f 3826/5855 2600/3750 2217/3162
f 3827/5856 1880/5857 3799/5804
f 4369/3065 3579/5392 3828/5858
f 3829/5859 1392/1953 1129/1586
f 386/532 3830/5860 230/311
f 2737/3962 3098/5861 1289/1806
f 735/1030 456/628 455/627
f 149/201 738/5862 3545/1016
f 664/920 2172/3092 371/513
f 2078/2961 3365/5011 1557/2191
f 1989/2825 1988/2824 2831/4128
f 3334/4956 3831/5863 3402/2167
f 396/544 395/543 2285/3271
f 2591/3735 3832/5864 3884/5432
f 4416/2010 778/1095 2135/3042
f 3764/5744 1543/2172 427/585
f 1080/1519 3833/5865 1843/2600
f 3834/5866 2222/5867 3905/2270
f 1201/1686 1849/2610 1202/1687
f 3349/5515 2850/5868 4346/5606
f 1823/2575 3158/4655 3225/4770
f 2857/3368 4051/5869 2114/5870
f 3835/5871 3808/3564 4730/3252
f 2850/4171 3385/5054 3387/5056
f 2770/4022 2771/4024 3836/5872
f 1260/1776 3837/5873 817/5354
f 1346/1886 3630/4165 1344/1884
f 1072/1646 3154/5874 4530/1647
f 3838/5875 2574/3708 608/847
f 1503/2110 1474/2069 542/749
f 4538/5876 2800/4079 3617/5877
f 1149/5503 3570/5376 2140/3049
f 3136/2904 3173/5878 1484/2082
f 1023/1433 3771/1194 850/1193
f 3377/2252 2860/4185 1253/1766
f 948/1327 1284/5879 1623/2300
f 3617/5877 2800/4079 4332/4078
f 3548/5880 901/1268 900/1267
f 3839/5881 4293/5882 3840/5883
f 253/340 3994/5884 3841/5885
f 3473/5886 3716/5887 3458/3967
f 2619/3774 3038/5748 2617/3772
f 3237/4794 1773/2501 2853/4176
f 3842/5888 1011/1419 3284/4877
f 1294/1813 1314/1815 4452/5889
f 3238/4492 1126/1583 971/1357
f 3824/5849 3550/5334 596/830
f 3843/5890 4694/5891 3467/5186
f 2354/5892 2593/3737 3080/4533
f 362/492 1319/1852 4517/4159
f 3844/5893 3811/5894 4140/5484
f 602/839 2396/3444 2395/3443
f 4751/2523 1792/2522 2138/3328
f 2712/3919 771/1079 2713/3920
f 3147/4639 3845/5895 380/5896
f 3811/5894 1974/3178 3846/5897
f 3338/3927 2033/2882 3820/5680
f 1625/2302 2002/5898 3847/5899
f 2075/5900 2317/3321 4169/5901
f 1841/3781 2068/2947 314/428
f 2303/3298 926/1302 2542/3664
f 1078/5743 4547/5902 1543/2172
f 3848/5903 3849/5904 2669/3856
f 1193/1675 2645/3811 1690/2387
f 1020/1430 3103/5850 1019/1428
f 1978/2809 4707/5905 1211/5906
f 2247/3207 3574/5381 4076/3208
f 3142/4632 1243/1749 1245/1751
f 3417/5104 2046/2900 3080/4533
f 714/991 3214/3398 2366/3397
f 976/1366 975/1365 3540/5312
f 882/1240 881/1239 2870/3299
f 4733/1445 3850/5907 3750/5806
f 2089/2977 3851/5908 3852/5909
f 1659/2346 2601/3751 2872/4205
f 2065/5910 2064/5911 3853/5912
f 1241/1741 2247/3207 1240/1739
f 358/488 1346/1886 1345/1885
f 3854/5913 1119/1576 2948/1575
f 3855/5914 2942/4316 3193/4712
f 721/1007 911/1281 3465/5184
f 4687/5851 1800/5915 3500/5247
f 1012/4988 3856/5916 1596/2257
f 3857/5917 906/1442 4195/329
f 1397/1958 1396/1957 1239/1738
f 1994/2831 4614/2833 1840/5918
f 3052/2569 3238/4492 1295/1814
f 4708/817 3310/4915 3858/5919
f 1986/2892 1406/1974 3859/5920
f 2444/3514 3651/5520 3650/5519
f 501/693 3860/5921 3375/5034
f 3861/5922 4546/748 541/747
f 3862/5923 249/333 3863/5924
f 4068/5925 2782/4047 2783/4048
f 2615/3770 2806/595 3864/5926
f 3006/4420 3865/5927 4322/5928
f 1581/2239 862/1212 861/1211
f 2834/2679 1466/2058 1896/2680
f 3240/4800 1118/1573 3866/5929
f 3867/5930 4346/5606 3668/5931
f 2843/4153 4310/4985 4309/4154
f 2442/5223 1152/1616 3103/4573
f 3564/1930 1162/1626 1355/1896
f 3720/5000 3441/5753 1455/2042
f 4284/5506 3868/5932 401/550
f 2235/3188 2237/3190 1142/1601
f 2713/3920 1265/1781 3370/5020
f 4664/2559 3680/5933 4072/5834
f 2270/3250 2269/3249 1032/1447
f 2490/3590 3561/5363 2843/4153
f 3869/5934 1777/2505 2668/3854
f 3870/5935 3871/5936 4678/5937
f 1449/2033 2291/3281 1250/1760
f 3785/5784 3607/5446 3786/5785
f 4047/5938 4206/5939 1643/3158
f 678/942 3170/4679 679/943
f 3872/5940 748/1050 689/957
f 625/869 2680/3873 4068/5925
f 826/1160 2767/4016 3873/5941
f 3874/5942 3875/5943 3687/5944
f 722/1008 3465/5184 2438/3504
f 2608/3762 2812/4098 2609/3763
f 61/80 4395/3220 69/88
f 3876/5945 1387/1947 2910/4263
f 1108/1563 3086/4541 2726/3937
f 3621/5946 1069/5947 3877/5948
f 4389/3886 4432/5949 2688/3887
f 4315/5950 4288/158 53/5951
f 2340/3359 1766/281 4107/5952
f 2944/4319 4704/5953 3878/5954
f 781/226 2514/5955 3879/5956
f 1277/1793 3795/5957 1278/1794
f 382/526 381/525 1013/5712
f 1266/1782 2312/3316 2067/2939
f 3631/5485 1481/5958 3508/5959
f 2359/3386 3619/5960 4449/5961
f 3928/2263 1604/2269 1603/2268
f 3790/3567 4733/1445 652/907
f 2032/2881 4466/2880 4579/1850
f 3880/5962 2039/2888 2793/4064
f 129/172 3881/5963 2470/3552
f 2331/3345 3487/5221 3488/5222
f 4025/5964 3432/5125 4649/5965
f 1180/1657 3211/4746 1181/1658
f 2617/3772 1880/5857 3827/5856
f 573/795 976/1366 3882/5966
f 3278/4868 403/552 2008/2847
f 3069/4514 2102/2995 2101/2994
f 2816/4107 651/906 653/908
f 1329/1865 3204/4732 4622/4854
f 2809/5967 1599/2261 4240/2262
f 3579/5392 4369/3065 2152/3064
f 2554/3680 3798/5968 2552/3678
f 4421/2972 3883/5969 4650/2973
f 3552/5970 3582/5399 3870/5971
f 3726/5070 780/1098 2157/5972
f 3832/5973 3562/5974 3884/5975
f 714/991 713/990 3214/3398
f 3885/5976 4433/5977 3886/5978
f 1360/1907 4354/5466 2414/3472
f 2916/5979 3436/5130 3887/5980
f 1597/2258 1977/2807 1786/2514
f 3888/5981 2742/3975 3889/5982
f 672/931 3400/4824 673/932
f 3890/5983 4290/5346 3796/5984
f 3891/5985 3146/5986 3668/5547
f 2182/3105 207/279 2181/3104
f 3182/4695 3892/5987 3619/5467
f 275/372 3117/582 3893/5988
f 2976/4375 1081/1520 3894/5989
f 3520/5279 373/516 372/515
f 1499/2106 409/559 1197/1681
f 4319/5990 2833/4132 4320/4134
f 2859/4184 156/5991 3490/5992
f 2340/3359 3501/5248 209/282
f 3895/5993 4749/1701 4707/5994
f 417/569 3008/4423 1847/570
f 4549/3742 393/222 4194/5995
f 1885/2663 1362/1909 1472/2066
f 4322/5928 3865/5927 3896/5996
f 344/472 1445/2029 343/470
f 3897/5997 3898/5998 2804/4083
f 297/406 3569/5373 3899/5999
f 132/175 4027/4605 763/505
f 61/80 62/81 80/100
f 3900/6000 3901/6001 143/191
f 3447/5151 570/791 1678/6002
f 2208/3146 2210/3148 4647/5255
f 3598/6003 3892/5987 3182/4695
f 1977/2807 1597/2258 3893/2808
f 2761/4006 2021/2864 4659/4004
f 2544/3666 2746/3980 2745/3979
f 1372/4207 3303/4906 4230/5097
f 3790/5790 2771/4024 4733/6004
f 648/902 647/901 2991/4396
f 325/448 2549/6005 326/449
f 4512/1420 1012/1421 3902/6006
f 3903/6007 3319/4931 2825/4118
f 3863/5924 249/333 2939/4313
f 2051/2915 3812/5829 3453/2913
f 3017/4440 3853/5912 1516/2129
f 2029/2876 1930/2737 1932/2739
f 2664/3848 2629/3792 4440/6008
f 972/1360 3606/1371 3587/1361
f 868/1218 4408/3787 2954/4341
f 2711/3918 2152/3064 2704/3908
f 757/1060 759/1062 1003/5704
f 3676/6009 668/4879 3904/6010
f 2222/3169 2224/3171 3905/6011
f 1572/6012 3559/5360 2176/3097
f 2265/3240 2361/3242 1859/4596
f 4479/6013 4375/6014 3906/6015
f 3542/5314 3907/6016 3754/4480
f 2805/6017 3908/6018 3909/6019
f 4533/6020 3609/5063 3335/4958
f 1/1 3137/4623 2362/3390
f 3219/4760 1426/1999 243/325
f 270/363 3450/5157 271/364
f 2879/2015 4425/1874 1336/1873
f 4678/5937 1302/1828 3910/6021
f 3911/6022 3912/6023 1847/2605
f 2278/3262 642/894 961/1345
f 2281/3266 2678/3871 2184/3109
f 4462/1844 1315/1846 928/1304
f 3677/1158 3873/5941 3678/6024
f 2786/2549 2419/3480 1812/2550
f 3258/4832 2840/4147 675/934
f 2206/3144 1320/1853 1322/1855
f 3214/4752 3216/4754 2367/6025
f 1093/1538 861/1211 863/1213
f 2560/3688 1957/6026 3059/4501
f 4303/5588 2431/3496 2919/4277
f 2521/3636 2520/3635 2533/3650
f 621/865 3683/6027 619/863
f 3669/5657 4509/3558 2474/3557
f 3913/6028 531/732 533/734
f 752/1055 3914/6029 3545/5320
f 1235/1731 3290/4886 3915/6030
f 1620/2297 1622/2299 3916/6031
f 3917/6032 1500/2107 792/1117
f 3918/6033 3095/4556 3094/4555
f 705/981 537/6034 3919/6035
f 4372/2781 3920/6036 3263/6037
f 2193/3126 2862/4187 375/518
f 3921/6038 3273/4860 3272/4859
f 2959/4349 3468/750 1474/2069
f 3317/4929 2098/2991 3857/1273
f 4466/2880 1211/6039 858/6040
f 3922/6041 3241/4803 3342/4802
f 513/710 3923/6042 514/711
f 2900/5090 3497/5244 4513/6043
f 2380/6044 3490/5225 1750/2471
f 3924/6045 2051/2915 2006/2845
f 703/976 3925/6046 3926/6047
f 617/860 890/1253 2486/3583
f 1730/2443 2334/3349 2335/3351
f 1205/1690 1542/1691 1541/6048
f 3950/1084 1963/3055 772/1082
f 4327/6049 3105/4575 2669/3856
f 1884/6050 3972/6051 4713/1300
f 2671/3860 2657/3839 2656/3838
f 1674/6052 263/352 4575/3875
f 4156/3982 488/671 3927/6053
f 3083/2019 1439/2018 4465/6054
f 1207/1693 674/933 2011/4795
f 3928/6055 4289/6056 1600/4771
f 2708/3914 455/627 556/776
f 1646/5080 2840/4147 3258/4832
f 4530/1647 3131/4615 2363/3391
f 2109/6057 4624/4323 3352/4987
f 1241/1741 3929/1740 4262/6058
f 1529/2145 4428/2144 3929/6059
f 2238/1876 4526/3471 2751/3988
f 3714/5658 2474/3557 3930/6060
f 3931/6061 3546/2821 2733/2823
f 3932/6062 3543/4840 4333/4839
f 3933/6063 1870/2636 3969/3935
f 648/902 4338/4397 4578/6064
f 3293/4889 1308/1834 3934/6065
f 4191/3404 2369/3403 2081/6066
f 2617/3772 3827/5856 2618/3773
f 2291/3281 1449/2033 1944/2754
f 1164/1628 757/1060 3747/5705
f 3341/4966 2110/3006 2796/4071
f 2746/3980 3935/6067 2744/3978
f 3711/5634 1186/1666 3512/1665
f 3510/5266 1612/2285 2396/3444
f 2950/4330 3099/4567 3135/4621
f 3936/6068 2019/2862 3937/6069
f 319/425 3565/5368 312/426
f 4529/6070 2365/3394 2689/6071
f 704/978 3111/979 3110/2889
f 3938/6072 1006/1409 3664/5542
f 1988/2824 2318/3323 2831/4128
f 3035/4471 3935/6067 3939/6073
f 2230/3181 2441/3508 4373/5671
f 991/1386 4396/1606 4278/1605
f 3256/4828 3940/6074 3257/4829
f 3833/5865 1802/2536 3941/6075
f 3216/4754 3215/4753 3836/5872
f 1044/6076 4259/6077 1626/2304
f 4623/6078 4714/4298 237/319
f 4623/6078 237/319 2404/3455
f 2090/2979 3333/2980 3270/4853
f 3942/6079 3863/5924 1339/1878
f 3943/6080 423/580 422/579
f 1570/6081 3944/6082 3664/6083
f 4556/6084 3657/6085 3945/6086
f 662/918 664/920 3534/1454
f 4069/6087 3946/6088 4581/6089
f 1512/2123 308/418 309/420
f 1888/2669 2200/3137 1889/2670
f 3206/966 3167/4669 1710/4671
f 169/227 3879/5956 3947/6090
f 1780/2508 1782/2510 3251/4822
f 2156/3071 3024/4452 1874/2645
f 13/14 71/90 69/88
f 2317/3321 2023/2867 626/870
f 4725/499 3948/6091 3975/6092
f 2281/3266 2184/3109 2966/4361
f 2033/2882 2032/2881 1545/2174
f 1600/4771 4289/6056 3226/4772
f 3283/4876 3949/6093 453/624
f 1764/2490 3950/6094 1936/2744
f 3951/6095 1831/2584 3952/6096
f 607/846 233/315 2502/3570
f 3953/6097 2975/4374 2974/4373
f 4471/824 4022/825 3954/6098
f 1715/2423 2018/6099 4296/288
f 4184/5385 4630/6100 4660/6101
f 368/2431 4636/5344 2509/2432
f 3029/4462 3955/6102 2739/3816
f 2197/6103 1135/3243 2266/3244
f 3953/1022 3956/6104 655/911
f 2990/4395 3580/5397 3739/5696
f 811/6105 3957/6106 1868/2634
f 3261/6107 3640/5498 3262/5497
f 3936/6068 3958/6108 3925/6046
f 2720/6109 3085/4539 1108/1563
f 4135/4266 3497/5244 2913/4267
f 2012/2854 3959/6110 2013/2855
f 3226/6111 4289/6112 1581/2239
f 1766/281 3794/6113 4107/5952
f 313/427 4560/429 3725/5673
f 3960/6114 2160/3078 3695/5601
f 1616/2290 3242/4806 1144/1603
f 4310/6115 1878/4697 2263/3237
f 2293/3284 4745/4099 2813/4100
f 2293/3284 2813/4100 3644/5511
f 980/1372 3341/4966 2327/3340
f 1756/2478 2608/3762 2535/3652
f 2882/4223 1756/2478 2535/3652
f 2333/3348 2332/3347 3961/6116
f 3962/6117 1754/2475 1017/6118
f 2825/4118 3319/4931 206/278
f 2841/5252 2073/6119 3503/5253
f 342/469 2562/3691 264/354
f 3963/6120 3528/5297 411/561
f 3964/6121 4657/6122 4316/6123
f 1076/1510 184/250 268/1511
f 2885/1326 3965/6124 948/1327
f 3966/6125 1134/1592 1133/1591
f 2869/6126 931/6127 3967/6128
f 224/304 3190/4709 155/6129
f 2340/3359 3356/4992 3501/5248
f 2035/2884 2985/6130 2986/6131
f 2961/4352 4236/1820 2682/3878
f 789/4554 401/550 403/552
f 1859/4596 2361/3242 1468/6132
f 1147/1608 2498/5282 1148/1609
f 3011/6133 2590/5564 3556/5352
f 4526/3471 2238/1876 1762/2486
f 2934/4307 3727/6134 1850/2611
f 2064/2933 3968/6135 173/234
f 1821/6136 3969/6137 765/1072
f 2702/3906 2152/3064 1224/1719
f 1657/2343 2094/2985 4023/2344
f 3970/6138 769/1077 589/818
f 390/537 389/536 1403/1969
f 3971/6139 1437/2014 3972/6140
f 2671/3860 2656/3838 3767/5752
f 442/610 1744/2461 1195/1679
f 3973/6141 1494/6142 805/1133
f 2072/2954 639/890 2230/3181
f 1129/1586 1394/1955 1130/1587
f 835/1170 4438/441 319/440
f 1720/2428 3040/6143 1721/2429
f 3974/6144 2650/3826 3672/5555
f 3975/6145 4636/5344 368/2431
f 33/41 2693/3895 105/138
f 1129/1586 1128/1585 4619/4148
f 1429/2003 1431/2005 2898/4248
f 150/202 2123/1189 553/772
f 3976/6146 3977/6147 4698/6148
f 1790/2520 2473/3555 1791/2521
f 3978/6149 3979/6150 3980/6151
f 1505/6152 1688/2384 4690/5617
f 3077/4529 4164/4528 3981/6153
f 3600/5427 3055/5426 3982/6154
f 2717/3926 1369/1917 1370/1918
f 3983/6155 3984/6156 3985/6157
f 2231/3182 1528/2143 1527/2142
f 1607/2274 1378/1934 2946/4322
f 3766/1203 4442/1490 856/1204
f 4542/6158 1600/4771 2155/3070
f 3098/5861 3229/6159 520/718
f 3021/4447 2116/3013 3947/3015
f 2192/3124 908/3125 1982/2814
f 3122/4604 4352/2755 3986/6160
f 287/388 1566/2207 3987/6161
f 3988/6162 2035/2884 2034/2883
f 843/1180 844/1182 3456/5169
f 1686/2382 1688/2384 3989/6163
f 3384/5053 622/215 159/214
f 999/1398 998/1397 1700/2402
f 399/547 398/546 3234/4781
f 3990/980 537/6034 705/981
f 807/1137 3521/5285 1214/1707
f 203/274 2981/4381 2241/3194
f 1441/2022 3657/6085 4556/6084
f 4187/6164 3466/5185 4188/6165
f 464/637 2808/4089 4217/1655
f 403/552 2009/2848 2008/2847
f 2289/3279 1736/6166 2290/3280
f 179/240 180/242 4577/6167
f 443/4634 346/474 345/473
f 3153/4647 3412/2643 512/709
f 1346/1886 360/490 2846/4163
f 378/521 537/523 3990/6168
f 3169/6169 4502/6170 1719/2427
f 1315/1846 1964/2783 929/1305
f 1645/4831 1646/5080 3258/4832
f 4108/6171 2422/3483 2421/3482
f 2066/2935 1789/2519 3991/6172
f 1415/1983 3217/4755 2058/2926
f 3231/6173 3992/6174 2466/3548
f 3848/5903 3105/4575 3849/5904
f 964/1349 3458/5172 3605/5092
f 3407/5086 3993/6175 3353/6176
f 4593/6177 1213/6178 3994/6179
f 3120/2806 3893/2808 3117/6180
f 3150/4643 3964/6121 4316/6123
f 1000/1399 1705/2409 3425/5114
f 1790/2520 2756/1733 2755/4786
f 1569/6181 1988/2824 1585/2243
f 1933/2740 3294/4890 3368/5016
f 1238/1736 1239/1738 3995/6182
f 3652/5521 4594/6183 3996/6184
f 2245/3204 3997/6185 2246/3205
f 4748/5491 3619/5467 3892/5987
f 3998/6186 207/279 3999/6187
f 4000/6188 4001/6189 2659/3841
f 4002/6190 1736/6166 2289/3279
f 2989/4393 654/910 2666/3850
f 2586/3728 2588/3730 2741/3974
f 3026/4456 545/759 3027/4457
f 2879/6191 2890/4234 2797/6192
f 1394/1955 320/442 1130/1587
f 2437/3503 3948/6091 4725/499
f 603/841 4003/6193 3367/3493
f 468/1340 957/1339 593/827
f 915/1285 916/1287 366/496
f 2667/4785 2391/3438 4012/6194
f 1868/2634 3957/6106 3533/5305
f 1729/2442 3620/5469 2334/3349
f 2243/3199 1746/2465 1745/2464
f 3393/5065 4004/6195 3495/5066
f 4005/6196 763/505 762/6197
f 2919/4277 3674/5557 3743/5700
f 4614/2833 1733/2447 2326/3338
f 646/900 4006/6198 4375/5396
f 4079/753 1262/1778 1261/1777
f 3907/6199 3542/6200 3129/4612
f 2732/3949 1070/1501 3385/5054
f 1493/2099 3276/4864 543/755
f 568/788 3419/5106 1641/2323
f 4007/6201 4008/6202 3361/2552
f 4009/6203 4010/6204 4307/6205
f 177/238 347/475 1222/1717
f 263/352 2896/4245 4575/3875
f 176/237 178/239 201/270
f 1676/2367 4011/6206 1303/1829
f 2619/3774 2667/3853 4012/6207
f 2188/3863 4732/6208 1367/1915
f 4543/6209 1593/2254 4013/6210
f 4405/1338 3499/6211 3809/3519
f 3684/5573 4346/5606 3867/5930
f 2901/4251 2902/4253 3494/5236
f 4014/6212 2655/3837 4015/6213
f 1795/2526 2395/3443 1188/1668
f 2122/3023 2121/3022 1182/1660
f 2616/6214 2916/5979 3887/5980
f 2533/3650 2520/3635 2038/5525
f 3888/5981 2776/4031 2742/3975
f 3068/4513 1238/4377 2102/2995
f 1482/2080 4295/6215 4139/2927
f 4016/6216 1779/2507 2889/6217
f 1507/464 2307/6218 4669/1181
f 971/6219 61/80 884/6220
f 1615/2289 1143/1602 1583/2241
f 948/1327 1719/6221 1284/5879
f 4017/6222 4018/6223 4019/6224
f 4020/6225 509/703 4399/4212
f 4021/6226 3015/5077 1417/1985
f 2412/3468 2411/3467 4022/6227
f 1668/2357 4023/6228 4598/2356
f 1739/2454 3470/5189 4376/2267
f 2194/3127 1254/1767 1253/1766
f 1663/1402 3736/5687 3125/4608
f 737/1032 2133/3040 753/1056
f 3000/4411 849/1192 1296/1816
f 3683/6027 4024/6229 619/863
f 4295/6215 1482/2080 1481/2079
f 3595/5415 1803/2537 1804/2538
f 3342/4967 4025/6230 1935/2742
f 4486/4667 1937/2745 2947/5240
f 2887/4229 4026/6231 956/1336
f 3758/6232 1356/1897 448/618
f 3156/4652 1287/1803 2553/3679
f 608/847 2574/3708 606/845
f 860/1210 2790/4060 1318/6233
f 4027/6234 1939/2748 4431/1069
f 4610/6235 4028/6236 4029/6237
f 3529/5298 4030/6238 3751/843
f 100/130 95/123 470/643
f 254/341 2497/3598 663/919
f 4031/6239 2582/3722 3187/4704
f 2961/4352 3429/5118 2521/3636
f 1583/2241 1148/1609 2986/4389
f 4334/6240 3938/6241 3664/6242
f 3760/5733 1166/1630 3063/4508
f 2166/3084 3113/4589 3281/4874
f 2064/2933 173/234 4032/6243
f 4033/6244 3929/1740 1240/1739
f 2385/3427 1110/5335 3940/5008
f 3014/4436 3297/4705 1843/2600
f 4034/6245 1112/6246 4584/6247
f 3134/4620 3486/1102 856/1204
f 2855/4178 3428/6248 2856/4179
f 4035/6249 4271/6250 4036/6251
f 2654/3836 2426/3488 2655/3837
f 2866/4192 4037/6252 4038/6253
f 4039/6254 1822/2573 726/1013
f 4638/996 2695/3897 1714/997
f 3233/4780 904/1271 2071/2952
f 3252/4823 2524/5003 4040/6255
f 1122/1579 1037/1458 1854/2618
f 1853/2617 1122/1579 1854/2618
f 223/303 4041/6256 222/301
f 3789/5789 3216/4754 3836/5872
f 1931/2738 3123/4606 2592/3736
f 1553/2184 1264/1780 439/605
f 653/908 3750/5806 4042/6257
f 1330/1866 2176/3097 3559/5360
f 1126/2287 1614/2288 1127/6258
f 3499/3632 3784/5823 3809/5822
f 4553/6259 809/6260 3348/6261
f 3493/5231 1566/4865 3277/4867
f 921/1294 3334/4956 2166/3084
f 4043/6262 2027/6263 4044/6264
f 1670/2359 1882/2657 2722/3932
f 204/2953 2071/2952 4045/6265
f 1686/2382 4046/6266 2802/4081
f 151/6267 3634/5488 739/1034
f 1923/2723 1699/2401 340/467
f 3679/2325 4047/6268 1643/2326
f 2759/6269 4048/6270 4685/6271
f 3856/738 275/372 3893/5988
f 924/1298 3585/5403 4049/6272
f 3266/3958 2253/3957 4050/6273
f 4051/6274 289/390 4052/6275
f 1829/2582 195/264 1830/2583
f 845/6276 3550/5334 3824/5849
f 1327/1861 4053/6277 1539/2163
f 4054/6278 2707/3912 4055/6279
f 4087/4737 3779/5771 3198/4721
f 2063/2932 3968/6135 2064/2933
f 4056/6280 3356/4992 2340/3359
f 3253/4825 219/298 221/300
f 3225/4770 3158/4655 806/4654
f 1257/1771 1258/1772 2287/6281
f 2076/2959 3363/5009 370/508
f 1220/1715 1587/6282 1221/1716
f 2870/4202 3325/4939 2871/4203
f 2450/6283 712/989 714/991
f 1687/2383 276/373 2096/2987
f 3876/6284 2910/6285 272/6286
f 3149/5846 3239/4799 2374/3411
f 4193/5333 1333/1870 3550/5334
f 2703/3907 804/1131 2712/3919
f 4223/5591 3764/2317 1638/2319
f 3388/5057 3518/6287 2956/4343
f 3181/6288 227/307 3182/309
f 249/333 4057/6289 250/334
f 806/6290 1772/2500 1708/2413
f 1109/1564 2725/3936 3683/5572
f 2643/3808 3087/4542 2642/3807
f 2403/6291 1397/1958 4666/1737
f 1191/1673 3682/3400 1192/1674
f 2727/3939 827/2879 4058/6292
f 2939/4313 249/333 2940/4314
f 1669/2358 3709/5632 1670/2359
f 3446/3293 4508/909 655/911
f 4074/6293 1509/2119 1508/2118
f 1871/2638 868/1218 870/1220
f 2603/3753 753/1056 3555/6294
f 3691/5592 3693/5594 4059/6295
f 3217/4755 540/745 1263/1779
f 2584/6296 524/724 2818/726
f 4060/6297 4245/2727 2442/3510
f 3922/6041 3342/4802 1293/6298
f 4059/6295 3693/5594 1640/2321
f 2907/4259 2909/4261 1753/6299
f 3180/4693 2510/3619 3665/195
f 4061/6300 4397/1222 4076/3208
f 1099/1549 2714/3921 4062/6301
f 4583/6302 4098/2496 4063/6303
f 3474/5193 4064/6304 3498/5245
f 4065/6305 3104/4574 3105/4575
f 192/259 1465/2057 1902/2691
f 4704/5953 1842/3586 1354/6306
f 232/314 1551/2182 4066/6307
f 2199/3135 4067/6308 4068/6309
f 383/529 879/1236 880/1237
f 707/983 4069/6310 708/984
f 1757/5259 379/522 378/521
f 4036/6251 4272/1003 719/1005
f 2792/4063 748/1050 4596/177
f 4070/6311 3119/4599 931/6127
f 706/982 705/981 1506/2114
f 3074/4524 684/949 3061/5434
f 2895/4244 4478/6312 2190/3122
f 4071/6313 172/233 953/1332
f 2797/4073 4279/3395 4631/2016
f 4072/6314 4577/6167 4073/6315
f 2417/6316 4165/186 2143/3052
f 832/1167 4074/6317 2903/4254
f 1575/2226 3852/2791 3851/1972
f 4075/6318 202/273 969/272
f 1492/2097 3248/4817 4752/6319
f 208/284 1767/2494 1766/2493
f 4061/1845 4076/6320 4317/6321
f 3438/5132 1832/2585 1831/2584
f 3985/6157 1867/2633 2917/4275
f 4077/6322 2953/5249 3023/4451
f 870/6323 3092/4552 3653/4551
f 4574/1962 758/1061 757/1060
f 4099/1286 915/1285 4078/6324
f 3842/5888 3284/4877 668/4879
f 3264/4844 2585/3727 1746/5355
f 4729/2574 1822/2573 2085/6325
f 1888/2669 1890/2671 3551/4240
f 4503/6326 1208/1694 4504/1696
f 2485/3578 338/465 1324/3579
f 645/899 3186/4703 2205/6327
f 4685/6271 4048/6270 3659/5530
f 3611/4157 2844/4156 3425/5114
f 177/238 176/237 345/473
f 2186/4252 2781/4044 2902/4253
f 3212/4748 3669/5548 4563/4749
f 4058/851 612/853 3526/5295
f 1844/2601 3941/6075 2016/2858
f 3818/5840 2240/3193 1712/2419
f 138/185 4453/184 3298/4403
f 413/563 412/562 3028/6328
f 1104/1556 1094/1539 3694/1557
f 3882/5966 976/1366 3540/5312
f 2974/4373 3956/5148 3953/6097
f 3692/5593 4021/6329 3693/5594
f 3345/4975 3703/1028 734/1027
f 2382/3421 2752/3991 812/1143
f 4079/6330 1261/1149 818/1151
f 2907/971 698/970 2053/2917
f 2569/3701 3939/6073 3935/6067
f 4610/6235 4029/6237 1699/2401
f 4259/6077 1627/2305 1626/2304
f 2938/6331 3026/4456 4358/6332
f 3607/5446 1158/1622 1159/1623
f 3820/5680 1545/2174 3558/5358
f 1207/1693 2011/4795 4080/6333
f 3287/4881 1194/1678 2090/2979
f 3148/4640 380/5896 1272/6334
f 1049/1472 4081/6335 3447/6336
f 1660/2347 1659/2346 2872/4205
f 2539/3660 4082/6337 1479/2076
f 4715/1070 163/219 636/6338
f 910/1280 4188/6165 911/1281
f 1810/2546 441/607 2778/4039
f 4499/3414 1909/2701 2375/3412
f 1516/2129 3484/5216 3017/4440
f 484/664 2723/3933 453/6339
f 1324/3579 843/1180 3456/5169
f 1030/4519 3073/4521 3314/4973
f 4083/6340 3615/6341 1048/1471
f 4084/6342 3794/6113 1766/281
f 1568/2213 3878/2212 3712/5639
f 309/420 2844/419 4085/6343
f 484/664 1925/2729 4511/5301
f 4086/6344 4177/3364 2345/3366
f 2264/3238 2557/3685 2758/4001
f 3167/4669 4087/6345 4088/6346
f 4259/6077 4089/6347 1627/2305
f 98/126 3751/843 121/164
f 4388/3276 3444/5144 1740/2455
f 4388/3276 1740/2455 3805/2456
f 2461/3539 2460/3538 3587/5421
f 3623/5473 2766/4015 826/1160
f 3876/6284 272/6286 4090/6348
f 3730/5679 2022/2866 4091/6349
f 4092/6350 4093/6351 799/1124
f 2657/3839 4094/6352 2658/3840
f 1622/2299 979/1370 2734/3959
f 1436/2013 919/6353 2449/3478
f 2178/3101 4095/6354 4096/6355
f 4097/6356 3797/5802 308/418
f 2644/3809 2984/4387 1052/1476
f 196/265 2417/6316 197/266
f 2309/3311 378/521 3265/3312
f 4098/6357 836/1171 4063/4842
f 1482/2080 4139/2927 2059/2928
f 3172/4683 4564/4901 298/6358
f 2177/3100 2531/3648 2178/3101
f 1411/1979 731/1021 3133/4618
f 4099/6359 3281/4874 3282/4875
f 4100/6360 4101/6361 2282/6362
f 977/1367 1751/2472 974/1364
f 2979/4379 3203/4731 2980/4380
f 4102/6363 3059/4501 1957/6026
f 355/485 357/487 3918/6033
f 3971/6364 1884/6050 274/6365
f 901/1268 942/405 902/1269
f 4103/6366 984/1376 3532/5304
f 4104/6367 203/274 961/1345
f 2599/6368 4548/1835 3293/4889
f 3501/5248 3356/4992 2915/4273
f 4105/6369 955/3530 1114/1569
f 4106/6370 201/270 178/239
f 4666/1737 1397/1958 1239/1738
f 4107/6371 2467/3549 4056/4383
f 1353/1894 303/412 830/1165
f 1553/2184 439/605 179/240
f 1218/2333 1033/1451 1034/1453
f 1689/6372 4343/6373 936/6374
f 983/1375 3249/4819 981/1373
f 2816/4107 2480/3568 651/906
f 2570/6375 2511/3620 3622/5472
f 431/591 1728/2441 3783/3173
f 2611/3765 131/174 2453/3528
f 988/1382 990/1384 2803/3163
f 1528/2143 3647/5516 1526/2141
f 2044/2898 4341/1676 1194/1678
f 3753/5718 1629/2307 1630/2308
f 1080/1519 1079/1518 1802/2536
f 2996/6376 1467/2059 2834/2679
f 811/6105 212/6377 3957/6106
f 1421/1992 1517/2130 1419/1990
f 782/1100 781/1099 168/4105
f 1011/1419 689/957 3284/4877
f 3784/5779 3783/5778 4522/6378
f 3810/5022 2670/3857 1866/2632
f 2500/3606 498/6379 2063/2932
f 4108/6380 2660/3842 2659/3841
f 2537/2648 2828/4122 1877/2649
f 2685/3881 768/1076 770/1078
f 3708/5631 2149/3060 3294/6381
f 4033/6244 4026/247 3929/1740
f 467/640 3500/5247 958/5842
f 1158/1622 187/253 189/255
f 2487/4077 4109/6382 1256/6383
f 4265/6384 3801/5809 841/1178
f 11/12 76/96 4401/107
f 644/6385 388/534 681/946
f 3676/6009 3904/6010 4110/6386
f 2004/5456 2003/3201 4054/5457
f 4111/6387 4191/3404 2081/6066
f 4111/6387 2081/6066 2083/6388
f 4248/3073 2157/3072 1511/6389
f 2789/4059 2833/4305 1350/1891
f 554/773 578/801 577/800
f 549/765 4112/6390 4113/6391
f 4114/6392 1478/6393 1209/5695
f 3246/5694 4114/6392 1209/5695
f 1669/2358 2873/4206 2601/3751
f 4115/6394 3395/5068 4116/6395
f 4117/6396 2277/3260 144/193
f 2704/3908 2152/3064 2702/3906
f 2951/4336 2955/4342 2309/3311
f 3592/5412 3425/5452 2200/3137
f 536/739 276/373 275/372
f 154/208 1389/1950 1391/1952
f 545/759 1918/2714 1001/1400
f 2480/3568 2993/4399 1749/2469
f 1431/2005 2970/4367 2898/4248
f 2466/3548 504/697 306/416
f 3846/5897 4483/3180 3030/3027
f 1015/1424 4118/6397 4382/4428
f 3067/4512 2928/4297 3898/4764
f 4712/6398 4119/6399 3345/4975
f 3742/6400 3499/3632 1942/2752
f 1693/2390 1731/6401 191/257
f 4120/6402 1576/2229 4743/2231
f 4583/6403 4063/4842 4590/3953
f 3586/5270 412/562 997/1396
f 747/1049 1388/5076 1635/6404
f 1340/1879 891/1255 3228/4775
f 4121/6405 1938/2747 352/481
f 4344/4272 2825/6406 3405/5083
f 3522/6407 2060/2929 3004/4416
f 1208/1694 4503/6326 3314/4973
f 1851/6408 1907/2697 3539/5311
f 2026/2870 2025/2869 768/1076
f 4122/6409 3157/3761 2485/3578
f 4123/6410 4141/3385 1389/1950
f 3509/1188 846/1187 2106/3001
f 262/3638 3876/5945 2764/4013
f 3725/5673 4560/429 3482/5674
f 302/411 2928/4297 1521/2134
f 3622/5472 2511/3620 2510/3619
f 3872/4911 2513/3624 748/6411
f 2166/3084 3334/4956 3113/4589
f 4030/6238 3529/5298 2131/6412
f 257/344 2213/3154 255/342
f 4159/849 2355/3380 610/850
f 4738/4549 2268/3247 4739/5264
f 767/1075 184/250 3331/4950
f 2666/3850 3099/4567 2950/4330
f 1145/1604 397/3222 4673/6413
f 1295/1814 970/1356 1314/1815
f 2336/3352 1834/2588 629/874
f 2235/3188 3373/5024 2236/3189
f 1617/2294 3535/5307 1924/2728
f 3696/5602 3855/5914 3193/4712
f 1377/1933 2946/4322 1378/1934
f 4124/6414 4125/6415 323/6416
f 3425/5452 1705/4846 2200/3137
f 3920/6036 1765/6417 4679/6418
f 2764/4013 3876/5945 4090/6419
f 4110/6386 3904/6010 2858/6420
f 2545/6421 4101/6361 4100/6360
f 2686/3882 2685/3881 770/1078
f 4126/6422 1130/5058 637/888
f 3451/3604 2500/3606 3718/6423
f 2030/2877 1487/6424 1930/2737
f 2848/4169 1552/2183 3680/5566
f 3660/6425 4127/6426 3373/5024
f 3181/4694 3183/4696 3128/4611
f 2762/4007 4128/6427 2712/3919
f 3861/5762 4129/6428 2092/2983
f 476/655 1647/2331 3304/6429
f 3637/5493 3655/5524 211/285
f 427/585 1637/6430 3764/5744
f 3817/5838 1298/6431 934/1310
f 4596/177 864/6432 134/178
f 1979/2811 3459/5174 2992/4398
f 3396/3017 3012/4433 2117/3018
f 161/217 160/216 3949/6093
f 2367/6025 3789/5789 4130/6433
f 2508/1745 2377/4791 3236/4792
f 2997/4406 457/630 459/632
f 1387/1947 1386/1946 2910/4263
f 2206/3144 1322/1855 1279/1795
f 2206/3144 1279/1795 220/299
f 1552/2183 1553/2184 3680/5566
f 305/415 307/417 400/548
f 1053/1477 3231/6173 2466/3548
f 2503/3609 2505/3611 3423/6434
f 2903/4254 3379/1817 1296/1816
f 3316/1444 1453/2038 906/1442
f 755/1058 222/301 4131/6435
f 3454/6436 1015/1424 1945/6437
f 1887/2668 3721/2653 350/6438
f 3159/4656 1117/1572 1116/1571
f 1132/1590 1296/1816 4391/1588
f 1772/2500 2591/3735 3506/5260
f 1609/5735 1703/6439 3762/5736
f 1631/2309 539/743 3217/4755
f 4132/6440 2118/3019 830/767
f 3143/4633 4133/6441 4682/6442
f 706/982 1506/2114 4653/2012
f 762/1067 4431/1069 4134/6443
f 603/841 3469/840 4003/6193
f 139/187 2424/3486 2654/3836
f 4102/1461 4482/6444 1040/1462
f 966/1352 2618/3773 3827/5856
f 1640/2321 1417/6445 1416/2322
f 1263/1779 1264/1780 1552/2183
f 4668/588 428/587 1630/2308
f 340/467 2455/3532 4330/6446
f 4262/6058 2968/4364 3320/4933
f 2585/3727 2911/1683 992/1389
f 4640/2397 559/2398 4135/6447
f 4623/6078 2404/3455 4624/6448
f 3627/5477 3000/4411 1132/1590
f 1909/2701 2550/3676 2375/3412
f 983/6449 4136/6450 4137/6451
f 2835/4137 4169/5901 1186/1666
f 4465/6054 3106/4576 2969/6452
f 4350/6453 3943/6080 640/891
f 2728/3941 2220/3167 2384/3423
f 4138/6454 3846/5897 4139/6455
f 499/689 1531/691 2648/3819
f 3897/5997 2804/4083 3909/4085
f 3844/1113 4140/6456 790/1114
f 2288/3278 4378/5129 4141/6457
f 3550/5334 1333/1870 596/830
f 1512/2123 4097/6356 308/418
f 1316/1847 192/1849 2077/2960
f 2180/3103 3808/5821 3835/6458
f 4382/4428 4118/6397 4480/4429
f 984/1376 4580/4199 985/1377
f 3362/5006 4142/6459 2943/4318
f 4143/6460 3362/5006 2943/4318
f 2504/3610 4144/6461 1899/6462
f 4145/6463 2469/3551 4146/6464
f 1647/2331 3164/4665 3279/4870
f 2638/3803 2637/3802 1499/2106
f 618/5583 2499/3605 3451/3604
f 4074/6293 1508/2118 2903/5760
f 1034/2662 3369/5017 2346/3367
f 2440/6465 2627/6466 4147/6467
f 1028/3884 2967/4363 2922/4362
f 2810/4093 4594/6183 4148/6468
f 1651/2336 2384/3423 1652/2337
f 2172/3092 3420/5109 1523/2136
f 3454/6436 1013/1422 1015/1424
f 350/6438 3721/2653 4149/6469
f 1863/2629 1864/2630 230/311
f 2092/2983 1657/2343 3861/5762
f 1351/1892 2833/4305 3740/4096
f 1770/2498 3835/6458 2271/6470
f 3715/5652 383/529 880/1237
f 3572/5378 2206/3144 2607/3760
f 2670/3857 3810/5022 2425/6471
f 2245/3204 2981/5156 4045/6265
f 1851/6408 4150/6472 3309/5287
f 1554/2187 4368/2186 627/871
f 4151/6473 1257/1771 2709/6474
f 2145/803 580/805 3610/5450
f 1798/2530 1797/2529 4458/6475
f 2741/3974 2588/3730 4144/3994
f 3300/4900 2144/3600 4564/4901
f 4001/6189 2532/6476 4108/6380
f 3915/6030 3290/4886 3075/4525
f 3967/6128 4740/6477 4152/6478
f 2511/3620 3208/2897 4153/6479
f 3328/746 2975/1024 2989/4393
f 388/5018 645/899 3571/6480
f 4102/1461 4180/6481 4482/6444
f 3268/4851 3270/4853 4154/6482
f 2478/3563 617/860 4155/6483
f 2056/4894 825/1159 3677/1158
f 4383/2771 4156/6484 3927/698
f 2113/3010 4157/6485 2240/3193
f 3149/5846 3150/6486 3239/4799
f 2009/2848 4406/6487 1341/6488
f 933/1309 935/1311 2525/3642
f 3525/5294 3526/5295 2805/6017
f 2224/3171 2223/3170 2744/3978
f 3772/365 271/364 3430/5121
f 535/737 2985/4388 4158/6489
f 4159/6490 609/2576 1823/2575
f 3651/5520 4160/6491 4594/6183
f 2197/3131 4161/6492 3553/5348
f 4162/6493 3761/5734 2855/4178
f 2918/4276 2477/6494 839/1175
f 893/1258 1815/6495 800/1125
f 1033/1451 678/942 680/944
f 995/5642 1561/2198 3620/5612
f 1268/1784 4163/6496 2311/3314
f 1117/1572 630/879 1118/1573
f 2620/3775 3528/5297 2476/3561
f 3810/5022 4127/3153 4164/6497
f 2510/3619 2512/3621 3665/195
f 491/5433 3915/6030 3074/4524
f 186/252 2868/1091 2132/3039
f 2455/5550 264/6498 2749/3985
f 1811/1898 3758/6232 2836/6499
f 2448/3522 4165/6500 2449/3523
f 1281/1797 1283/1799 4480/4429
f 3443/5143 4166/6501 4167/6502
f 1470/2062 309/420 3312/2063
f 1681/2377 3804/4972 2880/5646
f 1641/2323 2748/3984 282/379
f 4598/2356 4426/3543 1311/1840
f 4285/5416 900/6503 405/554
f 1617/2294 1619/2296 3009/4426
f 1044/6076 1626/2304 4168/6504
f 3923/6042 3539/5311 1908/2699
f 4525/2958 4169/6505 2835/3241
f 887/1248 3404/5082 3403/5081
f 969/272 2999/6506 4170/6507
f 3797/6508 998/1397 1323/1856
f 2965/4359 1588/2248 4171/6509
f 1955/6510 1957/6026 2559/3687
f 4454/6511 1955/6510 2559/3687
f 1450/2034 3946/1558 1451/2035
f 4172/6512 3711/2891 194/2890
f 4173/6513 2254/3225 1574/5757
f 1983/2816 2957/4344 1984/2817
f 3874/5942 1567/2208 3982/6154
f 3459/5174 1019/1428 4687/5851
f 1669/2358 1671/2360 2873/4206
f 3117/582 277/374 4174/6514
f 3530/5299 1368/1916 4175/6515
f 1937/2745 1936/2744 4506/5800
f 529/730 528/729 704/978
f 3009/4426 4176/6516 3535/5307
f 775/1090 216/294 3587/5406
f 1376/5025 3564/5367 3112/4587
f 1072/1646 982/6517 3154/5874
f 3095/4556 1640/2321 1639/2320
f 4670/6518 4747/4499 3638/5495
f 3540/5312 2408/3463 3241/4803
f 145/194 144/193 1677/2370
f 2251/3216 2059/2928 852/1199
f 1061/1487 3184/4700 1062/1488
f 1567/2208 3687/5944 2028/2209
f 959/1343 3155/4651 3156/4652
f 1153/1617 709/985 708/984
f 3483/5215 704/978 3511/5267
f 713/990 3702/5614 4562/3151
f 3654/5315 4709/4790 4591/4789
f 3728/3139 1908/2699 1850/2698
f 1060/1486 2273/3254 3374/1484
f 2547/3671 4177/6519 4086/5038
f 1698/6520 2057/2925 2808/3185
f 4015/6213 2655/3837 3077/4529
f 4015/6213 3077/4529 4178/6521
f 1831/2584 1833/2586 3952/6096
f 3588/5535 448/618 1373/1922
f 2427/3489 315/433 1745/2464
f 250/6522 267/359 1983/2816
f 1221/1716 3300/4900 3172/4683
f 3009/4426 1619/2296 2909/4261
f 315/433 4183/6523 4360/3197
f 4179/6524 2315/3596 4180/6525
f 389/536 4181/6526 1403/1969
f 4582/5635 2440/5163 2598/3746
f 311/422 2478/3563 581/806
f 2869/4198 419/576 931/1307
f 1066/1494 3529/5298 98/126
f 3065/4510 1295/1814 1294/1813
f 631/880 1458/2045 4469/6527
f 551/768 830/767 2118/3019
f 3537/3231 3686/3230 4182/6528
f 2286/3274 4005/6529 2260/3233
f 3461/5176 3463/5178 2677/3870
f 3429/5118 2683/3879 4143/6530
f 2779/6531 4477/6532 2530/3647
f 1406/1974 2041/2894 2845/4161
f 330/1761 2931/4301 3518/5277
f 3792/5793 1680/2375 4183/6533
f 181/6534 4004/6195 4655/6535
f 138/185 3298/4403 1342/1881
f 3309/4914 1202/1687 1851/2612
f 2396/3444 1612/2285 1611/2284
f 1284/5879 2400/3450 1623/2300
f 1987/2822 3889/5982 3115/4591
f 3508/6536 1483/2081 3507/6537
f 3280/4871 4184/6538 4166/6501
f 1940/4369 3949/6539 160/6540
f 3859/5920 1406/1974 3213/4751
f 3567/5370 3276/4864 1493/2099
f 902/877 942/1318 944/1320
f 3674/5557 3673/5556 3743/5700
f 3978/2064 3266/4847 3979/6541
f 2679/3872 1805/2539 1342/1881
f 4326/6542 143/191 142/190
f 4256/4818 3249/4819 4137/5746
f 900/6543 902/877 405/876
f 3467/5186 4694/5891 3286/4880
f 1714/2422 2087/887 2729/6544
f 701/974 1743/2460 914/1284
f 3556/5352 3679/5565 3557/5353
f 3024/4452 1875/2646 1874/2645
f 4185/6545 3177/4688 4037/6252
f 2672/3864 1367/1915 1366/1914
f 2001/2840 2344/6546 1184/1663
f 4423/6547 3894/5989 4335/6548
f 3017/4440 3719/5661 3853/5912
f 3237/4794 3352/4987 1773/2501
f 1929/6549 4744/6550 3348/6261
f 3178/4689 2004/2843 1784/2512
f 2665/3849 654/910 4654/5663
f 2143/3052 4165/186 140/188
f 3735/6551 3448/5153 4186/6552
f 4371/2798 1969/2797 4471/6553
f 4525/2958 2835/3241 2265/3240
f 910/6554 4187/6555 4188/6556
f 2387/6557 1113/1568 1115/1570
f 2165/3083 3281/4874 1232/6558
f 3922/6041 3540/5312 3241/4803
f 617/860 2486/3583 4155/6483
f 4172/4138 2835/4137 1186/1666
f 3636/5492 4622/4854 3204/4732
f 1172/1645 3387/6559 3386/6560
f 2083/2967 2082/2966 1817/2564
f 2758/4001 2557/3685 2759/4002
f 2646/3812 985/1377 4189/6561
f 4711/5607 24/26 1811/2548
f 1746/6562 2243/6563 2308/3309
f 2471/6564 729/6565 4190/6566
f 869/1219 4191/6567 870/1220
f 376/519 4192/6568 4490/6569
f 4336/6570 3368/5016 4160/6571
f 696/967 2516/3629 1737/2923
f 3985/6157 2917/4275 2743/5437
f 1662/2350 3798/5803 3299/4896
f 4071/6313 953/1332 3626/5476
f 1006/1409 164/2210 4715/1410
f 1886/2664 1347/1887 2920/2665
f 2363/3391 3131/4615 2977/4376
f 1820/2568 677/2567 4193/6572
f 1712/2419 4157/6485 574/2420
f 4684/2796 4371/2798 2390/6573
f 3429/5118 4143/6530 2519/3634
f 4194/6574 393/541 392/540
f 4170/6507 1889/2670 2201/3138
f 3317/4929 3857/1273 4195/6575
f 4329/5233 2837/4143 4196/6576
f 4197/6577 1900/3894 1927/2731
f 3388/5057 4198/6578 3518/6287
f 4350/6453 4199/6579 3943/6080
f 1880/2654 1691/2388 3799/3432
f 3820/5680 2033/2882 1545/2174
f 4045/6265 2981/5156 204/2953
f 1595/2256 1430/2004 1429/2003
f 665/921 667/923 3374/5026
f 2505/3611 2504/3610 1899/6462
f 1214/1707 3521/5285 2506/3612
f 3980/6151 4050/6273 791/3711
f 1221/1716 4200/6580 2144/3600
f 2694/3896 3575/6581 2693/3895
f 3745/4166 3746/2439 2483/3573
f 3557/6582 3812/5829 3924/6045
f 986/1756 2292/1758 1138/6583
f 2932/4302 3188/4707 3637/4303
f 358/488 360/490 1346/1886
f 2503/3609 3423/6434 4201/6584
f 2008/5339 2010/4562 2737/4564
f 2673/3865 3655/5524 3188/3866
f 4352/6585 2785/4054 3986/2746
f 3943/6080 422/579 4202/6586
f 1381/4092 4203/6587 2810/4093
f 4542/6158 1601/6588 1600/4771
f 1449/2033 2128/3034 226/306
f 2406/3459 3301/4903 4204/6589
f 4493/1223 4397/1222 3759/6590
f 1172/1645 4530/1647 2363/3391
f 4205/6591 1761/2485 4206/6592
f 3027/4457 1001/1400 3125/4608
f 4315/5950 1066/156 4288/158
f 3219/4760 1016/1425 1426/1999
f 4412/602 438/604 1594/2255
f 2943/4318 4142/6459 2944/4319
f 3391/4583 1571/2217 2636/5508
f 459/632 1316/1847 2459/3537
f 4716/6593 4715/1070 636/6338
f 397/3222 399/6594 4673/6413
f 4207/6595 2965/4359 4208/6596
f 2073/2955 2095/2986 639/890
f 4209/6597 3537/5309 3536/5308
f 916/1287 4549/6598 364/494
f 4210/6599 3976/6146 4698/6148
f 2198/3132 4456/4726 855/3133
f 1329/1865 4622/4854 2175/3095
f 4686/5208 1040/1462 4482/6444
f 562/782 564/784 286/387
f 1148/1609 1143/1602 1145/1604
f 2159/3077 3378/6600 1133/1591
f 889/6601 3379/5044 4211/6602
f 473/3446 4212/6603 1922/6604
f 2814/4103 3710/5633 3069/4514
f 2677/3870 3463/5178 4213/6605
f 1403/1969 4181/6526 2134/3041
f 3521/5285 4208/5284 4720/6606
f 3181/6607 4402/4000 227/6608
f 1906/3492 603/841 3367/3493
f 4214/6609 4215/6610 1558/2192
f 2763/4008 158/212 563/783
f 1595/2256 613/854 1430/2004
f 3424/5113 4410/6611 4216/6612
f 921/1294 4287/4954 3334/4956
f 1853/2617 1120/1577 1122/1579
f 3951/6095 3887/5980 1831/2584
f 3839/3068 2153/3067 4292/6613
f 4246/6614 3959/6615 2495/3595
f 3813/5831 2120/3582 2398/3581
f 4658/4504 2319/3324 3597/4734
f 3376/5035 3586/5405 1579/2234
f 2173/4168 4217/6616 2848/4169
f 3177/4688 2789/4133 4306/4951
f 679/943 3581/4475 1881/2655
f 3254/4720 4433/5977 4218/6617
f 806/1135 4122/6409 740/1037
f 1947/2761 4591/4789 110/145
f 1479/2076 4082/6337 662/2077
f 1778/2506 1779/2507 4016/6216
f 1610/2283 4219/6618 1025/2053
f 3119/4599 4740/6477 931/6127
f 4220/6619 80/100 9/10
f 3199/4722 3389/751 2418/6620
f 2362/3390 945/1322 741/1038
f 1255/1769 1685/2381 1684/2380
f 955/3530 486/666 1114/1569
f 1452/2037 4076/3208 4397/1222
f 2267/3246 2406/3459 4204/6589
f 635/884 3172/4683 2357/3382
f 2777/4034 1207/1693 166/223
f 2293/6621 1139/1597 1138/1596
f 3037/5749 2619/3774 4012/6207
f 2966/4361 2719/6622 2281/3266
f 4418/6623 3297/4705 3014/4436
f 3771/5763 1657/2343 1668/2342
f 2482/3571 3778/5770 4221/6624
f 516/6625 3723/6626 4222/6627
f 3778/6628 3777/5207 666/922
f 3250/5745 4223/6629 4374/6630
f 1861/2627 669/926 2129/3035
f 612/853 4224/6631 994/1391
f 878/192 145/194 4225/6632
f 4041/1826 3670/5549 1796/2528
f 3384/2202 2337/3353 1564/2203
f 2754/3995 3698/5604 2755/3996
f 520/718 3228/5100 521/719
f 365/495 3395/5068 3383/5052
f 1294/1813 4452/5889 548/2179
f 3222/3940 2727/3939 3525/5775
f 1614/2288 1298/6431 3614/4935
f 4226/6633 2572/6634 1692/6635
f 1022/1432 932/1308 419/576
f 431/591 430/590 225/305
f 1339/1878 3863/5924 2939/4313
f 4211/6602 3379/5044 1262/1778
f 424/581 2878/4310 3012/4433
f 4085/4919 3611/6636 3591/1754
f 1867/2633 811/6105 1868/2634
f 176/237 443/4634 345/473
f 1495/6637 4227/6638 1496/2235
f 4040/6639 1991/2827 4724/2751
f 1028/3884 2687/3885 2967/4363
f 2955/4342 2820/4112 2309/3311
f 1012/1421 536/739 3856/738
f 455/627 3821/2981 556/776
f 3524/5292 4307/6205 2540/6640
f 4228/6641 2863/6642 4491/507
f 1833/2586 2260/3233 820/1153
f 2788/4058 1349/1890 4229/6643
f 1091/1536 1090/1535 2388/3430
f 3414/2206 2443/6644 4230/6645
f 4231/6646 2795/4069 2342/3361
f 2813/4100 3570/5376 3645/5512
f 3632/3310 2838/4145 2164/3082
f 242/324 3109/2767 1952/2766
f 1914/2710 1512/2123 1470/2062
f 2097/2990 3317/4929 2793/4064
f 1457/2044 4210/6599 4698/6148
f 1884/6050 4713/1300 2303/3298
f 3669/5657 4232/6647 4509/3558
f 3803/3700 2568/3699 4625/1107
f 312/426 2798/4075 3124/424
f 4233/6648 3593/5413 2401/3944
f 2177/3100 4747/4499 2531/3648
f 1815/2556 2545/3668 4100/6649
f 2754/3995 2518/3631 3698/5604
f 367/498 762/497 1756/2478
f 3343/4968 905/5845 3060/4502
f 1325/1859 2594/3739 4238/6650
f 1043/1465 4230/1921 2443/3511
f 1163/1627 965/6651 1164/1628
f 1756/2478 2812/4098 2608/3762
f 2301/3296 2542/3664 3426/5115
f 3522/6407 1412/6652 2060/2929
f 2989/4393 2666/3850 2950/4330
f 2315/3596 4179/6524 2496/3597
f 2292/3283 4745/4099 2293/3284
f 2168/6653 4234/6654 1753/6655
f 1860/2626 4650/2973 1861/2627
f 3424/5113 939/1315 937/6656
f 1930/2737 4091/6349 949/1328
f 3679/5565 3381/6657 4047/6658
f 2509/3617 4678/5937 3487/3618
f 3735/6551 4186/6552 4710/6659
f 4017/6222 4019/6224 4536/6660
f 229/310 231/312 4235/6661
f 1876/2647 3725/5673 3726/5675
f 2853/4176 968/1354 967/1353
f 1230/1725 3765/5747 4236/6662
f 4349/735 4348/5136 534/736
f 1411/1979 3133/4618 4237/6663
f 3010/938 4269/4009 3305/4909
f 1845/6664 1844/6665 4210/6599
f 2027/2871 4238/6666 2025/2869
f 3420/5109 873/1227 875/1229
f 570/791 572/793 1678/6002
f 4239/6667 4240/6668 1218/2333
f 1809/2545 441/607 1810/2546
f 1065/1493 1895/2677 1894/2676
f 4241/6669 2401/3944 864/3943
f 4242/6670 2728/3941 2383/3422
f 3809/3519 3442/5138 4405/1338
f 509/703 511/705 4399/4212
f 4305/4051 2607/3760 219/298
f 2261/6671 2262/5713 943/1319
f 2864/4189 3627/5477 2865/4190
f 4226/6633 1692/6635 3441/5753
f 230/311 1864/2630 2673/3865
f 2972/4371 4243/6672 3855/5914
f 2072/2954 4572/1498 2073/2955
f 3207/4738 3208/4740 4244/6673
f 4344/4272 3404/5082 2914/4270
f 3619/5467 3128/4611 3183/4696
f 408/558 407/557 2279/3026
f 4163/6496 4245/6674 2311/3314
f 1099/1549 4062/6301 3175/1550
f 3051/4490 3094/6675 686/951
f 2103/2996 1845/6664 4210/6599
f 3959/6110 4246/6676 2013/2855
f 3647/5516 3661/5533 1526/2141
f 2491/3591 4309/4154 4308/6677
f 1709/2415 3251/4822 213/6678
f 4736/3529 4247/6679 1832/6680
f 4069/6310 500/690 499/689
f 4062/6301 1975/2804 1894/2676
f 4062/6301 1894/2676 2207/3145
f 1417/1985 3015/5077 2329/3342
f 947/1325 1623/2300 2630/3793
f 1050/1473 4248/6681 1511/1474
f 4249/6682 1748/2468 2970/2470
f 1982/2814 4250/6683 4686/2815
f 2263/3237 2416/3475 2557/3685
f 588/816 3590/5410 2622/3777
f 2795/4069 4231/6646 4652/4070
f 869/1219 1428/2002 4191/6567
f 2831/4128 764/1071 1363/1910
f 754/1057 222/301 755/1058
f 4313/6684 4251/6685 3292/4888
f 1559/2195 3625/2194 1513/3509
f 3544/5319 4252/6686 1443/2027
f 868/1218 2954/4341 869/1219
f 4253/6687 3980/6151 791/3711
f 967/1353 202/6688 1385/1944
f 3337/4960 2994/5032 3338/4961
f 3920/6036 4372/2781 2146/2780
f 1392/1953 4254/6689 1393/1954
f 241/323 240/322 3670/5549
f 3047/4486 4137/6451 4136/6450
f 1688/2384 4255/6690 3989/6163
f 2350/3372 3041/3435 2389/3434
f 145/194 1677/2370 2054/2372
f 1119/1576 3854/5913 604/5815
f 1038/1459 1234/1730 2854/3909
f 4256/6691 4137/6451 3049/4488
f 3253/1732 1235/1731 3915/6030
f 3010/938 3305/4909 1887/2668
f 2439/3505 1245/1751 2440/3506
f 2023/6692 4257/6693 2863/6642
f 2727/3939 2031/2878 827/2879
f 600/3566 1748/2468 4249/6682
f 3862/597 4258/6694 4057/6695
f 2158/3076 2259/3075 4259/6696
f 1802/2536 1079/1518 1683/1047
f 4070/6311 3018/4600 3119/4599
f 1638/2319 1637/2318 2276/5036
f 4260/6697 436/601 1155/4160
f 1171/1644 1170/1643 3028/6328
f 3091/4550 4664/2559 1488/2090
f 1205/1690 2187/3114 2133/3040
f 3509/5265 2168/4978 1619/2296
f 682/947 681/946 3390/5060
f 2354/4699 4261/6698 3184/4700
f 4461/6699 2594/3739 3219/4760
f 4461/6699 3219/4760 4559/4884
f 4571/213 3507/5262 159/214
f 529/730 1666/2354 530/731
f 3572/5378 2607/3760 3275/4052
f 3343/4968 3060/4502 334/460
f 2922/4283 4262/6700 2921/4282
f 1577/2232 1579/2234 2689/3888
f 184/250 186/252 268/1511
f 1878/4697 2416/3475 2263/3237
f 4627/6701 3989/6163 4255/6690
f 834/1169 4533/6020 3335/4958
f 923/1296 1976/2805 2653/3833
f 3618/5537 4263/6702 1722/5568
f 475/654 3188/4707 2932/4302
f 793/1118 792/1117 2690/3889
f 1795/2526 602/839 2395/3443
f 3194/4713 2029/6703 3195/4714
f 841/6704 4264/6705 4265/6706
f 3919/742 538/741 917/1288
f 2792/4063 135/179 1903/2692
f 4266/6707 2944/6708 4267/6709
f 163/219 165/221 3744/5701
f 2960/4350 3717/1613 4268/6710
f 2788/4058 4229/6643 4187/6711
f 4269/6712 1283/1799 1191/5571
f 1341/1880 3229/4776 3098/4563
f 1665/2353 1667/2355 3613/6713
f 1396/1957 1395/1956 296/403
f 4208/6596 4171/6509 3640/5498
f 2106/3001 846/1187 466/639
f 1129/1586 1392/1953 1394/1955
f 1266/1782 1268/1784 2311/3314
f 1792/2522 4270/6714 2321/3327
f 3313/4921 4517/4159 2047/2901
f 2374/3411 1434/2083 2784/4053
f 1224/1719 2151/3063 1225/1720
f 4271/6715 3279/4870 4272/6716
f 3389/5059 1227/1722 1226/1721
f 2826/4742 4181/6526 2827/6717
f 2929/4299 265/355 1762/2486
f 3886/6718 2715/6719 3834/5866
f 3305/4909 1691/2388 3721/2653
f 2921/4282 4262/6700 4428/2144
f 3779/5771 1503/2110 542/749
f 4273/6720 2005/2844 4274/6721
f 4203/6587 3996/6184 2810/4093
f 2067/2939 2312/3316 4635/5825
f 3875/5540 2313/3317 1204/5650
f 4656/4558 3051/4490 1628/804
f 4552/6722 1032/6723 4276/1925
f 4393/6724 2917/4275 954/1333
f 2178/3101 2530/3647 4095/6354
f 3139/1043 1525/1042 3288/4882
f 1480/5180 3534/5306 1717/2425
f 2757/3998 1947/2761 66/85
f 3440/5134 3439/5133 4275/6725
f 2248/3210 1247/1755 1094/1539
f 2633/3798 4276/6726 1374/6727
f 2633/3798 1374/6727 3448/5153
f 3795/5957 4277/6728 1278/1794
f 3938/6072 3982/6154 1006/1409
f 2928/4297 3221/4762 3898/4764
f 3774/5766 3275/4863 3274/4862
f 492/678 2719/3929 2721/3931
f 1274/1790 1401/1965 2165/3083
f 1799/2531 4098/2496 4583/6302
f 4278/6729 1146/4838 3543/4840
f 2797/6730 1437/2014 4279/6731
f 2731/3948 4136/6450 1070/1501
f 2947/5240 4280/6732 4281/6733
f 4251/6685 4651/1614 3717/1613
f 2514/3625 781/1099 780/1098
f 4062/6301 2714/3921 1975/2804
f 834/1169 3335/4958 835/1170
f 4282/6734 3431/5124 1962/2779
f 1992/2829 1185/1664 4283/6735
f 3267/366 2971/1207 4674/367
f 61/80 80/100 4220/6619
f 1444/2028 1533/2153 1445/2029
f 2084/2968 391/5341 3350/4983
f 205/277 207/279 3998/6186
f 788/1111 4284/6736 789/1112
f 2289/3279 1828/2581 1830/2583
f 181/6534 4648/2734 4004/6195
f 3548/5328 900/6737 4285/6738
f 1912/2708 3703/5620 479/5212
f 4286/6739 489/673 4573/672
f 565/785 3058/6740 566/786
f 3270/4853 4287/6741 4154/6482
f 4655/2614 3433/5126 2464/6742
f 3177/4688 3331/4950 4037/6252
f 4678/5937 3871/5936 1302/1828
f 776/1093 2422/3483 4634/2054
f 1969/2797 126/169 2214/3156
f 3497/6743 4595/1504 4513/6744
f 1513/2125 4519/6745 1514/2126
f 3858/5919 3310/4915 2963/4354
f 3858/5919 2963/4354 2962/4353
f 1536/2158 1445/2029 1537/2159
f 48/63 53/69 4288/6746
f 1424/1996 692/3831 694/1997
f 4289/6747 3928/2263 2581/3721
f 1310/6748 4006/6198 4578/6064
f 4068/6309 2680/3136 2199/3135
f 3092/5203 1817/2564 2212/2563
f 4290/6749 3890/3900 451/621
f 2168/6653 2107/4402 4234/6654
f 2779/6531 2530/3647 2529/3646
f 3390/5060 387/533 3800/4718
f 2713/3920 771/1079 1265/1781
f 2555/3681 3107/4578 4727/4577
f 474/6750 3601/4061 859/1209
f 3546/2821 4291/6751 1987/2822
f 687/952 3785/6752 2888/4231
f 2124/3028 578/6753 407/557
f 4292/6754 3767/5752 4293/6755
f 2615/6756 3864/295 4294/6757
f 4295/6758 4140/5484 4138/6454
f 906/1442 1453/2038 3406/5085
f 242/324 3022/4450 3109/2767
f 4749/1701 474/6750 859/1209
f 4174/4595 277/6759 2626/3784
f 4465/6054 1420/1991 3106/4576
f 1784/2512 2004/2843 4055/3628
f 2850/4171 2849/4170 3385/5054
f 3090/4545 4545/3484 1423/1994
f 3957/6760 4296/6761 702/975
f 4066/432 4273/431 4297/6762
f 4298/6763 2336/3352 761/873
f 2306/3305 4606/6764 14/3306
f 2859/4184 4299/6765 156/5991
f 3348/6261 809/6260 1929/6549
f 1632/2312 723/2050 1461/2049
f 2019/2862 2088/2976 3937/6069
f 2259/3075 4089/4506 4259/6696
f 3205/4733 945/1322 3580/5397
f 2640/3805 595/829 3306/4910
f 4476/6766 3086/4541 3608/4540
f 2154/3069 575/797 4724/2751
f 334/460 4300/6767 3793/4969
f 2122/648 471/647 3243/6768
f 1884/6050 3971/6364 3972/6051
f 2733/2823 1987/2822 3115/4591
f 2522/3637 3062/4507 1247/1755
f 350/479 4149/6769 351/480
f 2606/3758 1403/1969 2134/3041
f 3855/5914 4243/6672 2941/4315
f 563/783 839/1175 564/784
f 2632/3797 4552/4797 4276/6726
f 3832/5973 4301/6770 3934/6065
f 818/1151 627/871 2024/2868
f 3840/2193 4293/302 222/301
f 4302/6771 2273/3254 2275/3256
f 3517/3738 2593/3737 2354/5892
f 4192/6772 3467/5186 3269/4852
f 4218/6617 4433/5977 3885/5976
f 1942/2752 4303/6773 3742/6400
f 2323/5558 871/1221 4493/1223
f 548/764 4112/6390 549/765
f 357/487 4304/6774 4059/6295
f 3275/4863 4305/6775 1807/2543
f 4052/5724 2114/3011 4051/6776
f 2788/4058 4187/6711 4306/6777
f 2791/4062 2748/3984 1641/2323
f 4307/6778 4010/5170 2189/3121
f 3649/5518 1203/1688 3804/5814
f 1731/2444 1917/2713 1916/2712
f 4308/6779 4309/6780 4310/6781
f 2705/3910 2881/6782 2706/3911
f 2709/3825 4311/6783 3672/5555
f 2096/2987 536/739 4690/5617
f 3938/6072 3600/5427 3982/6154
f 4312/6784 4313/6785 4409/6786
f 1215/1709 1275/1791 1274/1790
f 444/613 3802/5811 3144/614
f 153/206 3433/6787 300/4756
f 1237/1735 2611/3765 2452/3527
f 611/852 3257/4829 4314/6788
f 4315/6789 53/69 86/109
f 2447/3521 1613/2286 4544/6790
f 4316/6791 4657/1096 778/1095
f 4076/3208 3574/5381 4317/6792
f 4616/6793 3293/4889 4301/6770
f 3102/4571 2225/5832 4617/6794
f 3224/4766 3946/1558 1450/2034
f 1420/1991 2483/3573 1726/2438
f 3642/6795 2616/6214 4318/6796
f 1137/1595 3187/4704 3802/5811
f 4431/1069 1939/2748 4121/6405
f 3486/1102 3134/4620 1893/2674
f 2681/3876 1140/1598 2775/4030
f 80/100 77/97 9/10
f 1758/2481 4319/6797 4320/6798
f 3763/5739 2040/2893 1986/2892
f 4321/6799 2257/4200 292/397
f 4326/6542 3900/6000 143/191
f 2678/3871 2183/3106 2184/3109
f 3450/5157 3452/5159 2892/4238
f 2580/3720 1985/2819 1967/2793
f 3284/4877 689/957 691/959
f 1813/2553 1169/1641 3566/5369
f 787/1110 4660/6101 4322/6800
f 4394/4445 3034/4469 2199/6801
f 1493/2099 543/755 490/674
f 2656/3838 2658/3840 3323/3947
f 1894/2676 1975/2804 1065/1493
f 1695/6802 1518/2131 3318/4930
f 3917/6803 794/1148 816/1147
f 3238/4492 970/1356 1295/1814
f 2216/3160 795/5723 1084/3161
f 1540/2165 4323/6804 2609/2166
f 1348/6805 4350/6453 640/891
f 4263/5463 2814/5807 2644/5776
f 1841/3781 1289/1806 2068/2947
f 4324/6806 3685/5574 4325/6807
f 3217/4755 539/743 540/745
f 2085/2970 3628/5478 2086/2971
f 3446/3293 655/911 3956/6104
f 951/1330 3814/5835 3417/5104
f 631/880 4469/6527 4326/6808
f 1663/2351 1664/2352 3735/6551
f 1777/2505 2583/6809 1775/2503
f 4165/186 4327/6810 139/187
f 3363/5009 2076/2959 4525/2958
f 4494/4072 2109/3005 4495/6811
f 2101/2994 2100/2993 2352/3374
f 1141/1600 3660/6425 3373/5024
f 1930/2737 1487/6424 4091/6349
f 3460/5175 2419/3480 2786/2549
f 1185/1664 4169/5901 2316/3320
f 3191/4710 3081/4534 4328/6812
f 236/318 2558/3686 1121/1578
f 4608/4515 2875/5384 479/659
f 4329/6813 4196/1987 3947/3015
f 2170/5536 1200/1685 4216/6612
f 2791/4062 3601/4061 4330/6814
f 1077/1512 1088/1533 1076/1510
f 721/1007 3465/5184 722/1008
f 950/1329 3814/5835 951/1330
f 2568/3699 2569/3701 786/1108
f 3510/5266 3011/6133 3556/5352
f 4178/6521 3981/6153 4331/6815
f 2807/4088 1911/2707 2116/3013
f 4373/5671 2441/3508 3823/5848
f 2361/3388 4172/6816 194/263
f 1604/2269 3834/5866 3905/2270
f 4332/6817 1156/1620 436/6818
f 405/554 3993/6175 406/555
f 2065/5910 3853/5912 3719/5661
f 1374/1924 2403/3454 4186/1904
f 4372/2781 3263/6037 809/6260
f 522/720 446/616 445/615
f 4333/6819 3600/5427 4334/6820
f 2259/3075 946/1324 4089/4506
f 1567/2208 3874/5942 3687/5944
f 1047/1470 4083/6340 1048/1471
f 1763/2488 4335/6821 4419/2487
f 4336/6822 4160/6491 3651/5520
f 1264/1780 3421/5110 439/605
f 2937/3862 2672/3864 3635/5489
f 4581/6089 3476/5598 4507/1661
f 2750/6823 1404/1970 2606/3758
f 1707/2412 3091/4550 927/1303
f 1286/1802 1285/1801 462/635
f 3977/6824 845/6276 3824/5849
f 2991/6825 4337/6826 4338/6827
f 4606/6764 4605/6828 14/3306
f 3992/6174 3230/6829 3449/4448
f 4054/5457 2244/3203 2705/4932
f 2952/4338 2768/4018 2769/4020
f 2594/3739 1016/1425 3219/4760
f 3132/3209 2522/3637 2248/3210
f 240/322 242/324 1952/2766
f 3617/5461 3616/5460 730/1020
f 4111/6387 2083/6388 3092/4552
f 789/4554 4284/5506 401/550
f 4179/6524 4180/6525 1957/2774
f 4209/6597 3536/5308 397/6830
f 2462/3540 3595/1560 3140/6831
f 2297/3290 2296/3289 3212/4748
f 4213/6605 3463/5178 1661/6832
f 769/1077 768/1076 633/882
f 3987/6833 3493/5231 2254/3225
f 2909/4261 2168/4978 1753/6299
f 563/783 1996/2834 1998/2836
f 2452/3527 2611/3765 2453/3528
f 4118/6397 1443/2027 1281/1797
f 4621/5830 3812/5829 4339/6834
f 455/627 2380/629 2964/6835
f 3551/5336 3781/5773 3780/5772
f 1801/5141 1824/2577 609/2576
f 1173/1649 259/346 258/345
f 2692/3893 2342/3892 2430/6836
f 1755/2476 2301/4065 1017/6118
f 1561/2198 2444/3514 3620/5612
f 3963/6120 2390/5145 2475/3559
f 2684/3880 2778/4039 440/606
f 4106/6370 339/466 1632/2312
f 3903/6007 1476/2071 3319/4931
f 4340/6837 3036/4472 2324/3333
f 2964/4356 286/387 288/389
f 1664/2352 3448/5153 3735/6551
f 4341/6838 2130/2168 3402/2167
f 2339/3356 1522/6839 2203/3141
f 2873/4206 3563/5365 235/4204
f 4342/6840 4343/6841 1689/6842
f 3882/5966 3540/5312 3922/6041
f 2151/3063 4369/3065 4344/6843
f 4116/6395 2353/3376 4345/6844
f 1612/2285 3510/5266 3556/5352
f 4515/4793 967/1353 1067/1943
f 1596/2257 1598/2259 3781/5773
f 550/766 551/768 1778/2506
f 2917/4275 1869/2635 954/1333
f 4346/6845 2850/4171 4705/6846
f 4327/6049 4065/6305 3105/4575
f 3941/6075 1820/2568 2016/2858
f 2189/3121 2894/4243 2190/3122
f 1534/2154 3326/4941 1532/2150
f 4096/6355 4095/6354 4347/6847
f 4475/6848 2647/3817 867/1217
f 2711/3918 2713/3920 3579/5392
f 3398/5072 3503/5253 3399/5073
f 1836/2590 4348/6849 4349/6850
f 1966/2786 1836/2590 4349/6850
f 3684/5573 3647/5516 4346/5606
f 1862/2628 1861/2627 2129/3035
f 4274/6851 3409/6852 2884/4226
f 960/1344 959/1343 3462/5177
f 4505/3202 4582/5635 2244/3203
f 4350/6853 2252/3217 2251/3216
f 3478/5204 2029/6703 1932/6854
f 2325/3335 3176/4687 1492/2097
f 1273/1789 1098/1547 610/850
f 3355/4991 1910/2703 3073/4521
f 394/542 823/1156 2397/3445
f 4741/1927 1495/2102 1494/2101
f 2012/717 519/716 3959/6615
f 3972/6855 4351/6856 196/6857
f 4429/6858 4518/1448 495/683
f 1995/2832 641/2445 1733/2447
f 3339/1636 4315/6859 86/1637
f 680/944 1091/1536 289/390
f 2809/5967 4240/2262 4239/6860
f 3880/5962 2793/4064 3576/5386
f 3950/6094 3796/5799 1936/2744
f 1233/1729 1609/2278 1234/1730
f 3762/5736 713/990 2945/4320
f 4020/3047 1767/2494 208/284
f 2905/6861 2300/4586 620/864
f 3397/5071 2514/3625 780/1098
f 293/398 4589/2020 1242/1743
f 4352/6862 1015/1424 4382/4428
f 74/94 107/141 79/99
f 2677/3870 4213/6605 1402/1967
f 831/6863 4353/6864 3752/5717
f 3007/382 734/6865 4718/383
f 581/806 4155/6483 760/1064
f 4620/6866 1604/2269 1601/2265
f 856/1204 783/1101 855/1202
f 3836/5872 2771/4024 3790/5790
f 3999/6187 4354/6867 3998/6186
f 1414/1982 1631/2309 1415/1983
f 460/633 879/1236 4355/6868
f 430/590 4299/6765 2859/4184
f 609/848 1336/1546 1335/2116
f 1405/1971 4227/1973 1495/6869
f 282/379 2749/3985 283/380
f 2013/2855 2108/3464 2674/3867
f 488/671 3247/502 3927/6053
f 1914/2710 2900/4250 4097/6356
f 1753/2474 4356/6870 4696/969
f 4328/6812 4357/6871 215/6872
f 813/6873 3043/4482 465/638
f 3828/2072 1476/2071 3903/6007
f 2119/3020 1710/2416 2577/2418
f 1366/1914 1368/1916 3530/5299
f 2699/3902 2698/3901 745/1046
f 2922/4362 2968/4364 4262/6058
f 134/757 3026/4456 2938/6331
f 3301/4903 2406/3459 3560/2218
f 1775/2503 4358/6874 1776/2504
f 2620/3775 3633/5487 3527/5296
f 3497/6743 4135/6875 4675/6876
f 4359/6877 804/1131 803/1130
f 4572/1498 4728/2769 1069/1499
f 3943/6080 4199/6579 423/580
f 4360/6878 4183/6879 2433/3498
f 4101/6880 2488/4130 2280/3265
f 2766/4015 3143/4633 3090/4545
f 3583/5401 3871/6881 3870/5971
f 2716/3924 3179/4691 4361/6882
f 2446/3518 3442/5138 3809/3519
f 1356/1897 1355/1896 1162/1626
f 2783/4048 626/870 625/869
f 852/1199 4496/5150 4350/6853
f 271/364 3450/5157 2892/4238
f 2715/3922 2716/3924 4361/6882
f 2773/4026 893/6883 892/4027
f 3793/5795 4300/4193 2272/5580
f 2972/4371 4722/3623 4243/6672
f 1932/6854 3516/5274 3478/5204
f 4680/6884 3149/5846 2373/3410
f 2322/248 4026/247 4033/6244
f 3705/1863 4362/6885 1965/2784
f 2502/3570 4363/6886 2482/3571
f 3905/6011 2224/3171 4400/4470
f 2087/887 636/886 4364/6887
f 4220/5499 4094/6352 2657/3839
f 1506/2114 917/6888 1436/2013
f 4365/6889 2406/3459 661/3458
f 732/1023 3953/1022 655/911
f 4417/6890 1978/6891 4466/2880
f 2277/3260 3741/5698 3447/6336
f 1457/2044 4698/6148 1458/2045
f 4366/6892 3939/6073 2569/3701
f 4366/6892 2569/3701 3803/3700
f 2323/3330 3048/4487 1827/2580
f 4703/3990 4520/6893 2752/3991
f 3377/2252 4367/6894 2861/4186
f 1325/1859 3456/1858 3962/3690
f 3233/4780 2071/2952 2070/2951
f 1527/2142 1526/2141 2430/3495
f 315/433 4360/3197 2243/3199
f 4542/6158 4218/6617 3885/5976
f 2348/3370 2826/4119 2349/3371
f 1312/1841 754/1057 756/1059
f 2811/4094 2810/4093 4148/6468
f 3535/5307 1617/2294 3009/4426
f 797/6895 796/392 4342/5596
f 4037/6252 3331/4950 4038/6253
f 2371/4247 4524/6896 4727/4577
f 2048/2905 4409/6786 3291/2906
f 938/3272 3033/5740 822/1155
f 2712/3919 4128/6427 771/1079
f 2495/3595 1102/1553 2115/3012
f 896/1262 895/1261 4368/6897
f 3828/2072 3903/6007 4369/6898
f 4504/5199 372/515 4370/6899
f 4371/6900 2978/4378 2390/3436
f 1963/3055 4372/6901 4553/3165
f 4523/6902 912/6903 3513/5271
f 3003/4645 1422/1993 1306/6904
f 2007/2846 3409/5089 4274/6721
f 4653/2012 1437/2014 2797/6730
f 4359/6877 4373/6905 2762/4007
f 3644/5511 2813/4100 3645/5512
f 4355/1092 777/1094 2320/3325
f 1504/2111 1505/2113 968/1354
f 4432/5949 4374/6906 4223/5591
f 4709/4790 3932/5317 3944/6907
f 217/296 3947/3015 4196/1987
f 4247/6679 2453/3528 133/176
f 1299/1824 470/643 1300/1825
f 1624/2301 3142/4632 2439/3505
f 1857/2622 2035/2884 3988/6162
f 3731/5681 4015/6213 4178/6521
f 4087/4737 3198/4721 3199/4722
f 1324/3579 338/465 843/1180
f 2311/3314 4245/6674 4060/3315
f 2810/4093 3996/6184 4594/6183
f 4018/6908 3916/6031 2734/3959
f 3061/5434 684/949 683/948
f 4479/6909 1440/6910 4375/6911
f 4271/6250 4272/1003 4036/6251
f 4459/6912 4376/6913 945/1322
f 2826/4119 2348/3370 2343/5303
f 1985/2819 3859/2794 1967/2793
f 3202/4728 4377/6914 4374/6915
f 980/1372 1491/4040 3341/4966
f 2243/6563 3632/3310 2308/3309
f 4378/6916 3332/4222 1029/1441
f 156/210 4299/5430 157/211
f 3282/4875 4379/6917 916/6918
f 4375/5396 4006/6198 1310/6748
f 4629/4021 2739/3965 2460/3538
f 1591/2251 593/827 3036/4472
f 1039/1460 2854/3909 4600/3674
f 4380/6919 1385/6920 4075/6318
f 1781/2509 1275/6921 2830/4269
f 753/1056 2133/3040 2186/3113
f 4311/6922 1359/1906 4028/6236
f 2525/3642 478/3641 933/1309
f 1344/4736 3779/5771 4087/4737
f 3635/5489 3531/5300 1542/1691
f 2182/3105 2751/6923 4381/6924
f 3381/5047 3866/5929 4205/6591
f 1971/6925 2643/3808 4745/4099
f 1543/2172 425/583 427/585
f 1176/1652 1175/1651 495/683
f 1517/2130 1518/2131 1695/6802
f 2194/3127 2193/3126 375/518
f 4382/6926 2785/4054 4352/6585
f 4100/6360 2282/6362 798/1123
f 793/1118 2690/3889 681/946
f 4383/6927 461/634 4156/3835
f 3491/5228 4644/5227 4148/6928
f 246/6929 3445/6930 489/673
f 3655/5524 210/283 211/285
f 2045/6931 829/1163 1055/4690
f 1584/2242 1586/2244 3408/5088
f 3322/4936 2306/6932 1127/6258
f 2395/3443 1611/2284 2358/3384
f 2464/6933 3433/6787 152/205
f 3782/5774 3525/5775 2805/4084
f 563/783 158/212 1996/2834
f 1061/1487 3515/5337 3184/4700
f 3247/502 488/671 489/673
f 940/1316 3308/4913 941/1317
f 3504/5254 2208/3146 4647/5255
f 4044/6264 4384/6934 4043/6262
f 1407/1975 1392/6935 3829/6936
f 2420/3481 2419/3480 3460/5175
f 3059/4501 4102/6363 1041/6937
f 420/577 2410/5078 421/578
f 3947/6090 4385/6938 169/227
f 4625/1107 2568/3699 786/1108
f 2104/2999 2105/3000 4386/6939
f 4551/1945 1387/1947 262/3638
f 1463/2052 1610/2283 1025/2053
f 3815/4520 1030/4519 2098/6940
f 1747/2467 3226/4772 2465/6941
f 1167/2466 1747/2467 2465/6941
f 3852/6942 2348/3370 2389/3434
f 1471/2065 3008/4423 1885/2663
f 3681/2392 1709/2415 1694/2393
f 3895/2969 2086/2971 473/3446
f 818/1151 817/1150 1554/2187
f 1063/1489 3470/5189 1739/2454
f 232/314 4066/6307 4363/6886
f 1713/6943 574/1811 1292/1810
f 293/398 1242/1743 1556/399
f 837/1172 2381/3420 3483/5215
f 1602/2266 141/189 1739/2454
f 4179/6524 1957/2774 1956/2773
f 1425/1998 694/1997 3933/6944
f 1425/1998 3933/6944 1821/2571
f 4070/3363 3025/4454 3018/6945
f 825/1159 899/2452 3623/5473
f 3114/4590 1645/2329 4387/6946
f 2954/4341 964/1349 869/1219
f 3977/6947 3824/3440 3961/6116
f 439/605 3421/5110 4444/241
f 3161/4658 2578/3718 3520/5279
f 4339/3157 2215/3159 1602/2266
f 3965/6124 3169/6948 1719/6221
f 2871/4203 1839/2593 1255/1769
f 4388/6949 1359/6950 4311/6951
f 211/285 750/6952 749/5494
f 3731/5681 4178/6521 4331/6815
f 3479/5205 735/1030 2708/3914
f 1764/2490 3166/4668 1765/2491
f 2500/3606 2063/2932 2065/2934
f 1280/1796 3430/6953 2517/3630
f 3969/6137 3337/4960 1409/1977
f 4307/6778 2189/3121 3410/5206
f 3878/5817 3737/6954 550/766
f 4465/6054 1439/2018 1420/1991
f 3193/4712 3195/4714 3346/4977
f 2629/3792 2663/3847 2630/3793
f 508/702 4014/6212 1124/1581
f 4478/6312 1438/6955 2190/3122
f 3555/5351 2186/4252 2901/4251
f 2969/6452 3106/4576 3504/5254
f 3443/5143 4313/6785 4312/6784
f 370/508 4257/6693 2076/2959
f 3192/4711 1380/1936 1382/1938
f 4099/1286 4078/6324 4049/6956
f 3881/5963 2185/3111 4389/6957
f 435/599 4260/6697 1622/2299
f 1163/1627 1165/1629 2081/6066
f 1277/1793 1276/1792 1835/2589
f 4390/6958 1979/2811 4492/2810
f 1131/6959 4391/6960 4046/6266
f 3360/5001 2524/5003 4392/6961
f 1980/2812 1979/2811 2992/4398
f 1164/1628 3747/5705 1165/1629
f 267/359 266/358 367/498
f 3285/4878 691/959 1904/2693
f 4286/328 246/330 489/6962
f 866/1216 2816/4107 2815/4106
f 3656/5527 2606/3758 418/575
f 1752/2473 977/1367 573/795
f 702/975 2019/2862 3936/6068
f 2798/5005 3362/5006 4143/6460
f 4392/6961 3252/4823 672/931
f 2482/3571 3776/5768 3778/5770
f 4380/3542 4643/2408 1704/2407
f 344/5135 3440/5134 2987/4390
f 4386/6939 2105/3000 1694/6963
f 4393/6964 4105/6965 1113/4869
f 1652/2337 3753/5718 4353/6864
f 2867/6966 4300/6767 334/460
f 1976/2805 923/1296 2372/3408
f 207/279 4381/6924 3999/6187
f 2147/3058 4394/6967 2148/3059
f 4244/6673 2511/6968 2570/3703
f 2414/3472 1762/2486 265/355
f 4454/6511 2559/3687 2558/3686
f 2799/4076 4109/6382 2487/4077
f 3728/3139 2125/3030 886/1247
f 1127/1584 2306/6969 4395/6970
f 1822/6971 3628/5478 2085/2970
f 2795/4069 2341/3360 2342/3361
f 693/961 1293/1812 1935/2742
f 2139/3048 3299/4896 4083/6340
f 3659/5530 4048/6270 2034/2883
f 579/802 4053/6972 4732/3119
f 792/1117 794/1119 3917/6032
f 2488/4130 2183/3106 2678/3871
f 2378/3417 2380/3419 456/6973
f 3659/5530 3658/5529 4685/6271
f 1639/2320 1416/2322 3001/4412
f 1892/2673 1960/2777 4031/6239
f 4396/6974 3415/5099 2314/3318
f 2974/4373 3739/5696 3/3
f 3019/2224 1575/2226 1375/2291
f 3272/2560 3289/4883 3921/5693
f 2237/3190 1219/1714 1034/2662
f 278/375 1574/5757 279/376
f 4397/6975 4061/1845 4462/1844
f 3228/5100 3416/5102 1837/2591
f 1789/2519 1658/2345 4398/6976
f 2992/4398 3459/5174 467/640
f 318/438 317/437 321/443
f 3009/4426 2908/4260 4176/6516
f 1222/5715 3159/4656 1116/1571
f 3403/4162 3405/4117 205/277
f 3076/4526 3307/4912 2998/4407
f 1720/2428 4227/6638 2089/2977
f 4399/6977 416/6978 4084/2492
f 2902/4253 2781/4044 3701/4046
f 3614/4935 2484/6979 3322/4936
f 3197/2706 3754/4480 1911/2707
f 3762/5736 3702/5614 713/990
f 364/494 4194/6980 365/495
f 4711/5607 42/56 22/24
f 24/26 4711/5607 22/24
f 78/98 86/109 53/69
f 3074/4524 3076/4526 684/949
f 502/694 501/693 2988/4391
f 594/828 4693/2138 1560/2196
f 4549/3742 166/223 393/222
f 902/877 944/1320 3993/878
f 3187/4704 1603/2268 4400/6981
f 2636/5508 1571/2217 3599/2216
f 1195/1679 485/665 1673/3955
f 4613/6982 1958/2775 1372/4207
f 1412/6652 4237/3767 2061/2930
f 1727/2440 3100/4569 3318/4930
f 1954/2770 4535/3851 4728/2769
f 4094/6352 4401/6983 2730/3946
f 4270/6714 3121/4602 2321/3327
f 4402/6984 3646/4216 227/307
f 1089/1534 1805/2539 1090/1535
f 3979/6150 4050/6273 3980/6151
f 3102/4571 3101/4570 1530/2146
f 1910/2703 3806/5638 4016/2704
f 2011/4795 1008/6985 4485/6986
f 1171/1644 412/562 3586/5270
f 3981/6153 3660/5532 1141/6987
f 694/962 693/961 1870/2636
f 3416/5102 4403/6988 2652/3832
f 4302/6771 4404/6989 2273/3254
f 4167/2937 4251/5808 4313/6990
f 1826/2579 3474/5193 4405/6991
f 3988/6162 2034/2883 4048/6270
f 1037/1458 1039/1460 1912/2708
f 3852/6942 2389/3434 2089/3433
f 4406/6992 3942/6079 1339/1878
f 4407/6993 3407/3788 4252/6686
f 2490/3590 4309/4154 2491/3591
f 455/627 2964/6835 3821/2981
f 295/402 294/401 2632/3797
f 1774/2502 978/1369 1309/1836
f 4670/6518 4695/6994 4747/4499
f 1673/2363 1675/2365 4145/6463
f 4408/6995 3531/5300 3530/5299
f 1101/1552 2347/6996 2857/4180
f 1928/2732 1900/3894 3604/5443
f 348/6997 649/903 650/905
f 3661/5533 3684/5573 3662/5534
f 2603/3753 3480/5209 752/1055
f 2828/4122 535/737 4158/6489
f 1080/1519 1802/2536 3833/5865
f 146/196 4312/2682 4409/6998
f 4365/5359 1330/1866 3559/5360
f 126/169 3578/5711 127/170
f 2388/3430 4410/6999 3424/7000
f 1361/1908 4106/6370 1632/2312
f 4097/6356 2900/4250 3797/5802
f 1969/2797 2214/3156 4471/6553
f 87/112 43/57 104/137
f 300/409 1852/2613 301/410
f 2775/4030 1140/1598 1139/1597
f 849/1192 2903/4254 1296/1816
f 808/1138 807/1137 1214/1707
f 1940/4369 4411/7001 4412/7002
f 1444/4392 2869/6126 3967/6128
f 2367/6025 3216/4754 3789/5789
f 1433/2008 3046/4485 649/903
f 2834/2679 1467/2059 1466/2058
f 2844/4156 1323/1856 3425/5114
f 783/1101 856/1204 3486/1102
f 3273/4860 3657/6085 3071/4517
f 1672/2361 2856/5656 3428/5117
f 351/480 3038/4474 1735/2449
f 2978/4378 3954/5579 2979/4379
f 889/6601 4211/6602 4413/7003
f 2920/4281 1994/4280 4734/7004
f 3982/6154 1567/2208 1006/1409
f 2552/3678 1661/6832 3463/5178
f 4332/6817 892/7005 4414/7006
f 3755/5721 3754/5720 3907/7007
f 4367/5040 1580/2236 1721/2429
f 3252/4823 4040/6255 3400/4824
f 3569/5373 2676/7008 174/235
f 4661/7009 4415/7010 4248/3073
f 3357/4993 1898/2683 3818/5840
f 3603/5438 4182/2227 270/363
f 1478/7011 3825/5853 1209/1698
f 3462/5177 2552/3678 3463/5178
f 3688/5587 3689/5589 2628/3791
f 641/892 4202/6586 1732/7012
f 4322/5928 3896/5996 788/7013
f 3276/4864 1807/2543 543/755
f 3264/4774 2163/3081 2911/4264
f 2956/4952 3518/5277 2930/4300
f 2472/7014 2503/3609 3366/7015
f 990/1384 4345/3025 2123/3024
f 363/493 3313/4921 950/1329
f 3239/4799 4416/7016 1434/2083
f 2643/3808 2141/3050 2813/4100
f 2429/2414 1592/2253 1252/1765
f 2994/5032 4417/7017 2718/5033
f 2481/7018 4418/7019 3014/7020
f 1385/6920 202/273 4075/6318
f 2191/3123 2190/3122 3083/4537
f 2475/3559 2476/3561 3528/5297
f 2163/3081 2162/3080 1985/2819
f 3039/4476 1259/1775 1559/2195
f 4335/6548 1024/1435 4419/7021
f 4420/7022 1744/7023 4697/2641
f 3437/7024 2452/3527 4736/3529
f 1788/2518 3121/4602 4270/6714
f 4421/7025 4696/969 4422/7026
f 2596/3744 4537/4150 2597/3745
f 357/487 4059/6295 3918/6033
f 2698/3901 499/689 2648/3819
f 3083/4537 2190/3122 1438/6955
f 879/7027 776/1093 4355/1092
f 4694/5891 1862/2628 3286/4880
f 871/1221 2322/248 4033/6244
f 2959/4349 3292/4888 2960/4350
f 2669/3856 3849/5904 2670/3857
f 3819/7028 4613/7029 958/1341
f 1131/1589 2865/4190 1132/1590
f 1412/6652 2061/2930 2060/2929
f 1632/2312 1520/2133 723/2050
f 4370/7030 374/3110 129/172
f 4037/6252 2866/4192 2867/4194
f 4202/6586 422/579 1732/7012
f 1282/1798 3858/5654 2962/5569
f 99/129 103/136 100/7031
f 559/7032 4423/7033 4135/6875
f 3594/5414 3174/4685 3769/5758
f 3505/7034 2728/3941 4242/6670
f 4217/6616 1552/2183 2848/4169
f 257/4111 1757/5259 2820/4112
f 2202/3140 2204/3142 2180/3103
f 3157/4653 3158/4655 1824/2577
f 972/7035 4357/6871 4566/3556
f 2572/3706 1693/2390 1692/2389
f 1572/7036 1625/2302 3847/5899
f 2586/3728 4424/7037 1594/2255
f 1389/1950 4141/3385 1390/1951
f 3946/6088 3476/5598 4581/6089
f 2986/4389 1148/1609 2498/5282
f 3278/4868 2008/2847 2736/3354
f 3594/5414 3769/5758 148/199
f 4425/7038 4669/1181 2307/6218
f 3921/7039 1209/1698 3273/1697
f 2963/4354 2622/3777 2623/3779
f 4558/7040 4113/3066 3839/3068
f 1459/2047 1485/2086 1460/2048
f 640/891 4202/6586 641/892
f 4700/1926 2403/3454 1374/1924
f 2576/1115 4688/837 1795/2526
f 2624/3780 314/428 313/427
f 3099/7041 1290/1807 3173/5878
f 968/1354 1505/2113 4512/3292
f 2240/3193 4157/6485 1712/2419
f 4322/6800 788/1111 787/1110
f 4070/3363 931/1307 932/1308
f 4426/7042 4473/1495 1068/1497
f 3767/5752 223/7043 4293/6755
f 3118/1388 2923/4286 2585/3727
f 55/71 58/7044 4671/79
f 4296/6761 2018/2861 702/975
f 1233/1729 1702/2404 1609/2278
f 2184/3393 2689/6071 2365/3394
f 989/1383 4116/7045 990/1384
f 492/7046 2281/3266 2719/6622
f 4441/7047 2062/2931 3582/7048
f 1530/2146 2886/4228 3102/4571
f 3869/7049 1904/2693 4719/3723
f 4400/4470 3035/4471 4366/6892
f 354/484 2508/1745 3236/4792
f 1368/1916 3473/5357 4175/6515
f 1624/2301 2439/3505 3372/5023
f 659/3248 661/3458 2267/3246
f 501/693 3867/7050 3860/5921
f 2006/2845 2050/2914 2007/2846
f 3311/4917 1539/7051 2124/3028
f 615/857 3498/3633 4427/7052
f 1978/2809 4729/2574 4707/5905
f 2767/4016 2766/4015 3151/4644
f 1876/2647 313/427 3725/5673
f 3854/7053 316/434 805/1133
f 804/1131 4359/6877 2762/4007
f 1637/6430 426/584 2276/3259
f 3424/5113 4216/6612 940/1316
f 702/975 3936/6068 703/976
f 3806/5818 550/766 1778/2506
f 4262/6058 3929/1740 4428/7054
f 2127/3033 3207/4738 4244/6673
f 684/949 3076/4526 1424/1996
f 4417/6890 4466/2880 2718/3928
f 4429/7055 495/7056 496/7057
f 2372/3408 938/3272 2285/3271
f 1166/1321 930/1306 1167/2466
f 3747/4287 1003/1406 328/452
f 997/1396 412/562 414/564
f 2484/3575 4484/4631 3339/3576
f 3385/5054 2849/4170 2732/3949
f 1981/7058 4482/6444 4180/6481
f 1353/1894 1352/1893 304/413
f 1196/1680 2431/3496 3688/5587
f 2855/4178 3761/5734 3428/6248
f 3652/5521 3651/5520 4594/6183
f 415/566 1053/1477 2467/3549
f 748/6411 2513/3624 4241/3452
f 546/760 203/274 2241/3194
f 2355/3380 1760/5756 4430/7059
f 3255/7060 3889/7061 3256/5007
f 2478/3563 4155/6483 581/806
f 129/172 2185/3111 3881/5963
f 226/306 225/305 1943/2753
f 763/505 4027/4605 4431/7062
f 2430/3495 1526/2141 3661/5533
f 3724/5670 1853/2617 481/2616
f 669/926 4650/2973 3842/924
f 1953/2768 2635/3800 1538/3175
f 4197/1708 2539/3614 2538/7063
f 2043/2896 4035/6249 3208/2897
f 2250/3213 4308/3239 2687/3885
f 611/852 4314/6788 612/853
f 4318/6796 3951/6095 4472/5197
f 286/387 564/784 287/388
f 4345/6844 2353/3376 1810/2546
f 365/7064 4194/6574 392/540
f 1912/2708 4600/3674 2549/3673
f 4468/3357 874/1228 873/1227
f 1433/2008 348/6997 349/4530
f 1216/1710 1274/1790 2165/3083
f 4302/3778 2622/3777 4404/4067
f 4712/6398 3345/4975 1606/7065
f 2470/3552 3881/5963 2488/3587
f 29/35 2836/4140 2304/3302
f 2185/7066 4374/6915 4432/7067
f 3549/7068 855/3133 4456/4726
f 3732/3287 3734/7069 476/3288
f 3179/7070 4433/7071 682/947
f 3601/5428 1923/2723 4330/6446
f 2652/7072 1665/2353 3613/6713
f 194/263 193/262 2361/3388
f 4676/7073 2861/4186 4498/7074
f 4144/2685 4434/7075 4692/2686
f 965/6651 4574/1962 1164/1628
f 236/318 4454/6511 2558/3686
f 3692/5593 1125/7076 4435/7077
f 3133/4618 730/1020 1621/7078
f 1775/2503 2938/7079 4358/6874
f 2418/3479 1226/1721 2419/3480
f 4436/7080 2555/3681 4727/4577
f 4279/6731 1437/2014 3971/6139
f 3372/5023 2439/3505 4601/3507
f 2825/4118 4369/6898 3903/6007
f 605/5629 3564/1930 1355/1896
f 2092/2983 2094/2985 1657/2343
f 2974/4373 3/3 3956/5148
f 4727/4577 3108/4579 2371/4247
f 1721/2429 3040/6143 1534/4924
f 2258/3229 4277/6728 3686/3230
f 1847/570 3008/4423 946/1324
f 2015/2857 1747/2467 930/1306
f 3363/5009 4525/2958 2265/3240
f 3909/6019 3908/6018 4437/7081
f 1590/2250 3553/5348 3639/5496
f 2620/3775 2621/3776 3674/5557
f 877/929 292/7082 2232/3245
f 2462/3540 2463/3541 1106/1561
f 2433/3498 4183/6879 1680/2656
f 4438/7083 3392/1238 3565/5368
f 1489/2093 2924/2197 4233/2094
f 3487/3618 4678/5937 3910/6021
f 2635/7084 2636/5508 4189/5509
f 2393/832 597/831 3516/5274
f 3573/5379 1681/2377 2880/5646
f 4439/7085 4038/6253 1076/1510
f 3175/1550 4062/6301 2207/3145
f 170/229 4662/4661 171/230
f 4557/2604 1846/2603 1565/2204
f 4120/5575 2288/3278 4123/7086
f 738/5862 149/201 151/203
f 3950/7087 1764/7088 2146/2780
f 2124/3028 407/557 2684/556
f 1257/1771 2287/6281 2709/6474
f 4440/7089 4441/7090 3582/5399
f 4440/7089 3582/5399 3552/5970
f 526/727 1633/4750 284/381
f 2663/3847 947/1325 2630/3793
f 4480/4429 1283/1799 4269/6712
f 1455/2042 3768/5754 4442/7091
f 4443/7092 2663/3847 2664/3848
f 3936/6068 3925/6046 703/976
f 1215/1709 1274/1790 1216/1710
f 3366/7015 2503/3609 4201/6584
f 526/727 3705/1863 482/662
f 3609/7093 993/1390 3392/1238
f 1318/6233 3419/5106 568/788
f 3033/4466 3153/4647 512/709
f 3868/5932 434/596 402/551
f 1361/1908 201/270 4106/6370
f 3408/5088 1486/2087 1487/2089
f 4240/6668 3170/4679 678/942
f 2600/3750 1669/2358 2601/3751
f 870/6323 4111/6387 3092/4552
f 3949/6539 1940/4369 454/4368
f 1287/1803 1288/1804 2554/3680
f 3088/7094 619/863 4024/6229
f 107/141 24/26 106/140
f 4444/7095 4242/6670 2383/3422
f 4445/7096 3840/2193 1313/1842
f 2660/4291 4108/6171 2421/3482
f 2038/2887 4266/5636 1096/1542
f 2806/595 2615/3770 1562/2199
f 3372/5023 2002/5898 1625/2302
f 1812/2550 2952/3759 2787/2551
f 567/787 1768/2495 1799/2531
f 4620/6866 3886/6718 3834/5866
f 373/516 3520/5279 4377/6914
f 544/758 1918/2714 545/759
f 723/1009 724/1011 2589/3732
f 3304/6429 1647/2331 4271/6715
f 3127/4610 3126/4609 3618/5464
f 1271/1787 1270/1786 3843/2151
f 2994/4400 727/1014 4417/4856
f 1329/1865 2175/3095 2176/3097
f 911/1281 4188/6165 3466/5185
f 3107/4578 2555/3681 2556/3683
f 3070/4516 2523/3639 3788/5788
f 4446/7097 2258/3229 3242/7098
f 1358/7099 1129/1586 2596/3744
f 938/1314 937/1313 3153/4647
f 3144/7100 3803/3700 4625/1107
f 3696/5602 676/940 4618/939
f 4447/7101 2055/2922 3082/7102
f 2961/4352 2521/3636 2532/3649
f 4232/3461 4019/3460 4448/7103
f 3538/5310 782/1100 2360/3264
f 4449/7104 4748/5727 1074/1508
f 4450/7105 1397/1958 2403/6291
f 3150/4643 586/814 3964/6121
f 1437/2014 4351/3477 3972/6140
f 4451/7106 1473/2068 2847/2067
f 4206/5939 4326/6542 142/190
f 4452/7107 1314/1843 4112/3859
f 3912/568 199/268 417/569
f 3040/4477 3326/4941 1534/2154
f 2486/3583 1783/2511 532/733
f 1463/2052 1176/1652 495/683
f 4481/2228 3450/5157 270/363
f 4330/6814 2748/3984 2791/4062
f 920/1292 921/1294 1401/1965
f 4556/3713 4663/4758 623/867
f 533/734 697/968 4453/7108
f 2539/7109 2507/339 254/341
f 1739/2454 4376/2267 1602/2266
f 3151/4644 3090/4545 1422/1993
f 4454/7110 3563/5365 1955/2772
f 4214/6609 4455/7111 4456/7112
f 939/1315 941/1317 3411/5094
f 1788/2518 3127/7113 3121/4602
f 3605/5092 4574/7114 965/1350
f 2944/7115 3878/2212 4267/2211
f 3544/5319 4407/6993 4252/6686
f 4457/7116 4421/2972 1860/2626
f 482/662 484/664 4511/5301
f 493/680 2708/3914 918/1289
f 4589/7117 4458/7118 4103/6366
f 3499/3632 3742/6400 3784/5823
f 4568/2943 1830/2583 3111/4585
f 4346/5606 3891/7119 3668/5931
f 3349/5515 4427/7052 4064/7120
f 2326/3338 360/3917 359/3339
f 3925/6046 2897/4535 3926/6047
f 3770/5759 616/4905 3775/5767
f 1249/1759 330/1761 4325/5289
f 2417/6316 2143/3052 197/266
f 2220/3167 1652/2337 2384/3423
f 4458/6475 2256/3227 1798/2530
f 1287/1803 2554/3680 2553/3679
f 1643/2326 4339/6834 3812/5829
f 1642/2324 1643/2326 3812/5829
f 3429/5118 2519/3634 2521/3636
f 1275/6921 3268/7121 920/7122
f 3106/4576 1420/1991 1419/1990
f 3223/2281 1610/2283 2269/3249
f 3486/1102 1056/2675 3745/7123
f 2613/3768 4489/7124 4488/4997
f 2493/3593 1967/2793 1968/2795
f 3768/258 1535/2155 1064/1491
f 911/1281 721/1007 720/1006
f 421/578 1101/1552 188/254
f 3650/5519 3652/5521 2335/7125
f 3686/3230 4481/7126 4182/6528
f 4027/6234 3986/2746 1939/2748
f 1648/2332 3715/5652 1285/1801
f 3489/5224 707/983 709/985
f 3174/4685 2207/400 295/402
f 1030/4519 3314/4973 3316/7127
f 501/693 3662/692 3867/7050
f 2757/3998 3575/6581 3654/5315
f 3335/4958 3609/5063 4438/441
f 296/403 2261/4242 943/404
f 1275/6921 1781/2509 375/518
f 4570/7128 3631/5485 3508/5959
f 870/6323 4191/3404 4111/6387
f 2603/3753 752/1055 753/1056
f 1314/1843 885/1246 4112/3859
f 2894/4243 3201/4725 2895/4244
f 560/7129 710/987 4459/7130
f 2118/7131 695/964 3206/966
f 4460/7132 3213/4751 1408/1976
f 4254/6689 2765/436 1393/1954
f 2868/4196 720/1006 4030/4197
f 3859/2794 3213/4236 1968/2795
f 1070/1501 4136/6450 1071/1502
f 4376/6913 3472/1039 945/1322
f 564/784 310/1176 1566/2207
f 3115/2720 3889/7133 3255/5626
f 3800/1639 1169/1641 4008/6202
f 4491/507 2863/6642 4257/6693
f 4415/7010 2156/3071 4248/3073
f 1650/2335 4461/7134 1220/1715
f 3450/5157 4481/2228 3451/5158
f 2211/3149 3653/4551 2212/3150
f 4397/1222 4462/7135 3759/6590
f 4413/506 370/508 2802/1251
f 2604/3756 2692/3893 4275/6725
f 4211/6602 1262/1778 4228/752
f 2686/3882 770/1078 801/1126
f 869/1219 964/1349 963/1348
f 3181/6607 2639/3804 4402/4000
f 4463/7136 3830/5860 386/532
f 857/1205 1926/2730 454/1206
f 3832/5973 3934/6065 3562/5974
f 3599/5424 1570/6081 2695/3897
f 4464/7137 4282/6734 1962/2779
f 4464/7138 1962/2853 2904/4255
f 3673/592 431/591 3783/3173
f 1935/2742 4039/6254 726/1013
f 3083/4537 4465/7139 3084/4538
f 128/171 130/173 3435/5128
f 1978/2809 1211/5906 4466/7140
f 1286/1802 2584/3725 2400/7141
f 1621/2298 3616/3358 435/599
f 2515/3626 3138/4624 2563/3692
f 786/1108 1682/2378 3296/4892
f 4001/6189 4108/6380 2659/3841
f 883/1242 3146/5986 2750/6823
f 1716/7142 716/7143 152/205
f 2386/3428 4393/6964 1113/4869
f 1402/1967 4213/6605 4117/1968
f 3778/7144 665/7145 4404/6989
f 2886/4228 2446/3518 4522/3520
f 2886/4228 4522/3520 2225/5832
f 4204/6589 3301/4903 3770/5759
f 1094/1539 1093/1538 3694/1557
f 4011/4327 3916/6031 4018/6908
f 3582/5399 3583/5401 3870/5971
f 4100/6360 798/1123 800/1125
f 3979/6150 3266/3958 4050/6273
f 1391/1952 2822/4114 3101/4570
f 1292/1810 1293/1812 693/961
f 3164/4665 552/769 4467/7146
f 3866/5929 1761/2485 4205/6591
f 1658/2345 1660/2347 2874/4209
f 4468/7147 1213/1706 1212/1705
f 3170/3099 582/807 3581/5398
f 1999/2838 1123/1516 4304/6774
f 3901/6001 2333/3348 3961/6116
f 4377/6914 3520/5279 3250/7148
f 3988/6162 2415/4801 1857/2622
f 2333/3348 3900/6000 4469/7149
f 4470/7150 3209/7151 3321/4934
f 3389/5059 3468/5187 1227/1722
f 2741/7152 4144/6461 2504/3610
f 1869/2635 3533/5305 954/1333
f 3085/5447 1741/2457 2625/3782
f 2611/3765 136/181 2612/3766
f 1418/1986 187/253 1158/1622
f 3954/5579 4371/6900 4471/7153
f 3125/4608 3736/5687 3126/4609
f 4042/1911 3749/5707 1364/1912
f 3806/5818 1778/2506 4016/6216
f 2796/4071 2110/3006 2109/3005
f 2305/3304 4278/6729 3543/4840
f 2181/3104 291/394 4680/393
f 139/187 2425/3487 2424/3486
f 4284/5506 4472/7154 3868/5932
f 1067/1943 4473/7155 4515/4793
f 1598/2259 1787/2515 3781/5773
f 2482/3571 4363/6886 3776/5768
f 3908/6018 994/1391 996/1393
f 233/315 232/314 4363/6886
f 566/786 1106/1561 567/787
f 934/1310 1298/6431 1614/2288
f 3578/5391 4474/7156 2228/7157
f 3730/5679 3558/5358 2022/2866
f 4435/4437 4331/1599 1142/1601
f 1615/2289 1616/2290 1144/1603
f 373/516 4377/6914 3202/4728
f 1434/2009 1435/2011 1485/2086
f 1856/2620 1250/1760 2291/3281
f 248/332 4599/396 238/320
f 203/274 4104/6367 2070/275
f 2753/3993 2898/4248 4475/7158
f 4216/6612 1200/1685 940/1316
f 2032/2881 4579/1850 1319/1852
f 255/342 1856/2620 256/343
f 1474/2069 3468/750 542/749
f 2345/3366 4523/6902 3513/5271
f 4476/7159 3608/5448 847/1190
f 2530/7160 4477/7161 1229/1724
f 541/747 4129/4332 3861/5922
f 3102/4571 4617/6794 155/209
f 2880/4220 657/3425 1045/1468
f 3164/4665 4630/7162 3280/4871
f 3778/6628 666/922 665/921
f 3523/5290 3980/6151 4253/6687
f 4108/7163 2534/3651 2422/7164
f 2569/3701 3935/6067 2717/3926
f 4478/7165 3486/5219 1438/2017
f 1336/1546 2891/1545 2879/4219
f 3742/5699 4303/5588 2919/4277
f 1570/6081 2696/3898 2695/3897
f 1816/2562 4479/7166 4726/2920
f 3830/5860 1863/2629 230/311
f 1127/6258 1614/2288 3322/4936
f 483/663 3705/1863 1965/2784
f 4365/6889 3560/2218 2406/3459
f 1060/1486 1432/2007 2273/3254
f 601/838 2253/3224 3510/5266
f 1953/7167 3391/4583 2636/5508
f 3695/5601 1588/2248 2965/4359
f 4480/7168 4269/4009 3010/938
f 435/599 436/601 4260/6697
f 4527/7169 1139/1597 2293/6621
f 4481/7170 618/5583 3451/3604
f 4482/7171 1981/2813 4686/2815
f 295/402 2632/3797 3769/5758
f 1325/1859 4043/6262 1324/1857
f 2224/3171 2744/3978 3035/4471
f 532/733 696/967 533/734
f 625/869 4068/5925 2783/4048
f 1486/2087 766/1073 1410/1978
f 2229/2162 1539/2163 4483/7172
f 2132/7173 2131/6412 4484/7174
f 390/2940 4635/5825 391/7175
f 2494/3594 1968/2795 2829/4123
f 3493/5231 3987/6833 1566/4865
f 3067/4512 3898/4764 3897/7176
f 2832/4129 4485/7177 3732/3287
f 3960/6114 3166/7178 4486/7179
f 1545/2174 361/491 3558/5358
f 1901/2690 2538/2689 252/337
f 1433/2008 1060/1486 3046/4485
f 3234/7180 3603/5438 3772/365
f 424/581 3012/4433 2294/3285
f 3096/7181 3918/6033 3094/4555
f 3029/4462 1107/4461 3955/6102
f 4030/4197 720/1006 722/1008
f 332/456 4324/3379 330/454
f 4487/7182 1701/2403 998/1397
f 893/1258 4093/6351 4633/1259
f 4488/7183 4489/7184 1676/2367
f 1058/1483 1916/2712 1915/2711
f 1796/2528 3670/5549 240/322
f 1919/2715 1776/2504 1792/7185
f 2318/3323 683/3322 685/4127
f 4371/6900 3954/5579 2978/4378
f 573/795 2113/4820 1752/2473
f 3402/2167 3113/4589 3334/4956
f 993/4729 1564/2203 1886/2664
f 1046/1469 1970/2799 1248/1757
f 4093/6351 800/1125 799/1124
f 560/780 4459/6912 3205/4733
f 4490/7186 4192/6772 3269/4852
f 2762/4007 4373/6905 3823/2124
f 827/1161 3257/4829 611/852
f 3381/6657 3679/5565 2590/5564
f 330/1761 4324/7187 4325/5289
f 2092/2983 4129/6428 2093/2984
f 2745/3979 3360/5001 2544/3666
f 1901/2690 252/337 251/336
f 836/1171 835/1170 784/1104
f 3356/4992 4056/6280 2435/3500
f 3741/5698 1049/1472 3447/6336
f 3018/7188 2923/4286 3118/1388
f 4122/6409 2485/3578 4384/3577
f 4211/6602 4228/752 4491/7189
f 3158/4655 1823/2575 1824/2577
f 3475/5194 4064/6304 3474/5193
f 4635/7190 4492/7191 391/5341
f 4669/1181 843/1180 1507/464
f 3062/4507 1168/1632 1582/2240
f 1093/1538 863/1213 3492/2921
f 2494/3594 3259/3337 814/1145
f 2942/4316 3194/4713 3193/4712
f 1062/1488 3470/5189 1063/1489
f 4493/7192 3049/4488 3048/4487
f 3998/6186 3805/2456 205/277
f 4024/5084 2142/3051 2642/3807
f 3147/4639 2137/3045 3845/5895
f 2616/6214 3951/6095 4318/6796
f 4302/6771 2275/3256 2623/1634
f 1111/1566 1195/1679 1744/2461
f 438/604 613/854 1595/2256
f 347/5166 3159/4656 1222/5715
f 4418/1109 786/1108 3297/4893
f 3551/5336 1890/7193 3781/5773
f 2302/3297 1884/6050 2303/3298
f 199/268 1361/1908 417/569
f 4494/7194 4495/7195 4515/4793
f 1701/1505 4419/2487 1700/668
f 2846/4163 4451/7196 2847/4164
f 708/984 4069/6310 499/689
f 991/1386 3415/1385 4396/1606
f 526/727 527/728 3705/1863
f 3533/977 703/976 2454/7197
f 1971/2800 1970/2799 3013/4435
f 3364/260 4455/7198 3365/7199
f 994/1391 4224/6631 995/1392
f 526/727 1634/2792 1633/4750
f 3860/1243 3656/5527 418/575
f 4616/6793 2599/6368 3293/4889
f 1074/1508 2360/3264 4449/7104
f 2707/3912 3398/5072 3568/5372
f 3963/6120 2475/3559 3528/5297
f 4350/6453 4496/7200 4199/6579
f 123/166 1304/1748 4497/7201
f 1644/204 1716/7142 152/205
f 3523/5290 4253/6687 1026/1438
f 1233/1729 3059/4501 3629/5479
f 2861/7202 1269/4925 4498/7203
f 1273/1789 2891/1545 1098/1547
f 4211/7204 4491/507 4413/506
f 3805/2456 3998/6186 4354/6867
f 3513/5271 912/6903 443/4634
f 817/1150 896/2185 1554/2187
f 4702/2366 1303/1829 3871/5936
f 623/867 622/866 647/901
f 2528/3645 2398/3448 3243/4807
f 3839/5881 3840/5883 4445/4902
f 2877/4215 4424/7037 4541/3973
f 304/413 4699/4841 2774/414
f 2388/3430 1090/1535 4410/6999
f 4497/4547 2407/3462 2296/3289
f 4649/5965 429/589 3628/5478
f 2481/7018 3014/7020 3160/4657
f 2594/3739 3962/3690 1016/1425
f 772/1082 3072/4518 1973/2802
f 3865/5927 4499/7205 3896/5996
f 389/5340 2084/2968 2827/4120
f 4122/6409 4384/3577 4616/1035
f 2434/3499 3436/7206 2916/4274
f 4500/7207 1338/1808 1290/1807
f 4103/6366 4580/4199 984/1376
f 1520/1010 3056/4497 724/1011
f 3434/4427 3210/2039 1453/2038
f 180/3424 2384/3423 1651/2336
f 301/410 3822/5847 3221/4762
f 4405/6991 3474/5193 3499/5246
f 909/1278 4659/4004 2020/2863
f 705/981 3919/6035 1506/2114
f 4310/3218 2537/2648 1878/2650
f 1851/6408 1850/2698 1907/2697
f 549/765 4113/6391 4558/7208
f 1994/4280 640/891 1995/893
f 1081/1520 2976/4375 3327/4942
f 996/1393 3620/5469 1729/2442
f 2464/3545 716/994 181/244
f 3718/5660 2065/5910 3719/5661
f 1258/1772 888/1249 4501/7209
f 3468/750 2960/4350 517/7210
f 2540/3662 3410/7211 1697/2399
f 4096/6355 4502/7212 3169/4677
f 1477/2073 1478/2075 4114/2541
f 1991/2827 1990/2826 2154/3069
f 2295/3286 476/3288 3304/4907
f 1843/2600 3833/5865 1844/2601
f 918/1289 558/778 919/1290
f 177/238 345/473 347/475
f 3570/5376 2141/3050 2140/3049
f 2613/4617 1620/4619 4489/7213
f 2251/3216 852/1199 4350/6853
f 4223/5591 2688/3887 4432/5949
f 2316/3320 4169/5901 2317/3321
f 596/830 1334/1871 597/831
f 3975/6145 3552/5342 4636/5344
f 2805/6017 3526/5295 3908/6018
f 1195/1679 1673/3955 442/610
f 4215/5465 4214/7214 4456/4726
f 3221/4762 3822/5847 3222/4763
f 4503/7215 4504/7216 4370/7030
f 326/5431 2856/5656 162/218
f 2002/5898 3372/5023 4505/7217
f 759/1062 1004/5196 1003/5704
f 4038/6253 3331/4950 184/250
f 3686/5581 618/5583 4481/7170
f 1176/1652 1025/2053 2112/2912
f 3687/2875 3648/7218 3649/2376
f 4361/6882 3380/5045 3235/4787
f 4506/7219 3796/5984 4290/5346
f 3231/6173 3230/6829 3992/6174
f 719/1005 4312/2682 146/196
f 228/308 227/307 1150/1612
f 2088/2976 4364/2975 4447/7220
f 3843/2151 698/970 4457/7221
f 500/690 4507/7222 2547/3671
f 229/310 386/532 230/311
f 218/297 3368/5016 4336/6570
f 3723/2909 2624/3780 2049/2910
f 3043/4482 4646/3661 463/636
f 4045/6265 2071/2952 903/1270
f 2893/684 495/683 1175/1651
f 3659/5530 1501/2108 1500/2107
f 4508/7223 3757/5728 4654/7224
f 2876/4214 1407/1975 3829/6936
f 1091/1536 1881/2655 1089/1534
f 4561/1297 3584/5402 3585/5403
f 1156/7225 1155/4160 436/601
f 2968/4364 2760/4003 3320/4933
f 1737/7226 898/1264 899/1266
f 3511/5267 3711/2891 3512/5268
f 239/321 2864/4899 1607/5538
f 1318/6233 2790/4060 3419/5106
f 3880/5962 3576/5386 3577/5388
f 2517/4239 3484/5216 2518/1234
f 586/814 3150/4643 4609/4325
f 1785/2513 696/967 532/733
f 3459/5174 4687/5851 3500/5247
f 2350/3372 4176/6516 3041/3435
f 1421/1992 1420/1991 1726/2438
f 2096/2987 4690/5617 1688/2384
f 3620/5469 3650/3350 2334/3349
f 2768/2527 516/713 4222/7227
f 2985/4388 535/737 1583/2241
f 2205/6327 4673/6413 1320/7228
f 2535/3652 2610/3764 530/3653
f 2665/3849 4654/5663 2929/4994
f 4448/7229 2735/3960 4509/7230
f 169/227 4385/6938 168/225
f 272/6286 4510/7231 4090/6348
f 2290/3280 1897/2681 1896/2680
f 1386/1946 4511/7232 2958/4262
f 2635/2161 4189/6561 985/1377
f 1731/2444 1730/2443 1917/2713
f 3269/4852 3287/4881 2090/2979
f 3902/7233 969/272 4512/7234
f 2042/2895 2295/3286 2043/2896
f 2497/3598 3841/5885 2171/3091
f 3133/4618 1621/7078 1620/4619
f 2413/3469 2412/3468 3636/5492
f 148/199 3769/5758 2634/3799
f 4641/2725 4674/367 2971/1207
f 794/1148 3254/4720 815/1146
f 834/1169 1310/1963 4533/6020
f 1487/6424 3730/5679 4091/6349
f 2860/4185 2862/4187 2193/3126
f 2049/2910 313/427 1876/2647
f 2313/3317 3054/4495 2314/3318
f 2952/4338 2769/4020 2953/4339
f 2468/3550 2639/3804 2469/3551
f 3797/6508 4513/7235 4487/7182
f 1682/2378 1683/2379 3296/4892
f 3945/5649 1210/1699 4514/7236
f 1822/6971 4649/5965 3628/5478
f 4473/1495 4494/4072 4515/7237
f 1755/2476 274/2659 2302/2661
f 3372/5023 4601/3507 4505/7217
f 4516/7238 3329/790 4517/7239
f 2621/4916 3602/7240 430/590
f 4518/7241 4429/7055 4450/7105
f 3420/5109 875/1229 1523/2136
f 4519/7242 4436/1959 4524/7243
f 324/447 934/1310 933/1309
f 2447/3521 4544/6790 2005/7244
f 1351/1892 3168/4097 2885/4227
f 4166/2936 1446/2030 1448/2032
f 1941/7245 575/5786 1569/2214
f 3379/5044 2079/2962 1262/1778
f 2524/5003 3252/4823 4392/6961
f 1762/2486 2414/3472 4526/3471
f 3375/574 3860/1243 418/575
f 2210/7246 4587/2394 2220/3167
f 3219/4760 245/327 4559/4884
f 1993/2830 1992/2829 4283/6735
f 1215/1709 2830/4126 1275/1791
f 1572/6012 2176/3097 1625/7247
f 3101/4570 2822/4114 1530/2146
f 1687/2383 1686/2382 2801/4080
f 2475/3559 1085/5146 4738/3560
f 1456/2043 1455/2042 4442/7091
f 4516/7238 1318/6233 568/788
f 2899/4249 3409/6852 2900/4250
f 1265/1781 2649/1081 4520/7248
f 1550/2181 3894/5989 4423/6547
f 3966/6125 1133/1591 3378/6600
f 1486/2087 1410/1978 3730/2088
f 4521/7249 4538/5876 3617/5877
f 4522/7250 3783/3173 2225/3172
f 3117/4597 1859/4596 1858/7251
f 1515/7252 4117/1968 3791/7253
f 3569/5373 3461/5374 2676/7008
f 4176/6516 2350/3372 3535/5307
f 4523/7254 1136/1594 912/1282
f 453/624 3949/6093 454/625
f 3282/4875 3114/4590 4379/6917
f 1304/7255 2407/3462 4497/4547
f 1514/2126 4524/7256 2370/4446
f 3918/6033 4059/6295 3095/4556
f 1879/2651 1237/1735 2452/3527
f 3043/4482 4611/5029 4646/3661
f 4525/7257 2075/5900 4169/5901
f 2002/2841 2004/2843 3178/4689
f 4083/6340 4464/4898 3615/6341
f 2352/3374 2100/2993 3230/4777
f 3720/5000 4226/6633 3441/5753
f 3354/4990 3974/6144 4212/6603
f 4381/6924 4526/7258 3999/6187
f 4394/4445 3020/4444 3034/4469
f 1472/2066 1461/2049 3266/4847
f 2915/4273 3356/4992 2434/3499
f 1948/4101 1464/2056 1317/2055
f 3775/858 617/860 2478/3563
f 211/285 208/284 750/6952
f 1014/1423 1443/2027 4118/6397
f 2220/3167 4587/2394 1696/2396
f 3646/5513 4527/7259 3644/5511
f 4034/6245 3940/6074 1112/6246
f 3887/5980 3438/5132 1831/2584
f 4474/7156 3578/5391 410/560
f 877/1232 4321/1231 292/7260
f 2358/3384 2447/3521 4273/431
f 4125/5048 268/360 269/362
f 2592/3736 1932/2739 1931/2738
f 2692/3893 2430/6836 502/694
f 4555/5232 3879/5956 2514/5955
f 1612/2285 3556/5352 1613/2286
f 3588/5408 4278/6729 2305/3304
f 2967/4363 3418/5105 2968/4364
f 4528/7261 2055/2922 4447/7101
f 1303/1829 4536/6660 1304/1830
f 3913/6028 533/734 4453/7108
f 4173/6513 3987/6833 2254/3225
f 4528/7261 3744/4662 2055/2922
f 1049/1472 1048/1471 4081/6335
f 314/428 3138/2946 4560/429
f 1819/2566 1635/6404 677/2567
f 2010/4562 1341/1880 3098/4563
f 754/1057 3840/2193 222/301
f 4384/6934 1324/1857 4043/6262
f 770/1078 3970/6138 801/1126
f 1008/1413 385/531 384/530
f 4236/1820 2961/4352 4540/4351
f 2047/2901 4517/4159 3329/4945
f 2731/3948 3048/4487 3047/4486
f 3879/5956 4555/5232 4329/5233
f 316/434 3232/3491 3973/6141
f 3695/5601 1765/4358 3166/7178
f 290/391 2388/3430 4342/5596
f 163/219 3744/5701 4528/7262
f 1359/1906 3805/5816 1360/1907
f 2121/3022 2120/3021 3598/5423
f 3951/6095 3952/6096 4472/5197
f 816/1147 815/1146 2014/2856
f 468/1340 467/7263 958/1341
f 1579/2234 997/7264 4529/7265
f 3093/5229 787/1110 789/1112
f 2887/4229 3929/6059 4026/6231
f 3701/7266 4681/7267 2211/7268
f 3194/4713 2030/7269 2029/6703
f 1185/1664 2782/4047 4283/6735
f 487/1434 4419/7021 1024/1435
f 506/700 731/1021 525/725
f 3344/1703 4045/6265 903/1270
f 4305/6775 3253/7270 1807/2543
f 1606/7065 3345/4975 261/4421
f 4468/3357 2171/3091 3841/5885
f 4094/6352 2730/3946 2658/3840
f 2988/4391 3375/5034 2869/6126
f 4294/6757 218/297 4336/6570
f 1009/1414 325/448 3690/5590
f 4304/6774 1123/1516 3691/5592
f 4184/5385 4660/6101 787/1110
f 1330/1866 4365/5359 3485/5217
f 4530/7271 3154/4650 3132/3209
f 2764/7272 4090/1017 2765/436
f 1059/1485 1246/1753 3046/4485
f 3204/4732 2413/3469 3636/5492
f 2458/3535 3624/5474 3625/5475
f 3179/4691 4007/5046 4361/6882
f 4070/3363 2343/3362 3196/4453
f 848/1191 4531/7273 471/647
f 905/1272 1525/2140 4532/7274
f 4195/329 3406/5085 246/330
f 1753/6655 4234/6654 4356/3332
f 4196/1987 3708/1989 1933/2740
f 160/6540 4411/7001 1940/4369
f 3016/4439 3452/5159 3719/5661
f 519/716 2495/3595 3959/6615
f 4578/6064 4338/4397 4533/7275
f 4079/6330 818/1151 2024/2868
f 510/704 3618/5537 1722/5568
f 4420/7022 1873/2640 2456/3533
f 1199/7276 2579/3719 4662/4661
f 1938/2747 350/479 352/481
f 2320/3325 4573/7277 4534/7278
f 1511/2122 2157/5972 3538/5310
f 2697/4580 4716/885 2087/887
f 2158/2205 4259/7279 2443/6644
f 1409/1977 3338/4961 3820/5843
f 841/1178 4732/6208 4264/7280
f 3928/2263 1603/2268 2582/3722
f 636/6338 163/219 4528/7262
f 3349/4982 4064/6304 2851/4172
f 1914/2710 4097/6356 1512/2123
f 4533/7275 4338/4397 3609/7281
f 1081/1520 3327/4942 1082/1521
f 4535/7282 4359/6877 803/1130
f 1086/1529 2980/4380 3203/4731
f 592/7283 848/1191 2365/3394
f 3976/1183 1844/2601 2973/4372
f 2867/6966 336/462 4185/7284
f 1823/2575 1760/4769 4159/6490
f 1304/7255 4536/7285 2407/3462
f 4595/1504 1763/2488 1701/1505
f 595/829 1489/2093 1490/2095
f 2596/3744 4619/4148 4537/4150
f 3040/6143 1720/2428 3041/2978
f 4332/6817 4414/7006 1156/1620
f 2356/3381 590/819 2357/3382
f 3696/5602 2972/4371 3855/5914
f 2671/3860 3767/5752 4292/6754
f 2195/3128 1216/3130 1231/7286
f 4468/7287 1212/763 874/7288
f 3639/5496 3640/5498 1590/2250
f 4537/7289 2841/5252 3502/5251
f 3692/5593 4435/7077 4021/6329
f 2068/2947 1289/1806 522/720
f 3812/5829 2051/2915 3924/6045
f 1284/1800 1286/1802 2400/7141
f 292/397 2257/4200 293/398
f 505/699 4538/7290 4521/1019
f 2731/3948 3047/4486 4136/6450
f 1836/2590 1276/1792 4348/6849
f 1973/1862 1327/1861 2229/2162
f 580/805 686/951 3610/5450
f 3482/5214 2515/3626 3397/5071
f 459/632 2459/3537 4632/3536
f 847/1190 3608/5448 3271/4857
f 3059/4501 1041/6937 3629/5479
f 1759/2482 1105/3684 4695/7291
f 4538/5876 1946/4628 2800/4079
f 1167/1631 2465/3547 1168/1632
f 1302/1828 1304/1830 3910/6021
f 4422/3334 2641/3806 3883/3846
f 895/1261 3294/4890 4368/6897
f 1964/2783 816/1147 929/1305
f 4363/6886 2883/7292 3777/5769
f 3776/5768 4363/6886 3777/5769
f 1347/1887 1348/1889 2920/2665
f 1141/1600 2235/3188 1142/1601
f 606/845 1187/1291 233/315
f 2794/4068 2628/7293 3689/856
f 3624/5474 1557/2191 1399/1961
f 821/1154 3053/4494 4057/3992
f 2310/3313 4539/7294 2890/4234
f 4430/7295 1760/2483 913/1283
f 1342/1881 1343/1883 2679/3872
f 839/1175 2477/6494 310/1176
f 3693/7296 4021/6226 1417/1985
f 4001/6189 1230/1725 4540/7297
f 3238/4492 971/1357 970/1356
f 280/377 279/376 599/834
f 969/272 3902/7233 2999/6506
f 3001/4412 3607/4413 3785/7298
f 2998/4407 692/3831 1424/1996
f 2789/4059 2788/4058 4306/6777
f 463/636 1698/2400 464/637
f 3306/4910 2513/3624 3872/4911
f 886/1247 1225/3031 2914/4270
f 1636/2316 4514/483 353/482
f 1246/1753 2780/1752 3547/904
f 3628/5478 429/589 2397/3445
f 1449/2033 226/306 1944/2754
f 1939/2748 1938/2747 4121/6405
f 4541/7299 2741/7152 2504/3610
f 4107/5952 4056/6280 2340/3359
f 2564/3693 445/7300 2565/3694
f 131/174 3122/4604 132/175
f 3244/3215 1483/2081 2251/3216
f 1787/2515 2392/3439 2391/3438
f 4150/6472 1851/6408 3539/5311
f 673/7301 3400/5074 1388/5076
f 4477/7302 1799/2531 4583/6302
f 1395/1956 4429/7055 496/7057
f 2205/3143 2206/3144 3571/5377
f 2507/3613 3262/4837 253/7303
f 4542/7304 4620/6866 1601/2265
f 4409/6998 2048/7305 147/197
f 1008/7306 384/7307 4485/7308
f 4275/6725 2692/3893 3440/5134
f 1499/2106 4474/7156 410/560
f 1499/2106 410/560 409/559
f 3466/5185 4187/6164 4229/7309
f 4003/5013 4543/7310 4013/5014
f 3557/6582 3924/6045 4544/7311
f 2423/7312 4545/7313 2125/7314
f 3186/4703 4673/6413 2205/6327
f 1603/2268 3905/2270 4400/6981
f 1696/2396 3753/5718 1652/2337
f 2654/3836 140/188 139/187
f 1827/2580 3048/4487 2731/3948
f 1082/1521 3328/4943 4546/7315
f 1770/2498 2271/6470 2770/4022
f 1259/1775 2458/1774 3625/2194
f 2559/3687 1957/6026 2560/3688
f 4004/6195 4648/2734 4665/2736
f 3080/3378 3079/1479 741/1038
f 4396/6974 2314/3318 1146/7316
f 3315/4927 128/171 3435/5128
f 3460/5175 2786/2549 4547/7317
f 738/1033 151/6267 739/1034
f 785/1106 4723/1105 1297/3954
f 296/403 1395/1956 496/7057
f 3757/5728 4508/7223 283/380
f 4675/6876 1763/2488 4595/1504
f 3421/5110 4242/7318 4444/241
f 2923/4286 1746/5355 2585/3727
f 1990/2826 3567/5370 1493/2099
f 2787/4057 2953/4339 1544/2173
f 3107/4578 2556/3683 4009/6203
f 4203/6587 2445/7319 3996/6184
f 3643/5510 4548/7320 2599/3749
f 4088/5281 2418/3479 2420/3481
f 574/796 573/795 3882/5966
f 3934/6065 4301/6770 3293/4889
f 3610/5450 688/953 1287/1803
f 3333/2980 3831/1677 3334/7321
f 3623/5473 4133/6441 3143/4633
f 916/6918 4379/6917 4549/7322
f 3847/7323 2002/2841 3178/4689
f 4621/5830 4550/7324 3453/2913
f 3787/799 576/798 4658/676
f 4163/7325 3064/4509 4245/2727
f 4120/6402 4123/6410 1576/2229
f 3882/5966 3922/6041 1293/6298
f 1444/4392 2988/4391 2869/6126
f 4260/6697 1155/4160 979/1370
f 3007/382 1633/4750 4551/7326
f 3007/7327 4551/7328 262/7329
f 3184/4700 4261/6698 1062/1488
f 4484/7174 2131/6412 3529/5298
f 852/1199 854/1201 4496/5150
f 3604/4976 758/1061 4574/1962
f 1579/2234 4529/7265 2689/3888
f 1506/2114 3919/6035 917/6888
f 548/7330 4452/7107 4112/3859
f 2489/3589 3561/5363 2490/3590
f 3491/5228 817/7331 3837/5226
f 1386/1946 1634/2314 4511/7232
f 1451/5781 3946/6088 4069/6087
f 3641/5667 4282/4897 3299/4896
f 2032/2881 1319/1852 362/492
f 4009/6203 4307/6205 3524/5292
f 4055/6279 3568/5372 2516/5371
f 1628/804 3051/4490 580/805
f 2603/3753 3555/6294 1041/1463
f 2313/3317 2297/3290 4563/4749
f 687/7332 3001/4412 3785/7298
f 4138/6454 3811/5894 3846/5897
f 3381/5047 724/1011 3240/4800
f 3915/6030 3075/4525 3074/4524
f 4552/7333 2270/3250 1032/1447
f 3260/7334 3087/7335 3013/4435
f 4212/3715 4610/6235 1699/2401
f 4519/7242 1398/1960 4436/1959
f 3348/4980 2219/5628 4553/7336
f 3355/4991 3712/5639 1910/2703
f 172/233 1653/232 831/1166
f 4132/7337 2774/4028 695/4029
f 3005/2702 1909/2701 4499/3414
f 937/6656 939/1315 3412/5095
f 2496/3597 4179/6524 1956/2773
f 1297/1819 4723/7338 2683/3879
f 3488/5222 3910/1747 123/166
f 1646/5080 1383/1939 2840/4147
f 4554/7339 2575/4141 4555/5232
f 2514/3625 4554/3627 4555/7340
f 4053/6972 579/802 578/801
f 2388/3430 3424/7000 4342/5596
f 2185/7066 374/517 3202/4728
f 3868/5932 4258/6694 434/596
f 3773/5765 4500/4565 3099/4567
f 3759/5600 2234/3186 3760/3187
f 2556/5482 3457/5171 4010/5170
f 1558/2192 3365/5011 4214/6609
f 3529/5298 1066/1494 4315/6859
f 2858/4182 3869/5934 3358/4998
f 3122/4604 3986/6160 4027/4605
f 3945/7341 4663/7342 4556/7343
f 3936/6068 3937/6069 3958/6108
f 647/901 622/866 2991/4396
f 1266/1782 2311/3314 2312/3316
f 4021/6226 4435/7344 3015/5077
f 256/2480 1757/2479 257/7345
f 1272/4449 137/7346 503/695
f 4437/7081 3908/6018 996/1393
f 109/144 92/119 99/129
f 109/144 99/129 100/7031
f 4427/7052 2231/3182 615/857
f 3325/4730 1886/2664 4734/2666
f 2936/4309 424/581 423/580
f 2953/5249 3024/4452 3023/4451
f 3380/5045 3360/5001 3235/4787
f 2248/3210 1094/1539 1104/1556
f 3310/4915 4708/817 588/816
f 743/1044 3911/3120 4557/7347
f 1468/2060 1467/2059 1858/2624
f 2975/4374 3327/4942 2976/4375
f 874/1228 4558/7348 875/1229
f 4461/7134 4559/7349 1220/1715
f 4002/6190 2289/3279 4323/2942
f 3437/7024 4736/3529 3438/7350
f 4560/7351 3138/4624 2515/3626
f 3205/4733 4459/6912 945/1322
f 3697/2865 2021/2864 4561/7352
f 3914/5234 4250/1279 909/1278
f 4366/6892 3035/4471 3939/6073
f 3988/6162 2759/6269 2415/4801
f 823/1156 3382/5051 3354/4990
f 4466/2880 858/6040 4579/1850
f 2530/7160 1229/1724 4095/1726
f 4000/6188 1230/1725 4001/6189
f 4448/7229 4509/7230 4232/7353
f 3079/1479 1054/1478 741/1038
f 627/871 4368/2186 2680/3873
f 1844/6665 3976/6146 4210/6599
f 2171/3091 664/920 2497/3598
f 3365/5011 4455/7111 4214/6609
f 1593/2237 1580/2236 4367/5040
f 1648/2332 4502/6170 3715/5652
f 730/1020 3616/5460 1621/7078
f 1950/4337 4198/6578 3388/5057
f 4177/4920 1184/1663 2344/6546
f 613/854 2366/721 523/723
f 3721/5665 1880/5857 3722/5666
f 4168/7354 1626/2282 3223/2281
f 3754/4480 4683/4139 1911/2707
f 3424/5113 937/6656 4343/7355
f 3048/4487 2323/3330 4493/7192
f 3901/6001 3961/6116 3554/5349
f 4646/3661 1697/2399 463/636
f 3311/4917 2124/3028 3030/3027
f 3411/2644 4150/6472 3539/5311
f 4167/2937 1448/2032 4251/5808
f 3445/7356 3519/2555 2773/2557
f 4550/986 711/988 4640/2397
f 3744/4662 3573/1467 1046/1469
f 3894/5989 1081/1520 1024/1435
f 612/853 4314/6788 4224/6631
f 3396/3017 392/540 2126/3032
f 1560/1548 3175/1550 2074/4289
f 3308/4913 1200/1685 1202/1687
f 1150/1612 1182/1660 2121/3022
f 4553/6259 4372/2781 809/6260
f 3292/4888 2959/4349 1473/2068
f 2290/3280 1736/6166 2330/3343
f 2542/3664 926/1302 1999/2838
f 133/176 763/505 4005/6196
f 1825/2578 2849/4170 2851/4172
f 4243/6672 1083/1522 2941/4315
f 4190/6566 2503/3609 2472/7014
f 2723/5165 3283/4876 453/624
f 2690/3889 2691/3890 644/6385
f 4537/7289 3502/5251 2881/6782
f 4395/3220 61/80 971/6219
f 1637/6430 427/585 426/584
f 4123/7086 2288/3278 4141/6457
f 2481/7018 3160/4657 3159/4656
f 2385/3427 3256/5007 2386/3428
f 4562/7357 1769/2497 2402/5672
f 2257/3228 2983/4385 1798/2530
f 128/171 4370/7030 129/172
f 2258/3229 1278/1794 4277/6728
f 3050/4489 1768/2495 567/787
f 2379/3418 3490/5992 2380/3419
f 4298/1065 2242/3195 733/3196
f 3301/4903 1573/2220 3302/4904
f 3639/5496 3553/5348 4593/6177
f 4502/6170 4347/7358 2661/527
f 2872/4205 235/4204 234/5741
f 433/594 4420/7022 2456/3533
f 1435/2011 2135/3042 2325/3335
f 3798/5968 2554/3680 3163/4664
f 4563/7359 3669/5657 3714/5658
f 1249/1759 3189/4708 2128/3034
f 2074/7360 3175/4686 3593/5413
f 1282/1798 1191/5571 1283/1799
f 3466/5185 2436/3502 3465/5184
f 3865/5927 3005/4419 4499/7205
f 2602/3752 1267/1783 1266/1782
f 2745/3979 3235/4787 3360/5001
f 875/1229 4558/7348 3839/5881
f 3411/2644 3309/5287 4150/6472
f 2147/3058 3596/4142 4394/6967
f 3722/5666 1880/5857 2617/3772
f 3781/7361 1890/2671 2999/6506
f 1547/2177 548/2179 1212/7362
f 1204/5650 3648/5585 3875/5540
f 2337/3353 1347/1887 1564/2203
f 4227/6638 1720/2428 1580/2236
f 1825/2578 1827/2580 2732/3949
f 3472/5191 4376/2267 3470/5189
f 4564/7363 3155/7364 298/7365
f 309/420 4085/6343 3312/2063
f 1942/2752 3689/856 4303/6773
f 2808/3185 2233/3184 4217/6616
f 4427/7052 3498/3633 4064/7120
f 134/757 545/759 3026/4456
f 3466/5185 4229/7309 2701/5610
f 2792/4063 4596/177 135/179
f 4565/7366 3355/4991 3815/4520
f 1075/1509 1074/1508 4748/5727
f 2569/3701 1682/2378 786/1108
f 2557/3685 2415/3474 2759/4002
f 3978/2064 1472/2066 3266/4847
f 1469/2061 1914/2710 1470/2062
f 3089/4544 4682/6442 3877/5948
f 3127/4610 3027/4457 3125/4608
f 2735/3960 4566/7367 4509/7230
f 2531/3648 2530/3647 2178/3101
f 2061/2930 4237/3767 2614/3769
f 2038/2887 1097/1544 2039/2888
f 2706/3911 3502/5251 3398/5072
f 2312/3316 4567/7368 4390/5826
f 3846/5897 3030/3027 4139/6455
f 351/7369 3722/5666 3038/5748
f 2463/3541 1774/2502 3050/4489
f 2738/3964 3747/4287 327/451
f 590/819 635/884 2357/3382
f 4321/7370 2983/4385 2257/3228
f 2045/2899 1055/4660 2046/2900
f 736/1031 456/628 735/1030
f 1926/2730 484/664 453/6339
f 1009/1414 3690/5590 1010/1415
f 1269/1785 1271/1787 4498/5258
f 3250/5745 3764/5744 4223/6629
f 1588/2248 1590/2250 4171/6509
f 3746/5703 1056/1481 1058/1483
f 3850/7371 1546/2041 3750/5708
f 4435/5682 3731/5681 4331/6815
f 2610/3764 2609/3763 4568/7372
f 3826/5855 2217/3162 4569/7373
f 1510/2120 3837/5873 1260/1776
f 656/912 658/914 3930/6060
f 3582/7048 2062/2931 4672/4996
f 707/5782 1451/5781 4069/6087
f 1308/1834 1835/2589 3934/6065
f 773/1087 2000/2839 2001/2840
f 4141/3385 4378/6916 1029/1441
f 398/7374 3603/5438 3234/7180
f 3329/790 829/1163 2045/6931
f 4485/7177 3733/7375 3732/3287
f 3545/5320 738/1033 737/1032
f 1084/1526 922/1295 2409/3004
f 4570/7376 4571/7377 624/7378
f 1779/4233 2577/3716 3161/4658
f 2366/3397 2367/3399 4130/7379
f 1005/1408 153/206 329/453
f 4011/6206 4018/6223 4017/6222
f 865/1215 2993/4399 866/1216
f 938/1314 3153/4647 3033/4466
f 392/540 1331/1867 2126/3032
f 783/3134 4478/6312 2895/4244
f 1758/7380 4320/4134 4185/6545
f 2820/4112 378/521 2309/3311
f 138/185 1342/1881 1805/2539
f 4420/2462 1112/1567 1111/1566
f 3187/4704 4366/7381 3802/5811
f 3680/5566 4577/6167 4072/6314
f 1946/2760 489/673 3445/6930
f 2204/4944 2479/3565 3808/3564
f 990/1384 4116/7045 4345/3025
f 3262/5497 4593/6177 3994/6179
f 608/847 607/846 2262/3236
f 4063/4842 785/1106 4590/3953
f 1153/1617 2699/3902 1154/1618
f 4055/6279 2707/3912 3568/5372
f 1375/2291 1575/2226 3851/1972
f 158/212 1997/2835 1996/2834
f 767/7382 4187/6555 910/6554
f 918/1289 556/776 558/778
f 2904/4255 1962/2853 2675/3868
f 1754/2475 1755/2476 1017/6118
f 2806/4087 2807/4088 3864/295
f 1594/2255 2587/3729 2586/3728
f 4126/7383 2095/7384 2841/5252
f 2898/4248 2647/5119 4475/7158
f 1269/4925 4367/5040 1721/2429
f 856/1204 1064/1491 3134/4620
f 3621/5470 2073/6119 4572/7385
f 2503/3609 4541/7299 2504/3610
f 3431/5124 258/345 518/715
f 2461/3539 3587/5421 3606/5445
f 1979/2811 4567/1429 1019/1428
f 4405/1338 3442/5138 956/1336
f 1033/1451 680/944 3369/1452
f 3121/4602 3127/7113 3618/5537
f 2592/5418 3516/5274 1932/6854
f 316/434 3973/6141 805/1133
f 3585/5403 214/291 2195/3128
f 3198/4721 542/749 3389/751
f 3577/5388 4286/5387 4573/7386
f 3605/5444 3604/5443 4574/7387
f 3761/5734 2945/4320 712/989
f 375/518 377/520 1275/6921
f 3020/4444 2565/3694 445/7300
f 184/250 1076/1510 4038/6253
f 1793/4425 1919/2715 1792/7185
f 3368/5016 894/1260 4160/6571
f 915/1285 3383/5052 4115/6394
f 3833/5865 3941/6075 1844/2601
f 2957/4344 2882/4223 2535/3652
f 4502/6170 2661/527 3715/5652
f 799/1124 798/1123 962/7388
f 1306/1832 2934/4307 1849/2610
f 1508/2118 1510/2120 2079/2962
f 400/3603 1879/2651 2452/3527
f 2738/3964 327/451 2339/3356
f 1654/2339 1656/2341 3129/7389
f 172/233 833/1168 953/1332
f 2268/3247 2566/3695 157/211
f 3306/4910 1490/2095 2513/3624
f 2094/2985 2328/3341 3663/5539
f 1533/2153 3967/2152 4152/1387
f 1240/1739 4076/3208 1452/2037
f 1380/1936 3100/7390 4203/4417
f 3267/366 857/1205 2971/1207
f 4575/7391 4576/7392 1675/2365
f 3519/2555 2545/3668 1815/2556
f 1156/1620 4414/7006 1157/1621
f 540/745 3505/744 4242/7318
f 2125/7314 1223/1718 1225/1720
f 4541/3973 4424/7037 2586/3728
f 4234/6654 2107/4402 4340/6837
f 4577/7393 1651/2336 4073/5321
f 1789/2519 4398/6976 4119/7394
f 4439/7085 1076/1510 1088/1533
f 4146/6464 2469/3551 1655/2340
f 1113/1568 4105/6369 1114/1569
f 4004/6195 4665/2736 3495/5066
f 2324/3333 595/829 2640/3805
f 2538/3659 1479/2076 252/7395
f 3613/6713 838/1174 3704/1173
f 3471/7396 742/1040 3472/1039
f 3502/5251 3503/5253 3398/5072
f 4104/6367 643/896 2070/275
f 2093/2984 980/1372 2327/3340
f 4752/6319 3248/4817 4623/7397
f 4448/7229 2734/3959 2735/3960
f 646/900 648/902 4006/6198
f 4052/5724 795/5723 2216/3160
f 3557/6582 1642/2324 3812/5829
f 2137/3045 3548/5328 4285/6738
f 2968/4364 3418/5105 2758/4001
f 3412/2643 513/710 512/709
f 1310/1963 4578/7398 4533/6020
f 4028/6236 1359/1906 341/468
f 4029/6237 4028/6236 341/468
f 831/6863 1653/2338 4353/6864
f 2610/3764 4568/7372 3336/4959
f 3791/5792 4117/6396 144/193
f 832/1167 3752/4986 4074/6317
f 2757/3998 4591/4789 1947/2761
f 131/174 2612/3766 3122/4604
f 3283/4876 161/217 3949/6093
f 858/1208 860/1210 4579/7399
f 4037/6252 2867/4194 4185/6545
f 2379/3418 2378/3417 1944/2754
f 1251/1764 4024/5383 2725/3936
f 3220/4761 1639/2320 3001/4412
f 3220/4761 3001/4412 687/7332
f 4472/5197 3952/6096 819/1152
f 3904/6010 3285/4878 1904/2693
f 4545/3484 3089/4544 1223/7400
f 739/1034 3635/5489 1542/1691
f 2841/5252 2095/7384 2073/6119
f 3181/4694 3128/4611 1656/4613
f 3546/2821 2232/3183 1555/2188
f 3166/7178 3960/6114 3695/5601
f 876/1230 877/1232 671/7401
f 4250/1279 3914/5234 3480/7402
f 298/1342 3155/4651 959/1343
f 790/1114 3631/7403 4570/7376
f 2055/2922 1046/1469 1248/1757
f 4168/1492 3223/4765 1065/1493
f 1934/2741 1933/2740 3368/5016
f 3428/6248 3761/5734 712/989
f 413/563 1075/7404 3756/3447
f 2360/3264 1073/1507 3538/5310
f 3707/5366 4030/4197 3112/4587
f 3162/4659 3678/5563 3002/4414
f 318/438 321/443 320/442
f 1797/2529 4580/7405 4103/7406
f 1343/1883 2724/3088 2679/3872
f 3246/5694 3921/5693 3289/4883
f 4069/6310 4581/7407 500/690
f 528/729 3336/2785 4568/7408
f 3111/979 528/729 4568/7408
f 1278/1794 4446/7097 1276/1792
f 3531/5300 4408/6995 1542/1691
f 2285/3271 822/1155 396/544
f 4176/4479 3326/4941 3040/4477
f 2306/7409 13/14 4395/3220
f 2210/7246 2220/3167 2728/3941
f 3766/5750 1456/2043 4442/7091
f 354/622 4514/7236 452/623
f 882/1240 2870/3299 2799/4076
f 2536/3654 1984/2817 2957/4344
f 2194/3127 375/518 3044/4483
f 3322/4936 4606/7410 2306/6932
f 4494/4072 4473/1495 3663/5539
f 4017/6222 1303/1829 4011/6206
f 4183/6523 315/433 3792/435
f 4380/3542 1068/5243 1385/7411
f 3503/5253 2073/6119 3621/5470
f 2182/3105 4680/393 2373/4810
f 271/364 2517/4239 3430/5121
f 804/1131 2702/3906 1069/1132
f 486/353 263/352 1674/6052
f 875/1229 3839/5881 4445/4902
f 4356/3332 4340/6837 2324/3333
f 862/1212 1581/2239 4289/6112
f 2648/3819 1531/691 3912/3820
f 2440/3506 4582/7412 4601/3507
f 488/671 4534/3983 4573/672
f 4485/7413 384/530 3733/4946
f 1623/2300 2399/3449 2630/3793
f 4421/7414 4422/3334 3883/3846
f 1660/2347 3724/5742 480/4210
f 4583/7415 3765/5747 1229/1724
f 3736/5687 3710/7416 3126/4609
f 1394/1955 1393/1954 318/438
f 73/93 121/2988 74/94
f 2157/5972 780/1098 3538/5310
f 4449/5961 2360/3387 2359/3386
f 280/377 1866/2632 2670/3857
f 3849/5904 280/377 2670/3857
f 2127/3033 4244/6673 2570/3703
f 3810/5022 1865/2631 3152/2964
f 736/3062 2291/3281 2378/3417
f 2241/3194 1095/1540 3966/761
f 105/138 2693/3895 90/116
f 4564/4901 2144/3600 3155/3602
f 2054/2919 572/793 2473/3555
f 189/255 188/254 260/347
f 2707/3912 2706/3911 3398/5072
f 2495/3595 2115/3012 1084/3161
f 4213/4727 1047/1470 1049/1472
f 273/370 3971/3396 274/371
f 1381/1937 1630/2308 1382/1938
f 2518/1234 3484/5216 878/1235
f 3579/5392 2713/3920 1475/5019
f 2278/5103 3960/6114 4486/7179
f 447/4467 3020/4444 445/7300
f 510/704 1722/5568 511/705
f 2320/3325 3577/3326 4573/7277
f 4082/4256 663/919 662/918
f 2181/3104 207/279 206/278
f 765/1072 3969/6137 1409/1977
f 2155/3070 4218/6617 4542/6158
f 2637/3802 4474/7156 1499/2106
f 1759/2482 336/462 335/461
f 4043/6262 1325/1859 4238/6650
f 3942/6079 3862/5923 3863/5924
f 3327/4942 3328/4943 1082/1521
f 549/765 4558/7208 874/7288
f 746/1048 673/7301 747/1049
f 4422/3334 2324/3333 2641/3806
f 4213/4727 1049/1472 3741/5698
f 1206/1692 3258/4832 675/934
f 4224/4152 4584/7417 4585/7418
f 4002/7419 1734/2448 1736/2450
f 1468/2060 193/262 1466/2058
f 2770/4022 2271/6470 3850/4023
f 1965/2784 325/448 1009/1414
f 4054/6278 2705/3910 2707/3912
f 3788/5788 2523/3639 2764/4013
f 4649/5965 3432/5125 429/589
f 715/993 629/7420 182/245
f 1842/2598 1256/1770 1352/1893
f 4269/4009 1191/1673 1193/1675
f 2804/4083 3782/5774 2805/4084
f 3353/4989 4708/817 4586/7421
f 4368/7422 3294/6381 2149/3060
f 3730/2088 1410/1978 3820/5843
f 4018/6908 2734/3959 4448/7229
f 3892/5987 3598/6003 3813/5831
f 3012/4433 2127/3033 2570/3703
f 3206/966 4087/6345 3167/4669
f 4002/7419 4323/6804 1540/2165
f 2527/3331 2323/3330 1827/2580
f 4237/6663 3133/4618 2613/4617
f 338/465 1507/464 843/1180
f 4272/6716 3279/4870 3443/5143
f 2118/7131 3206/966 1710/4671
f 2837/4143 3596/4142 2147/3058
f 2534/3651 2037/4783 2422/7164
f 1905/2694 1119/1576 604/5815
f 4096/6355 4347/6847 4502/7212
f 2041/2894 3070/4516 2845/4161
f 1627/2305 4089/6347 3523/5290
f 4581/6089 4507/1661 500/7423
f 4329/5233 2575/4141 2837/4143
f 2344/6546 1891/2672 4523/7254
f 2622/3777 3590/5410 4221/4066
f 3713/5640 2489/3589 2491/3591
f 3096/7181 1427/1416 355/485
f 3387/6559 2364/3392 4705/5356
f 336/462 1758/2481 4185/7284
f 643/896 4104/6367 961/1345
f 4539/5093 3265/4845 706/982
f 1857/2622 2985/6130 2035/2884
f 2779/4041 1799/2531 4477/7302
f 4495/7195 3237/4794 4515/4793
f 1084/1526 795/1120 922/1295
f 3414/2206 4557/2604 1565/2204
f 2219/7424 3801/7425 2218/7426
f 4095/1726 4000/6188 2659/3841
f 243/325 1427/2001 4656/1805
f 252/7395 1479/2076 1480/2078
f 288/389 287/388 3987/6161
f 2185/7066 3202/4728 4374/6915
f 3058/6740 565/785 2529/4581
f 688/953 2888/4231 1288/1804
f 1790/2520 2054/2919 2473/3555
f 3422/5111 2108/3464 2408/3463
f 1517/2130 4587/7427 2209/3147
f 1517/2130 2209/3147 1419/1990
f 4367/5040 1269/4925 2861/7202
f 635/884 1221/1716 3172/4683
f 1782/2510 1781/2509 2830/4269
f 3555/6294 753/1056 2186/3113
f 972/1360 2734/3959 979/1370
f 1153/1617 499/689 2698/3901
f 1641/2323 282/379 569/789
f 3298/7428 3677/5562 3748/5706
f 4531/7273 3243/6768 471/647
f 2236/3189 1219/1714 2237/3190
f 3313/4921 3814/5835 950/1329
f 2254/3225 279/376 1574/5757
f 3054/7429 3874/5942 3055/5426
f 3349/5515 1528/2143 4427/7052
f 1133/1591 1135/1593 2197/3131
f 2380/6044 1750/2471 2964/4356
f 4187/7430 767/1075 4306/4951
f 4406/6487 402/551 3942/598
f 4376/2267 4459/7130 710/987
f 4619/4148 1128/1585 4126/4603
f 4595/1504 3497/6743 4675/6876
f 281/378 829/1163 569/789
f 1776/7431 4270/6714 1792/2522
f 254/341 3841/5885 2497/3598
f 1476/2071 3371/7432 3729/5678
f 1027/3214 2250/3213 2687/3885
f 2895/4244 2198/3132 783/3134
f 4175/6515 4408/6995 3530/5299
f 2124/3028 4053/7433 578/6753
f 3417/5104 3080/4533 2593/3737
f 3307/4912 1712/2419 1713/2421
f 4064/6304 3475/5194 2851/4172
f 3957/6106 702/7434 3533/5305
f 3774/4294 3572/5378 3275/4052
f 2037/4783 2533/3650 2038/5525
f 3733/4946 229/310 4235/6661
f 1797/2529 1796/2528 240/322
f 3376/5035 1579/2234 1578/2233
f 3595/1560 2462/3540 1106/1561
f 3796/5984 772/7435 2508/7436
f 3173/5878 1291/1809 1484/2082
f 3816/1822 269/362 3141/4630
f 2132/3039 268/1511 186/252
f 4588/7437 2113/3010 570/791
f 3431/5124 1961/2778 1962/2779
f 3568/5372 3398/5072 898/1264
f 846/1187 2992/4398 466/639
f 1920/2719 1921/2721 2031/2878
f 2759/6269 3988/6162 4048/6270
f 220/299 1280/1796 221/300
f 1689/2386 936/3409 2372/3408
f 2905/3426 3013/4435 1970/2799
f 2286/3274 4247/3273 4005/6529
f 3359/4999 3358/4998 2631/3796
f 1667/2355 1666/2354 2381/3420
f 4543/7438 1496/2235 1593/2237
f 2278/5103 2160/3078 3960/6114
f 876/1230 1312/1841 756/1059
f 2327/3340 3341/4966 2328/3341
f 4458/6475 4589/7439 2256/3227
f 4409/6786 4313/6785 3291/2906
f 2365/3394 848/1191 2625/3782
f 2241/3194 2981/4381 477/656
f 2015/2857 2014/2856 815/1146
f 3274/4862 3276/4864 3567/5370
f 3140/6831 4726/954 2462/3540
f 4583/7415 4590/7440 3765/5747
f 2782/4047 4067/7441 4283/6735
f 2593/3737 2592/3736 3123/4606
f 2724/3934 1201/1686 1200/1685
f 2877/4215 1594/2255 4424/7037
f 421/578 2410/5078 2347/6996
f 284/381 4718/383 527/728
f 3175/4686 3174/4685 3593/5413
f 4430/7295 1806/2542 3685/5574
f 4358/2516 4270/6714 1776/7431
f 1031/1446 4591/7442 3391/4583
f 1649/2334 1031/1446 3391/4583
f 1699/2401 4029/6237 341/468
f 840/1177 4732/6208 841/1178
f 987/1381 469/5578 3323/4768
f 371/513 4298/1065 628/514
f 2214/3156 3667/5546 4471/6553
f 635/884 634/883 1221/1716
f 1004/1407 1644/204 1005/1408
f 2398/3448 2528/3645 414/564
f 3245/4814 2876/7443 2283/7444
f 2408/3463 4592/7445 3241/4803
f 1539/7051 4053/7433 2124/3028
f 4161/4858 1548/2178 1547/2177
f 1442/7446 2576/1115 2906/3702
f 1997/2835 4204/6589 3770/5759
f 1997/2835 3770/5759 2918/4276
f 3444/7447 4501/7209 3403/5081
f 4593/7448 1547/1704 1213/1706
f 2862/4187 4676/7073 376/519
f 306/416 504/697 307/417
f 584/812 3729/5586 585/813
f 4474/7156 2637/3802 285/384
f 4474/7156 285/384 2228/7157
f 3822/7449 3393/5065 3394/5067
f 3780/5772 3227/4784 4603/3697
f 1582/2240 861/1211 1092/1537
f 2811/4094 4148/6468 4644/5140
f 204/276 2981/4381 203/274
f 2814/4103 3069/4514 2351/3373
f 1990/2826 3566/5369 3567/5370
f 4327/6049 2669/3856 139/3858
f 894/1260 4594/7450 4160/6571
f 4467/7451 2052/4418 3006/4420
f 3134/4620 1535/2155 1893/2674
f 3411/2644 3539/5311 3923/6042
f 3697/5603 925/1299 988/1382
f 2587/3729 1429/2003 2588/3730
f 3802/5811 4366/7381 3803/5812
f 4229/3903 1349/7452 2700/3904
f 4694/5891 1860/2626 1862/2628
f 1204/1689 3714/5658 3930/6060
f 1517/2130 1695/6802 4587/7427
f 250/6522 3053/357 267/359
f 4595/7453 4487/7182 4513/7235
f 2850/4171 3387/5056 4705/6846
f 4676/7073 4192/6568 376/519
f 3018/2225 3025/2790 1575/2226
f 2842/4151 4585/7418 432/593
f 1400/1964 834/1169 836/1171
f 2942/4316 2030/7269 3194/4713
f 2448/3522 4327/5218 4165/6500
f 1222/1717 1519/2132 339/466
f 3230/4777 2100/2993 3148/4640
f 1828/2581 1466/2058 1829/2582
f 922/1295 923/1296 2409/3004
f 3346/4977 1334/1871 1333/1870
f 3033/4466 1257/1771 4151/6473
f 2390/3436 2978/4378 2980/4380
f 956/1336 4026/6231 183/1337
f 4119/6399 4608/4515 3345/4975
f 3020/4444 447/4467 3034/4469
f 4596/7454 4241/7455 864/7456
f 1133/1591 1589/2249 2159/3077
f 4706/2642 4697/2641 442/7457
f 4597/7458 632/881 3866/5929
f 761/873 2336/3352 629/874
f 1337/7459 1338/1808 4500/7207
f 3313/4921 2047/2901 3814/5835
f 3829/5859 1129/1586 1358/7099
f 1741/2457 1742/2459 2625/3782
f 2511/3620 4153/6479 2512/3621
f 4106/6370 178/239 339/466
f 3937/6069 4447/7220 3082/4536
f 923/1296 1689/2386 2372/3408
f 1732/7012 422/579 2571/3705
f 2949/1574 2221/3168 2192/3124
f 2638/3803 1498/2105 3688/5587
f 4089/6347 3978/6149 3523/5290
f 878/1235 3484/5216 1516/2129
f 833/1168 172/233 831/1166
f 4311/6783 4028/7460 3672/5555
f 3734/5685 4235/653 476/655
f 4299/5430 4739/5264 157/211
f 3799/5804 966/1352 3827/5856
f 3225/2484 806/6290 1708/2413
f 1045/1468 2905/3426 1970/2799
f 2195/3128 1231/7286 4049/6272
f 4598/7461 4023/2344 4426/7042
f 3476/5598 1183/1662 4507/1661
f 3926/7462 2896/4245 2454/351
f 1622/2299 4260/6697 979/1370
f 1695/2395 3192/4711 1629/2307
f 297/406 299/408 3569/5373
f 4599/7463 3626/5476 2864/4189
f 3656/5527 2750/6823 2606/3758
f 4335/6821 1763/2488 4675/6876
f 1816/2562 1440/4957 4479/7166
f 1709/2415 1252/1765 3251/4822
f 2573/3707 3897/5997 3909/4085
f 1130/5058 638/889 637/888
f 4600/7464 2856/5656 326/5431
f 3898/5998 3222/3940 2804/4083
f 2018/2861 2729/3945 2019/2862
f 2947/5240 1937/2745 4280/6732
f 4601/7465 4582/5635 4505/3202
f 1442/2025 3666/2024 1177/1653
f 2391/3438 3780/5772 1787/2515
f 2743/5437 2917/4275 4393/6724
f 1705/2409 1000/1399 1704/2407
f 3868/5932 4472/7154 4258/6694
f 4692/2686 4691/5061 457/630
f 224/304 973/1362 225/305
f 4602/7466 276/373 1687/2383
f 330/1761 1250/1760 1855/2619
f 1496/2103 4543/7310 1497/2104
f 3319/4931 1476/2071 291/394
f 3731/5681 4014/6212 4015/6213
f 2489/3589 2591/3735 3884/5432
f 4549/3742 2595/3741 166/223
f 3180/2873 3097/5544 2710/3916
f 1679/2373 1680/2375 2948/4328
f 1391/1952 1390/1951 2921/4282
f 3290/4886 3357/4993 3818/5840
f 2199/3135 2148/3059 4394/6967
f 2672/3864 1366/1914 3531/5300
f 3072/3844 4265/6706 1326/1860
f 4444/7095 2383/3422 180/3424
f 329/4572 300/409 302/411
f 4603/7467 3227/4773 650/1351
f 3524/5292 3107/4578 4009/6203
f 4289/6112 4604/7468 862/1212
f 1817/2564 2202/3140 2180/3103
f 3354/4990 4212/6603 473/3446
f 1694/2393 1709/2415 213/6678
f 1192/1674 2645/3811 1193/1675
f 810/1141 212/3813 811/1142
f 2529/3646 2531/3648 3058/4500
f 3901/6001 3554/5349 1738/2453
f 4536/7285 4019/3460 2407/3462
f 4338/7469 4337/2201 3609/5449
f 148/199 2634/3799 1002/826
f 2248/3210 1104/1556 3224/4766
f 4569/7373 2066/2935 3991/6172
f 2329/3342 2410/5078 420/577
f 2404/3455 237/319 2405/3456
f 2467/3549 306/416 2435/4382
f 4605/7470 4606/7471 4607/7472
f 3928/2263 1601/2265 1604/2269
f 1561/2198 2842/4151 1562/2199
f 2368/1635 2275/3256 2274/3255
f 4308/3239 4310/6115 2263/3237
f 4119/7394 4398/6976 4608/7473
f 2991/6825 622/215 3384/5053
f 4094/6352 11/7474 4401/6983
f 2692/3893 502/694 3440/5134
f 217/296 4196/1987 1933/2740
f 3736/5687 3735/5686 4710/2606
f 2546/3588 130/173 2470/3552
f 236/318 1121/1578 1120/1577
f 4467/7146 552/769 2052/771
f 3341/4966 2796/4071 2328/3341
f 2432/3497 2620/3775 3674/5557
f 1680/2656 2722/3932 1882/2657
f 756/1059 755/1058 2983/3786
f 1549/2180 2990/4395 3739/5696
f 3684/5573 3867/5930 3662/5534
f 3269/4852 3467/5186 3287/4881
f 614/855 2231/3182 1527/2142
f 2341/3360 614/855 1527/2142
f 1764/2490 1937/2745 3166/4668
f 462/635 4383/6927 524/3726
f 2852/4174 3093/5229 3171/4175
f 2027/6263 4043/6262 4238/6650
f 3655/5524 1864/2630 210/283
f 223/7475 1299/1824 4041/1826
f 4013/6210 1592/2253 2429/2414
f 1618/2295 3509/5265 1619/2296
f 1935/2742 4025/6230 4039/6254
f 3114/4590 4387/6946 4379/6917
f 1941/7245 1083/1522 4243/6672
f 959/1343 3156/4652 2553/3679
f 4680/393 584/395 4609/7476
f 3541/5313 3274/4862 3567/5370
f 1779/4233 3161/4658 372/515
f 2601/3751 2873/4206 2872/4205
f 2301/4065 3426/7477 1017/6118
f 457/630 1948/2762 458/631
f 4088/7478 4087/4737 3199/4722
f 143/191 3901/6001 1738/2453
f 1982/2814 908/3125 4250/6683
f 872/1226 3283/4876 2723/5165
f 425/583 4661/3952 426/584
f 1678/2371 2277/3260 3447/6336
f 1421/1992 1726/2438 1518/2131
f 2239/3192 1291/1809 1338/1808
f 708/984 499/689 1153/1617
f 3691/5592 1125/7076 3692/5593
f 2000/2839 2581/3721 1960/2777
f 2480/3568 3790/3567 652/907
f 142/190 141/189 2215/3159
f 2569/3701 2717/3926 1682/2378
f 2927/4296 2928/4297 3067/4512
f 3693/5594 1417/6445 1640/2321
f 2526/1196 851/1198 2266/3244
f 3565/5368 882/1240 312/426
f 4610/7479 3672/5555 4028/7460
f 1949/2763 3653/5522 4681/7480
f 2752/459 333/458 4611/7481
f 3826/5855 4569/7373 1883/2658
f 2058/2926 3217/4755 1263/1779
f 3963/6120 411/561 3481/5390
f 883/1242 2750/6823 3656/5527
f 4441/7047 3004/4416 2062/2931
f 4612/7482 4613/7483 1372/1920
f 3514/5272 201/270 200/269
f 1328/1864 3204/4732 1329/1865
f 4019/7484 4018/6908 4448/7229
f 4614/7485 4615/7486 1840/7487
f 2400/3450 2817/3828 2399/3449
f 1071/7488 982/6517 1072/1646
f 3179/7070 682/947 3390/5060
f 3179/7070 3390/5060 3800/4718
f 1693/2390 4437/3913 1731/6401
f 888/1249 887/1248 4501/7209
f 2017/2859 845/1184 2973/4372
f 4109/1768 2870/4202 1255/1769
f 4044/6264 4616/7489 4384/6934
f 2025/2869 1650/2335 768/1076
f 3270/4853 3269/4852 2090/2979
f 516/713 907/1276 3723/5669
f 3096/7181 3094/4555 3051/7490
f 3414/5098 743/1044 4557/7347
f 1529/2145 2886/4228 1530/2146
f 1707/2412 927/1303 4714/4298
f 3163/706 3641/5667 3798/5803
f 248/332 3626/4306 4599/396
f 4741/1927 1405/1929 1495/2102
f 2639/3804 1656/2341 1655/2340
f 4332/4078 2772/4025 892/4027
f 285/5554 2604/7491 2227/3176
f 441/607 1809/2545 2936/608
f 2264/3238 2263/3237 2557/3685
f 155/6129 4617/7492 1728/2441
f 3511/5267 3110/2889 3711/2891
f 4031/6239 1137/1595 1892/2673
f 3920/6036 2146/2780 1764/7088
f 2354/4699 3471/5190 4261/6698
f 2249/3211 2248/3210 3224/4766
f 3461/5374 299/408 960/1932
f 3769/5758 2632/3797 2634/3799
f 1556/2190 1242/7493 2776/4031
f 3786/5785 1159/1623 259/346
f 385/531 4463/7136 386/532
f 4271/6715 1647/2331 3279/4870
f 4403/7494 1665/2353 2652/7072
f 1860/2626 4694/5891 4457/7116
f 4431/1069 4121/6405 4134/6443
f 1635/6404 1388/5076 4618/7495
f 359/489 358/488 4615/7496
f 1750/2471 2763/4008 562/782
f 3242/7497 3537/5309 4209/6597
f 3082/7102 2055/2922 986/1756
f 3157/3761 4122/6409 806/1135
f 3821/5844 288/389 2091/4649
f 3443/5143 4167/6502 4313/6785
f 2450/6283 714/991 2451/4724
f 473/651 1922/2722 474/652
f 1811/1898 1356/1897 3758/6232
f 1242/1743 3984/1742 3983/7498
f 4138/6454 4139/6455 4295/6758
f 3191/4710 4328/6812 215/6872
f 2634/3799 1664/2352 1002/826
f 2689/3888 2688/3887 1577/2232
f 3607/5446 1159/1623 3786/5785
f 4619/7499 4126/7383 2841/5252
f 3621/5946 3877/5948 4682/6442
f 4620/7500 3885/5976 3886/5978
f 3877/5948 1069/5947 2702/7501
f 4621/7502 4339/3157 4550/986
f 2626/3784 4602/7503 2801/3783
f 897/1263 725/1012 727/1014
f 4253/6687 791/3711 2111/3008
f 1447/2031 787/1110 3093/5229
f 2134/3041 4181/6526 1021/1431
f 2986/6131 2498/3599 2036/2885
f 1202/1687 1849/2610 1851/2612
f 523/723 4130/722 600/835
f 2201/3138 4075/6318 4170/6507
f 308/7504 3797/6508 1323/1856
f 190/256 3441/5137 1692/2389
f 1267/1783 2363/3391 1268/1784
f 2744/3978 3935/6067 3035/4471
f 2204/4944 2203/5291 2927/4296
f 470/643 119/162 3022/4450
f 815/1146 4218/6617 2155/3070
f 4258/5198 819/1152 4057/3992
f 2253/3224 3011/6133 3510/5266
f 4622/7505 1243/1749 3142/4632
f 4086/6344 2345/3366 3514/5272
f 935/1311 934/1310 1126/2287
f 2110/7506 4623/7507 4624/7508
f 1105/1559 1106/1561 566/786
f 1531/691 2548/3672 200/5039
f 4391/7509 3379/5044 889/6601
f 2100/2993 2136/3043 3147/4639
f 837/1172 838/1174 2381/3420
f 3580/5397 2362/3390 3137/4623
f 3794/5797 2467/3549 4107/6371
f 1073/1507 1075/1509 1051/2121
f 3087/7335 2643/4434 3013/4435
f 885/1246 884/1245 2657/3839
f 503/695 137/7346 1236/696
f 2467/3549 2466/3548 306/416
f 616/859 890/1253 617/860
f 1023/1433 1082/1521 4546/7315
f 3813/5831 3598/6003 2120/3582
f 3995/6182 901/1268 3548/5880
f 3329/790 4516/7238 568/788
f 4625/7510 2481/7018 3455/5167
f 2662/1418 3872/5940 689/957
f 4378/5129 914/1284 1743/2460
f 3993/878 2995/4404 3353/4989
f 656/912 3930/6060 3081/4534
f 1204/1689 3930/6060 658/914
f 2615/3770 4294/3513 1563/2200
f 4340/6837 2107/4402 1591/2251
f 306/416 305/415 1608/2276
f 3970/6138 591/820 497/686
f 3571/5377 2206/3144 3572/5378
f 946/1324 3008/4423 1471/2065
f 1086/1529 3203/4731 660/916
f 2453/3528 131/174 133/176
f 3358/4998 2668/3854 2631/3796
f 2466/3548 3992/6174 504/697
f 3116/445 324/447 3706/5627
f 2526/3643 4626/7511 478/3641
f 3877/7512 2702/3906 4667/4074
f 1945/2756 4352/2755 3122/4604
f 696/967 1737/2923 697/968
f 3185/4702 4673/6413 3186/4703
f 4117/6396 4213/4727 2277/3260
f 1558/5481 4215/5465 3457/5171
f 2137/3045 4285/6738 3845/5895
f 962/1347 2721/3931 3029/4462
f 3416/5102 2652/3832 1837/2591
f 600/5791 4130/6433 3789/5789
f 3176/4687 3032/4465 1707/7513
f 344/5135 2987/4390 1444/4392
f 262/3638 1387/1947 3876/5945
f 3546/2821 1555/2188 4291/6751
f 1576/2229 1389/1950 154/208
f 3000/4411 1296/1816 1132/1590
f 3563/5365 4454/7110 235/4204
f 4030/4197 3707/5366 3751/5709
f 1729/2442 2334/3349 1730/2443
f 1607/5538 2864/4899 4627/7514
f 2793/4064 3317/4929 3576/5386
f 2474/3557 3081/4534 3930/6060
f 4439/7085 2866/4192 4038/6253
f 3245/7515 1408/1976 2876/4214
f 2904/4255 2675/3868 974/1364
f 1696/2396 1629/2307 3753/5718
f 4348/6849 1276/1792 4446/7097
f 4217/6616 2233/3184 1552/2183
f 3560/2218 1573/2220 3301/4903
f 3292/4888 4251/6685 3717/1613
f 3292/4888 3717/1613 2960/4350
f 2500/3606 2065/2934 3718/6423
f 3108/4579 3107/4578 3524/5292
f 3906/956 1774/2502 2463/3541
f 3423/6434 2505/3611 1899/6462
f 2044/2898 2129/3035 4341/1676
f 3276/4864 3275/4863 1807/2543
f 1523/2136 4628/7516 733/3196
f 3251/4822 2196/4268 213/6678
f 4201/7517 3423/5112 4632/3536
f 2241/3194 477/656 1095/1540
f 1814/2554 1813/2553 1990/2826
f 390/2940 2067/2939 4635/5825
f 2632/3797 294/401 4552/4797
f 4633/1259 4093/6351 4629/7518
f 2910/6285 3267/7519 272/6286
f 382/526 1013/5712 3454/2369
f 858/1208 4749/1701 859/1209
f 4467/7451 3006/4420 4630/7520
f 668/4879 3285/4878 3904/6010
f 2233/3184 1263/1779 1552/2183
f 3948/7521 3552/5342 3975/6145
f 1690/2387 2645/3811 3078/3431
f 3154/4650 2522/3637 3132/3209
f 2354/3377 742/1040 3471/7396
f 1838/5202 3613/6713 3704/1173
f 1806/2542 4430/7295 913/1283
f 3646/4216 4402/6984 4527/7522
f 4079/6330 2024/2868 2863/4188
f 2069/2949 465/638 1178/1654
f 4615/7496 358/488 3413/5096
f 949/1328 3123/4606 1931/2738
f 3636/5492 4746/4834 4622/4854
f 3367/7523 4013/6210 2429/2414
f 2781/3117 2187/3116 1871/2638
f 4669/1181 4631/7524 2080/2963
f 4561/1297 3585/5403 924/1298
f 3198/4721 3779/5771 542/749
f 1586/2244 1486/2087 3408/5088
f 1230/1725 4236/6662 4540/7297
f 3491/5228 894/1260 896/1262
f 3290/4886 3307/4912 3075/4525
f 3451/5158 3718/5660 3452/5159
f 3286/4880 1862/2628 1194/1678
f 547/762 961/1345 546/760
f 1169/1641 3541/5313 3566/5369
f 1683/1047 1079/1518 3296/1517
f 1795/2526 4688/837 602/839
f 645/899 2205/6327 3571/6480
f 4201/7525 4632/7526 3700/1773
f 2162/3080 1986/2820 1985/2819
f 3371/7432 2382/7527 3729/5678
f 430/590 3602/7240 4299/6765
f 2451/3526 2366/721 437/603
f 3023/4451 2156/3071 4415/7010
f 892/7005 4633/7528 4414/7006
f 4634/7529 2039/2888 3880/5962
f 841/1178 3347/4979 842/1179
f 3361/2552 4008/6202 1813/2553
f 4134/6443 4121/6405 3295/4891
f 3576/5386 3317/4929 4286/5387
f 1609/5735 3761/5734 4162/6493
f 3105/4575 3848/5903 2669/3856
f 1724/2435 1835/2589 1836/2590
f 2140/3049 3209/4741 4470/5502
f 1591/2251 3036/4472 4340/6837
f 2593/3737 3123/4606 3417/5104
f 4390/6958 4492/2810 4635/7530
f 3070/4516 3788/5788 2845/4161
f 2561/3689 2560/3688 1038/1459
f 3458/3967 3716/5887 2740/3968
f 104/137 987/1381 87/112
f 1178/1654 4217/1655 2173/3093
f 1282/1798 2962/5569 1191/5571
f 4089/4506 946/1324 1471/2065
f 3778/7531 4404/4067 4221/4066
f 2068/2947 445/615 2564/2948
f 1255/1769 1839/2593 1685/2381
f 2865/4190 3627/5477 1132/1590
f 2721/3931 2720/3930 1107/4461
f 1390/1951 1028/1440 2921/4282
f 897/1263 727/1014 2994/4400
f 4602/7466 277/374 276/373
f 3260/7334 3088/7532 3087/7335
f 3731/5681 1124/1581 4014/6212
f 1813/2553 3566/5369 1990/2826
f 4291/6751 3888/5981 1987/2822
f 195/264 1829/2582 193/262
f 126/169 3481/5213 3578/5711
f 2539/7109 254/341 4082/4256
f 1889/2670 4170/6507 2999/6506
f 1870/2636 3933/6063 694/962
f 1922/2722 1699/2401 1923/2723
f 3986/2746 2785/4054 1938/2747
f 4147/3743 2627/7533 1358/7099
f 2519/4317 4143/6460 2943/4318
f 4730/3252 1035/1455 1036/1457
f 3006/4420 3005/4419 3865/5927
f 2240/3193 3818/5840 1898/2683
f 3304/4907 4271/6250 2043/2896
f 2506/3612 3261/4836 2507/3613
f 1210/1699 3825/5853 451/621
f 470/643 3022/4450 242/324
f 2408/3463 2409/3465 4592/7445
f 3847/5031 1573/2220 1572/2219
f 2821/3155 2930/4300 2213/3154
f 2877/7534 4541/7299 4190/6566
f 4706/7535 1654/7536 3542/5314
f 3222/3940 3782/5774 2804/4083
f 2509/3617 4636/7537 4678/5937
f 4637/7538 2742/3975 2743/3977
f 585/813 813/1144 586/814
f 4189/5509 3599/2216 4638/7539
f 461/634 4383/6927 462/635
f 638/889 2541/3663 2230/3181
f 3612/5453 1734/2448 4002/7419
f 493/680 494/682 3479/5205
f 167/539 1331/1867 392/540
f 4608/4515 3703/1028 3345/4975
f 469/642 109/7540 100/130
f 4364/7541 4528/7261 4447/7101
f 887/1248 2914/4270 3404/5082
f 2572/3706 3897/5997 2573/3707
f 3240/4800 3866/5929 3381/5047
f 2372/3408 2285/3271 395/543
f 836/1171 784/1104 785/1106
f 1989/2825 2831/4128 1363/1910
f 1006/1409 1567/2208 164/2210
f 4493/7192 3759/5730 3049/4488
f 460/633 4355/6868 461/634
f 4153/6479 4036/6251 719/1005
f 2392/3439 2996/4405 2834/4135
f 4639/7542 3832/5973 2591/7543
f 4108/7163 2532/3649 2534/3651
f 3453/2913 4640/7544 2050/2914
f 799/7545 962/1347 4092/3815
f 3119/4599 3118/4598 4740/6477
f 2583/6809 2938/7079 1775/2503
f 1780/2508 3044/4483 1781/2509
f 856/1204 4442/1490 1064/1491
f 1940/4369 4412/7002 4641/7546
f 3319/4931 291/394 2181/3104
f 4736/3529 2453/3528 4247/6679
f 3130/2818 1984/2817 1665/2997
f 529/730 2381/3420 1666/2354
f 2349/3371 1924/2728 3535/5307
f 2925/4290 2421/3482 776/1093
f 4123/6410 1389/1950 1576/2229
f 3396/3017 2127/3033 3012/4433
f 2646/7547 4638/7539 4642/7548
f 1498/2105 1196/1680 3688/5587
f 4458/6475 1797/2529 4103/7406
f 2936/4309 423/580 4199/6579
f 3787/5787 3597/7549 1569/2214
f 2266/3244 851/1198 3066/4511
f 3369/5017 4051/5869 2857/3368
f 586/814 2747/3981 3964/6121
f 4643/7550 2201/3138 1705/4846
f 1630/2308 4644/7551 4668/588
f 4632/3536 3423/5112 459/632
f 2154/3069 1493/2099 576/798
f 188/254 1101/1552 1100/1551
f 4706/7552 4145/7553 4146/7554
f 101/132 2757/3998 66/85
f 4222/2911 2049/2910 1875/2646
f 3280/4871 4166/6501 3443/5143
f 4230/1921 1043/1465 1371/1919
f 4267/2211 1568/2213 4645/7555
f 2261/7556 2893/684 3838/5507
f 3524/5292 2540/6640 4646/7557
f 989/7558 4115/6394 4116/6395
f 321/443 3366/7559 322/444
f 4645/7555 3355/4991 4565/7366
f 2428/3490 2427/3489 1745/2464
f 4255/2112 1504/2111 1379/1935
f 2225/3172 1728/2441 4617/7492
f 3505/7034 4647/7560 2728/3941
f 4020/3047 4399/6977 1767/2494
f 1958/2775 4613/6982 3819/2534
f 1670/2359 3709/5632 1882/2657
f 2683/7561 2798/5005 4143/6460
f 1908/2699 2819/4110 3923/6042
f 747/1049 1635/6404 1819/2566
f 4455/5329 1365/1913 3549/5330
f 4049/6956 1231/1727 4099/1286
f 452/623 4514/7236 1210/1699
f 3631/5485 4295/6758 1481/5958
f 4648/7562 1834/2588 3931/4971
f 1368/1916 840/1177 3473/5357
f 813/6873 465/638 2747/7563
f 3917/6032 3658/5529 1500/2107
f 1875/2646 2049/2910 1876/2647
f 3227/4773 2667/3853 2618/3773
f 4046/7564 4391/7509 889/6601
f 1801/2115 609/848 1335/2116
f 2436/3502 4443/1127 2437/3503
f 2368/3401 2645/3811 1192/1674
f 4631/2016 273/370 2080/369
f 4189/5509 4638/7539 2646/7547
f 327/451 329/453 1522/6839
f 291/394 1476/2071 3729/5678
f 128/171 4503/7215 4370/7030
f 1533/2153 4152/1387 992/1389
f 4334/6820 3600/5427 3938/6072
f 470/643 95/123 119/162
f 2686/3882 801/1126 3795/5798
f 4475/6848 867/1217 4434/4908
f 2223/3170 2745/3979 2744/3978
f 1411/1979 4237/6663 1412/1980
f 3801/7425 4265/6706 2218/7426
f 434/596 4258/6694 3862/597
f 4180/7565 4102/6363 1957/6026
f 4039/6254 4649/7566 1822/2573
f 1005/1408 1644/204 153/206
f 2932/4302 552/769 3164/4665
f 3362/5006 1842/3586 4142/6459
f 2149/3060 2680/3136 4368/7422
f 4604/1086 4289/6747 2581/3721
f 2208/3146 1419/1990 2209/3147
f 2887/4229 3442/5138 2446/3518
f 4344/4272 3405/5083 3404/5082
f 4324/3379 2355/3380 4430/7059
f 1594/2255 1595/2256 2587/3729
f 3793/4969 3343/4968 334/460
f 3333/2980 1194/1678 3831/1677
f 1322/1855 1321/1854 1279/1795
f 1015/1424 1014/1423 4118/6397
f 899/2452 4133/6441 3623/5473
f 3702/5614 2211/3149 4562/3151
f 2991/6825 3384/5053 4337/6826
f 3929/6059 2887/4229 1529/2145
f 3341/4966 3340/4965 2110/3006
f 4650/7567 1011/1419 3842/5888
f 3997/6185 1088/7568 2246/3205
f 4247/6679 133/176 4005/6196
f 1631/2309 3084/2311 2969/4366
f 2261/7556 3838/5507 608/7569
f 1373/1922 991/1386 4278/1605
f 2082/2966 2202/3140 1817/2564
f 2565/3694 4394/4445 3596/5419
f 4651/7570 3171/4680 1151/999
f 2025/2869 4238/6666 4461/7134
f 2025/2869 4461/7134 1650/2335
f 593/827 4693/2138 594/828
f 1560/1548 4612/7482 1099/1549
f 2111/3008 2576/3712 1442/7571
f 639/890 638/889 2230/3181
f 556/776 2091/2982 557/777
f 3643/5510 2685/3881 4548/7320
f 2049/2910 2624/3780 313/427
f 3760/3187 928/1304 1166/1321
f 3845/5293 4285/5416 404/553
f 2221/3168 1119/1576 1905/2694
f 260/347 519/716 518/715
f 1895/4557 2270/3250 4552/7333
f 959/1343 2553/3679 3462/5177
f 1643/3158 4206/5939 142/190
f 3085/5447 2720/7572 1741/2457
f 698/970 4421/7025 4457/7221
f 1587/2245 245/327 4200/2246
f 4652/7573 4231/3891 2604/3756
f 4539/7294 4653/7574 2890/4234
f 2929/4299 4654/7575 3757/356
f 3434/5127 3435/5128 3210/7576
f 3788/5788 2764/4013 4254/4012
f 4612/7482 2714/3921 1099/1549
f 3763/5739 4712/4095 2040/2893
f 1228/1723 2768/2527 2952/3759
f 3678/6024 3873/5941 3002/7577
f 4052/5724 2216/3160 2115/3012
f 2245/3204 4045/6265 3344/1703
f 2381/3420 529/730 3483/5215
f 4655/7578 2464/3545 181/244
f 1427/1416 3096/7181 4656/7579
f 4626/7511 2526/3643 1134/7580
f 4657/7581 2747/7563 2069/2949
f 2954/4341 3458/5172 964/1349
f 3996/6184 2445/7319 2335/7125
f 3736/5687 4710/2606 3710/7416
f 2517/4239 2892/4238 3016/4439
f 3494/5236 1702/7582 2901/4251
f 3740/5697 2179/3102 3168/4676
f 2532/3649 2521/3636 2533/3650
f 2933/565 1052/1476 415/566
f 3131/7583 3132/3209 2249/3211
f 3879/5956 4329/5233 3947/6090
f 537/740 493/680 538/741
f 2578/5407 2420/3481 4742/1513
f 4640/7544 2912/4265 2050/2914
f 491/5433 3061/5434 4658/7584
f 3351/4984 2843/4153 1725/5362
f 3968/6135 2356/7585 3899/5999
f 2634/3799 3448/5153 1664/2352
f 3961/6116 2394/3442 3554/5349
f 3589/5409 1140/1598 2897/4246
f 4290/5346 4280/5345 4506/7219
f 4548/7320 2685/3881 1307/3883
f 1003/1406 1005/1408 328/452
f 4077/6322 3023/4451 4415/7010
f 2934/1995 1423/1994 2423/3485
f 2934/1995 2423/3485 3727/5676
f 4223/5591 1638/2319 1578/2233
f 3262/5497 3994/6179 253/7586
f 1950/4337 2309/3311 2310/3313
f 2957/4344 2535/3652 2536/3654
f 2104/2999 4386/6939 4659/7587
f 3713/5640 2491/3591 2250/5641
f 4591/7442 3671/5551 3391/4583
f 1418/1986 2329/3342 187/253
f 3006/4420 4322/5928 4660/7588
f 4252/6686 4586/3790 1282/1798
f 4661/7589 4248/6681 1050/1473
f 4540/7297 2532/6476 4001/6189
f 1492/2097 4752/6319 3340/2098
f 3864/295 3021/4447 217/296
f 4661/7009 4077/6322 4415/7010
f 1341/1880 4406/6992 1339/1878
f 2245/3204 2272/3253 3997/6185
f 4068/5925 4067/7441 2782/4047
f 308/7504 1323/1856 2844/4156
f 3131/4615 3738/7590 2977/4376
f 1537/2159 4662/7591 170/2157
f 2223/3170 3235/4787 2745/3979
f 2215/3159 141/189 1602/2266
f 1636/2316 4570/7376 624/7378
f 633/882 1650/2335 634/883
f 4490/7186 3269/4852 3268/4851
f 924/7592 4078/6324 4115/6394
f 2252/1888 4350/7593 1348/1889
f 2926/4293 3572/5378 3774/4294
f 3036/4472 595/829 2324/3333
f 3218/1839 4598/2356 1311/1840
f 1159/1623 189/255 259/346
f 2727/3939 3394/4125 2031/2878
f 2757/3998 3654/5315 4591/4789
f 485/665 1114/1569 486/666
f 3485/5217 1328/1864 1330/1866
f 1386/1946 4551/1945 1634/2314
f 1023/1433 4546/7315 3771/1194
f 2179/3102 2178/3101 4096/6355
f 1800/2533 2099/2992 1959/2776
f 2199/6801 3034/4469 4067/5211
f 1604/2269 4620/6866 3834/5866
f 3708/5631 2147/3058 2149/3060
f 555/775 3116/2758 3706/657
f 3272/2560 1816/2562 3288/4882
f 1142/1601 2237/3190 2410/3466
f 570/791 4081/5152 4588/7437
f 1199/7276 2911/4264 2579/3719
f 1537/2159 1533/2153 992/1389
f 4294/3513 4336/6822 2444/3514
f 588/816 2501/3607 3590/5410
f 4035/6249 4036/6251 4153/6479
f 2102/2995 2136/3043 2100/2993
f 2171/3091 3420/5109 2172/3092
f 3967/6128 931/6127 4740/6477
f 1723/2434 3562/5974 3934/6065
f 1582/2240 1247/1755 3062/4507
f 4404/6989 665/7145 2273/3254
f 718/1002 980/1372 2093/2984
f 656/912 3191/4710 2300/3295
f 1537/2159 992/1389 1199/1684
f 2001/2840 1891/2672 2344/6546
f 281/378 2299/3090 828/1162
f 1054/1478 1/1 741/1038
f 824/1157 775/1090 774/1089
f 3432/5125 1976/2805 429/589
f 2589/3732 724/1011 3381/5047
f 2640/3805 3306/4910 2662/3845
f 1550/2181 1549/2180 3894/5989
f 2284/3270 162/218 161/217
f 1745/2464 4689/2463 2428/3490
f 4663/7594 1636/2316 624/7378
f 429/589 394/542 2397/3445
f 3984/6156 1867/2633 3985/6157
f 4592/7595 2409/3004 2653/3833
f 179/240 4577/6167 3680/5566
f 774/1089 3683/6027 621/865
f 3978/6149 3980/6151 3523/5290
f 1765/4358 3695/5601 2965/4359
f 3146/4638 1267/1783 2602/3752
f 1345/1885 1344/1884 695/4029
f 259/346 189/255 260/347
f 2848/4169 3680/5566 4664/7596
f 2174/4167 2848/4169 4664/7596
f 3316/4928 3315/4927 3434/5127
f 577/800 579/802 2188/3118
f 3358/4998 3869/5934 2668/3854
f 3485/5217 3203/4731 1328/1864
f 372/515 374/517 4370/6899
f 3896/5996 4499/7205 3642/7597
f 2867/6966 334/460 336/462
f 4665/7598 2733/2823 1920/4592
f 4666/7599 1238/4377 3068/4513
f 1452/2037 4033/6244 1240/1739
f 4593/7448 4161/7600 1547/1704
f 2548/3672 2547/3671 4086/5038
f 225/305 430/590 2859/4184
f 3395/5068 1808/2544 2353/3376
f 3113/4589 3114/4590 3281/4874
f 2145/803 3610/5450 3156/4652
f 2987/4390 502/694 2988/4391
f 3877/5948 4667/7601 3089/4544
f 1510/7602 4668/7603 3837/7604
f 2856/5656 4600/7464 2854/7605
f 807/1137 4207/5283 3521/5285
f 2182/3105 2239/4811 2751/6923
f 3299/4896 4464/4898 4083/6340
f 771/1079 4128/6427 2370/4446
f 3849/5904 3105/4575 278/375
f 2401/3944 148/199 544/198
f 3952/6096 1833/2586 820/1153
f 3952/6096 820/1153 819/1152
f 1096/1542 4267/5637 4645/7606
f 4579/7399 860/1210 1318/6233
f 2144/3053 4200/2246 1628/2306
f 2069/2949 2823/2950 779/7607
f 1708/2413 701/974 3225/2484
f 1580/2236 1496/2235 4227/6638
f 3630/5480 3779/5771 1344/4736
f 521/719 3228/5100 1837/2591
f 1227/1722 517/714 2768/2527
f 1632/2312 339/466 1520/2133
f 3514/5272 176/237 201/270
f 3022/4450 1649/7608 3109/2767
f 2921/4282 2822/4114 1391/1952
f 2685/3881 2026/2870 768/1076
f 3002/7577 2767/4016 3003/4645
f 540/745 4242/7318 3421/5110
f 4575/3875 2896/4245 2681/3876
f 3251/4822 1254/1767 1780/2508
f 3807/5819 3991/6172 4119/7394
f 1237/1735 136/181 2611/3765
f 4425/1874 4631/2016 4669/7609
f 4363/6886 4066/6307 2883/7292
f 2489/3589 3713/5640 3506/5260
f 4670/7610 1759/2482 4695/7291
f 577/800 2937/4311 3634/774
f 3935/6067 2746/3980 1369/1917
f 2370/4446 2762/4007 1514/2126
f 644/6385 681/946 2690/3889
f 4212/6603 3974/6144 4610/7479
f 3966/761 3378/5042 547/762
f 1291/1809 2784/4053 1484/2082
f 3964/6121 2747/3981 4657/6122
f 1824/7611 337/463 3157/3761
f 4362/7612 3703/5620 325/5621
f 331/7613 3518/6287 4198/6578
f 3831/5863 4341/6838 3402/2167
f 4460/7132 1408/1976 3245/7515
f 114/150 113/149 1649/7608
f 4606/7410 59/7614 4671/7615
f 3183/4696 3182/4695 3619/5467
f 1290/1807 1291/1809 3173/5878
f 2154/3069 576/798 575/797
f 2774/4028 3413/5096 1345/1885
f 4535/3851 1954/2770 4373/5671
f 2000/2839 1960/2777 1891/2672
f 2970/2470 1749/2469 865/1215
f 2982/4384 150/202 149/201
f 773/1087 4604/1086 2000/2839
f 4672/7616 4488/7183 4702/2366
f 1422/1993 3090/4545 1423/1994
f 1586/2244 1989/2825 1486/2087
f 3997/7617 2272/5580 2866/4192
f 367/498 1756/2478 2882/4223
f 3270/4853 3333/2980 4287/6741
f 2068/2947 522/720 445/615
f 4093/6351 4092/6350 4629/7518
f 1613/2286 3557/5353 4544/6790
f 4238/6650 2594/3739 4461/6699
f 1583/2241 1143/1602 1148/1609
f 4547/5902 1544/2173 1543/2172
f 2170/5536 4216/6612 4410/6611
f 2838/4145 3763/7618 2162/3080
f 1903/2692 135/179 4719/3723
f 4206/6592 1761/2485 4326/6808
f 1110/1565 2387/6557 1115/1570
f 2036/2885 1180/1657 1179/1656
f 3314/4926 4503/7215 3315/4927
f 1365/7619 3364/260 653/908
f 4224/4152 4585/7418 2842/4151
f 4340/6837 4356/3332 4234/6654
f 4144/3994 2753/3993 4434/7620
f 2552/2349 3798/5803 1662/2350
f 4673/7621 399/547 1320/1853
f 3534/1454 371/513 1718/512
f 4374/6915 4377/6914 3250/7148
f 3129/4612 3128/4611 3907/6199
f 3993/878 587/815 2995/4404
f 2654/3836 2424/3486 2426/3488
f 3354/4990 3382/5051 3974/6144
f 316/434 3854/7053 3792/435
f 3496/5238 162/218 2284/3270
f 2088/2976 4447/7220 3937/6069
f 559/779 561/781 1550/2181
f 2423/7312 2125/7314 3728/7622
f 3559/5360 1572/6012 3560/5361
f 4298/6763 733/1025 2336/3352
f 272/6286 4674/7623 4510/7231
f 3439/5133 2605/3757 4275/6725
f 630/879 1457/2044 631/880
f 3152/4646 2236/3189 3373/5024
f 264/354 2562/3691 265/355
f 2597/3745 2881/4221 2705/4932
f 2706/3911 2881/6782 3502/5251
f 952/1331 3627/5477 3626/5476
f 1715/2423 2729/6544 2018/6099
f 352/481 3612/5453 4121/6405
f 404/553 3544/3874 381/525
f 587/815 2651/2006 2501/3607
f 4007/6201 3800/1639 4008/6202
f 3866/5929 632/881 1761/2485
f 1220/7624 4559/4884 1587/2245
f 2595/3741 2777/4034 166/223
f 1589/2249 3553/5348 1590/2250
f 4588/2945 1751/2472 1752/2473
f 4423/6547 4335/6548 4675/7625
f 4073/7626 4071/3112 4072/5834
f 3475/5194 1825/2578 2851/4172
f 3648/5517 1204/1689 1203/1688
f 4255/6690 1688/2384 1505/6152
f 3658/5529 4317/7627 3574/7628
f 190/256 1693/2390 191/257
f 4388/7629 3805/5816 1359/1906
f 1198/1682 1197/1681 3633/5487
f 4676/7630 4498/5258 4192/5257
f 3464/338 1644/2328 1004/5196
f 251/336 1004/5196 759/1062
f 690/958 2792/4063 1903/2692
f 1732/7012 2571/3705 4677/7631
f 2429/2414 1252/1765 1709/2415
f 2214/3156 1536/2158 3667/5546
f 4118/6397 1281/1797 4480/4429
f 3513/5271 443/4634 176/237
f 2653/3833 3432/5125 4592/7595
f 3254/4720 4218/6617 815/1146
f 2020/2863 4659/4004 2021/2864
f 2371/4247 3108/4579 333/458
f 3870/5343 4678/7632 4636/5344
f 1815/6495 4100/6360 800/1125
f 2028/2874 3649/2376 165/221
f 364/494 4549/6598 4194/6980
f 4553/3165 2218/3164 3072/4518
f 1963/3055 4553/3165 3072/4518
f 4679/4357 2965/4359 4207/6595
f 2317/3321 4257/7633 2023/2867
f 1277/1793 1307/1833 3795/5957
f 2717/3926 3935/6067 1369/1917
f 1476/2071 1475/2070 3371/7432
f 377/520 4490/6569 3268/7121
f 4603/3697 3551/5336 3780/5772
f 216/294 824/1157 215/292
f 2155/3070 1600/4771 1747/2467
f 700/973 3713/5640 3332/4953
f 1301/2540 3233/4780 2070/2951
f 4264/6705 1326/1860 4265/6706
f 3889/7061 4637/5037 3256/5007
f 3448/5153 1374/6727 4186/6552
f 1564/2203 1347/1887 1886/2664
f 2162/3080 3763/7618 1986/2820
f 433/594 2456/3533 2806/595
f 2284/3270 161/217 3283/4876
f 297/3383 3172/4683 298/6358
f 2774/414 4132/1164 303/412
f 1960/2777 2582/3722 4031/6239
f 4710/2606 3068/2608 3710/7416
f 2912/4265 4640/7544 4135/4266
f 1850/2611 3727/6134 3728/7634
f 1171/1644 3028/6328 412/562
f 2227/3176 2605/5668 127/170
f 1896/2680 1828/2581 2290/3280
f 1519/5714 1116/1571 3056/4497
f 1669/2358 2600/3750 3709/5632
f 3200/4723 863/5692 773/1087
f 4351/3477 2417/3476 196/7635
f 4164/4528 3660/5532 3981/6153
f 1881/2655 3913/183 1089/1534
f 4707/5994 4749/1701 1211/1700
f 3374/5026 1469/2061 3312/2063
f 1770/2498 2770/4022 1771/2499
f 4679/7636 807/1137 3263/4843
f 2203/5291 1522/2135 1521/2134
f 4078/6324 915/1285 4115/6394
f 4200/2246 245/327 244/326
f 3781/5773 2999/4409 1596/2257
f 588/816 2622/3777 2963/4354
f 3553/5348 4161/6492 4593/6177
f 4680/7637 4609/4325 3149/4642
f 3989/6163 1131/6959 1686/2382
f 1090/1535 1805/2539 2169/3087
f 680/944 1881/2655 1091/1536
f 4257/6693 2075/2957 2076/2959
f 881/1239 993/1390 3325/3300
f 3852/6942 3196/5302 2348/3370
f 3126/4609 3710/7416 2814/5807
f 3970/6138 589/818 591/820
f 729/6565 4510/7231 2877/7534
f 729/6565 2877/7534 4190/6566
f 2434/3499 1608/3501 3436/7206
f 1815/2556 893/7638 2773/2557
f 1371/1919 1043/1465 2714/3921
f 2009/7639 1341/1880 2010/4562
f 2233/3184 2058/2926 1263/1779
f 699/972 1772/2500 3506/5260
f 1872/2639 870/1220 3653/5522
f 2344/3365 4523/6902 2345/3366
f 348/6997 1433/2008 649/903
f 493/680 918/1289 538/741
f 4240/6668 678/942 1218/2333
f 3080/3378 741/1038 742/1040
f 3427/5116 2542/3664 356/486
f 4681/7640 3653/4551 2211/3149
f 2077/2960 192/1849 2078/2961
f 3131/7583 2249/3211 3738/5689
f 2719/6622 2966/4361 1741/7641
f 1874/2645 1876/2647 3726/5675
f 1588/2248 2159/3077 1589/2249
f 3440/5134 502/694 2987/4390
f 4071/6313 4073/231 172/233
f 2399/3449 3522/3827 3004/4922
f 171/230 4662/4661 2494/3594
f 3399/5073 4682/7642 4133/1265
f 1676/2367 4489/7184 4011/6206
f 1906/7643 2429/2414 3681/2392
f 4497/4547 2296/3289 124/4548
f 3958/6108 3082/4536 2897/4535
f 3008/4423 1362/1909 1885/2663
f 3563/5365 2873/4206 2496/3597
f 1430/2004 523/723 1431/2005
f 355/485 3918/6033 3096/7181
f 2499/3605 498/6379 2500/3606
f 315/433 2243/3199 1745/2464
f 886/1247 2914/4270 887/1248
f 4385/571 4683/7644 3042/572
f 2369/3403 1163/1627 2081/6066
f 1188/1668 2395/3443 2358/3384
f 3873/5941 2767/4016 3002/7577
f 4165/7645 2417/3476 2449/3478
f 1258/1772 4501/7209 2287/6281
f 1096/1542 4645/7606 4565/1543
f 416/567 415/566 3794/5797
f 269/362 2132/361 3141/4630
f 4009/6203 2556/3683 4010/6204
f 2727/3939 4058/6292 3525/5775
f 2005/2844 4544/7311 3924/6045
f 4040/6639 4724/2751 4722/7646
f 4639/7542 4301/6770 3832/5973
f 235/317 4454/6511 236/318
f 317/437 729/1018 2471/3553
f 3826/5855 1883/2658 3709/5632
f 2600/3750 3826/5855 3709/5632
f 871/1221 4033/6244 1452/2037
f 2359/3386 3042/572 3755/5721
f 1406/1974 2845/4161 1407/1975
f 2799/4076 2870/3299 4109/6382
f 3940/5008 1110/5335 1112/7647
f 732/1023 654/910 2989/4393
f 3419/5106 2791/4062 1641/2323
f 2894/4243 3457/5171 3201/4725
f 2890/4234 4653/7574 2797/6192
f 1118/1573 630/879 4597/7458
f 773/1087 2001/2840 3200/4723
f 1381/1937 2811/7648 1630/2308
f 3712/5639 3806/5638 1910/2703
f 2109/6057 3352/4987 4495/7195
f 3629/5350 1041/7649 3555/5351
f 3302/1252 3178/4689 890/1253
f 1513/3509 3625/2194 4519/7650
f 4667/4074 2702/3906 1224/1719
f 4633/7528 4629/4021 1157/1621
f 2433/3498 4569/7373 3807/5819
f 2111/3008 1026/1438 4253/6687
f 3368/5016 895/1261 894/1260
f 4684/7651 3963/6120 3481/5390
f 470/643 242/324 241/323
f 3916/6031 1622/2299 2734/3959
f 2491/3591 4308/6677 2250/5641
f 693/961 1935/2742 725/1012
f 597/831 3478/5204 3516/5274
f 4685/7652 3658/5380 2760/4003
f 3883/1417 1011/1419 4650/7567
f 1797/2529 2226/3174 4580/7405
f 764/1071 1821/6136 765/1072
f 1483/2081 3244/3215 3507/6537
f 1203/1688 658/914 3804/5814
f 4567/1429 4060/7653 1020/1430
f 3350/1186 1980/2812 846/1187
f 2973/4372 845/1184 3976/1183
f 2940/4314 1983/335 3130/4614
f 2442/7654 3103/5850 1020/1430
f 1043/1465 2443/3511 1044/1466
f 4453/7108 697/968 2056/2924
f 514/711 2819/4110 1258/1772
f 698/970 4696/969 4421/7025
f 2158/2205 2443/6644 3414/2206
f 3519/2555 1454/3669 2545/3668
f 651/906 2480/3568 652/907
f 4264/6705 4053/6277 1327/1861
f 4174/4595 2265/3240 1859/4596
f 1398/1960 3624/5474 1399/1961
f 2457/2705 1911/2707 2807/4088
f 2996/4405 1977/2807 3120/2806
f 4414/7006 4633/7528 1157/1621
f 4589/7117 4103/6366 3532/5304
f 1728/2441 973/1362 224/304
f 2115/3012 2114/3011 4052/5724
f 1339/1878 2939/4313 1340/1879
f 1695/2395 1629/2307 1696/2396
f 1252/1765 1592/2253 1253/1766
f 3312/4918 1059/1485 3374/1484
f 1735/2449 2330/5690 1736/2450
f 2551/3677 2915/4273 2916/4274
f 940/1316 1200/1685 3308/4913
f 850/1193 1668/1195 3218/4757
f 1938/2747 2785/4054 350/479
f 3613/6713 1667/2355 838/1174
f 2536/7655 530/731 1666/2354
f 191/4974 1731/2444 1916/2712
f 4294/6757 3864/295 218/297
f 4686/7656 4250/1279 3480/7402
f 3659/5530 2034/2883 1501/2108
f 3071/4517 3657/6085 1441/2022
f 3085/4539 3086/4541 1108/1563
f 1161/1625 3487/5221 2331/3345
f 1142/1601 2410/3466 3015/4438
f 1703/6439 3702/5614 3762/5736
f 2519/3634 2944/4010 2520/3635
f 3261/4836 4720/6606 3640/7657
f 2747/7563 465/638 2069/2949
f 1901/2690 251/336 758/1061
f 2989/4393 2950/4330 541/747
f 4568/2943 4323/2942 2289/3279
f 4687/7658 2099/2992 1800/2533
f 4050/3223 601/838 4688/837
f 791/3711 4050/6273 4688/7659
f 3019/2224 2428/2293 4689/7660
f 806/1135 4639/1136 1772/7661
f 3330/7662 2926/4293 3541/4295
f 2139/3048 4083/6340 1047/1470
f 2935/4308 4463/7136 385/531
f 2332/3347 3977/6947 3961/6116
f 1505/2113 4690/7663 4512/3292
f 183/5609 1826/2579 4405/6991
f 1021/1431 4181/6526 1022/1432
f 4645/7555 1568/2213 3355/4991
f 3962/6117 3456/5169 1754/2475
f 3836/5872 3790/5790 3789/5789
f 4057/6289 3053/7664 250/334
f 3242/7098 2258/3229 3537/3231
f 2231/3182 4427/7052 1528/2143
f 1488/2090 4072/5834 4071/3112
f 1923/2723 340/467 4330/6446
f 1216/1710 2165/3083 1232/6558
f 1446/2030 4184/5385 787/1110
f 1958/2775 3819/2534 1800/2533
f 3027/4457 3127/4610 1788/4458
f 1964/2783 4061/1845 3917/6803
f 1857/2622 4158/2621 2985/6130
f 2701/5610 2436/3502 3466/5185
f 1427/1416 3427/5116 356/486
f 3562/5974 1723/2434 1725/2436
f 3171/4680 3093/4553 3278/4868
f 4314/6788 4034/6245 4584/6247
f 3679/5565 1642/7665 3557/5353
f 3050/4489 1309/1836 1768/2495
f 805/1133 1494/6142 1497/1134
f 3773/5765 3099/4567 2666/3850
f 3862/5923 4057/6289 249/333
f 2091/4649 4173/2221 557/2223
f 3460/5175 4547/7317 1078/1514
f 3926/7462 2897/4246 2896/4245
f 1738/2453 3554/5349 1063/1489
f 3753/5718 428/587 1509/2743
f 1549/2180 3739/5696 2974/4373
f 2005/2844 3924/6045 2006/2845
f 152/205 3433/6787 153/206
f 3586/5405 3376/5035 2276/5036
f 4339/3157 1602/2266 710/987
f 1716/2424 1718/2426 715/7666
f 4434/7667 4691/7668 4692/7669
f 1855/2619 2213/3154 2930/4300
f 3211/4701 1147/1608 3185/4702
f 1702/2404 1703/2406 1609/2278
f 212/7670 4296/6761 3957/6760
f 4359/7671 4535/3851 4373/5671
f 4181/6526 2826/4742 1022/1432
f 4215/5465 4456/4726 3201/4725
f 3190/207 3324/2230 154/208
f 2292/1758 1248/1757 1971/2800
f 343/470 1445/2029 1536/2158
f 2426/3488 3077/4529 2655/3837
f 185/4641 720/1006 2868/4196
f 1268/1784 2977/4376 4163/6496
f 2126/3032 3207/4738 2127/3033
f 4443/7092 2701/3905 2663/3847
f 1636/2316 790/1114 4570/7376
f 1973/1862 2229/2162 1974/7672
f 1190/1672 2639/3804 2468/3550
f 3411/2644 3923/6042 513/710
f 726/1013 4729/2574 727/1014
f 2433/3498 1883/2658 4569/7373
f 4613/7483 4612/7482 4693/7673
f 3318/5595 3100/7390 1380/1936
f 4450/7105 1395/1956 1397/1958
f 3475/5194 1826/2579 1825/2578
f 3462/5177 2553/3679 2552/3678
f 3801/5809 2219/5628 3347/4979
f 1105/1559 566/786 3058/6740
f 3843/2151 4457/7221 4694/7674
f 2011/2850 2832/2852 4080/1868
f 3089/7675 4667/4074 1223/1718
f 4284/5506 4318/5505 4472/7154
f 1767/2494 4399/6977 4084/2492
f 3982/6154 3055/5426 3874/5942
f 981/1373 3249/4819 3062/4507
f 266/3234 4005/6529 762/7676
f 4463/7136 1793/7677 3830/5860
f 3887/5980 3436/5130 3438/5132
f 2993/4399 2816/4107 866/1216
f 146/196 4409/6998 147/197
f 686/951 3220/7678 687/952
f 4345/6844 1810/2546 2778/4039
f 4345/6844 2778/4039 408/4038
f 1300/1825 470/643 241/323
f 1244/1750 3245/4814 2283/7444
f 891/1255 3130/4614 4403/1256
f 3786/5785 259/346 1173/1649
f 3150/6486 4316/7679 3239/4799
f 1653/2338 1652/2337 4353/6864
f 3629/5350 2901/4251 1702/7582
f 2480/3568 1749/2469 1748/2468
f 4131/4386 4041/1826 1796/2528
f 61/80 4220/6619 884/6220
f 560/7129 711/988 710/987
f 2255/3226 598/833 279/376
f 2700/3904 1349/7452 2885/1326
f 1976/2805 2372/3408 395/543
f 1974/3178 4483/3180 3846/5897
f 3536/5308 3603/5438 398/7374
f 1562/2199 432/593 2806/595
f 1404/2938 1266/1782 2067/2939
f 3307/4912 3818/5840 1712/2419
f 1531/2147 200/7680 199/2148
f 214/291 213/290 2195/3128
f 2249/3211 3224/4766 3064/4509
f 4542/6158 3885/5976 4620/7500
f 1302/1828 3871/5936 1303/1829
f 296/403 942/405 1396/1957
f 3014/7020 1845/6664 2103/2996
f 3677/1158 826/1160 3873/5941
f 3430/6953 1280/1796 1279/1795
f 449/619 2331/3345 450/620
f 640/891 3943/6080 4202/6586
f 4585/7418 4420/7022 433/594
f 3917/6803 816/1147 1964/2783
f 747/1049 673/7301 1388/5076
f 4039/6254 4025/6230 4649/7566
f 1969/2797 4684/2796 3481/5213
f 3302/1252 3847/7323 3178/4689
f 3399/5073 3621/5470 4682/7642
f 3187/4704 4400/6981 4366/7381
f 4464/7138 2904/4255 3615/5459
f 1014/1423 3544/5319 1443/2027
f 1105/1559 3058/6740 4695/7681
f 4023/2344 2094/2985 3663/5539
f 4709/4790 3654/5315 3932/5317
f 2528/3645 592/821 997/1396
f 3361/2552 1814/2554 2524/3640
f 509/703 4020/6225 2138/3328
f 198/267 508/702 1124/1581
f 842/1179 4744/4981 3716/5655
f 1118/1573 4597/7458 3866/5929
f 4455/7198 3364/260 1365/7619
f 4190/6566 4541/7299 2503/3609
f 2402/5672 3215/4753 3214/4752
f 3076/4526 2998/4407 1424/1996
f 3315/4927 4503/7215 128/171
f 1334/1871 3478/5204 597/831
f 3212/4748 2407/3462 4232/3461
f 4193/5333 677/941 1333/1870
f 2905/3426 3260/7334 3013/4435
f 4205/6591 4047/7682 3381/5047
f 952/1331 833/1168 3000/4411
f 4140/5484 3811/5894 4138/6454
f 2824/4116 1706/4522 3032/4465
f 3077/4529 3981/6153 4178/6521
f 365/7064 392/540 3396/3017
f 3521/5285 4720/6606 3261/4836
f 4597/7458 630/879 632/881
f 4735/1140 985/1377 810/1141
f 4148/6928 894/1260 3491/5228
f 2977/4376 3738/7590 4163/6496
f 1998/2836 1997/2835 2918/4276
f 3056/4497 3240/4800 724/1011
f 4696/7683 4356/3332 4422/3334
f 3211/4701 3186/4703 2691/898
f 3941/6075 1819/2566 1820/2568
f 3482/5214 4560/7351 2515/3626
f 2310/3313 3265/3312 4539/7294
f 187/253 420/577 188/254
f 2299/7684 3446/5149 2/2
f 828/1942 2299/7684 2/2
f 1930/2737 949/1328 1931/2738
f 2776/4031 1242/7493 3983/4032
f 4046/7685 889/1250 2802/1251
f 2573/3707 3909/4085 4437/3913
f 4200/2246 244/326 1628/2306
f 4662/4661 2492/3592 2494/3594
f 3247/502 1946/2760 4538/503
f 3437/7024 400/3603 2452/3527
f 521/719 1837/2591 446/616
f 3/3 2/2 3446/5149
f 1959/2776 744/1045 743/1044
f 3871/5936 3583/7686 4702/2366
f 3308/4913 1202/1687 3309/4914
f 1160/1624 3487/5221 1161/1625
f 2155/3070 2015/2857 815/1146
f 3239/4799 4316/7679 4416/7016
f 3167/4669 4088/6346 1711/4670
f 1364/1912 3749/5707 1456/2043
f 1744/2461 442/610 4697/7687
f 1557/2191 3365/5011 1558/2192
f 1804/2538 4532/4627 3140/4626
f 2351/3373 3069/4514 2101/2994
f 675/3795 3359/4999 2631/3796
f 4527/7169 2775/4030 1139/1597
f 2325/3335 2135/3042 3176/4687
f 3816/1822 3141/4630 1298/1823
f 3257/4829 3940/6074 4034/6245
f 1465/2057 192/259 1317/2055
f 3977/6947 2332/3347 4698/7688
f 2195/3128 213/290 2196/3129
f 1686/2382 1131/6959 4046/6266
f 4630/7162 4184/6538 3280/4871
f 958/1341 4613/7029 957/1339
f 32/39 2304/3302 2694/1363
f 2598/3746 2597/3745 2244/3203
f 4587/7427 2210/3148 2209/3147
f 4501/7209 887/1248 3403/5081
f 1911/2707 4683/4139 2116/3013
f 346/474 4625/7689 3455/2238
f 4700/1926 4276/1925 1032/6723
f 847/1190 471/647 472/649
f 1059/1485 4085/4919 1246/1753
f 2430/6836 3662/692 502/694
f 2574/3708 1187/1291 606/845
f 3191/4710 215/6872 2300/3295
f 4714/4298 238/320 237/319
f 4124/4593 2246/3205 1088/7568
f 1924/2728 2349/3371 2827/4120
f 1590/2250 3640/5498 4171/6509
f 4699/7690 3413/5096 2774/4028
f 4429/7055 1395/1956 4450/7105
f 1611/2284 1613/2286 2447/3521
f 1185/1664 1992/2829 3512/1665
f 3542/6200 1654/7691 3129/4612
f 1370/1918 746/930 1683/2379
f 4086/6344 3514/5272 200/269
f 1893/2674 1056/2675 3486/1102
f 4343/7355 937/6656 936/7692
f 1921/2721 3115/2720 3255/5626
f 2969/4366 3504/2837 539/743
f 4547/5902 2786/4056 1544/2173
f 487/669 1700/668 4419/2487
f 2544/3666 4392/6961 672/931
f 3825/5853 1478/7011 4281/5854
f 288/389 3987/6161 4173/2221
f 4450/7105 4700/7693 4518/7241
f 3524/5292 4646/7557 4611/7481
f 822/1155 3382/5051 823/1156
f 2769/5250 1875/2646 3024/4452
f 554/773 577/800 3634/774
f 2188/3863 1367/1915 2672/3864
f 2312/3316 4060/3315 4567/7368
f 4153/6479 719/1005 2512/3621
f 3851/5908 2089/2977 4227/6638
f 3937/6069 3082/4536 3958/6108
f 3016/4439 3719/5661 3017/4440
f 3146/4638 2602/3752 2750/3987
f 4613/7029 4693/2138 957/1339
f 1173/1649 3431/5124 1174/1650
f 3380/5045 4361/6882 4007/5046
f 3094/6675 3220/7678 686/951
f 820/1153 2260/3233 821/1154
f 3322/4936 59/7614 4606/7410
f 671/7401 4628/3754 876/1230
f 4235/653 231/4706 475/654
f 2760/4003 2759/4002 4685/7652
f 2587/3729 1595/2256 1429/2003
f 4714/4298 4623/6078 3248/7694
f 4612/7482 1371/1919 2714/3921
f 391/5341 4492/7191 3350/4983
f 4701/7695 3542/5314 3197/2706
f 4192/5257 1271/1787 3467/4872
f 3120/2806 1467/7696 2996/4405
f 4643/7550 4075/6318 2201/3138
f 3265/3312 378/521 3990/6168
f 3368/5016 3294/4890 895/1261
f 4142/6459 1842/3586 4704/5953
f 4473/1495 4426/7042 4023/2344
f 2993/4399 2480/3568 2816/4107
f 4067/7441 1993/2830 4283/6735
f 3583/5401 4672/5400 4702/7697
f 3968/6135 3899/5999 173/234
f 124/4548 2296/3289 2298/3291
f 2942/4316 1584/1524 2030/7269
f 1497/2104 1494/2101 1495/2102
f 2179/3102 4096/6355 3169/4677
f 3370/5020 1265/1781 4703/7698
f 567/787 1799/2531 2779/4041
f 4291/6751 2776/4031 3888/5981
f 1238/4377 2136/3043 2102/2995
f 2612/3766 3454/5162 1945/2756
f 4647/7560 2210/7246 2728/3941
f 3610/5450 1287/1803 3156/4652
f 606/845 233/315 607/846
f 4389/3886 2185/7699 4432/5949
f 521/719 446/616 522/720
f 2030/5087 1584/2242 3408/5088
f 3974/6144 3672/5555 4610/7479
f 4085/4919 3591/1754 1246/1753
f 2523/3639 262/3638 2764/4013
f 4453/184 2056/7700 3298/4403
f 668/925 3676/7701 3675/3036
f 717/2046 1460/2048 1491/2096
f 545/759 1001/1400 3027/4457
f 2432/3497 3674/5557 2919/4277
f 4101/6880 2280/3265 2282/3267
f 589/818 635/884 590/819
f 3961/6116 3824/3440 2394/3442
f 4557/2604 3911/6022 1847/2605
f 1818/2565 2180/3103 3835/6458
f 1818/2565 3835/6458 1770/2498
f 4129/6428 718/1002 2093/2984
f 4003/5013 1497/2104 4543/7310
f 4677/4692 3622/5472 2510/3619
f 3291/4887 4313/6684 3292/4888
f 2206/3144 220/299 2607/3760
f 4630/7520 3006/4420 4660/7588
f 4132/7702 695/964 2118/7131
f 971/1357 1127/1584 4395/6970
f 2704/3908 2712/3919 2711/3918
f 411/561 3528/5297 3527/5296
f 139/3858 2670/3857 2425/6471
f 4585/7418 433/594 432/593
f 4433/5977 3179/7703 3886/5978
f 4440/6008 2629/3792 4441/4923
f 4095/1726 1230/1725 4000/6188
f 2401/3944 3594/5414 148/199
f 2742/3975 4637/7538 3889/5982
f 4687/7658 3103/4573 2099/2992
f 4135/6875 4423/7033 4675/6876
f 977/1367 976/1366 573/795
f 3145/4637 1267/1783 3146/4638
f 2386/5435 2743/5437 4393/6724
f 966/1352 3078/477 348/476
f 312/426 882/1240 2799/4076
f 1186/1666 4169/5901 1185/1664
f 3542/5314 4701/7695 4706/7535
f 752/1055 3480/5209 3914/6029
f 3899/5999 2356/7585 297/406
f 4501/7209 3444/7447 2287/6281
f 2812/2164 4134/6443 3295/4891
f 2197/6103 2266/3244 4161/4858
f 2082/2966 2738/3964 2339/3356
f 3268/4851 4154/6482 920/7704
f 1125/1582 1124/1581 3731/5681
f 3209/1762 1251/1764 3086/4541
f 353/482 3236/4792 3844/1113
f 4704/7705 3737/5688 3878/7706
f 1900/3894 4197/6577 2538/7707
f 949/1328 2022/2866 950/1329
f 2472/3554 3366/7559 321/443
f 4307/6205 3410/7708 2540/6640
f 4326/6542 4469/7149 3900/6000
f 4346/5606 4705/7709 3891/7119
f 913/1283 1760/2483 701/974
f 2543/3665 1999/2838 4304/6774
f 3917/6032 4317/7627 3658/5529
f 1485/2086 2325/3335 1460/2048
f 1354/1895 3737/5688 4704/7705
f 2036/2885 2035/2884 2986/6131
f 524/724 506/700 525/725
f 3917/6803 4061/1845 4317/6321
f 4416/2010 4316/6791 778/1095
f 3855/5914 2941/4315 2942/4316
f 3593/5413 3174/4685 3594/5414
f 2458/3535 2459/3537 3624/5474
f 3749/5707 1546/2041 1456/2043
f 1341/1880 1340/1879 3229/4776
f 4146/6464 1654/2339 4706/7710
f 1301/2540 4114/2541 3233/4780
f 187/253 2329/3342 420/577
f 1803/2537 3595/5415 1105/3684
f 2281/3266 492/7046 2282/3267
f 2165/3083 2166/3084 3281/4874
f 3538/5310 1073/1507 1511/2122
f 3581/5398 531/732 3913/6028
f 3994/5884 4468/3357 3841/5885
f 2085/2970 3895/2969 4707/7711
f 4586/3790 4708/7712 3858/5654
f 3671/5551 4709/7713 3944/4394
f 2626/3784 3363/5009 4174/4595
f 3906/956 2462/3540 4726/954
f 1239/1738 901/1268 3995/6182
f 1137/1595 3802/5811 444/613
f 370/508 4491/507 4257/6693
f 781/226 3879/5956 169/227
f 4477/7161 4583/7415 1229/1724
f 2447/3521 2005/7244 4273/431
f 4602/7503 2626/3784 277/6759
f 1877/2649 2828/4122 4158/6489
f 4115/6394 3383/5052 3395/5068
f 1597/2258 1596/2257 3856/5916
f 747/1049 1819/2566 3941/6075
f 1802/2536 747/1049 3941/6075
f 4519/7242 3625/5475 1398/1960
f 4163/7325 3738/5689 3064/4509
f 4128/6427 2762/4007 2370/4446
f 1407/1975 4254/4012 1392/6935
f 711/7714 560/780 559/779
f 3965/6124 1719/6221 948/1327
f 2492/3592 1967/2793 2493/3593
f 3904/6010 1904/2693 2858/6420
f 2948/4328 1680/2375 3792/5793
f 497/686 801/1126 3970/6138
f 1658/2345 2874/4209 4398/6976
f 1216/3130 1232/7715 1231/7286
f 4527/7259 2293/3284 3644/5511
f 4699/7690 4615/7496 3413/5096
f 1630/2308 428/587 3753/5718
f 4410/6999 1090/1535 2170/3089
f 3263/6037 3920/6036 4679/6418
f 4008/6202 1169/1641 1813/2553
f 2854/3909 1234/1730 2855/4885
f 3896/5996 3642/7597 4284/7716
f 3698/5604 878/7717 4225/5605
f 4024/5383 3683/5572 2725/3936
f 3839/3068 4292/6613 4293/7718
f 3229/6159 3228/5100 520/718
f 2884/4226 3409/6852 2899/4249
f 1734/2448 351/480 1735/2449
f 2604/3756 4275/6725 2605/3757
f 254/341 253/340 3841/5885
f 1951/2765 2572/5716 4226/1456
f 4484/7174 3529/5298 3339/1636
f 2827/6717 4181/6526 389/536
f 2468/3550 1675/2365 4576/7392
f 4661/7589 1170/4459 426/7719
f 2676/3869 3461/5176 2677/3870
f 3321/4934 3209/7151 4476/7159
f 3853/5912 4032/4348 1516/2129
f 1717/2327 1716/7720 1644/2328
f 264/6498 3757/5728 2749/3985
f 4672/4996 2061/2930 2614/3769
f 1946/4628 2772/4025 2800/4079
f 3637/4303 749/770 552/769
f 377/520 3268/7121 1275/6921
f 3997/7617 2866/4192 4439/7085
f 2524/3640 1991/2827 4040/6639
f 4147/3743 1358/7099 2596/3744
f 4314/6788 3257/4829 4034/6245
f 4515/4793 2853/4176 967/1353
f 2112/3009 2111/3008 1442/7571
f 2502/3570 233/315 4363/6886
f 1285/1801 460/633 462/635
f 4495/7195 3352/4987 3237/4794
f 4306/4951 3331/4950 3177/4688
f 2456/3533 4701/5394 3197/4717
f 265/355 2929/4299 3757/356
f 2359/3386 3755/5721 3619/5960
f 490/674 4658/676 576/798
f 1189/1669 2358/3384 1551/430
f 792/1117 1500/2107 1502/2109
f 4652/4070 2628/7293 2794/4068
f 4280/5852 451/621 3825/5853
f 2099/2992 1154/1618 2699/3902
f 4693/7673 4612/7482 1560/1548
f 2840/4147 3359/5242 675/934
f 4112/3859 2153/3861 4113/7721
f 3611/5451 3592/5412 3591/5411
f 2775/1670 1190/1672 2468/3550
f 4437/7081 996/1393 1729/2442
f 2037/2886 2039/2888 2422/7722
f 2558/3686 2561/3689 1121/1578
f 4663/7594 3945/5751 1636/2316
f 1143/1602 1615/2289 1144/1603
f 4380/6919 4075/6318 4643/7550
f 1904/2693 3869/7049 2858/6420
f 955/1334 3533/5305 2454/7723
f 4602/7466 1687/2383 2801/4080
f 74/7724 605/5629 1355/1896
f 3703/5620 1912/2708 2549/3673
f 2441/3508 3039/4476 1559/2195
f 4446/7097 1278/1794 2258/3229
f 2857/4180 2114/3011 1102/1553
f 1950/2764 1273/1789 4198/7725
f 90/116 2757/3998 101/132
f 2584/3725 2817/4108 2400/7141
f 2633/3798 2632/3797 4276/6726
f 684/949 1424/1996 1425/1998
f 1188/1668 2358/3384 1189/1669
f 2616/6214 3887/5980 3951/6095
f 4710/7726 4186/1904 1848/1903
f 3868/5932 402/551 401/550
f 3028/4460 1051/1475 413/4049
f 3635/5489 2672/3864 3531/5300
f 4711/7727 1811/1898 2836/6499
f 4711/7728 2836/4140 3699/143
f 1828/2581 1896/2680 1466/2058
f 1254/1767 2194/3127 3044/4483
f 3386/6560 1072/1646 1172/1645
f 750/1053 209/282 751/1054
f 1874/2645 3726/5675 2157/3072
f 2761/1395 214/291 3584/5402
f 4314/6788 4584/6247 4224/6631
f 2703/3907 2712/3919 2704/3908
f 314/428 2068/2947 3138/2946
f 574/796 3882/5966 1293/6298
f 1084/1526 2108/3003 4246/1527
f 2256/4201 4589/2020 293/398
f 3495/5066 4665/2736 1920/7729
f 2294/3285 2571/3705 422/579
f 3288/4882 1816/2562 3139/1043
f 1984/2817 2536/3654 1665/2997
f 4566/3556 4357/6871 4328/6812
f 349/4530 1432/2007 1433/2008
f 1646/5080 1384/1940 1383/1939
f 3321/4934 4476/7159 847/1190
f 3807/5819 4119/7394 4712/7730
f 4151/3824 2650/3826 3382/5051
f 182/2587 1834/2588 4648/7562
f 3767/5752 3323/3947 223/7043
f 4270/6714 4358/2516 1788/2518
f 157/211 2566/3695 158/212
f 1346/1886 2846/4163 3630/4165
f 2874/7731 2875/5384 4608/4515
f 4622/4854 3142/7732 2175/3095
f 4713/7733 3972/6855 196/6857
f 1155/1619 1157/1621 2461/3539
f 1305/1831 3003/4415 1306/1832
f 1303/1829 4017/6222 4536/6660
f 945/1322 2362/3390 3580/5397
f 3585/5403 2195/3128 4049/6272
f 3423/5112 2167/3085 2997/4406
f 4420/7022 4697/2641 1873/2640
f 3248/4817 3176/4687 4714/7734
f 4615/7735 4614/2833 359/3339
f 2172/3092 1523/2136 2242/3195
f 3117/6180 1858/7736 3120/2806
f 2639/3804 3181/6607 1656/2341
f 3480/5209 2603/3753 1040/1462
f 255/342 2213/3154 1855/2619
f 3761/5734 3762/5736 2945/4320
f 4684/7651 2390/5145 3963/6120
f 461/5122 2320/3325 4534/7278
f 4487/7182 998/1397 3797/6508
f 2013/2855 4246/6676 2108/3464
f 394/542 396/544 823/1156
f 4611/7481 333/458 3524/5292
f 1665/2353 2536/7655 1666/2354
f 4387/4033 2777/4034 2595/3741
f 4344/4272 4369/7737 2825/6406
f 4286/5387 3317/4929 4195/6575
f 3838/5875 3666/5545 2574/3708
f 3210/7576 3435/5128 2546/3588
f 3722/5666 351/7369 4149/5664
f 2273/3254 665/7145 3374/1484
f 514/711 3923/6042 2819/4110
f 2287/3275 3444/5144 4388/3276
f 1758/2481 1759/2482 4670/7610
f 924/1298 4049/6272 4078/7738
f 2027/2871 2026/2870 4044/3748
f 4531/7273 848/1191 592/7283
f 3098/5861 520/718 1289/1806
f 2817/3828 2818/7739 3522/3827
f 2748/3984 4330/6814 2455/5550
f 852/1199 4139/2927 3031/4464
f 1326/1860 4264/6705 1327/1861
f 1844/2601 2016/2858 2973/4372
f 4185/6545 4320/4134 3177/4688
f 4483/3180 1539/7051 3311/4917
f 1927/5108 808/1138 4197/1708
f 1146/7316 2314/3318 3055/4496
f 3634/5488 2937/3862 3635/5489
f 4702/2366 4488/7183 1676/2367
f 636/6338 4528/7262 4364/7740
f 3795/5798 801/1126 4277/861
f 4088/7478 3199/4722 2418/6620
f 3743/5700 3784/5779 3742/5699
f 376/519 4490/6569 377/520
f 2612/3766 1945/2756 3122/4604
f 3478/5204 3195/4714 2029/6703
f 851/1198 3065/4510 3066/4511
f 267/359 2882/4223 2957/4344
f 1783/2511 3178/4689 1784/2512
f 3307/4912 1713/2421 2998/4407
f 1827/2580 2731/3948 2732/3949
f 1379/1935 4627/2275 4255/2112
f 2842/4151 432/593 1562/2199
f 1483/2081 1482/2080 2059/2928
f 2696/7741 4715/7742 4716/7743
f 4324/6806 4430/7295 3685/5574
f 1909/2701 751/1054 2550/3676
f 3495/5237 1920/2719 2031/2878
f 3526/5295 612/853 994/1391
f 175/236 2676/7008 4717/7744
f 2541/3663 3039/4476 2230/3181
f 2996/4405 1786/2514 1977/2807
f 1941/7245 1569/2214 1083/1522
f 734/1027 4362/1029 4718/7745
f 1832/2585 2286/3274 1833/2586
f 2927/4296 3067/4512 2479/3565
f 2908/1555 3326/4941 4176/4479
f 3652/5521 3996/6184 2335/7125
f 4030/4197 722/1008 3112/4587
f 421/578 2347/6996 1101/1552
f 3563/5365 1956/2773 1955/2772
f 1662/2350 3299/4896 2139/3048
f 1714/2422 2729/6544 1715/2423
f 370/508 2626/3784 2802/1251
f 2516/5371 898/1264 1737/7226
f 837/2828 3512/1665 1992/2829
f 2816/4107 653/908 3364/260
f 2696/3898 4716/7746 2697/3899
f 1209/1698 3825/5853 1210/1699
f 1038/1459 2560/3688 3059/4501
f 2196/4268 3251/4822 1782/2510
f 3136/7747 1459/2047 717/2046
f 4752/6319 4623/7397 2110/7748
f 4051/6274 3369/1452 289/390
f 3044/4483 375/518 1781/2509
f 3382/5051 2650/3826 3974/6144
f 1367/1915 4732/6208 840/1177
f 1993/5210 3034/4469 3477/4468
f 740/1037 4301/1036 4639/1136
f 1942/2752 3498/3633 615/857
f 504/697 3992/6174 3449/4448
f 490/674 543/755 491/675
f 1364/1912 3549/5330 1365/1913
f 3357/4993 1791/2521 1898/2683
f 4140/5484 4295/6758 3631/5485
f 1585/2243 1989/2825 1586/2244
f 1655/2340 1654/2339 4146/6464
f 2153/3861 2671/3860 4292/6754
f 2681/3876 2897/4246 1140/1598
f 2011/4795 1007/935 1008/6985
f 1826/2579 2527/3331 1827/2580
f 3385/5054 1070/1501 3386/5055
f 2444/3514 4336/6822 3651/5520
f 2063/4682 590/819 3968/7749
f 323/446 3817/5838 324/447
f 3388/5057 2955/4342 2951/4336
f 2710/5618 147/197 4451/7750
f 653/908 4042/6257 1365/7619
f 2422/7722 2039/2888 4634/7529
f 4719/7751 2583/6809 1777/2505
f 4092/3815 3029/4462 2739/3816
f 4717/1966 4117/1968 1515/7252
f 4208/6596 3640/5498 4720/7752
f 234/316 1120/1577 3724/5670
f 2200/3137 1888/2669 2780/4042
f 3758/6232 3588/5535 4721/7753
f 3869/5934 4719/7751 1777/2505
f 175/236 4032/6243 173/234
f 2438/3504 2437/3503 369/501
f 4700/7693 4450/7105 2403/6291
f 1292/1810 693/961 692/960
f 4386/7754 1694/289 2761/1395
f 4282/6734 3641/5500 3431/5124
f 173/234 3899/5999 174/235
f 1053/1477 2984/4387 3231/6173
f 3900/6000 2333/3348 3901/6001
f 3085/5447 2625/3782 3271/4857
f 1769/2497 1771/2499 2402/5672
f 2103/2996 4210/6599 1457/2044
f 2641/3806 2640/3805 2662/3845
f 2661/527 383/529 3715/5652
f 3400/4824 4040/6255 4722/7755
f 3758/6232 448/618 3588/5535
f 3124/424 2798/4075 4723/7756
f 1488/2090 927/1303 3091/4550
f 1117/1572 3160/4657 2103/2996
f 330/1761 1855/2619 2931/4301
f 217/296 1934/2741 218/297
f 2040/2893 1605/2271 3070/4516
f 557/777 1574/7757 3104/3658
f 1825/2578 2732/3949 2849/4170
f 930/1306 929/1305 2014/2856
f 3387/6559 1172/1645 2364/3392
f 2116/3013 3021/4447 2807/4088
f 609/848 1098/1547 1336/1546
f 1458/2045 4698/6148 2332/7758
f 2719/3929 1741/7759 2720/3930
f 224/304 155/6129 1728/2441
f 1078/1514 4742/1513 3460/5175
f 4084/6342 416/7760 3794/6113
f 944/1320 943/1319 2651/2006
f 4220/6619 9/10 4094/5235
f 331/455 4198/7725 1273/1789
f 2999/6506 1890/2671 1889/2670
f 4122/6409 4616/1035 740/1037
f 1058/1483 1057/1482 1916/2712
f 3054/4495 2313/3317 3875/5540
f 3934/6065 1835/2589 1723/2434
f 1364/1912 3766/5750 3549/5330
f 1025/1436 1026/1438 2112/3009
f 3148/4640 1272/6334 3449/5155
f 2377/7761 1974/3178 3811/5894
f 2217/3162 2066/2935 4569/7373
f 3807/5819 4569/7373 3991/6172
f 4724/7762 1941/7245 4243/6672
f 4722/3623 4724/7762 4243/6672
f 1620/2297 3916/6031 4011/4327
f 397/6830 3536/5308 398/7374
f 3814/5835 2047/2901 2046/2900
f 4398/6976 2874/4209 4608/7473
f 1236/1734 1237/1735 1879/2651
f 4725/7763 3975/6145 368/2431
f 3638/5495 4747/4499 2177/3100
f 1540/2165 3612/5453 4002/7419
f 1591/2251 466/4401 468/1340
f 731/1021 505/699 4521/1019
f 4577/7393 180/3424 1651/2336
f 3925/6046 3958/6108 2897/4535
f 805/1133 3469/840 604/842
f 2918/4276 3775/5767 2477/6494
f 3597/4734 2318/3323 1988/2824
f 3597/4734 1988/2824 1569/6181
f 1265/1781 4520/7248 4703/7698
f 3428/6248 712/989 2450/6283
f 2267/3246 4204/6589 1997/2835
f 198/267 1124/1581 1123/1580
f 3143/4633 4682/6442 3089/4544
f 2888/1648 3785/5784 1173/1649
f 3253/7270 3915/756 1807/2543
f 602/839 601/838 3510/5266
f 4437/7081 1729/2442 1731/2444
f 2668/3854 1777/2505 1919/2715
f 808/1138 1929/5107 809/1139
f 1673/3955 4145/611 442/610
f 1507/464 1335/7764 2307/6218
f 4010/5170 2894/4243 2189/3121
f 590/819 2356/3381 3968/7749
f 1147/1608 1145/1604 3185/4702
f 4545/7313 1223/1718 2125/7314
f 4013/6210 1593/2254 1592/2253
f 3813/5831 4748/5491 3892/5987
f 1778/2506 551/768 2119/3020
f 3329/790 569/789 829/1163
f 1891/2672 1136/1594 4523/7254
f 3297/4705 3296/1517 1080/1519
f 3159/4656 3455/5167 2481/7018
f 4726/7765 3140/4626 3139/4625
f 2240/3193 571/792 2113/3010
f 4274/6721 2005/2844 2007/2846
f 4155/6483 2486/3583 760/1064
f 3554/5349 1061/1487 1063/1489
f 4342/7766 3424/5113 4343/7355
f 2099/2992 3103/4573 1154/1618
f 3033/4466 514/711 1257/1771
f 4524/7243 4436/1959 4727/7767
f 3639/5496 4593/6177 3262/5497
f 2763/4008 563/783 562/782
f 3241/4803 4592/7445 4025/4804
f 3746/5703 1058/1483 1727/3057
f 3072/3844 2218/7426 4265/6706
f 2544/3666 3360/5001 4392/6961
f 3642/5261 2376/3413 2616/3771
f 2007/2846 2050/2914 2913/4267
f 1137/1595 4031/6239 3187/4704
f 1514/2126 4519/6745 4524/7256
f 1400/1964 836/1171 4098/6357
f 3492/5230 1183/1662 3476/5598
f 3215/4753 1771/2499 2770/4022
f 3752/4986 1509/7768 4074/6317
f 2676/3869 1402/1967 4717/1966
f 1910/2703 1208/1694 3073/4521
f 1570/6081 3664/6083 2696/3898
f 3579/5392 1475/5019 3828/5858
f 3003/4645 2767/4016 3151/4644
f 4669/1181 2080/2963 844/1182
f 770/1078 769/1077 3970/6138
f 212/7769 2646/7547 4642/7548
f 2160/3078 2159/3077 1588/2248
f 4655/6535 4004/6195 3393/5065
f 3208/2897 4035/6249 4153/6479
f 450/620 122/165 991/1386
f 1684/2380 1352/1893 1256/1770
f 1645/4831 1206/1692 4387/4033
f 1107/1562 1109/1564 3955/2091
f 360/490 2710/7770 2846/4163
f 2074/7360 3593/5413 4233/6648
f 4642/287 1715/2423 4296/288
f 388/7771 3571/5377 2926/4293
f 3045/4484 1454/2040 3519/5278
f 365/495 3396/5069 3395/5068
f 4657/7581 2069/2949 779/7607
f 252/7395 1480/2078 3464/7772
f 1838/2592 3477/7773 447/617
f 2054/2919 1678/6002 572/793
f 4563/4749 1204/5650 2313/3317
f 1986/2892 2041/2894 1406/1974
f 2269/3249 4518/1448 1032/1447
f 4659/7587 908/3125 2104/2999
f 2283/3268 1357/1900 2627/3785
f 1054/1478 828/1942 2/2
f 2440/6465 1244/7774 2627/6466
f 2237/3190 1034/2662 2346/3367
f 1761/2485 631/880 4326/6808
f 2405/3456 239/321 1607/5538
f 600/3566 2480/3568 1748/2468
f 1674/2364 4575/7391 1675/2365
f 3366/5012 4201/7525 3700/1773
f 4205/6591 4206/6592 4047/7682
f 1555/2188 1556/2190 4291/6751
f 578/6753 2279/3026 407/557
f 2846/4163 2710/7770 4451/7196
f 1532/2150 1103/1554 2053/2917
f 2072/2954 1954/2770 4572/1498
f 1069/1132 4728/7775 803/1130
f 4126/6422 637/888 2095/2986
f 3160/4657 3014/7020 2103/2996
f 4729/7776 2085/2970 4707/7711
f 2651/3829 607/846 2502/3570
f 411/561 3527/5296 409/559
f 1321/1854 3430/6953 1279/1795
f 1458/3346 2333/3348 4469/7149
f 3088/7094 3260/4835 619/863
f 1473/2068 2959/4349 1474/2069
f 4618/939 2972/4371 3696/5602
f 2822/4114 2921/4282 4428/2144
f 1581/2239 2465/3547 3226/6111
f 2437/3503 802/1129 3948/6091
f 2455/3532 342/469 264/354
f 736/3062 2378/3417 456/6973
f 3602/5429 2476/7777 4739/5264
f 3722/5666 2617/3772 3038/5748
f 3168/7778 3965/6124 2885/1326
f 3854/7053 805/1133 604/842
f 1462/3731 723/1009 2589/3732
f 3645/5512 3570/5376 1149/5503
f 4319/6797 4670/7610 3638/7779
f 3549/5330 3766/5750 855/7780
f 2411/3467 2413/3469 2979/4379
f 3110/2889 3511/5267 704/978
f 4451/7750 147/197 2048/7305
f 4584/7417 1112/7781 4420/7022
f 4584/7417 4420/7022 4585/7418
f 3743/5700 3673/5556 3783/5778
f 110/145 4591/4789 1031/7782
f 4411/875 2451/3526 437/603
f 3485/5217 4365/5359 661/917
f 963/3942 965/6651 1163/1627
f 305/415 3437/549 3436/2277
f 1001/1400 1663/1402 3125/4608
f 508/702 2655/3837 4014/6212
f 4378/5129 1743/2460 3332/4953
f 730/1020 4521/1019 3617/5461
f 3526/5295 994/1391 3908/6018
f 4257/7633 2317/3321 2075/5900
f 2753/3993 4475/7158 4434/7620
f 2823/2950 1178/1654 2173/3093
f 4381/7783 2751/3988 4526/3471
f 2271/6470 3835/6458 4730/7784
f 3894/5989 1549/2180 2976/4375
f 1937/2745 4506/5800 4280/6732
f 904/1271 903/1270 2071/2952
f 554/773 2123/1189 2279/3263
f 2887/4229 2886/4228 1529/2145
f 3295/4891 3612/5453 1540/2165
f 3254/4720 4731/7785 4433/5977
f 402/551 4406/6487 2009/2848
f 978/1369 1310/1837 1309/1836
f 4325/6807 3685/5574 4743/5576
f 3521/5285 3261/4836 2506/3612
f 3347/4979 4744/4981 842/1179
f 3607/5446 1418/1986 1158/1622
f 1362/1909 1632/2312 1461/2049
f 1679/7786 2949/1574 1981/2813
f 2331/3345 3488/5222 122/165
f 4334/6240 3664/6242 3944/7787
f 4264/6705 4732/7788 4053/6277
f 1864/2630 3655/5524 2673/3865
f 813/6873 812/5030 3043/4482
f 4331/6815 3981/6153 1141/6987
f 2771/7789 3850/7790 4733/7791
f 788/7013 3896/5996 4284/7716
f 4208/6596 2965/4359 4171/6509
f 3893/2808 1597/2258 3856/5916
f 1917/2713 2445/4230 1915/2711
f 404/553 381/525 3845/5293
f 1483/2081 2059/2928 2251/3216
f 1626/2282 4219/6618 1610/2283
f 2858/4182 3358/4998 2839/4183
f 2442/7654 1020/1430 4060/7653
f 437/603 613/854 438/604
f 4091/6349 2022/2866 949/1328
f 2861/4186 4676/7073 2862/4187
f 4576/7392 2775/1670 2468/3550
f 4252/6686 3407/3788 4586/3790
f 1212/763 549/765 874/7288
f 4734/7792 1994/7793 2871/7794
f 110/145 117/155 1947/2761
f 3491/5228 896/1262 817/7331
f 845/6276 2017/5332 3550/5334
f 4190/6566 2472/7014 2471/6564
f 3984/6156 4735/7795 1867/2633
f 728/1015 3697/2865 2982/4384
f 4252/6686 1282/1798 1443/2027
f 2339/3356 327/451 1522/6839
f 1773/2501 3352/4987 1377/1933
f 974/1364 3422/5111 975/1365
f 3506/5260 3713/5640 700/973
f 2982/4384 2803/4082 150/202
f 1108/1563 1107/1562 2720/6109
f 1993/5210 3704/5622 837/7796
f 1024/1435 1081/1520 1023/1433
f 3339/1636 3529/5298 4315/6859
f 2939/4313 891/1255 1340/1879
f 4594/7450 894/1260 4148/6928
f 3362/5006 2487/3584 1842/3586
f 3691/5592 1123/1516 1125/7076
f 3148/4640 3147/4639 380/5896
f 108/44 42/56 4711/5607
f 2425/6471 3810/5022 2426/7797
f 4390/6958 4567/1429 1979/2811
f 3022/4450 114/150 1649/7608
f 1524/2137 4628/7516 1523/2136
f 1465/2057 2815/4106 1902/2691
f 876/1230 756/1059 4321/1231
f 3997/7617 4439/7085 1088/1533
f 1280/1796 2754/3995 221/300
f 1871/2638 2187/3116 1541/2170
f 4291/6751 1556/2190 2776/4031
f 2399/3449 3004/4922 2629/3792
f 3626/5476 953/1332 952/1331
f 1436/2013 2449/3478 4351/3477
f 812/5030 4611/5029 3043/4482
f 3438/5132 4736/7798 1832/2585
f 4137/6451 3047/4486 3049/4488
f 357/487 2543/3665 4304/6774
f 2193/3126 1253/1766 2860/4185
f 518/715 2012/717 1961/2778
f 2715/3922 4361/6882 3235/4787
f 3063/4508 1166/1630 1168/1632
f 4142/6459 4704/5953 2944/4319
f 1286/1802 462/635 2584/3725
f 1437/2014 1436/2013 4351/3477
f 1170/4459 4661/7589 1050/1473
f 3899/5999 3569/5373 174/235
f 3128/4611 3755/5468 3907/6199
f 3706/5627 324/447 933/1309
f 2282/6362 4737/7799 798/1123
f 2043/2896 4271/6250 4035/6249
f 3494/2405 3701/5615 1703/2406
f 1241/1741 4262/6058 3320/4933
f 3471/5190 3470/5189 4261/6698
f 324/447 3817/5838 934/1310
f 3100/7800 1915/2711 2445/4230
f 143/191 1738/2453 141/189
f 1085/1528 1087/1530 4738/7801
f 1541/6048 2187/3114 1205/1690
f 2042/4739 3207/4738 1331/1867
f 1981/3999 4180/7802 2315/3319
f 3737/6954 830/767 550/766
f 2129/3035 669/926 3675/3036
f 776/1093 879/7027 2925/4290
f 2950/4330 4129/4332 541/747
f 504/697 3449/4448 503/695
f 660/916 3485/5217 661/917
f 2476/3561 4738/3560 4739/7803
f 4297/7804 4273/6720 4274/6721
f 2465/3547 1581/2239 1582/2240
f 3796/5984 2508/7436 3890/5983
f 507/701 2654/3836 508/702
f 802/1129 4440/4523 3948/6091
f 1903/2692 4719/3723 1904/2693
f 1820/2568 4193/6572 2017/2859
f 4627/6701 1131/6959 3989/6163
f 1348/6805 640/891 2920/4281
f 4022/825 814/1145 2412/3336
f 3324/2230 1576/2229 154/208
f 4042/1911 3750/5708 3749/5707
f 4433/7071 4731/945 682/947
f 4090/1017 317/437 2765/436
f 3031/4464 2684/3880 853/1200
f 2740/5442 4744/4812 1928/2732
f 4006/6198 648/902 4578/6064
f 3889/5982 1987/2822 3888/5981
f 2226/3174 1538/3175 4580/7405
f 3215/4753 2770/4022 3836/5872
f 1537/2159 1199/1684 4662/7591
f 480/4210 3724/5742 481/7805
f 3260/4835 2905/6861 620/864
f 4737/679 2721/3931 962/1347
f 685/4127 1425/7806 764/1071
f 3954/5579 4022/6227 2411/3467
f 825/1159 3623/5473 826/1160
f 3853/5912 2064/5911 4032/4348
f 3948/7521 4440/7807 3552/5342
f 4740/7808 3118/1388 4152/1387
f 3099/4567 3173/4684 3135/4621
f 363/493 362/492 3313/4921
f 4304/6774 3691/5592 4059/6295
f 3973/6141 3232/3491 4741/7809
f 3991/6172 1789/2519 4119/7394
f 1043/1465 1042/1464 1975/2804
f 3141/4630 2132/361 4484/4631
f 954/1333 3533/5305 955/1334
f 1900/2688 1901/2690 758/1061
f 2489/3589 3884/5432 3561/5363
f 1481/2079 1483/2081 3508/6536
f 610/850 1098/1547 609/848
f 2578/3718 4742/7810 3520/5279
f 3164/4665 4467/7146 4630/7162
f 1985/2819 2580/3720 2163/3081
f 862/1085 773/1087 863/5692
f 4325/5289 4743/7811 3189/4708
f 4744/7812 2740/3968 3716/5887
f 2292/1758 1971/2800 4745/7813
f 4562/7357 2212/2563 1818/2565
f 4562/7357 1818/2565 1769/2497
f 3580/5397 3137/4623 3739/5696
f 2182/3105 4381/6924 207/279
f 4566/7367 2735/3960 972/1360
f 3295/4891 4121/6405 3612/5453
f 4746/7814 4460/4813 1243/1749
f 2761/1395 3584/5402 4561/1297
f 1399/1961 1558/2192 4436/1959
f 1821/2571 3933/6944 3969/7815
f 3399/5073 4133/1265 898/1264
f 4604/1086 2581/3721 2000/2839
f 893/1258 800/1125 4093/6351
f 1071/7816 983/1375 982/1374
f 410/560 3578/5391 411/561
f 559/779 1550/2181 4423/6547
f 4353/6864 3753/5718 3752/5717
f 371/513 2242/3195 4298/1065
f 174/235 2676/7008 175/236
f 4136/6450 983/6449 1071/1502
f 3152/4646 598/4588 1217/1712
f 4225/6632 145/194 2054/2372
f 1309/1836 1400/1838 1768/2495
f 4335/6548 3894/5989 1024/1435
f 2222/3169 2715/3922 2223/3170
f 386/532 229/310 384/530
f 1300/1825 241/323 3670/5549
f 2953/4339 4077/3951 1544/2173
f 1253/1766 1592/2253 3377/2252
f 4090/6348 4510/7231 729/6565
f 4476/6766 3209/1762 3086/4541
f 2024/2868 627/871 626/870
f 4695/7681 3058/6740 4747/7817
f 1062/1488 4261/6698 3470/5189
f 1372/1920 1371/1919 4612/7482
f 4723/7818 2798/5005 2683/7561
f 1719/2427 4502/6170 1648/2332
f 4116/6395 3395/5068 2353/3376
f 4679/7636 4207/5283 807/1137
f 1621/2298 435/599 1622/2299
f 4025/5964 4592/7595 3432/5125
f 3278/4868 2736/3354 907/1276
f 1965/2784 4362/6885 325/448
f 4145/6463 1675/2365 2469/3551
f 496/7057 2893/4241 296/403
f 2766/4015 3090/4545 3151/4644
f 3386/6560 1070/7819 1072/1646
f 2693/3895 3575/6581 2757/3998
f 2379/3418 2859/4184 3490/5992
f 3060/4502 4532/4627 1804/2538
f 3493/5231 4750/4090 2255/3226
f 2254/3225 3493/5231 2255/3226
f 4692/2686 457/630 2997/4406
f 4387/4033 2595/3741 4379/3740
f 769/1077 633/882 589/818
f 2963/4354 2623/3779 3682/4355
f 755/1058 4131/6435 2983/3786
f 3668/5547 3146/5986 883/1242
f 735/1030 455/627 2708/3914
f 4748/7820 4449/5961 3619/5960
f 1036/7821 3720/5000 1546/2041
f 3110/2889 195/7822 194/2890
f 844/1182 2080/2963 1755/2476
f 2260/3233 4005/6529 266/3234
f 3895/2969 473/3446 4749/7823
f 3081/4534 4566/3556 4328/6812
f 1758/2481 4670/7610 4319/6797
f 3067/4512 3897/7176 2572/5716
f 4750/7824 3277/423 1599/2261
f 4750/7824 1599/2261 2809/5967
f 3095/4556 4059/6295 1640/2321
f 4681/7480 2781/3117 1949/2763
f 278/375 280/377 3849/5904
f 3264/4774 1746/6562 2308/3309
f 4393/6724 954/1333 4105/1335
f 4244/7825 3208/2897 2511/3620
f 2454/7197 703/976 3926/6047
f 2304/3302 2305/3304 3575/5382
f 4075/6318 969/272 4170/6507
f 3289/4883 3288/4882 1525/1042
f 4297/4225 4274/6851 2884/4226
f 719/1005 146/196 2512/3621
f 3305/4909 4269/4009 1691/2388
f 4012/6194 2391/3438 1897/3437
f 3830/5860 4751/7826 1863/2629
f 561/781 3205/4733 2990/4395
f 2117/3018 2878/4310 1809/7827
f 620/864 215/292 621/865
f 3340/4965 4752/7828 2110/3006
f 1145/1604 4673/6413 3185/4702
f 3994/5884 1213/7829 4468/3357
f 3993/6175 3407/5086 406/555
f 3861/5762 1657/2343 3771/5763
