o rosi_eating_tarr_body
v -0.527167 0.395074 0.043039
v -0.498126 0.436565 0.050330
v -0.485341 0.410230 0.090625
v -0.527493 0.591056 0.042712
v -0.485629 0.570021 0.090111
v -0.498449 0.544153 0.050272
v 0.530245 0.386465 0.043535
v 0.487472 0.402979 0.090557
v 0.502647 0.431915 0.051265
v 0.532261 0.588159 0.044603
v 0.503404 0.544510 0.054370
v 0.490476 0.568138 0.089322
v -0.069312 0.969913 -0.070556
v 0.003328 0.961124 -0.068633
v 0.000928 0.957122 0.003833
v -0.071378 0.967719 0.001049
v -0.140426 0.974521 -0.069352
v -0.137031 0.965677 -0.132987
v -0.066626 0.965997 -0.134846
v 0.003328 0.961124 -0.068633
v 0.005032 0.961768 -0.133072
v -0.063950 0.955158 -0.191878
v 0.005924 0.956511 -0.190004
v -0.132748 0.948883 -0.189826
v -0.061911 0.936578 -0.241705
v 0.005884 0.942811 -0.239953
v -0.128646 0.925484 -0.239416
v -0.060905 0.911776 -0.286660
v 0.005130 0.921271 -0.285180
v -0.125698 0.897932 -0.283910
v -0.061328 0.882270 -0.329077
v 0.003878 0.892494 -0.327946
v -0.124874 0.868680 -0.325461
v -0.062947 0.847868 -0.369844
v 0.002499 0.856841 -0.369145
v 0.001364 0.814670 -0.409673
v -0.126236 0.836466 -0.364887
v -0.065528 0.808376 -0.409850
v 0.000564 0.765255 -0.448618
v -0.068554 0.761954 -0.447913
v 0.000191 0.707866 -0.485068
v -0.129850 0.800024 -0.403002
v -0.183057 0.824101 -0.354331
v -0.182351 0.853381 -0.316941
v -0.071507 0.706759 -0.482854
v -0.134803 0.756651 -0.438734
v -0.187657 0.790311 -0.389326
v -0.140185 0.703640 -0.471010
v -0.184820 0.880387 -0.276512
v -0.231825 0.811079 -0.340420
v -0.194669 0.749344 -0.421535
v -0.145241 0.640109 -0.497815
v -0.232455 0.836598 -0.305914
v -0.189746 0.907358 -0.232402
v -0.202609 0.698537 -0.450568
v -0.237447 0.859797 -0.266956
v -0.195705 0.931841 -0.183011
v -0.210256 0.637201 -0.474850
v -0.244723 0.883817 -0.223062
v -0.201275 0.951382 -0.126737
v -0.252617 0.906632 -0.173471
v -0.066371 0.181576 -0.397692
v -0.000000 0.145804 -0.353817
v -0.280944 0.487464 -0.467347
v -0.277648 0.412120 -0.460180
v -0.269602 0.342653 -0.442771
v -0.277073 0.563149 -0.460810
v -0.268613 0.633463 -0.444781
v -0.258142 0.692696 -0.423469
v -0.247277 0.741393 -0.398366
v -0.237635 0.780099 -0.370960
v -0.270960 0.797704 -0.325397
v -0.278468 0.770253 -0.350043
v -0.291751 0.734156 -0.371277
v -0.306152 0.687364 -0.391655
v -0.319772 0.629651 -0.409549
v -0.273882 0.818559 -0.294779
v -0.296820 0.786695 -0.312970
v -0.311016 0.764976 -0.324501
v -0.329198 0.730154 -0.339360
v -0.282752 0.836816 -0.257731
v -0.307989 0.796703 -0.288555
v -0.293090 0.856476 -0.213794
v -0.336137 0.768470 -0.292261
v -0.322076 0.809817 -0.251858
v -0.347778 0.684250 -0.354836
v -0.360727 0.731908 -0.301711
v -0.356760 0.777171 -0.252356
v -0.336301 0.824616 -0.206684
v -0.303279 0.875859 -0.163245
v -0.259464 0.926217 -0.117421
v -0.205138 0.963277 -0.064267
v -0.141860 0.974069 0.000626
v -0.384160 0.685064 -0.312720
v -0.387718 0.737267 -0.257153
v -0.375811 0.787517 -0.203820
v -0.349209 0.839704 -0.154122
v -0.311702 0.893286 -0.106361
v -0.263769 0.939217 -0.055799
v -0.205977 0.964820 0.003714
v -0.364788 0.627229 -0.369147
v -0.330713 0.560792 -0.423329
v -0.335756 0.486457 -0.429028
v -0.378263 0.559057 -0.380514
v -0.404717 0.627663 -0.323563
v -0.331684 0.412318 -0.422681
v -0.384455 0.485393 -0.385292
v -0.415866 0.688494 -0.264174
v -0.420677 0.559427 -0.332516
v -0.411553 0.744085 -0.204510
v -0.439754 0.630107 -0.271809
v -0.391927 0.798349 -0.147893
v -0.443462 0.693228 -0.208064
v -0.359345 0.853685 -0.095259
v -0.430876 0.751364 -0.144826
v -0.316635 0.905376 -0.044449
v -0.403746 0.808513 -0.085814
v -0.264039 0.942278 0.010504
v -0.364900 0.863634 -0.031892
v -0.316356 0.908751 0.021186
v -0.470096 0.633720 -0.212893
v -0.465500 0.698318 -0.145191
v -0.444334 0.758109 -0.079142
v -0.409727 0.815870 -0.019808
v -0.364071 0.866625 0.034178
v -0.457935 0.561365 -0.278444
v -0.427921 0.485750 -0.336337
v -0.379615 0.411895 -0.379835
v -0.321440 0.344098 -0.407566
v -0.259223 0.284602 -0.418583
v -0.194919 0.231938 -0.412057
v -0.129872 0.186843 -0.388357
v -0.064627 0.148387 -0.350869
v -0.064042 0.119954 -0.301644
v -0.000000 0.117017 -0.303954
v -0.064386 0.095124 -0.249330
v -0.000000 0.091774 -0.251028
v -0.065431 0.072747 -0.193236
v -0.000000 0.068974 -0.194452
v -0.066678 0.055075 -0.132842
v -0.000000 0.051129 -0.133645
v -0.067626 0.044365 -0.067626
v -0.000000 0.040750 -0.068026
v -0.068026 0.040750 0.000000
v -0.000000 0.037426 0.000000
v -0.126454 0.154693 -0.343461
v -0.125449 0.127469 -0.296047
v -0.126299 0.103931 -0.245291
v -0.128444 0.082837 -0.190365
v -0.130939 0.065961 -0.130939
v -0.132842 0.055075 -0.066678
v -0.133645 0.051130 0.000000
v -0.187633 0.193804 -0.374397
v -0.248147 0.237650 -0.389386
v -0.307968 0.287522 -0.386962
v -0.367089 0.344373 -0.367144
v -0.422325 0.412025 -0.331788
v -0.466043 0.487198 -0.281319
v -0.490015 0.564338 -0.217408
v -0.494070 0.637547 -0.147424
v -0.480534 0.702816 -0.076359
v -0.450648 0.762986 -0.010012
v -0.408328 0.818285 0.047898
v -0.407477 0.344025 -0.321466
v -0.459712 0.412538 -0.277674
v -0.498709 0.489410 -0.219392
v -0.514855 0.567389 -0.149958
v -0.510003 0.640635 -0.076009
v -0.487196 0.705886 -0.004316
v -0.448540 0.764662 0.060012
v -0.350220 0.288637 -0.350220
v -0.293273 0.242489 -0.362837
v -0.238010 0.201481 -0.356950
v -0.182679 0.163410 -0.333030
v -0.181589 0.138268 -0.288494
v -0.183268 0.116948 -0.239965
v -0.186618 0.098021 -0.186618
v -0.190366 0.082837 -0.128443
v -0.193236 0.072747 -0.065431
v -0.194452 0.068975 0.000000
v -0.231467 0.173569 -0.320768
v -0.231170 0.151387 -0.280330
v -0.234782 0.133119 -0.234782
v -0.239965 0.116948 -0.183268
v -0.245291 0.103931 -0.126299
v -0.249330 0.095124 -0.064386
v -0.251028 0.091774 0.000000
v -0.279360 0.208896 -0.337159
v -0.331202 0.244690 -0.331201
v -0.386962 0.287522 -0.307968
v -0.442654 0.343186 -0.269608
v -0.491671 0.413265 -0.216625
v -0.523625 0.491588 -0.151117
v -0.530395 0.569564 -0.076640
v -0.516643 0.642481 -0.001499
v -0.484119 0.706689 0.068185
v -0.362837 0.242489 -0.293273
v -0.418583 0.284944 -0.259223
v -0.472669 0.341989 -0.210648
v -0.516146 0.413885 -0.149225
v -0.538493 0.492935 -0.077054
v -0.536258 0.570682 -0.000335
v -0.312228 0.212537 -0.312227
v -0.270984 0.184202 -0.307867
v -0.272900 0.165866 -0.272900
v -0.280330 0.151387 -0.231170
v -0.288494 0.138268 -0.181589
v -0.296048 0.127469 -0.125449
v -0.301644 0.119954 -0.064041
v -0.303954 0.117017 0.000000
v -0.297211 0.193345 -0.297211
v -0.307868 0.184202 -0.270984
v -0.337159 0.208896 -0.279360
v -0.320768 0.173569 -0.231467
v -0.389386 0.237736 -0.248147
v -0.356950 0.201481 -0.238010
v -0.333030 0.163410 -0.182678
v -0.445473 0.281668 -0.203002
v -0.374397 0.193805 -0.187633
v -0.412057 0.232280 -0.194919
v -0.343461 0.154727 -0.126453
v -0.495876 0.340707 -0.145247
v -0.466270 0.278477 -0.140152
v -0.388357 0.186976 -0.129872
v -0.429654 0.227224 -0.134755
v -0.350869 0.148520 -0.064627
v -0.531079 0.414075 -0.076055
v -0.510627 0.339607 -0.074068
v -0.479612 0.276152 -0.071521
v -0.397692 0.182106 -0.066371
v -0.440983 0.223667 -0.068820
v -0.353817 0.146035 0.000000
v -0.543600 0.493546 -0.000083
v -0.536224 0.414129 0.000001
v -0.515905 0.339120 0.000000
v -0.484419 0.275207 0.000000
v -0.401203 0.180162 0.000000
v -0.445081 0.222263 0.000000
v -0.527167 0.395074 0.043039
v -0.527493 0.591056 0.042712
v -0.510691 0.339674 0.074069
v -0.479612 0.276152 0.071522
v -0.440983 0.223667 0.068820
v -0.397692 0.182106 0.066371
v -0.495992 0.349155 0.145251
v -0.466269 0.278477 0.140152
v -0.512739 0.642373 0.073260
v -0.350869 0.148520 0.064627
v -0.429654 0.227224 0.134755
v -0.301645 0.119954 0.064042
v -0.388357 0.186976 0.129872
v -0.249330 0.095124 0.064386
v -0.343461 0.154727 0.126454
v -0.193236 0.072747 0.065431
v -0.296047 0.127469 0.125449
v -0.132842 0.055075 0.066678
v -0.245291 0.103931 0.126299
v -0.067626 0.044365 0.067626
v -0.000000 0.037426 0.000000
v -0.000000 0.040750 0.068026
v -0.190366 0.082837 0.128444
v -0.130939 0.065961 0.130939
v -0.066678 0.055075 0.132842
v -0.333030 0.163410 0.182679
v -0.288494 0.138268 0.181589
v -0.239965 0.116948 0.183268
v -0.186618 0.098021 0.186618
v -0.128444 0.082837 0.190366
v -0.374397 0.193805 0.187633
v -0.412057 0.232281 0.194919
v -0.445473 0.281792 0.203002
v -0.472813 0.345215 0.210657
v -0.234782 0.133119 0.234782
v -0.183268 0.116948 0.239965
v -0.280330 0.151388 0.231170
v -0.320768 0.173570 0.231467
v -0.356950 0.201482 0.238010
v -0.389386 0.237736 0.248147
v -0.418583 0.285031 0.259223
v -0.442803 0.345422 0.269625
v -0.272900 0.165866 0.272900
v -0.307867 0.184202 0.270984
v -0.337159 0.208896 0.279360
v -0.362837 0.242489 0.293273
v -0.386962 0.287587 0.307968
v -0.407609 0.345485 0.321494
v -0.231170 0.151388 0.280330
v -0.312227 0.212537 0.312227
v -0.331201 0.244690 0.331201
v -0.350220 0.288865 0.350220
v -0.367195 0.348232 0.367187
v -0.297211 0.193345 0.297211
v -0.270984 0.184202 0.307867
v -0.279360 0.208896 0.337159
v -0.293273 0.242489 0.362837
v -0.307968 0.287621 0.386962
v -0.321522 0.346124 0.407629
v -0.231467 0.173570 0.320768
v -0.238010 0.201482 0.356950
v -0.248147 0.237650 0.389386
v -0.259223 0.284602 0.418583
v -0.269665 0.342823 0.442852
v -0.181589 0.138268 0.288494
v -0.126299 0.103931 0.245291
v -0.065431 0.072747 0.193236
v -0.000000 0.051130 0.133645
v -0.203002 0.280351 0.445473
v -0.210698 0.340828 0.472963
v -0.194919 0.231938 0.412057
v -0.187633 0.193805 0.374397
v -0.182679 0.163410 0.333030
v -0.125449 0.127469 0.296047
v -0.064386 0.095124 0.249330
v -0.000000 0.068975 0.194452
v -0.145365 0.342659 0.500139
v -0.140173 0.276245 0.467250
v -0.134755 0.226326 0.429654
v -0.129872 0.186843 0.388357
v -0.126454 0.154694 0.343461
v -0.064042 0.119954 0.301644
v -0.000000 0.091774 0.251028
v -0.071599 0.273428 0.483361
v -0.068822 0.221833 0.441077
v -0.066371 0.181576 0.397692
v -0.064627 0.148387 0.350869
v -0.000000 0.117017 0.303954
v -0.072562 0.297736 0.515173
v 0.065431 0.072747 0.193236
v 0.064386 0.095124 0.249330
v 0.066678 0.055075 0.132842
v 0.067626 0.044365 0.067626
v 0.068026 0.040750 0.000000
v -0.000000 0.037426 0.000000
v -0.000000 0.145804 0.353817
v 0.064041 0.119954 0.301644
v -0.000000 0.179238 0.401202
v -0.000000 0.219502 0.445080
v -0.000016 0.269202 0.485179
v -0.000078 0.314859 0.519822
v -0.074717 0.354904 0.541353
v 0.066371 0.181062 0.397692
v 0.068820 0.220654 0.440983
v 0.071555 0.269880 0.479878
v 0.074444 0.316851 0.513700
v 0.064627 0.148258 0.350869
v 0.134755 0.224385 0.429654
v 0.140354 0.274297 0.467882
v 0.143710 0.303932 0.498165
v 0.129872 0.185965 0.388357
v 0.125449 0.127469 0.296048
v 0.126453 0.154474 0.343461
v 0.126299 0.103931 0.245291
v 0.128443 0.082837 0.190366
v 0.130939 0.065961 0.130939
v 0.132842 0.055075 0.066678
v 0.133645 0.051129 0.000000
v 0.194919 0.229620 0.412057
v 0.187633 0.192863 0.374397
v 0.203047 0.276460 0.445837
v 0.211108 0.339278 0.476261
v 0.148453 0.359694 0.521434
v 0.259223 0.279873 0.418583
v 0.269655 0.338403 0.442903
v 0.248147 0.235384 0.389386
v 0.182678 0.163175 0.333030
v 0.238010 0.200645 0.356951
v 0.181589 0.138268 0.288494
v 0.183268 0.116948 0.239965
v 0.186618 0.098021 0.186618
v 0.190366 0.082837 0.128444
v 0.193236 0.072747 0.065431
v 0.194452 0.068974 0.000000
v 0.231170 0.151387 0.280330
v 0.234782 0.133119 0.234782
v 0.239965 0.116948 0.183268
v 0.245291 0.103931 0.126299
v 0.249330 0.095124 0.064386
v 0.251028 0.091774 0.000000
v 0.231467 0.173360 0.320768
v 0.288494 0.138268 0.181589
v 0.296047 0.127469 0.125449
v 0.301644 0.119954 0.064042
v 0.280330 0.151387 0.231170
v 0.303954 0.117017 0.000000
v 0.272900 0.165866 0.272900
v 0.279360 0.208202 0.337159
v 0.270984 0.184029 0.307868
v 0.293273 0.240486 0.362837
v 0.307968 0.283428 0.386962
v 0.321499 0.343991 0.407604
v 0.320768 0.173360 0.231467
v 0.307867 0.184029 0.270984
v 0.333030 0.163175 0.182679
v 0.343464 0.154480 0.126454
v 0.350881 0.148283 0.064627
v 0.353845 0.145827 0.000000
v 0.374397 0.192863 0.187633
v 0.388370 0.185989 0.129872
v 0.397743 0.181161 0.066371
v 0.356950 0.200645 0.238010
v 0.401317 0.179328 0.000000
v 0.350919 0.148354 -0.064627
v 0.397892 0.181445 -0.066371
v 0.301644 0.119954 -0.064041
v 0.249330 0.095124 -0.064386
v 0.193236 0.072747 -0.065431
v 0.132842 0.055075 -0.066678
v 0.067626 0.044365 -0.067626
v -0.000000 0.037426 0.000000
v -0.000000 0.040750 -0.068026
v 0.066678 0.055075 -0.132842
v -0.000000 0.051129 -0.133645
v 0.130939 0.065961 -0.130939
v 0.190366 0.082837 -0.128443
v 0.245291 0.103931 -0.126299
v 0.296047 0.127469 -0.125449
v 0.065431 0.072747 -0.193236
v -0.000000 0.068974 -0.194452
v 0.128443 0.082837 -0.190365
v 0.186618 0.098021 -0.186618
v 0.239965 0.116948 -0.183268
v 0.064386 0.095124 -0.249330
v -0.000000 0.091774 -0.251028
v 0.126299 0.103931 -0.245291
v 0.183268 0.116948 -0.239965
v 0.064041 0.119954 -0.301644
v -0.000000 0.117017 -0.303954
v 0.125449 0.127469 -0.296047
v 0.064627 0.148258 -0.350869
v -0.000000 0.145804 -0.353817
v 0.126453 0.154474 -0.343461
v 0.181589 0.138268 -0.288494
v 0.234782 0.133119 -0.234782
v 0.182678 0.163175 -0.333030
v 0.129872 0.185965 -0.388357
v 0.231170 0.151387 -0.280330
v 0.231468 0.173362 -0.320768
v 0.187633 0.192862 -0.374397
v 0.238015 0.200653 -0.356950
v 0.270988 0.184037 -0.307867
v 0.248172 0.235432 -0.389386
v 0.074226 0.638636 -0.507427
v 0.000191 0.707866 -0.485068
v 0.279378 0.208236 -0.337159
v 0.259300 0.279868 -0.418583
v 0.149473 0.558416 -0.512643
v 0.071669 0.706931 -0.476619
v 0.000564 0.765255 -0.448618
v 0.293372 0.240677 -0.362837
v 0.269860 0.335128 -0.442441
v 0.219572 0.477552 -0.497391
v 0.145428 0.635610 -0.489960
v 0.069035 0.766554 -0.440395
v 0.001364 0.814670 -0.409673
v 0.308276 0.283571 -0.386962
v 0.278312 0.402376 -0.458860
v 0.217134 0.555886 -0.486434
v 0.139834 0.705763 -0.460446
v 0.066882 0.818211 -0.402277
v 0.002499 0.856841 -0.369145
v 0.322222 0.337720 -0.407159
v 0.282093 0.476991 -0.463777
v 0.210734 0.633188 -0.464964
v 0.133739 0.767836 -0.426644
v 0.333347 0.403921 -0.421053
v 0.278642 0.554351 -0.453130
v 0.201593 0.706166 -0.439485
v 0.338243 0.477752 -0.424961
v 0.269554 0.632019 -0.434139
v 0.333504 0.554791 -0.415199
v 0.128192 0.820793 -0.391101
v 0.191554 0.771085 -0.410768
v 0.256422 0.707557 -0.414022
v 0.321299 0.632753 -0.399187
v 0.065791 0.861920 -0.362732
v 0.066340 0.897699 -0.322224
v 0.003878 0.892494 -0.327946
v 0.067981 0.925770 -0.279885
v 0.005130 0.921271 -0.285180
v 0.070162 0.946355 -0.234846
v 0.005884 0.942811 -0.239953
v 0.072107 0.958791 -0.185045
v 0.005924 0.956511 -0.190004
v 0.073036 0.962415 -0.128420
v 0.005032 0.961768 -0.133072
v 0.072616 0.959828 -0.064340
v 0.003328 0.961124 -0.068633
v 0.124499 0.864568 -0.353805
v 0.123968 0.899092 -0.314746
v 0.125766 0.925636 -0.273207
v 0.129063 0.945466 -0.228467
v 0.132646 0.957640 -0.178799
v 0.135303 0.961214 -0.122474
v 0.136315 0.957916 -0.058956
v 0.182457 0.824212 -0.379584
v 0.241995 0.774524 -0.391776
v 0.303798 0.709354 -0.384344
v 0.185588 0.948700 -0.173067
v 0.189751 0.951440 -0.116815
v 0.192183 0.947281 -0.053763
v 0.180726 0.938400 -0.222900
v 0.176606 0.921230 -0.267574
v 0.174672 0.897882 -0.308345
v 0.176197 0.866245 -0.345566
v 0.229017 0.826479 -0.366393
v 0.284577 0.776377 -0.368676
v 0.238903 0.934074 -0.111059
v 0.233234 0.932824 -0.167673
v 0.226997 0.925373 -0.218131
v 0.221643 0.911972 -0.262908
v 0.218621 0.892874 -0.302477
v 0.220292 0.865302 -0.336939
v 0.267214 0.825604 -0.350192
v 0.242723 0.928888 -0.048154
v 0.277884 0.910865 -0.162440
v 0.269725 0.906599 -0.214145
v 0.262019 0.897277 -0.259132
v 0.255983 0.882875 -0.296596
v 0.285281 0.910095 -0.104818
v 0.256189 0.860087 -0.326847
v 0.290433 0.903700 -0.041520
v 0.243412 0.917032 0.021178
v 0.291859 0.891089 0.027212
v 0.191855 0.936885 0.016471
v 0.134965 0.949475 0.012288
v 0.070516 0.953631 0.007827
v 0.003328 0.961124 -0.068633
v 0.337428 0.871109 -0.033826
v 0.339142 0.858643 0.034885
v 0.331176 0.878224 -0.097988
v 0.321902 0.880711 -0.157141
v 0.311118 0.879292 -0.210828
v 0.299789 0.873726 -0.257060
v 0.288875 0.863772 -0.293851
v 0.385818 0.830504 -0.025036
v 0.378879 0.837181 -0.090464
v 0.367649 0.840254 -0.151548
v 0.353385 0.840663 -0.208062
v 0.337003 0.837898 -0.257509
v 0.387207 0.819283 0.044510
v 0.280748 0.850986 -0.316797
v 0.297272 0.825843 -0.328138
v 0.319417 0.831449 -0.297389
v 0.320071 0.778639 -0.339806
v 0.349250 0.783306 -0.303503
v 0.373881 0.787783 -0.259175
v 0.395736 0.789475 -0.206230
v 0.344676 0.712201 -0.349485
v 0.380014 0.716742 -0.308485
v 0.410640 0.721373 -0.260756
v 0.366877 0.635397 -0.359599
v 0.407194 0.639955 -0.314864
v 0.382465 0.557093 -0.372570
v 0.413745 0.788813 -0.146943
v 0.437382 0.724491 -0.205713
v 0.442519 0.645251 -0.264403
v 0.426272 0.561144 -0.325171
v 0.388645 0.479758 -0.381155
v 0.426835 0.786231 -0.083584
v 0.473121 0.650106 -0.207633
v 0.464756 0.566000 -0.272265
v 0.433927 0.482932 -0.332575
v 0.382625 0.405860 -0.378114
v 0.433978 0.780771 -0.016312
v 0.497751 0.570716 -0.213115
v 0.473675 0.486534 -0.278310
v 0.426841 0.407940 -0.330247
v 0.368632 0.339737 -0.366714
v 0.434142 0.771475 0.054717
v 0.507475 0.489824 -0.217450
v 0.465597 0.409765 -0.276502
v 0.409934 0.340570 -0.321081
v 0.350897 0.285729 -0.350220
v 0.498495 0.410938 -0.215930
v 0.445966 0.340332 -0.269316
v 0.388130 0.285222 -0.307968
v 0.331440 0.243329 -0.331201
v 0.476563 0.339137 -0.210475
v 0.420225 0.282872 -0.259223
v 0.363293 0.241362 -0.293273
v 0.312283 0.212030 -0.312227
v 0.447433 0.279500 -0.203002
v 0.390061 0.236680 -0.248147
v 0.337291 0.208454 -0.279360
v 0.297235 0.193120 -0.297211
v 0.307900 0.184091 -0.270984
v 0.272900 0.165866 -0.272900
v 0.280330 0.151387 -0.231170
v 0.357162 0.201051 -0.238010
v 0.320821 0.173462 -0.231467
v 0.288494 0.138268 -0.181589
v 0.333095 0.163300 -0.182678
v 0.374658 0.193365 -0.187633
v 0.343527 0.154600 -0.126453
v 0.388621 0.186470 -0.129872
v 0.412874 0.231189 -0.194919
v 0.430493 0.225940 -0.134755
v 0.441678 0.221988 -0.068820
v 0.468305 0.275870 -0.140152
v 0.445556 0.220131 0.000000
v 0.499930 0.337274 -0.145178
v 0.481393 0.272746 -0.071521
v 0.441250 0.221166 0.068820
v 0.523240 0.411168 -0.148948
v 0.514269 0.335032 -0.074048
v 0.485748 0.270844 0.000000
v 0.429761 0.224536 0.134755
v 0.532725 0.491956 -0.150218
v 0.537538 0.410163 -0.075972
v 0.518750 0.333070 0.000005
v 0.480422 0.270880 0.071522
v 0.412089 0.229682 0.194919
v 0.522875 0.574040 -0.147747
v 0.546823 0.492079 -0.076838
v 0.466632 0.272659 0.140152
v 0.497099 0.653323 -0.144791
v 0.541415 0.408411 0.000021
v 0.512541 0.332044 0.074068
v 0.537747 0.574721 -0.076188
v 0.458808 0.725709 -0.144606
v 0.550379 0.490509 -0.000211
v 0.530245 0.386465 0.043535
v 0.496927 0.340336 0.145248
v 0.512553 0.653703 -0.076108
v 0.473488 0.724639 -0.078687
v 0.542280 0.573002 -0.000949
v 0.480278 0.720793 -0.008818
v 0.518464 0.651296 -0.003412
v 0.532261 0.588159 0.044603
v 0.478037 0.713683 0.064133
v 0.513811 0.646151 0.071476
v 0.499618 0.631073 0.144517
v 0.467403 0.705181 0.136075
v 0.427496 0.760456 0.125583
v 0.383444 0.805798 0.114492
v 0.337229 0.843154 0.104670
v 0.290828 0.874469 0.097986
v 0.242475 0.900148 0.093580
v 0.190405 0.920596 0.090595
v 0.132879 0.934561 0.087950
v 0.068160 0.940790 0.084565
v -0.001146 0.946043 0.080654
v -0.072430 0.957082 0.076432
v -0.141592 0.963888 0.073687
v -0.204528 0.956441 0.074206
v -0.261361 0.936101 0.078633
v -0.312216 0.904227 0.087607
v -0.358270 0.863408 0.099895
v -0.400704 0.816236 0.114260
v -0.438926 0.763372 0.127943
v -0.472343 0.705401 0.138184
v -0.499269 0.628802 0.145320
v -0.201526 0.938574 0.144208
v -0.256822 0.921387 0.145728
v -0.305567 0.892617 0.151880
v -0.348912 0.854732 0.162202
v -0.388009 0.810202 0.176231
v -0.422720 0.759351 0.190794
v -0.452907 0.702426 0.202721
v -0.139878 0.943545 0.146569
v -0.072076 0.935668 0.152058
v -0.001873 0.924168 0.158160
v 0.066977 0.918269 0.162356
v 0.131686 0.911843 0.164716
v 0.189471 0.898759 0.165312
v 0.241416 0.879875 0.165693
v 0.288610 0.856049 0.167406
v 0.332599 0.826969 0.172051
v 0.374931 0.792326 0.181226
v 0.414204 0.749823 0.192368
v 0.449017 0.697046 0.202912
v 0.476906 0.629992 0.211676
v 0.240543 0.857957 0.232479
v 0.285426 0.837150 0.230209
v 0.325455 0.811483 0.231801
v 0.362092 0.780284 0.240262
v 0.395066 0.740858 0.251840
v 0.424105 0.690406 0.262787
v 0.447361 0.636350 0.272162
v 0.189346 0.874581 0.235602
v 0.131551 0.886344 0.237676
v 0.066873 0.892572 0.236797
v -0.001690 0.898567 0.232695
v -0.071140 0.909630 0.225098
v -0.137887 0.917608 0.217020
v -0.198344 0.914343 0.211472
v -0.251848 0.900252 0.209181
v -0.297735 0.875747 0.210877
v -0.337176 0.842418 0.217808
v -0.371344 0.801852 0.231222
v -0.401035 0.754008 0.246929
v -0.070448 0.885123 0.292724
v -0.136786 0.890646 0.282789
v -0.196352 0.886878 0.273748
v -0.247865 0.874813 0.266381
v -0.290044 0.855444 0.261471
v -0.324241 0.828287 0.263424
v -0.351806 0.792857 0.276644
v -0.001035 0.876308 0.300605
v 0.067756 0.870200 0.303488
v 0.132637 0.863091 0.301918
v 0.190325 0.851270 0.296442
v 0.240163 0.836138 0.288899
v 0.281496 0.819093 0.281133
v 0.316001 0.798090 0.278698
v 0.345355 0.771087 0.287150
v 0.370878 0.734841 0.300770
v 0.393892 0.685932 0.313839
v 0.412668 0.631678 0.325185
v 0.242368 0.811687 0.335534
v 0.281591 0.798595 0.321137
v 0.306912 0.788253 0.308237
v 0.322292 0.767522 0.323565
v 0.340684 0.733000 0.341142
v 0.358013 0.684194 0.357721
v 0.372592 0.612098 0.371881
v 0.290480 0.772375 0.351183
v 0.303528 0.736566 0.374942
v 0.316101 0.687058 0.396084
v 0.326896 0.619923 0.413389
v 0.249249 0.781872 0.372963
v 0.258311 0.743194 0.403470
v 0.267059 0.692155 0.429340
v 0.274655 0.628788 0.449787
v 0.197932 0.792237 0.391864
v 0.203936 0.750541 0.428027
v 0.209795 0.697109 0.458281
v 0.214942 0.623223 0.484000
v 0.192992 0.825074 0.348354
v 0.134821 0.836712 0.357937
v 0.137974 0.801839 0.406230
v 0.141604 0.757630 0.446893
v 0.145214 0.700777 0.481604
v 0.146503 0.660032 0.517633
v 0.148421 0.607367 0.541159
v 0.075757 0.632616 0.522951
v 0.069210 0.844557 0.362626
v 0.070821 0.809046 0.414407
v 0.074227 0.707395 0.494207
v 0.072517 0.763487 0.458349
v -0.000348 0.850485 0.361644
v -0.000074 0.814192 0.415564
v -0.000020 0.767505 0.461503
v 0.000003 0.710503 0.498600
v 0.000006 0.642851 0.525735
v -0.070365 0.856374 0.354218
v -0.071255 0.817612 0.408867
v -0.072702 0.769082 0.455465
v -0.074287 0.711027 0.492806
v -0.075773 0.641361 0.520134
v -0.137024 0.858653 0.342872
v -0.139049 0.817624 0.396267
v -0.142101 0.767796 0.441713
v -0.145418 0.709271 0.477951
v -0.148512 0.635622 0.504671
v -0.196511 0.853753 0.330129
v -0.199781 0.812545 0.379710
v -0.204789 0.763227 0.421724
v -0.210165 0.705727 0.455405
v -0.215137 0.644053 0.480471
v -0.247134 0.843352 0.316903
v -0.251913 0.804154 0.360323
v -0.259618 0.756886 0.396856
v -0.267663 0.701115 0.426717
v -0.274970 0.640591 0.449312
v -0.287201 0.829131 0.304107
v -0.293908 0.794230 0.339229
v -0.305434 0.750282 0.368463
v -0.317050 0.696615 0.393434
v -0.327328 0.627557 0.412973
v -0.313043 0.815701 0.293691
v -0.326845 0.788542 0.312610
v -0.343477 0.746532 0.334948
v -0.374982 0.748755 0.294708
v -0.359455 0.694022 0.355083
v -0.373157 0.624030 0.371439
v -0.427049 0.698737 0.260740
v -0.396010 0.695185 0.311190
v -0.413404 0.622853 0.324691
v -0.477212 0.645256 0.211739
v -0.448084 0.632935 0.271776
v -0.305241 0.560615 0.394215
v -0.348010 0.570972 0.357867
v -0.373157 0.624030 0.371439
v -0.348010 0.570972 0.357867
v -0.385569 0.543707 0.316958
v -0.413404 0.622853 0.324691
v -0.465700 0.567348 0.159986
v -0.485629 0.570021 0.090111
v -0.527493 0.591056 0.042712
v -0.385569 0.543707 0.316958
v -0.417932 0.579236 0.270651
v -0.448084 0.632935 0.271776
v -0.462641 0.393938 0.159925
v -0.441010 0.400189 0.217164
v -0.472813 0.345215 0.210657
v -0.441010 0.400189 0.217164
v -0.413004 0.390774 0.268768
v -0.442803 0.345422 0.269625
v -0.413004 0.390774 0.268768
v -0.380161 0.391950 0.314160
v -0.407609 0.345485 0.321494
v -0.380161 0.391950 0.314160
v -0.342445 0.403359 0.354147
v -0.367195 0.348232 0.367187
v -0.445115 0.586840 0.218111
v -0.465700 0.567348 0.159986
v -0.499269 0.628802 0.145320
v -0.417932 0.579236 0.270651
v -0.445115 0.586840 0.218111
v -0.477212 0.645256 0.211739
v 0.466477 0.583104 0.159283
v 0.445282 0.570655 0.218056
v 0.476906 0.629992 0.211676
v 0.445282 0.570655 0.218056
v 0.417711 0.580163 0.270988
v 0.447361 0.636350 0.272162
v 0.417711 0.580163 0.270988
v 0.385335 0.571208 0.317390
v 0.412668 0.631678 0.325185
v 0.385335 0.571208 0.317390
v 0.347935 0.535552 0.358254
v 0.372592 0.612098 0.371881
v 0.473191 0.334091 0.210652
v 0.441816 0.384304 0.217159
v 0.463967 0.385817 0.159923
v 0.496927 0.340336 0.145248
v 0.445601 0.276029 0.203002
v 0.418615 0.279995 0.259223
v 0.442894 0.338908 0.269616
v 0.389394 0.235400 0.248147
v 0.337159 0.208202 0.279360
v 0.362837 0.240486 0.293273
v 0.297211 0.193073 0.297211
v 0.312227 0.211924 0.312228
v 0.331201 0.242872 0.331202
v 0.386962 0.283118 0.307968
v 0.350220 0.284582 0.350220
v 0.407597 0.327602 0.321480
v 0.367174 0.328611 0.367168
v 0.413542 0.398599 0.268760
v 0.441816 0.384304 0.217159
v 0.473191 0.334091 0.210652
v 0.380602 0.387436 0.314148
v 0.413542 0.398599 0.268760
v 0.442894 0.338908 0.269616
v 0.300254 0.413841 0.389516
v 0.342879 0.391018 0.354130
v 0.367174 0.328611 0.367168
v 0.342879 0.391018 0.354130
v 0.380602 0.387436 0.314148
v 0.407597 0.327602 0.321480
v 0.251875 0.389012 0.420438
v 0.300254 0.413841 0.389516
v 0.321499 0.343991 0.407604
v 0.197182 0.391910 0.449367
v 0.251875 0.389012 0.420438
v 0.269655 0.338403 0.442903
v 0.136090 0.436183 0.469272
v 0.173711 0.402182 0.457015
v 0.211108 0.339278 0.476261
v 0.197182 0.391910 0.449367
v 0.069652 0.387916 0.482155
v 0.098100 0.401169 0.476638
v 0.148453 0.359694 0.521434
v 0.136090 0.436183 0.469272
v 0.000190 0.385419 0.486397
v 0.034926 0.377606 0.484275
v 0.074444 0.316851 0.513700
v 0.069652 0.387916 0.482155
v -0.068951 0.426161 0.481728
v -0.031915 0.396303 0.484229
v -0.000078 0.314859 0.519822
v 0.000190 0.385419 0.486397
v -0.135378 0.404241 0.468165
v -0.068951 0.426161 0.481728
v -0.074717 0.354904 0.541353
v -0.196399 0.388185 0.446683
v -0.135378 0.404241 0.468165
v -0.145365 0.342659 0.500139
v -0.251429 0.387626 0.420363
v -0.196399 0.388185 0.446683
v -0.210698 0.340828 0.472963
v -0.299823 0.391742 0.389538
v -0.251429 0.387626 0.420363
v -0.269665 0.342823 0.442852
v -0.342445 0.403359 0.354147
v -0.299823 0.391742 0.389538
v -0.321522 0.346124 0.407629
v 0.347935 0.535552 0.358254
v 0.305291 0.571854 0.394579
v 0.326896 0.619923 0.413389
v 0.305291 0.571854 0.394579
v 0.256539 0.583534 0.426440
v 0.274655 0.628788 0.449787
v 0.256539 0.583534 0.426440
v 0.200813 0.570324 0.455390
v 0.214942 0.623223 0.484000
v 0.172352 0.538074 0.464361
v 0.138735 0.464730 0.474957
v 0.143305 0.542414 0.499741
v 0.200813 0.570324 0.455390
v 0.148421 0.607367 0.541159
v 0.105499 0.537847 0.482222
v 0.070924 0.577239 0.489779
v 0.075757 0.632616 0.522951
v 0.143305 0.542414 0.499741
v 0.138735 0.464730 0.474957
v 0.070924 0.577239 0.489779
v 0.000232 0.593683 0.492896
v 0.000006 0.642851 0.525735
v 0.000232 0.593683 0.492896
v -0.070487 0.589661 0.487994
v -0.075773 0.641361 0.520134
v -0.070487 0.589661 0.487994
v -0.138367 0.562890 0.474462
v -0.148512 0.635622 0.504671
v -0.138367 0.562890 0.474462
v -0.200543 0.586654 0.453284
v -0.215137 0.644053 0.480471
v -0.200543 0.586654 0.453284
v -0.256380 0.584231 0.426016
v -0.274970 0.640591 0.449312
v -0.256380 0.584231 0.426016
v -0.305241 0.560615 0.394215
v -0.327328 0.627557 0.412973
v -0.485341 0.410230 0.090625
v -0.462641 0.393938 0.159925
v -0.495992 0.349155 0.145251
v -0.507069 0.491192 0.032741
v -0.498126 0.436565 0.050330
v -0.527167 0.395074 0.043039
v -0.498449 0.544153 0.050272
v -0.507069 0.491192 0.032741
v -0.543600 0.493546 -0.000083
v 0.463967 0.385817 0.159923
v 0.487472 0.402979 0.090557
v 0.530245 0.386465 0.043535
v 0.502647 0.431915 0.051265
v 0.513849 0.489100 0.032628
v 0.550379 0.490509 -0.000211
v 0.513849 0.489100 0.032628
v 0.503404 0.544510 0.054370
v 0.532261 0.588159 0.044603
v 0.490476 0.568138 0.089322
v 0.466477 0.583104 0.159283
v 0.499618 0.631073 0.144517
v -0.462641 0.393938 0.159925
v -0.411878 0.359999 0.136439
v -0.390858 0.356478 0.193138
v -0.441010 0.400189 0.217164
v -0.441010 0.400189 0.217164
v -0.390858 0.356478 0.193138
v -0.365733 0.356330 0.239474
v -0.413004 0.390774 0.268768
v -0.413004 0.390774 0.268768
v -0.365733 0.356330 0.239474
v -0.337240 0.356967 0.278948
v -0.380161 0.391950 0.314160
v -0.380161 0.391950 0.314160
v -0.337240 0.356967 0.278948
v -0.304642 0.357802 0.313895
v -0.342445 0.403359 0.354147
v -0.445115 0.586840 0.218111
v -0.393957 0.621610 0.195417
v -0.413684 0.615714 0.138926
v -0.465700 0.567348 0.159986
v -0.417932 0.579236 0.270651
v -0.369647 0.617471 0.242647
v -0.393957 0.621610 0.195417
v -0.445115 0.586840 0.218111
v -0.385569 0.543707 0.316958
v -0.341782 0.612231 0.282657
v -0.369647 0.617471 0.242647
v -0.417932 0.579236 0.270651
v -0.348010 0.570972 0.357867
v -0.309741 0.613439 0.317887
v -0.341782 0.612231 0.282657
v -0.385569 0.543707 0.316958
v 0.466477 0.583104 0.159283
v 0.414742 0.616542 0.136780
v 0.394153 0.617637 0.196258
v 0.445282 0.570655 0.218056
v 0.445282 0.570655 0.218056
v 0.394153 0.617637 0.196258
v 0.369588 0.615820 0.243808
v 0.417711 0.580163 0.270988
v 0.417711 0.580163 0.270988
v 0.369588 0.615820 0.243808
v 0.341817 0.611301 0.283844
v 0.385335 0.571208 0.317390
v 0.385335 0.571208 0.317390
v 0.341817 0.611301 0.283844
v 0.310073 0.607298 0.318911
v 0.347935 0.535552 0.358254
v 0.441816 0.384304 0.217159
v 0.390822 0.351259 0.192456
v 0.412248 0.355274 0.136105
v 0.463967 0.385817 0.159923
v 0.413542 0.398599 0.268760
v 0.365429 0.353990 0.239019
v 0.390822 0.351259 0.192456
v 0.441816 0.384304 0.217159
v 0.380602 0.387436 0.314148
v 0.336899 0.353623 0.278507
v 0.365429 0.353990 0.239019
v 0.413542 0.398599 0.268760
v 0.342879 0.391018 0.354130
v 0.304491 0.354777 0.313236
v 0.336899 0.353623 0.278507
v 0.380602 0.387436 0.314148
v 0.300254 0.413841 0.389516
v 0.267822 0.356027 0.344227
v 0.304491 0.354777 0.313236
v 0.342879 0.391018 0.354130
v 0.251875 0.389012 0.420438
v 0.225698 0.351600 0.371608
v 0.267822 0.356027 0.344227
v 0.300254 0.413841 0.389516
v 0.197182 0.391910 0.449367
v 0.177057 0.350658 0.395433
v 0.225698 0.351600 0.371608
v 0.251875 0.389012 0.420438
v -0.135378 0.404241 0.468165
v -0.123077 0.351403 0.414338
v -0.063137 0.351154 0.426079
v -0.068951 0.426161 0.481728
v -0.196399 0.388185 0.446683
v -0.177417 0.351328 0.395934
v -0.123077 0.351403 0.414338
v -0.135378 0.404241 0.468165
v -0.251429 0.387626 0.420363
v -0.225836 0.352869 0.372341
v -0.177417 0.351328 0.395934
v -0.196399 0.388185 0.446683
v -0.299823 0.391742 0.389538
v -0.267824 0.355675 0.345060
v -0.225836 0.352869 0.372341
v -0.251429 0.387626 0.420363
v -0.342445 0.403359 0.354147
v -0.304642 0.357802 0.313895
v -0.267824 0.355675 0.345060
v -0.299823 0.391742 0.389538
v 0.347935 0.535552 0.358254
v 0.310073 0.607298 0.318911
v 0.273682 0.612841 0.350432
v 0.305291 0.571854 0.394579
v 0.305291 0.571854 0.394579
v 0.273682 0.612841 0.350432
v 0.231257 0.619341 0.378610
v 0.256539 0.583534 0.426440
v 0.256539 0.583534 0.426440
v 0.231257 0.619341 0.378610
v 0.181808 0.617245 0.403314
v 0.200813 0.570324 0.455390
v 0.172352 0.538074 0.464361
v 0.200813 0.570324 0.455390
v 0.181808 0.617245 0.403314
v 0.126166 0.610668 0.422656
v 0.133428 0.546712 0.452876
v 0.138735 0.464730 0.474957
v 0.064803 0.623429 0.434984
v 0.070924 0.577239 0.489779
v 0.105499 0.537847 0.482222
v 0.126166 0.610668 0.422656
v 0.133428 0.546712 0.452876
v 0.138735 0.464730 0.474957
v 0.070924 0.577239 0.489779
v 0.064803 0.623429 0.434984
v 0.000678 0.629925 0.439326
v 0.000232 0.593683 0.492896
v 0.000232 0.593683 0.492896
v 0.000678 0.629925 0.439326
v -0.063474 0.628106 0.434704
v -0.070487 0.589661 0.487994
v -0.070487 0.589661 0.487994
v -0.063474 0.628106 0.434704
v -0.124905 0.623425 0.422150
v -0.138367 0.562890 0.474462
v -0.138367 0.562890 0.474462
v -0.124905 0.623425 0.422150
v -0.180679 0.624597 0.402679
v -0.200543 0.586654 0.453284
v -0.200543 0.586654 0.453284
v -0.180679 0.624597 0.402679
v -0.230364 0.621881 0.377862
v -0.256380 0.584231 0.426016
v -0.256380 0.584231 0.426016
v -0.230364 0.621881 0.377862
v -0.273068 0.616646 0.349549
v -0.305241 0.560615 0.394215
v -0.305241 0.560615 0.394215
v -0.273068 0.616646 0.349549
v -0.309741 0.613439 0.317887
v -0.348010 0.570972 0.357867
v -0.485341 0.410230 0.090625
v -0.436023 0.380729 0.061493
v -0.411878 0.359999 0.136439
v -0.462641 0.393938 0.159925
v -0.498126 0.436565 0.050330
v -0.452300 0.418887 0.010187
v -0.436023 0.380729 0.061493
v -0.485341 0.410230 0.090625
v -0.507069 0.491192 0.032741
v -0.463388 0.491289 -0.014122
v -0.452300 0.418887 0.010187
v -0.498126 0.436565 0.050330
v -0.498449 0.544153 0.050272
v -0.451801 0.560802 0.010237
v -0.463388 0.491289 -0.014122
v -0.507069 0.491192 0.032741
v -0.485629 0.570021 0.090111
v -0.434980 0.600217 0.062630
v -0.451801 0.560802 0.010237
v -0.498449 0.544153 0.050272
v -0.465700 0.567348 0.159986
v -0.413684 0.615714 0.138926
v -0.434980 0.600217 0.062630
v -0.485629 0.570021 0.090111
v 0.463967 0.385817 0.159923
v 0.412248 0.355274 0.136105
v 0.437423 0.376472 0.060227
v 0.487472 0.402979 0.090557
v 0.487472 0.402979 0.090557
v 0.437423 0.376472 0.060227
v 0.456596 0.416961 0.009774
v 0.502647 0.431915 0.051265
v 0.502647 0.431915 0.051265
v 0.456596 0.416961 0.009774
v 0.470123 0.490594 -0.014129
v 0.513849 0.489100 0.032628
v 0.513849 0.489100 0.032628
v 0.470123 0.490594 -0.014129
v 0.456947 0.561537 0.013991
v 0.503404 0.544510 0.054370
v 0.503404 0.544510 0.054370
v 0.456947 0.561537 0.013991
v 0.440344 0.595243 0.059402
v 0.490476 0.568138 0.089322
v 0.490476 0.568138 0.089322
v 0.440344 0.595243 0.059402
v 0.414742 0.616542 0.136780
v 0.466477 0.583104 0.159283
v -0.068951 0.426161 0.481728
v -0.063137 0.351154 0.426079
v -0.031915 0.396303 0.484229
v -0.000253 0.344947 0.430244
v 0.000190 0.385419 0.486397
v 0.000190 0.385419 0.486397
v -0.000253 0.344947 0.430244
v 0.034926 0.377606 0.484275
v 0.062635 0.346525 0.425893
v 0.069652 0.387916 0.482155
v 0.069652 0.387916 0.482155
v 0.062635 0.346525 0.425893
v 0.098100 0.401169 0.476638
v 0.122607 0.354430 0.413977
v 0.136090 0.436183 0.469272
v 0.136090 0.436183 0.469272
v 0.122607 0.354430 0.413977
v 0.173711 0.402182 0.457015
v 0.177057 0.350658 0.395433
v 0.197182 0.391910 0.449367
v -0.017953 0.662776 -1.243223
v -0.040594 0.369252 -0.891643
v -0.045501 0.593463 -0.900235
v -0.081036 0.329605 -0.811253
v -0.051729 0.476535 -0.860359
v -0.038741 0.359289 -0.908680
v -0.031357 0.488151 -0.992634
v -0.055876 0.335365 -0.865710
v -0.052718 0.375114 -0.863848
v -0.026605 0.654146 -1.136836
v -0.034680 0.632342 -1.021121
v -0.039987 0.498555 -0.969532
v -0.026094 0.587313 -1.103937
v -0.032887 0.520680 -1.020859
v -0.045090 0.509064 -0.927326
v -0.091132 0.477845 -0.656192
v -0.108771 0.303452 -0.684261
v -0.069525 0.545863 -0.762383
v -0.048346 0.546992 -0.913614
v -0.038678 0.589523 -1.028710
v -0.034876 0.621070 -1.115460
v -0.113356 0.340603 -0.682725
v -0.086293 0.374084 -0.800327
v -0.079022 0.496813 -0.779295
v -0.101789 0.445165 -0.667908
v -0.084342 0.432080 -0.787109
v -0.111328 0.387101 -0.672720
v -0.060536 0.524123 -0.848884
v -0.057449 0.571582 -0.831708
v -0.000390 0.398026 -0.965857
v -0.000390 0.306731 -0.892101
v -0.000390 0.276193 -0.816962
v -0.000390 0.237910 -0.679249
v -0.000390 0.549490 -0.626864
v -0.000390 0.598553 -0.739473
v -0.000390 0.631586 -0.822726
v -0.000390 0.655859 -0.896053
v -0.000390 0.693434 -1.037613
v -0.000390 0.704340 -1.156428
v -0.000390 0.688936 -1.304087
v -0.000390 0.592383 -1.152789
v -0.000390 0.519667 -1.068373
v -0.000390 0.436165 -0.983672
v -0.000390 0.455249 -0.952094
v -0.000390 0.462316 -0.923711
v -0.000390 0.442538 -0.895317
v -0.000390 0.407608 -0.902645
v -0.000390 0.399437 -0.926139
v -0.026319 0.377783 -0.933246
v -0.045051 0.317418 -0.887288
v -0.060129 0.287964 -0.816652
v -0.072838 0.264516 -0.685692
v -0.083699 0.517134 -0.648764
v -0.058251 0.564914 -0.752775
v -0.048771 0.597173 -0.823619
v -0.039651 0.622819 -0.887750
v -0.026617 0.664537 -1.021440
v -0.019226 0.687334 -1.149451
v -0.014450 0.675618 -1.274802
v -0.019670 0.585307 -1.131765
v -0.025461 0.517113 -1.052599
v -0.021401 0.464615 -0.988664
v -0.027263 0.473444 -0.960094
v -0.030588 0.486208 -0.926483
v -0.034762 0.456902 -0.878184
v -0.035393 0.393802 -0.881841
v -0.033078 0.383709 -0.909361
v 0.017174 0.662776 -1.243223
v 0.039814 0.369252 -0.891643
v 0.044722 0.593463 -0.900235
v 0.080256 0.329605 -0.811253
v 0.050949 0.476535 -0.860359
v 0.037962 0.359289 -0.908680
v 0.030578 0.488151 -0.992634
v 0.055097 0.335365 -0.865710
v 0.051939 0.375114 -0.863848
v 0.025825 0.654146 -1.136836
v 0.033900 0.632342 -1.021121
v 0.039208 0.498555 -0.969532
v 0.025314 0.587313 -1.103937
v 0.032107 0.520680 -1.020859
v 0.044311 0.509064 -0.927326
v 0.090353 0.477845 -0.656192
v 0.107991 0.303452 -0.684261
v 0.068746 0.545863 -0.762383
v 0.047567 0.546992 -0.913614
v 0.037899 0.589523 -1.028710
v 0.034096 0.621070 -1.115460
v 0.112577 0.340603 -0.682725
v 0.085513 0.374084 -0.800327
v 0.078242 0.496813 -0.779295
v 0.101009 0.445165 -0.667908
v 0.083562 0.432080 -0.787109
v 0.110548 0.387101 -0.672720
v 0.059756 0.524123 -0.848884
v 0.056670 0.571582 -0.831708
v 0.025539 0.377783 -0.933246
v 0.044272 0.317418 -0.887288
v 0.059350 0.287964 -0.816652
v 0.072059 0.264516 -0.685692
v 0.082158 0.517134 -0.648764
v 0.057472 0.564914 -0.752775
v 0.047992 0.597173 -0.823619
v 0.038872 0.622819 -0.887750
v 0.025838 0.664537 -1.021440
v 0.018446 0.687334 -1.149451
v 0.013671 0.675618 -1.274802
v 0.018890 0.585307 -1.131765
v 0.024681 0.517113 -1.052599
v 0.020622 0.464615 -0.988664
v 0.026484 0.473444 -0.960094
v 0.029809 0.486208 -0.926483
v 0.033983 0.456902 -0.878184
v 0.034613 0.393802 -0.881841
v 0.032299 0.383709 -0.909361
v -0.000389 0.544728 -0.577356
v -0.087880 0.514083 -0.577509
v -0.000393 0.225968 -0.517626
v -0.151334 0.416711 -0.550068
v -0.072608 0.249036 -0.509868
v -0.165601 0.329224 -0.525412
v -0.126586 0.297168 -0.516378
v 0.072553 0.246779 -0.509232
v 0.125811 0.293032 -0.515213
v 0.164828 0.323258 -0.523731
v 0.087111 0.509794 -0.576300
v 0.151334 0.409476 -0.548029
v -0.129642 0.464993 -0.563674
v 0.128252 0.459635 -0.562164
v 0.167111 0.366367 -0.535880
v -0.167863 0.372968 -0.537740
v 0.000067 0.640998 -0.515354
v -0.074111 0.641432 -0.511733
v -0.000374 0.593360 -0.537545
v -0.076092 0.564613 -0.531613
v -0.149213 0.565173 -0.517134
v -0.151321 0.484359 -0.543022
v -0.216390 0.564647 -0.492806
v -0.000390 0.198455 -0.459864
v -0.219138 0.486937 -0.500047
v -0.068820 0.221786 -0.440983
v -0.000000 0.179237 -0.401202
v -0.216626 0.410130 -0.492183
v -0.210649 0.339494 -0.472797
v -0.134755 0.226326 -0.429654
v -0.203002 0.280299 -0.445473
v 0.066371 0.181062 -0.397692
v 0.068820 0.220654 -0.440983
v 0.134755 0.224331 -0.429654
v 0.194919 0.229620 -0.412057
v 0.203002 0.275738 -0.445473
v 0.210698 0.332571 -0.472585
v 0.076152 0.560959 -0.529294
v 0.151415 0.478500 -0.524689
v 0.216824 0.401479 -0.491333
vt 0.719165 0.708823
vt 0.730515 0.721999
vt 0.707743 0.729359
vt 0.777344 0.722450
vt 0.789741 0.709636
vt 0.797110 0.730139
vt 0.732626 0.264024
vt 0.719930 0.276692
vt 0.711371 0.256291
vt 0.791763 0.276789
vt 0.781570 0.265392
vt 0.799630 0.257745
vt 1.001456 0.495378
vt 1.004192 0.495413
vt 1.000492 0.653711
vt 0.998381 0.590353
vt 0.993117 0.724894
vt 0.990343 0.800928
vt 0.998526 0.780365
vt 1.001960 0.748731
vt 0.991755 0.902168
vt 0.994686 1.002004
vt 0.983163 0.869289
vt 0.979449 0.950974
vt 0.982297 1.001892
vt 0.971952 0.906515
vt 0.963560 0.961397
vt 0.965597 1.001742
vt 0.957656 0.924972
vt 0.946041 0.968048
vt 0.947678 1.001580
vt 0.941217 0.937023
vt 0.926341 0.972059
vt 0.927733 1.001400
vt 0.904958 1.001194
vt 0.922377 0.944487
vt 0.903911 0.974563
vt 0.879235 1.000962
vt 0.878538 0.976002
vt 0.850446 1.000703
vt 0.900875 0.949179
vt 0.916581 0.920481
vt 0.933898 0.911048
vt 0.850007 0.976818
vt 0.818876 1.000418
vt 0.876374 0.951936
vt 0.896435 0.926314
vt 0.818651 0.977170
vt 0.848535 0.953595
vt 0.948818 0.896428
vt 0.909717 0.900433
vt 0.873122 0.929678
vt 0.817763 0.954441
vt 0.784799 0.977214
vt 0.924882 0.890213
vt 0.961772 0.875034
vt 0.846304 0.931706
vt 0.784464 0.954759
vt 0.937752 0.874817
vt 0.972054 0.843737
vt 0.816422 0.932756
vt 0.949206 0.853410
vt 0.978957 0.799408
vt 0.783915 0.933187
vt 0.958441 0.825029
vt 0.595561 0.971781
vt 0.620904 0.973677
vt 0.594033 0.998389
vt 0.571258 0.998183
vt 0.623502 0.949655
vt 0.750284 0.912402
vt 0.750098 0.933095
vt 0.716284 0.932577
vt 0.717227 0.911913
vt 0.683790 0.931559
vt 0.685561 0.910979
vt 0.653932 0.929970
vt 0.783345 0.912510
vt 0.815023 0.912147
vt 0.843932 0.911221
vt 0.869557 0.909390
vt 0.891380 0.906309
vt 0.902548 0.884734
vt 0.886500 0.889509
vt 0.866452 0.891235
vt 0.842035 0.892211
vt 0.813962 0.892643
vt 0.914964 0.874611
vt 0.896619 0.874446
vt 0.884172 0.874334
vt 0.865092 0.874161
vt 0.925162 0.859191
vt 0.902732 0.864266
vt 0.934553 0.838523
vt 0.886774 0.859203
vt 0.910184 0.848700
vt 0.841288 0.873947
vt 0.866760 0.857115
vt 0.891956 0.842493
vt 0.917408 0.828779
vt 0.942339 0.812683
vt 0.964653 0.788713
vt 0.981793 0.748541
vt 0.991108 0.664650
vt 0.842365 0.855699
vt 0.870192 0.839019
vt 0.897371 0.822583
vt 0.923636 0.804881
vt 0.947722 0.781751
vt 0.967186 0.748409
vt 0.979875 0.697632
vt 0.813602 0.873697
vt 0.782948 0.892738
vt 0.750463 0.892554
vt 0.782880 0.873420
vt 0.814304 0.854760
vt 0.717981 0.892151
vt 0.750639 0.873129
vt 0.844604 0.836726
vt 0.783297 0.854106
vt 0.874123 0.818799
vt 0.815716 0.835279
vt 0.902223 0.799802
vt 0.847346 0.816287
vt 0.928098 0.777385
vt 0.877776 0.796603
vt 0.949964 0.748254
vt 0.905717 0.774477
vt 0.965381 0.708067
vt 0.930019 0.748074
vt 0.948327 0.714722
vt 0.817487 0.814698
vt 0.849971 0.794442
vt 0.880373 0.772580
vt 0.907244 0.747869
vt 0.928627 0.718734
vt 0.784050 0.834344
vt 0.750814 0.853704
vt 0.718398 0.872838
vt 0.686973 0.891497
vt 0.656673 0.909531
vt 0.627155 0.927458
vt 0.599054 0.946456
vt 0.573180 0.968873
vt 0.553556 0.964506
vt 0.551314 0.998003
vt 0.536159 0.957540
vt 0.533394 0.997842
vt 0.520461 0.946833
vt 0.516695 0.997691
vt 0.509037 0.897812
vt 0.504306 0.997579
vt 0.504465 0.775906
vt 0.501603 0.744216
vt 0.504786 0.649238
vt 0.503943 0.490899
vt 0.577641 0.941376
vt 0.558939 0.933574
vt 0.542720 0.921227
vt 0.528759 0.902516
vt 0.518221 0.865094
vt 0.512276 0.796614
vt 0.510875 0.720542
vt 0.603907 0.923674
vt 0.631086 0.907238
vt 0.658913 0.890559
vt 0.687675 0.872561
vt 0.718330 0.853520
vt 0.750993 0.833856
vt 0.784993 0.813680
vt 0.819220 0.793041
vt 0.851862 0.771249
vt 0.881521 0.747636
vt 0.906197 0.721237
vt 0.687315 0.853614
vt 0.717933 0.833747
vt 0.751180 0.813162
vt 0.785932 0.792122
vt 0.820517 0.770332
vt 0.852732 0.747377
vt 0.880824 0.722676
vt 0.659990 0.872311
vt 0.634517 0.889142
vt 0.609322 0.903764
vt 0.583869 0.917479
vt 0.566725 0.907735
vt 0.552071 0.892848
vt 0.539505 0.871223
vt 0.529790 0.839746
vt 0.523689 0.795300
vt 0.521771 0.744390
vt 0.591094 0.897557
vt 0.576116 0.887066
vt 0.563525 0.871440
vt 0.552459 0.849830
vt 0.543738 0.821287
vt 0.538182 0.784865
vt 0.536378 0.744522
vt 0.614504 0.887055
vt 0.636185 0.872096
vt 0.659243 0.854046
vt 0.686255 0.834110
vt 0.717363 0.813070
vt 0.751374 0.791627
vt 0.786672 0.769676
vt 0.821162 0.747092
vt 0.852293 0.723492
vt 0.634825 0.855022
vt 0.657345 0.835036
vt 0.684856 0.813501
vt 0.716813 0.791499
vt 0.751576 0.769256
vt 0.787096 0.746784
vt 0.617105 0.871924
vt 0.598545 0.881991
vt 0.586313 0.871646
vt 0.576396 0.856044
vt 0.567379 0.835209
vt 0.560061 0.809234
vt 0.555237 0.778209
vt 0.553600 0.744677
vt 0.604658 0.871811
vt 0.598730 0.861523
vt 0.614777 0.856748
vt 0.591561 0.845825
vt 0.631721 0.836868
vt 0.609898 0.839948
vt 0.584697 0.825776
vt 0.654973 0.814551
vt 0.604843 0.819944
vt 0.628156 0.816579
vt 0.578901 0.801770
vt 0.683514 0.791817
vt 0.652743 0.792662
vt 0.600402 0.797078
vt 0.624904 0.794321
vt 0.574937 0.774198
vt 0.716478 0.769043
vt 0.682627 0.769087
vt 0.651270 0.769439
vt 0.597366 0.771694
vt 0.622740 0.770256
vt 0.573544 0.744857
vt 0.751782 0.746466
vt 0.716468 0.746147
vt 0.682402 0.745840
vt 0.650832 0.745555
vt 0.596319 0.745063
vt 0.622043 0.745295
vt 0.683047 0.722600
vt 0.651701 0.721682
vt 0.623190 0.720351
vt 0.597847 0.718455
vt 0.684344 0.699890
vt 0.653592 0.698489
vt 0.820936 0.723844
vt 0.575466 0.715547
vt 0.625788 0.696329
vt 0.555842 0.711181
vt 0.601340 0.693130
vt 0.538910 0.704219
vt 0.579927 0.688051
vt 0.524607 0.693524
vt 0.561225 0.680248
vt 0.513971 0.660344
vt 0.545122 0.667903
vt 0.508040 0.585929
vt 0.506679 0.490914
vt 0.531510 0.649195
vt 0.521169 0.615733
vt 0.514884 0.559125
vt 0.586155 0.664153
vt 0.569011 0.654409
vt 0.554357 0.639522
vt 0.541791 0.617898
vt 0.532076 0.586420
vt 0.606193 0.670348
vt 0.629441 0.674133
vt 0.656218 0.676644
vt 0.686076 0.678233
vt 0.565811 0.618114
vt 0.554745 0.596504
vt 0.578402 0.633740
vt 0.593380 0.644232
vt 0.611608 0.650438
vt 0.633372 0.653912
vt 0.658959 0.656206
vt 0.687847 0.657653
vt 0.588599 0.618320
vt 0.600831 0.628665
vt 0.616790 0.633729
vt 0.636804 0.635817
vt 0.661199 0.637233
vt 0.689259 0.638171
vt 0.578682 0.602718
vt 0.619391 0.618598
vt 0.638471 0.618770
vt 0.662276 0.618985
vt 0.689961 0.619235
vt 0.606944 0.618486
vt 0.601016 0.608197
vt 0.617063 0.603422
vt 0.637111 0.601696
vt 0.661528 0.600720
vt 0.689601 0.600288
vt 0.593847 0.592499
vt 0.612184 0.586622
vt 0.634007 0.583542
vt 0.659631 0.581710
vt 0.688541 0.580785
vt 0.569665 0.581884
vt 0.546024 0.567961
vt 0.525974 0.541974
vt 0.513063 0.490967
vt 0.657259 0.561226
vt 0.687142 0.560175
vt 0.630441 0.563254
vt 0.607129 0.566618
vt 0.586983 0.572451
vt 0.562347 0.555908
vt 0.540468 0.531539
vt 0.524057 0.491064
vt 0.685800 0.538491
vt 0.655029 0.539337
vt 0.627189 0.540995
vt 0.602688 0.543752
vt 0.581187 0.548444
vt 0.557523 0.524883
vt 0.538664 0.491196
vt 0.653556 0.516113
vt 0.625026 0.516930
vt 0.599652 0.518368
vt 0.577222 0.520872
vt 0.555886 0.491352
vt 0.665012 0.515985
vt 0.526893 0.440198
vt 0.541196 0.450893
vt 0.516114 0.422851
vt 0.509754 0.395934
vt 0.507643 0.332581
vt 0.575830 0.491531
vt 0.558128 0.457855
vt 0.598605 0.491737
vt 0.624328 0.491969
vt 0.653118 0.492229
vt 0.684688 0.492514
vt 0.684913 0.515762
vt 0.600133 0.465129
vt 0.625476 0.467025
vt 0.653987 0.468356
vt 0.685332 0.469274
vt 0.577752 0.462221
vt 0.628074 0.443003
vt 0.655878 0.445164
vt 0.669380 0.445779
vt 0.603626 0.439804
vt 0.563511 0.426922
vt 0.582213 0.434725
vt 0.547408 0.414577
vt 0.533795 0.395869
vt 0.523419 0.366365
vt 0.517027 0.321632
vt 0.515018 0.261389
vt 0.631727 0.420807
vt 0.608478 0.417022
vt 0.658504 0.423318
vt 0.688362 0.424908
vt 0.686630 0.446564
vt 0.661245 0.402880
vt 0.690133 0.404327
vt 0.635658 0.400586
vt 0.588441 0.410827
vt 0.613893 0.397112
vt 0.571297 0.401083
vt 0.556643 0.386196
vt 0.544077 0.364572
vt 0.534362 0.333094
vt 0.528260 0.288648
vt 0.526343 0.237738
vt 0.580688 0.380414
vt 0.568097 0.364788
vt 0.557031 0.343178
vt 0.548310 0.314635
vt 0.542754 0.278213
vt 0.540949 0.237870
vt 0.595666 0.390906
vt 0.571951 0.328558
vt 0.564632 0.302582
vt 0.559808 0.271557
vt 0.580968 0.349392
vt 0.558171 0.238025
vt 0.590885 0.364994
vt 0.619076 0.380403
vt 0.603117 0.375339
vt 0.639089 0.382491
vt 0.663485 0.383907
vt 0.691545 0.384845
vt 0.596132 0.339173
vt 0.603302 0.354871
vt 0.589268 0.319125
vt 0.583473 0.295118
vt 0.579508 0.267546
vt 0.578116 0.238206
vt 0.609414 0.313292
vt 0.604974 0.290426
vt 0.601938 0.265042
vt 0.614469 0.333296
vt 0.600891 0.238411
vt 0.580037 0.208895
vt 0.602418 0.211803
vt 0.560413 0.204529
vt 0.543482 0.197567
vt 0.529179 0.186872
vt 0.517792 0.185354
vt 0.509609 0.205923
vt 0.506175 0.237565
vt 0.516380 0.084114
vt 0.513449 -0.015725
vt 0.524972 0.116991
vt 0.536081 0.142543
vt 0.549694 0.161251
vt 0.565796 0.173596
vt 0.528686 0.035305
vt 0.525838 -0.015613
vt 0.536183 0.079764
vt 0.546363 0.111246
vt 0.558929 0.132870
vt 0.544575 0.024882
vt 0.542538 -0.015462
vt 0.550480 0.061308
vt 0.559317 0.089852
vt 0.562094 0.018231
vt 0.560457 -0.015300
vt 0.566918 0.049256
vt 0.581794 0.014220
vt 0.580402 -0.015120
vt 0.603177 -0.014915
vt 0.585759 0.041792
vt 0.604224 0.011716
vt 0.574237 0.075232
vt 0.570383 0.111462
vt 0.591554 0.065799
vt 0.607260 0.037100
vt 0.629597 0.010278
vt 0.583254 0.096066
vt 0.598418 0.085847
vt 0.611700 0.059966
vt 0.631761 0.034343
vt 0.635013 0.056602
vt 0.616755 0.079970
vt 0.605587 0.101545
vt 0.638579 0.076890
vt 0.661831 0.054574
vt 0.828019 -0.012886
vt 0.827375 0.010354
vt 0.793530 0.009699
vt 0.859589 -0.012601
vt 0.621635 0.096770
vt 0.664203 0.075058
vt 0.691713 0.053524
vt 0.792790 0.032145
vt 0.758232 0.031650
vt 0.858720 0.011271
vt 0.888379 -0.012341
vt 0.641683 0.095044
vt 0.693112 0.074133
vt 0.724220 0.053092
vt 0.758038 0.053184
vt 0.826077 0.033064
vt 0.887231 0.012603
vt 0.914102 -0.012109
vt 0.666100 0.094068
vt 0.724790 0.073770
vt 0.791851 0.053703
vt 0.856829 0.034464
vt 0.912574 0.014499
vt 0.936877 -0.011904
vt 0.694173 0.093636
vt 0.757851 0.073878
vt 0.824345 0.054720
vt 0.884633 0.036625
vt 0.725187 0.093542
vt 0.790908 0.074366
vt 0.854204 0.056310
vt 0.757672 0.093726
vt 0.822574 0.075301
vt 0.790154 0.094128
vt 0.909081 0.039824
vt 0.880980 0.058821
vt 0.851462 0.076748
vt 0.821162 0.094782
vt 0.934955 0.017407
vt 0.954580 0.021773
vt 0.956821 -0.011724
vt 0.971976 0.028739
vt 0.974741 -0.011562
vt 0.987674 0.039447
vt 0.991440 -0.011411
vt 0.999098 0.088471
vt 1.003829 -0.011300
vt 1.003670 0.210385
vt 1.006532 0.242079
vt 1.003349 0.337059
vt 1.004192 0.495413
vt 0.930494 0.044903
vt 0.949196 0.052706
vt 0.965415 0.065052
vt 0.979377 0.083763
vt 0.989914 0.121186
vt 0.995859 0.189673
vt 0.997260 0.265749
vt 0.904229 0.062606
vt 0.877049 0.079042
vt 0.849222 0.095721
vt 0.978345 0.146533
vt 0.984447 0.190980
vt 0.986364 0.241889
vt 0.968630 0.115056
vt 0.956064 0.093432
vt 0.941410 0.078545
vt 0.924266 0.068801
vt 0.898814 0.082516
vt 0.873618 0.097137
vt 0.969953 0.201415
vt 0.964397 0.164993
vt 0.955676 0.136450
vt 0.944610 0.114839
vt 0.932019 0.099213
vt 0.917041 0.088722
vt 0.893631 0.099225
vt 0.971758 0.241758
vt 0.948075 0.177046
vt 0.940756 0.151070
vt 0.931739 0.130236
vt 0.921822 0.114634
vt 0.952899 0.208070
vt 0.909590 0.104289
vt 0.954535 0.241602
vt 0.969225 0.282061
vt 0.952294 0.275099
vt 0.983528 0.292756
vt 0.994164 0.325938
vt 1.000095 0.400359
vt 0.934591 0.241422
vt 0.932670 0.270733
vt 0.933199 0.212082
vt 0.929234 0.184510
vt 0.923439 0.160503
vt 0.916575 0.140455
vt 0.909405 0.124756
vt 0.911816 0.241217
vt 0.910769 0.214585
vt 0.907733 0.189202
vt 0.903293 0.166336
vt 0.898238 0.146331
vt 0.910289 0.267825
vt 0.903477 0.114468
vt 0.891030 0.114356
vt 0.893358 0.129531
vt 0.871950 0.114184
vt 0.873310 0.131258
vt 0.876414 0.149412
vt 0.879980 0.169700
vt 0.848145 0.113969
vt 0.848893 0.132233
vt 0.850790 0.151244
vt 0.820460 0.113719
vt 0.820820 0.132665
vt 0.789737 0.113442
vt 0.883232 0.191959
vt 0.853162 0.171728
vt 0.821880 0.152169
vt 0.789806 0.132760
vt 0.757496 0.113151
vt 0.885396 0.216024
vt 0.823280 0.172778
vt 0.790203 0.152532
vt 0.757321 0.132576
vt 0.725255 0.112860
vt 0.886093 0.240985
vt 0.790773 0.173209
vt 0.757142 0.152424
vt 0.724839 0.132174
vt 0.694533 0.112583
vt 0.884945 0.265928
vt 0.756955 0.173118
vt 0.724085 0.151936
vt 0.693831 0.131519
vt 0.666847 0.112333
vt 0.723142 0.172599
vt 0.692419 0.151001
vt 0.665771 0.130581
vt 0.643043 0.112118
vt 0.690648 0.171582
vt 0.663531 0.149554
vt 0.641375 0.129165
vt 0.623963 0.111946
vt 0.660789 0.169992
vt 0.637944 0.147260
vt 0.621362 0.127077
vt 0.611516 0.111834
vt 0.605403 0.122013
vt 0.593171 0.111668
vt 0.582974 0.127089
vt 0.616179 0.143786
vt 0.597951 0.137580
vt 0.573583 0.147757
vt 0.590727 0.157501
vt 0.610764 0.163696
vt 0.584499 0.181399
vt 0.605912 0.186478
vt 0.634013 0.167481
vt 0.630359 0.189677
vt 0.627762 0.213699
vt 0.658164 0.191838
vt 0.626614 0.238643
vt 0.688916 0.193238
vt 0.656273 0.215030
vt 0.627311 0.263604
vt 0.722203 0.194157
vt 0.687618 0.215948
vt 0.655403 0.238903
vt 0.629475 0.287669
vt 0.756761 0.194652
vt 0.721463 0.216603
vt 0.686974 0.239188
vt 0.655842 0.262787
vt 0.632727 0.309928
vt 0.791322 0.194781
vt 0.756559 0.217024
vt 0.657314 0.286011
vt 0.824621 0.194463
vt 0.721040 0.239495
vt 0.687199 0.262436
vt 0.791657 0.217237
vt 0.855393 0.193617
vt 0.756353 0.239814
vt 0.688086 0.285165
vt 0.825508 0.217192
vt 0.856865 0.216840
vt 0.791667 0.240133
vt 0.857304 0.240725
vt 0.825733 0.240440
vt 0.856434 0.264597
vt 0.825089 0.263680
vt 0.823791 0.286389
vt 0.854543 0.287790
vt 0.882348 0.289951
vt 0.906795 0.293150
vt 0.928208 0.298229
vt 0.946911 0.306032
vt 0.963013 0.318377
vt 0.976626 0.337085
vt 0.986966 0.370548
vt 0.993251 0.427156
vt 0.995072 0.495316
vt 0.992021 0.563431
vt 0.984716 0.619915
vt 0.973773 0.653185
vt 0.959825 0.671645
vt 0.943503 0.683698
vt 0.924662 0.691161
vt 0.903161 0.695853
vt 0.878660 0.698611
vt 0.850821 0.700269
vt 0.820049 0.701115
vt 0.964058 0.621708
vt 0.951104 0.643102
vt 0.936184 0.657722
vt 0.918867 0.667155
vt 0.898721 0.672988
vt 0.875408 0.676352
vt 0.848590 0.678380
vt 0.974340 0.590411
vt 0.981242 0.546082
vt 0.984078 0.495215
vt 0.982161 0.444306
vt 0.976059 0.399859
vt 0.966344 0.368382
vt 0.953778 0.346758
vt 0.939124 0.331871
vt 0.921980 0.322127
vt 0.901943 0.315931
vt 0.878694 0.312147
vt 0.851918 0.309636
vt 0.822059 0.308046
vt 0.942324 0.368165
vt 0.929733 0.352539
vt 0.914756 0.342048
vt 0.896528 0.335842
vt 0.874763 0.332368
vt 0.849176 0.330074
vt 0.820288 0.328627
vt 0.953390 0.389776
vt 0.962111 0.418319
vt 0.967667 0.454741
vt 0.969472 0.495083
vt 0.966939 0.535387
vt 0.960727 0.571703
vt 0.951492 0.600084
vt 0.940038 0.621491
vt 0.927167 0.636888
vt 0.912003 0.647107
vt 0.893666 0.652983
vt 0.871842 0.656064
vt 0.950008 0.528425
vt 0.944625 0.559358
vt 0.936838 0.585197
vt 0.927447 0.605865
vt 0.917250 0.621286
vt 0.904834 0.631408
vt 0.888786 0.636183
vt 0.952250 0.494928
vt 0.950613 0.461396
vt 0.945789 0.430372
vt 0.938470 0.404396
vt 0.929453 0.383562
vt 0.919536 0.367960
vt 0.907304 0.357615
vt 0.891345 0.352551
vt 0.871332 0.350463
vt 0.846936 0.349047
vt 0.818876 0.348108
vt 0.914289 0.393781
vt 0.907119 0.378082
vt 0.901191 0.367794
vt 0.888744 0.367682
vt 0.869664 0.367510
vt 0.845859 0.367295
vt 0.818174 0.367045
vt 0.891072 0.382857
vt 0.871024 0.384584
vt 0.846607 0.385559
vt 0.818534 0.385991
vt 0.895952 0.399657
vt 0.874128 0.402738
vt 0.848504 0.404569
vt 0.819595 0.405495
vt 0.901007 0.419662
vt 0.877694 0.423026
vt 0.850876 0.425054
vt 0.820994 0.426104
vt 0.921153 0.413829
vt 0.926948 0.437835
vt 0.905447 0.442528
vt 0.880946 0.445285
vt 0.853107 0.446943
vt 0.840740 0.447283
vt 0.822335 0.447789
vt 0.823222 0.470518
vt 0.930913 0.465408
vt 0.908483 0.467911
vt 0.854579 0.470166
vt 0.883110 0.469350
vt 0.932305 0.494748
vt 0.909530 0.494543
vt 0.883807 0.494311
vt 0.855018 0.494051
vt 0.823447 0.493766
vt 0.930384 0.524059
vt 0.908003 0.521151
vt 0.882659 0.519254
vt 0.854148 0.517923
vt 0.822803 0.517006
vt 0.925922 0.551555
vt 0.904509 0.546476
vt 0.880062 0.543277
vt 0.852257 0.541116
vt 0.821505 0.539715
vt 0.919694 0.575453
vt 0.899657 0.569257
vt 0.876408 0.565473
vt 0.849632 0.562961
vt 0.819773 0.561372
vt 0.912470 0.595374
vt 0.894242 0.589167
vt 0.872477 0.585694
vt 0.846890 0.583400
vt 0.818002 0.581953
vt 0.905018 0.610941
vt 0.889059 0.605877
vt 0.869046 0.603789
vt 0.844650 0.602373
vt 0.816590 0.601434
vt 0.898905 0.621120
vt 0.886458 0.621008
vt 0.867378 0.620836
vt 0.868738 0.637909
vt 0.843574 0.620621
vt 0.815888 0.620371
vt 0.846218 0.657895
vt 0.844321 0.638885
vt 0.816248 0.639317
vt 0.818708 0.679430
vt 0.817309 0.658821
vt 0.796859 0.613732
vt 0.797515 0.596198
vt 0.796966 0.631078
vt 0.796336 0.686721
vt 0.797524 0.648747
vt 0.709432 0.666201
vt 0.711195 0.685655
vt 0.709957 0.647610
vt 0.710360 0.629895
vt 0.710611 0.612512
vt 0.798221 0.667305
vt 0.799916 0.319750
vt 0.799428 0.300061
vt 0.798240 0.338452
vt 0.797011 0.356129
vt 0.796459 0.373420
vt 0.712200 0.299724
vt 0.709927 0.319166
vt 0.689427 0.306849
vt 0.659545 0.307900
vt 0.661917 0.328384
vt 0.690826 0.327459
vt 0.636293 0.330216
vt 0.619349 0.350096
vt 0.639397 0.348370
vt 0.609230 0.365160
vt 0.621677 0.365272
vt 0.640757 0.365444
vt 0.663814 0.347394
vt 0.664562 0.365659
vt 0.691887 0.346962
vt 0.692247 0.365909
vt 0.710283 0.337784
vt 0.710590 0.355509
vt 0.710651 0.372884
vt 0.710271 0.390418
vt 0.709586 0.408624
vt 0.708734 0.428050
vt 0.708407 0.435954
vt 0.707883 0.448625
vt 0.707495 0.461047
vt 0.707204 0.470349
vt 0.707106 0.481495
vt 0.707009 0.492644
vt 0.707288 0.503000
vt 0.707611 0.514947
vt 0.708616 0.536692
vt 0.709632 0.557291
vt 0.710404 0.576740
vt 0.710678 0.594964
vt 0.796816 0.390918
vt 0.797739 0.409135
vt 0.798884 0.428610
vt 0.810521 0.448564
vt 0.799965 0.449257
vt 0.799379 0.438076
vt 0.800699 0.471081
vt 0.800325 0.459954
vt 0.801037 0.493491
vt 0.800931 0.515916
vt 0.800429 0.537775
vt 0.799578 0.558456
vt 0.798549 0.577957
vt 0.754214 0.727856
vt 0.757542 0.258292
vt 0.699063 0.664978
vt 0.700885 0.686548
vt 0.699615 0.646262
vt 0.699934 0.629006
vt 0.699964 0.612068
vt 0.806330 0.686863
vt 0.808191 0.665726
vt 0.807600 0.647058
vt 0.807211 0.629987
vt 0.807308 0.613344
vt 0.810215 0.321784
vt 0.809175 0.299545
vt 0.808800 0.340551
vt 0.807850 0.357570
vt 0.807559 0.374066
vt 0.702800 0.298635
vt 0.700465 0.320111
vt 0.700762 0.338970
vt 0.700925 0.356264
vt 0.700754 0.373119
vt 0.700121 0.390168
vt 0.699193 0.408046
vt 0.698121 0.427381
vt 0.696466 0.515422
vt 0.697373 0.537383
vt 0.698383 0.557934
vt 0.699265 0.577152
vt 0.699759 0.594954
vt 0.808092 0.390859
vt 0.809123 0.408648
vt 0.810331 0.428006
vt 0.811434 0.448695
vt 0.804807 0.449020
vt 0.812155 0.470742
vt 0.812435 0.493428
vt 0.812219 0.516139
vt 0.811565 0.538247
vt 0.810540 0.559023
vt 0.809331 0.578498
vt 0.808133 0.596418
vt 0.709388 0.714490
vt 0.724696 0.732854
vt 0.753980 0.741331
vt 0.782240 0.733352
vt 0.798633 0.714847
vt 0.711668 0.270496
vt 0.728247 0.252756
vt 0.758176 0.245052
vt 0.786857 0.254711
vt 0.800379 0.270873
vt 0.695994 0.492708
vt 0.696301 0.469986
vt 0.697101 0.447997
vt 0.282308 0.468862
vt 0.296457 0.220681
vt 0.280451 0.521751
vt 0.251892 0.585788
vt 0.259295 0.593407
vt 0.351582 0.647811
vt 0.339674 0.606569
vt 0.496602 0.619941
vt 0.460670 0.555088
vt 0.289336 0.654760
vt 0.291215 0.609459
vt 0.275445 0.561988
vt 0.264624 0.611145
vt 0.318960 0.582284
vt 0.419104 0.509752
vt 0.273197 0.606934
vt 0.284291 0.594424
vt 0.265851 0.603800
vt 0.258127 0.628230
vt 0.255577 0.632100
vt 0.262871 0.643196
vt 0.338909 0.693936
vt 0.316951 0.731060
vt 0.288790 0.671484
vt 0.280565 0.688345
vt 0.489312 0.786205
vt 0.496602 0.708486
vt 0.265666 0.648878
vt 0.260984 0.656338
vt 0.269455 0.592641
vt 0.255867 0.607646
vt 0.249405 0.589937
vt 0.249222 0.609964
vt 0.291597 0.564694
vt 0.249697 0.557890
vt 0.250683 0.448568
vt 0.349262 0.472059
vt 0.247665 0.764238
vt 0.309511 0.744569
vt 0.245397 0.990442
vt 0.440912 0.872622
vt 0.248407 0.693009
vt 0.275900 0.694205
vt 0.248798 0.654790
vt 0.262258 0.662377
vt 0.249792 0.556943
vt 0.252520 0.576570
vt 0.251065 0.431318
vt 0.262190 0.442843
vt 0.255533 -0.009432
vt 0.275129 0.110835
vt 0.258003 0.533218
vt 0.250389 0.498055
vt 0.258324 0.603602
vt 0.249382 0.597312
vt 0.248999 0.635050
vt 0.254147 0.631110
vt 0.254400 0.633840
vt 0.249012 0.633679
vt 0.258520 0.639224
vt 0.248994 0.635203
vt 0.249015 0.632508
vt 0.272539 0.640349
vt 0.249135 0.619395
vt 0.273709 0.616752
vt 0.249201 0.612231
vt 0.263329 0.610127
vt 0.219065 0.468442
vt 0.219850 0.521349
vt 0.209949 0.220106
vt 0.239550 0.593277
vt 0.247107 0.585757
vt 0.146191 0.646564
vt 0.001774 0.617024
vt 0.158850 0.605487
vt 0.038840 0.552611
vt 0.208277 0.654255
vt 0.207242 0.608956
vt 0.224039 0.561647
vt 0.233862 0.610943
vt 0.180002 0.581457
vt 0.081199 0.507770
vt 0.214441 0.594007
vt 0.225305 0.606647
vt 0.232707 0.603601
vt 0.234965 0.643019
vt 0.242483 0.632017
vt 0.240012 0.628113
vt 0.216369 0.687917
vt 0.179193 0.730130
vt 0.208495 0.670971
vt 0.157990 0.692799
vt 0.006172 0.783297
vt 0.000219 0.705528
vt 0.236586 0.656178
vt 0.232058 0.648662
vt 0.242620 0.607567
vt 0.229308 0.592401
vt 0.207679 0.564196
vt 0.151697 0.470901
vt 0.186209 0.743711
vt 0.053400 0.870315
vt 0.220898 0.693831
vt 0.235188 0.662197
vt 0.246665 0.576531
vt 0.239708 0.442694
vt 0.233502 0.110559
vt 0.242063 0.533113
vt 0.240313 0.603483
vt 0.243933 0.631044
vt 0.243623 0.633772
vt 0.239394 0.639104
vt 0.225347 0.640057
vt 0.224614 0.616456
vt 0.235114 0.609957
vt 0.496307 0.744196
vt 0.494210 0.748943
vt 0.498456 0.744196
s 1
f 3/1 2/2 1/3
f 6/4 5/5 4/6
f 9/7 8/8 7/9
f 12/10 11/11 10/12
f 15/13 14/14 13/15
f 16/16 15/13 13/15
f 16/16 13/15 17/17
f 17/17 13/15 18/18
f 13/15 19/19 18/18
f 13/15 20/14 19/19
f 20/14 21/20 19/19
f 19/19 21/20 22/21
f 21/20 23/22 22/21
f 18/18 19/19 24/23
f 19/19 22/21 24/23
f 22/21 23/22 25/24
f 23/22 26/25 25/24
f 24/23 22/21 27/26
f 22/21 25/24 27/26
f 25/24 26/25 28/27
f 26/25 29/28 28/27
f 27/26 25/24 30/29
f 25/24 28/27 30/29
f 28/27 29/28 31/30
f 29/28 32/31 31/30
f 30/29 28/27 33/32
f 28/27 31/30 33/32
f 31/30 32/31 34/33
f 32/31 35/34 34/33
f 34/33 35/34 36/35
f 31/30 34/33 37/36
f 33/32 31/30 37/36
f 38/37 34/33 36/35
f 37/36 34/33 38/37
f 38/37 36/35 39/38
f 40/39 38/37 39/38
f 40/39 39/38 41/40
f 42/41 37/36 38/37
f 42/41 38/37 40/39
f 33/32 37/36 43/42
f 43/42 37/36 42/41
f 30/29 33/32 44/43
f 44/43 33/32 43/42
f 45/44 40/39 41/40
f 45/44 41/40 1295/45
f 46/46 42/41 40/39
f 46/46 40/39 45/44
f 47/47 43/42 42/41
f 47/47 42/41 46/46
f 1296/48 45/44 1295/45
f 48/49 46/46 45/44
f 48/49 45/44 1296/48
f 49/50 30/29 44/43
f 27/26 30/29 49/50
f 44/43 43/42 50/51
f 50/51 43/42 47/47
f 51/52 47/47 46/46
f 51/52 46/46 48/49
f 52/53 48/49 1296/48
f 52/53 1296/48 1298/54
f 49/50 44/43 53/55
f 53/55 44/43 50/51
f 54/56 27/26 49/50
f 24/23 27/26 54/56
f 55/57 51/52 48/49
f 55/57 48/49 52/53
f 1299/58 52/53 1298/54
f 56/59 49/50 53/55
f 54/56 49/50 56/59
f 57/60 24/23 54/56
f 18/18 24/23 57/60
f 58/61 55/57 52/53
f 58/61 52/53 1299/58
f 59/62 54/56 56/59
f 57/60 54/56 59/62
f 60/63 18/18 57/60
f 17/17 18/18 60/63
f 1301/64 58/61 1299/58
f 61/65 57/60 59/62
f 60/63 57/60 61/65
f 62/66 1304/67 1305/68
f 62/66 1305/68 63/69
f 1308/70 1304/67 62/66
f 64/71 1303/72 1306/73
f 65/74 1306/73 1307/75
f 65/74 64/71 1306/73
f 66/76 1307/75 1309/77
f 66/76 65/74 1307/75
f 64/71 67/78 1303/72
f 67/78 1301/64 1303/72
f 67/78 68/79 1301/64
f 68/79 58/61 1301/64
f 68/79 69/80 58/61
f 69/80 55/57 58/61
f 69/80 70/81 55/57
f 70/81 51/52 55/57
f 70/81 71/82 51/52
f 71/82 47/47 51/52
f 71/82 50/51 47/47
f 72/83 50/51 71/82
f 53/55 50/51 72/83
f 73/84 71/82 70/81
f 73/84 72/83 71/82
f 74/85 70/81 69/80
f 74/85 73/84 70/81
f 75/86 69/80 68/79
f 75/86 74/85 69/80
f 76/87 68/79 67/78
f 76/87 75/86 68/79
f 77/88 53/55 72/83
f 56/59 53/55 77/88
f 78/89 72/83 73/84
f 77/88 72/83 78/89
f 79/90 73/84 74/85
f 79/90 78/89 73/84
f 80/91 74/85 75/86
f 80/91 79/90 74/85
f 81/92 56/59 77/88
f 59/62 56/59 81/92
f 82/93 77/88 78/89
f 82/93 78/89 79/90
f 81/92 77/88 82/93
f 83/94 59/62 81/92
f 61/65 59/62 83/94
f 84/95 82/93 79/90
f 84/95 79/90 80/91
f 85/96 81/92 82/93
f 83/94 81/92 85/96
f 85/96 82/93 84/95
f 86/97 80/91 75/86
f 86/97 75/86 76/87
f 87/98 84/95 80/91
f 87/98 80/91 86/97
f 88/99 85/96 84/95
f 88/99 84/95 87/98
f 89/100 83/94 85/96
f 89/100 85/96 88/99
f 90/101 61/65 83/94
f 90/101 83/94 89/100
f 91/102 61/65 90/101
f 91/102 60/63 61/65
f 92/103 60/63 91/102
f 92/103 17/17 60/63
f 93/104 17/17 92/103
f 93/104 16/16 17/17
f 94/105 87/98 86/97
f 95/106 88/99 87/98
f 95/106 87/98 94/105
f 96/107 89/100 88/99
f 96/107 88/99 95/106
f 97/108 90/101 89/100
f 97/108 89/100 96/107
f 98/109 91/102 90/101
f 98/109 90/101 97/108
f 99/110 92/103 91/102
f 99/110 91/102 98/109
f 100/111 93/104 92/103
f 100/111 92/103 99/110
f 94/105 86/97 101/112
f 101/112 86/97 76/87
f 101/112 76/87 102/113
f 102/113 76/87 67/78
f 102/113 67/78 64/71
f 103/114 102/113 64/71
f 103/114 64/71 65/74
f 104/115 101/112 102/113
f 104/115 102/113 103/114
f 105/116 94/105 101/112
f 105/116 101/112 104/115
f 106/117 103/114 65/74
f 106/117 65/74 66/76
f 107/118 104/115 103/114
f 107/118 103/114 106/117
f 108/119 94/105 105/116
f 108/119 95/106 94/105
f 109/120 105/116 104/115
f 109/120 104/115 107/118
f 110/121 95/106 108/119
f 110/121 96/107 95/106
f 111/122 108/119 105/116
f 111/122 105/116 109/120
f 112/123 96/107 110/121
f 112/123 97/108 96/107
f 113/124 110/121 108/119
f 113/124 108/119 111/122
f 114/125 97/108 112/123
f 114/125 98/109 97/108
f 115/126 112/123 110/121
f 115/126 110/121 113/124
f 116/127 98/109 114/125
f 116/127 99/110 98/109
f 117/128 114/125 112/123
f 117/128 112/123 115/126
f 118/129 99/110 116/127
f 118/129 100/111 99/110
f 119/130 116/127 114/125
f 119/130 114/125 117/128
f 120/131 118/129 116/127
f 120/131 116/127 119/130
f 121/132 113/124 111/122
f 122/133 115/126 113/124
f 122/133 113/124 121/132
f 123/134 117/128 115/126
f 123/134 115/126 122/133
f 124/135 119/130 117/128
f 124/135 117/128 123/134
f 125/136 120/131 119/130
f 125/136 119/130 124/135
f 121/132 111/122 126/137
f 126/137 111/122 109/120
f 126/137 109/120 127/138
f 127/138 109/120 107/118
f 127/138 107/118 128/139
f 128/139 107/118 106/117
f 128/139 106/117 129/140
f 129/140 106/117 66/76
f 129/140 66/76 130/141
f 130/141 66/76 1309/77
f 130/141 1309/77 131/142
f 131/142 1309/77 1308/70
f 131/142 1308/70 132/143
f 132/143 1308/70 62/66
f 132/143 62/66 133/144
f 133/144 62/66 63/69
f 134/145 133/144 63/69
f 135/146 134/145 63/69
f 136/147 134/145 135/146
f 137/148 136/147 135/146
f 138/149 136/147 137/148
f 139/150 138/149 137/148
f 140/151 138/149 139/150
f 141/152 140/151 139/150
f 142/153 140/151 141/152
f 143/154 142/153 141/152
f 144/155 142/153 143/154
f 145/156 144/155 143/154
f 146/157 132/143 133/144
f 134/145 147/158 133/144
f 147/158 146/157 133/144
f 136/147 148/159 134/145
f 148/159 147/158 134/145
f 138/149 149/160 136/147
f 149/160 148/159 136/147
f 140/151 150/161 138/149
f 150/161 149/160 138/149
f 142/153 151/162 140/151
f 151/162 150/161 140/151
f 144/155 152/163 142/153
f 152/163 151/162 142/153
f 153/164 132/143 146/157
f 153/164 131/142 132/143
f 154/165 131/142 153/164
f 154/165 130/141 131/142
f 155/166 130/141 154/165
f 155/166 129/140 130/141
f 156/167 129/140 155/166
f 156/167 128/139 129/140
f 157/168 128/139 156/167
f 157/168 127/138 128/139
f 158/169 127/138 157/168
f 158/169 126/137 127/138
f 159/170 126/137 158/169
f 159/170 121/132 126/137
f 160/171 121/132 159/170
f 160/171 122/133 121/132
f 161/172 122/133 160/171
f 161/172 123/134 122/133
f 162/173 123/134 161/172
f 162/173 124/135 123/134
f 163/174 124/135 162/173
f 163/174 125/136 124/135
f 164/175 157/168 156/167
f 165/176 158/169 157/168
f 165/176 157/168 164/175
f 166/177 159/170 158/169
f 166/177 158/169 165/176
f 167/178 160/171 159/170
f 167/178 159/170 166/177
f 168/179 161/172 160/171
f 168/179 160/171 167/178
f 169/180 162/173 161/172
f 169/180 161/172 168/179
f 170/181 163/174 162/173
f 170/181 162/173 169/180
f 164/175 156/167 171/182
f 171/182 156/167 155/166
f 171/182 155/166 172/183
f 172/183 155/166 154/165
f 172/183 154/165 173/184
f 173/184 154/165 153/164
f 173/184 153/164 174/185
f 174/185 153/164 146/157
f 175/186 174/185 146/157
f 147/158 175/186 146/157
f 176/187 175/186 147/158
f 148/159 176/187 147/158
f 177/188 176/187 148/159
f 149/160 177/188 148/159
f 178/189 177/188 149/160
f 150/161 178/189 149/160
f 179/190 178/189 150/161
f 151/162 179/190 150/161
f 180/191 179/190 151/162
f 152/163 180/191 151/162
f 181/192 173/184 174/185
f 175/186 182/193 174/185
f 182/193 181/192 174/185
f 176/187 183/194 175/186
f 183/194 182/193 175/186
f 177/188 184/195 176/187
f 184/195 183/194 176/187
f 178/189 185/196 177/188
f 185/196 184/195 177/188
f 179/190 186/197 178/189
f 186/197 185/196 178/189
f 180/191 187/198 179/190
f 187/198 186/197 179/190
f 188/199 173/184 181/192
f 188/199 172/183 173/184
f 189/200 172/183 188/199
f 189/200 171/182 172/183
f 190/201 171/182 189/200
f 190/201 164/175 171/182
f 191/202 164/175 190/201
f 191/202 165/176 164/175
f 192/203 165/176 191/202
f 192/203 166/177 165/176
f 193/204 166/177 192/203
f 193/204 167/178 166/177
f 194/205 167/178 193/204
f 194/205 168/179 167/178
f 195/206 168/179 194/205
f 195/206 169/180 168/179
f 196/207 169/180 195/206
f 196/207 170/181 169/180
f 197/208 190/201 189/200
f 198/209 191/202 190/201
f 198/209 190/201 197/208
f 199/210 192/203 191/202
f 199/210 191/202 198/209
f 200/211 193/204 192/203
f 200/211 192/203 199/210
f 201/212 194/205 193/204
f 201/212 193/204 200/211
f 202/213 195/206 194/205
f 202/213 194/205 201/212
f 197/208 189/200 203/214
f 203/214 189/200 188/199
f 203/214 188/199 204/215
f 204/215 188/199 181/192
f 205/216 204/215 181/192
f 182/193 205/216 181/192
f 206/217 205/216 182/193
f 183/194 206/217 182/193
f 207/218 206/217 183/194
f 184/195 207/218 183/194
f 208/219 207/218 184/195
f 185/196 208/219 184/195
f 209/220 208/219 185/196
f 186/197 209/220 185/196
f 210/221 209/220 186/197
f 187/198 210/221 186/197
f 211/222 203/214 204/215
f 205/216 212/223 204/215
f 212/223 211/222 204/215
f 213/224 203/214 211/222
f 212/223 213/224 211/222
f 213/224 197/208 203/214
f 214/225 212/223 205/216
f 206/217 214/225 205/216
f 215/226 197/208 213/224
f 215/226 198/209 197/208
f 216/227 213/224 212/223
f 214/225 216/227 212/223
f 216/227 215/226 213/224
f 217/228 214/225 206/217
f 207/218 217/228 206/217
f 218/229 198/209 215/226
f 218/229 199/210 198/209
f 219/230 216/227 214/225
f 217/228 219/230 214/225
f 220/231 215/226 216/227
f 220/231 218/229 215/226
f 219/230 220/231 216/227
f 221/232 217/228 207/218
f 208/219 221/232 207/218
f 222/233 199/210 218/229
f 222/233 200/211 199/210
f 223/234 218/229 220/231
f 223/234 222/233 218/229
f 224/235 219/230 217/228
f 221/232 224/235 217/228
f 225/236 220/231 219/230
f 225/236 223/234 220/231
f 224/235 225/236 219/230
f 226/237 221/232 208/219
f 209/220 226/237 208/219
f 227/238 200/211 222/233
f 227/238 201/212 200/211
f 228/239 222/233 223/234
f 228/239 227/238 222/233
f 229/240 223/234 225/236
f 229/240 228/239 223/234
f 230/241 224/235 221/232
f 226/237 230/241 221/232
f 231/242 225/236 224/235
f 231/242 229/240 225/236
f 230/241 231/242 224/235
f 232/243 226/237 209/220
f 210/221 232/243 209/220
f 233/244 201/212 227/238
f 233/244 202/213 201/212
f 234/245 227/238 228/239
f 234/245 233/244 227/238
f 235/246 228/239 229/240
f 235/246 234/245 228/239
f 236/247 229/240 231/242
f 236/247 235/246 229/240
f 237/248 230/241 226/237
f 232/243 237/248 226/237
f 238/249 231/242 230/241
f 238/249 236/247 231/242
f 237/248 238/249 230/241
f 239/3 234/245 235/246
f 239/3 233/244 234/245
f 240/6 202/213 233/244
f 240/6 195/206 202/213
f 241/250 235/246 236/247
f 241/250 239/3 235/246
f 242/251 236/247 238/249
f 242/251 241/250 236/247
f 243/252 238/249 237/248
f 243/252 242/251 238/249
f 244/253 237/248 232/243
f 244/253 243/252 237/248
f 245/254 239/3 241/250
f 245/254 241/250 242/251
f 246/255 242/251 243/252
f 246/255 245/254 242/251
f 240/6 247/256 195/206
f 247/256 196/207 195/206
f 248/257 244/253 232/243
f 248/257 232/243 210/221
f 249/258 243/252 244/253
f 249/258 246/255 243/252
f 250/259 248/257 210/221
f 250/259 210/221 187/198
f 251/260 244/253 248/257
f 251/260 249/258 244/253
f 252/261 250/259 187/198
f 252/261 187/198 180/191
f 253/262 248/257 250/259
f 253/262 251/260 248/257
f 254/263 252/261 180/191
f 254/263 180/191 152/163
f 255/264 250/259 252/261
f 255/264 253/262 250/259
f 256/265 254/263 152/163
f 256/265 152/163 144/155
f 257/266 252/261 254/263
f 257/266 255/264 252/261
f 258/267 256/265 144/155
f 258/267 144/155 259/156
f 260/268 258/267 259/156
f 261/269 254/263 256/265
f 261/269 257/266 254/263
f 262/270 256/265 258/267
f 262/270 261/269 256/265
f 263/271 258/267 260/268
f 263/271 262/270 258/267
f 264/272 253/262 255/264
f 265/273 255/264 257/266
f 265/273 264/272 255/264
f 266/274 257/266 261/269
f 266/274 265/273 257/266
f 267/275 261/269 262/270
f 267/275 266/274 261/269
f 268/276 262/270 263/271
f 268/276 267/275 262/270
f 264/272 269/277 253/262
f 269/277 251/260 253/262
f 269/277 270/278 251/260
f 270/278 249/258 251/260
f 270/278 271/279 249/258
f 271/279 246/255 249/258
f 271/279 272/280 246/255
f 272/280 245/254 246/255
f 273/281 266/274 267/275
f 274/282 267/275 268/276
f 274/282 273/281 267/275
f 273/281 275/283 266/274
f 275/283 265/273 266/274
f 275/283 276/284 265/273
f 276/284 264/272 265/273
f 276/284 277/285 264/272
f 277/285 269/277 264/272
f 277/285 278/286 269/277
f 278/286 270/278 269/277
f 278/286 279/287 270/278
f 279/287 271/279 270/278
f 280/288 272/280 271/279
f 279/287 280/288 271/279
f 281/289 275/283 273/281
f 282/290 276/284 275/283
f 281/289 282/290 275/283
f 283/291 277/285 276/284
f 282/290 283/291 276/284
f 284/292 278/286 277/285
f 283/291 284/292 277/285
f 285/293 279/287 278/286
f 284/292 285/293 278/286
f 286/294 280/288 279/287
f 285/293 286/294 279/287
f 287/295 281/289 273/281
f 287/295 273/281 274/282
f 288/296 283/291 282/290
f 289/297 284/292 283/291
f 288/296 289/297 283/291
f 290/298 285/293 284/292
f 289/297 290/298 284/292
f 291/299 286/294 285/293
f 290/298 291/299 285/293
f 292/300 282/290 281/289
f 292/300 288/296 282/290
f 293/301 292/300 281/289
f 293/301 281/289 287/295
f 294/302 288/296 292/300
f 293/301 294/302 292/300
f 295/303 289/297 288/296
f 294/302 295/303 288/296
f 296/304 290/298 289/297
f 295/303 296/304 289/297
f 297/305 291/299 290/298
f 296/304 297/305 290/298
f 298/306 293/301 287/295
f 299/307 294/302 293/301
f 298/306 299/307 293/301
f 300/308 295/303 294/302
f 299/307 300/308 294/302
f 301/309 296/304 295/303
f 300/308 301/309 295/303
f 302/310 297/305 296/304
f 301/309 302/310 296/304
f 298/306 287/295 303/311
f 303/311 287/295 274/282
f 303/311 274/282 304/312
f 304/312 274/282 268/276
f 304/312 268/276 305/313
f 305/313 268/276 263/271
f 305/313 263/271 306/314
f 306/314 263/271 260/268
f 307/315 301/309 300/308
f 308/316 302/310 301/309
f 307/315 308/316 301/309
f 309/317 307/315 300/308
f 309/317 300/308 299/307
f 310/318 309/317 299/307
f 310/318 299/307 298/306
f 311/319 310/318 298/306
f 311/319 298/306 303/311
f 311/319 303/311 312/320
f 312/320 303/311 304/312
f 312/320 304/312 313/321
f 313/321 304/312 305/313
f 314/322 305/313 306/314
f 313/321 305/313 314/322
f 315/323 308/316 307/315
f 316/324 307/315 309/317
f 316/324 315/323 307/315
f 317/325 309/317 310/318
f 317/325 316/324 309/317
f 318/326 310/318 311/319
f 318/326 317/325 310/318
f 319/327 311/319 312/320
f 319/327 318/326 311/319
f 320/328 312/320 313/321
f 319/327 312/320 320/328
f 321/329 313/321 314/322
f 320/328 313/321 321/329
f 322/330 316/324 317/325
f 323/331 317/325 318/326
f 323/331 322/330 317/325
f 324/332 318/326 319/327
f 324/332 323/331 318/326
f 325/333 319/327 320/328
f 325/333 324/332 319/327
f 326/334 320/328 321/329
f 325/333 320/328 326/334
f 322/330 327/335 316/324
f 327/335 315/323 316/324
f 321/329 314/322 328/336
f 326/334 321/329 329/337
f 329/337 321/329 328/336
f 328/336 314/322 330/338
f 314/322 306/314 330/338
f 330/338 306/314 331/339
f 306/314 260/268 331/339
f 331/339 260/268 332/340
f 260/268 333/156 332/340
f 334/341 325/333 326/334
f 335/342 326/334 329/337
f 334/341 326/334 335/342
f 334/341 336/343 325/333
f 336/343 324/332 325/333
f 336/343 337/344 324/332
f 337/344 323/331 324/332
f 337/344 338/345 323/331
f 338/345 322/330 323/331
f 338/345 339/346 322/330
f 339/346 327/335 322/330
f 339/346 340/347 327/335
f 327/335 340/347 315/323
f 341/348 336/343 334/341
f 342/349 337/344 336/343
f 341/348 342/349 336/343
f 343/350 338/345 337/344
f 342/349 343/350 337/344
f 344/351 339/346 338/345
f 343/350 344/351 338/345
f 345/352 341/348 334/341
f 345/352 334/341 335/342
f 346/353 342/349 341/348
f 347/354 343/350 342/349
f 346/353 347/354 342/349
f 348/355 344/351 343/350
f 347/354 348/355 343/350
f 349/356 341/348 345/352
f 349/356 346/353 341/348
f 345/352 335/342 350/357
f 351/358 349/356 345/352
f 351/358 345/352 350/357
f 350/357 335/342 352/359
f 335/342 329/337 352/359
f 352/359 329/337 353/360
f 329/337 328/336 353/360
f 353/360 328/336 354/361
f 328/336 330/338 354/361
f 354/361 330/338 355/362
f 330/338 331/339 355/362
f 355/362 331/339 356/363
f 331/339 332/340 356/363
f 357/364 346/353 349/356
f 358/365 349/356 351/358
f 358/365 357/364 349/356
f 357/364 359/366 346/353
f 359/366 347/354 346/353
f 359/366 360/367 347/354
f 360/367 348/355 347/354
f 360/367 361/368 348/355
f 348/355 361/368 344/351
f 362/369 359/366 357/364
f 363/370 360/367 359/366
f 362/369 363/370 359/366
f 364/371 357/364 358/365
f 364/371 362/369 357/364
f 365/372 358/365 351/358
f 366/373 364/371 358/365
f 366/373 358/365 365/372
f 365/372 351/358 367/374
f 351/358 350/357 367/374
f 367/374 350/357 368/375
f 350/357 352/359 368/375
f 368/375 352/359 369/376
f 352/359 353/360 369/376
f 369/376 353/360 370/377
f 353/360 354/361 370/377
f 370/377 354/361 371/378
f 354/361 355/362 371/378
f 371/378 355/362 372/379
f 355/362 356/363 372/379
f 365/372 367/374 373/380
f 367/374 368/375 374/381
f 373/380 367/374 374/381
f 368/375 369/376 375/382
f 374/381 368/375 375/382
f 369/376 370/377 376/383
f 375/382 369/376 376/383
f 370/377 371/378 377/384
f 376/383 370/377 377/384
f 371/378 372/379 378/385
f 377/384 371/378 378/385
f 379/386 365/372 373/380
f 379/386 366/373 365/372
f 374/381 375/382 380/387
f 375/382 376/383 381/388
f 380/387 375/382 381/388
f 376/383 377/384 382/389
f 381/388 376/383 382/389
f 373/380 374/381 383/390
f 383/390 374/381 380/387
f 377/384 378/385 384/391
f 382/389 377/384 384/391
f 379/386 373/380 385/392
f 385/392 373/380 383/390
f 386/393 366/373 379/386
f 387/394 379/386 385/392
f 387/394 386/393 379/386
f 386/393 388/395 366/373
f 388/395 364/371 366/373
f 388/395 389/396 364/371
f 389/396 362/369 364/371
f 389/396 390/397 362/369
f 390/397 363/370 362/369
f 385/392 383/390 391/398
f 387/394 385/392 392/399
f 392/399 385/392 391/398
f 391/398 383/390 393/400
f 383/390 380/387 393/400
f 393/400 380/387 394/401
f 380/387 381/388 394/401
f 394/401 381/388 395/402
f 381/388 382/389 395/402
f 395/402 382/389 396/403
f 382/389 384/391 396/403
f 391/398 393/400 397/404
f 393/400 394/401 398/405
f 397/404 393/400 398/405
f 394/401 395/402 399/406
f 398/405 394/401 399/406
f 392/399 391/398 400/407
f 400/407 391/398 397/404
f 395/402 396/403 401/408
f 399/406 395/402 401/408
f 396/403 384/391 402/409
f 401/408 396/403 403/410
f 396/403 402/409 403/410
f 384/391 404/411 402/409
f 384/391 378/385 404/411
f 378/385 405/412 404/411
f 378/385 372/379 405/412
f 372/379 406/413 405/412
f 372/379 356/363 406/413
f 356/363 407/414 406/413
f 356/363 332/340 407/414
f 332/340 408/415 407/414
f 332/340 409/156 408/415
f 409/156 410/416 408/415
f 408/415 410/416 411/417
f 410/416 412/418 411/417
f 407/414 408/415 413/419
f 408/415 411/417 413/419
f 406/413 407/414 414/420
f 407/414 413/419 414/420
f 405/412 406/413 415/421
f 406/413 414/420 415/421
f 404/411 405/412 416/422
f 405/412 415/421 416/422
f 411/417 412/418 417/423
f 412/418 418/424 417/423
f 413/419 411/417 419/425
f 411/417 417/423 419/425
f 414/420 413/419 420/426
f 413/419 419/425 420/426
f 415/421 414/420 421/427
f 414/420 420/426 421/427
f 417/423 418/424 422/428
f 418/424 423/429 422/428
f 419/425 417/423 424/430
f 417/423 422/428 424/430
f 420/426 419/425 425/431
f 419/425 424/430 425/431
f 422/428 423/429 426/432
f 423/429 427/433 426/432
f 424/430 422/428 428/434
f 422/428 426/432 428/434
f 426/432 427/433 429/435
f 427/433 430/436 429/435
f 430/436 1305/437 429/435
f 426/432 429/435 431/438
f 428/434 426/432 431/438
f 1305/437 1310/439 429/435
f 429/435 1310/439 431/438
f 424/430 428/434 432/440
f 425/431 424/430 432/440
f 420/426 425/431 433/441
f 421/427 420/426 433/441
f 428/434 431/438 434/442
f 432/440 428/434 434/442
f 1310/439 435/443 431/438
f 431/438 435/443 434/442
f 1310/439 1311/444 435/443
f 425/431 432/440 436/445
f 433/441 425/431 436/445
f 432/440 434/442 437/446
f 436/445 432/440 437/446
f 435/443 438/447 434/442
f 434/442 438/447 437/446
f 1311/444 1312/448 435/443
f 435/443 1312/448 438/447
f 1312/448 1313/449 438/447
f 438/447 439/450 437/446
f 438/447 1313/449 439/450
f 436/445 437/446 440/451
f 437/446 439/450 440/451
f 1313/449 441/452 439/450
f 1313/449 1314/453 441/452
f 1295/454 442/455 1316/456
f 1295/454 443/457 442/455
f 439/450 441/452 444/458
f 439/450 444/458 440/451
f 1314/453 445/459 441/452
f 1314/453 1315/460 445/459
f 1316/456 446/461 1317/462
f 1316/456 442/455 446/461
f 443/457 447/463 442/455
f 443/457 448/464 447/463
f 441/452 449/465 444/458
f 441/452 445/459 449/465
f 1315/460 450/466 445/459
f 1315/460 1318/467 450/466
f 1317/462 451/468 1318/467
f 1317/462 446/461 451/468
f 442/455 452/469 446/461
f 442/455 447/463 452/469
f 448/464 453/470 447/463
f 448/464 454/471 453/470
f 445/459 455/472 449/465
f 445/459 450/466 455/472
f 1318/467 456/473 450/466
f 1318/467 451/468 456/473
f 446/461 457/474 451/468
f 446/461 452/469 457/474
f 447/463 458/475 452/469
f 447/463 453/470 458/475
f 454/471 459/476 453/470
f 454/471 460/477 459/476
f 450/466 461/478 455/472
f 450/466 456/473 461/478
f 451/468 462/479 456/473
f 451/468 457/474 462/479
f 452/469 463/480 457/474
f 452/469 458/475 463/480
f 453/470 464/481 458/475
f 453/470 459/476 464/481
f 456/473 465/482 461/478
f 456/473 462/479 465/482
f 457/474 466/483 462/479
f 457/474 463/480 466/483
f 458/475 467/484 463/480
f 458/475 464/481 467/484
f 462/479 468/485 465/482
f 462/479 466/483 468/485
f 463/480 469/486 466/483
f 463/480 467/484 469/486
f 466/483 470/487 468/485
f 466/483 469/486 470/487
f 459/476 471/488 464/481
f 464/481 472/489 467/484
f 464/481 471/488 472/489
f 467/484 473/490 469/486
f 467/484 472/489 473/490
f 469/486 474/491 470/487
f 469/486 473/490 474/491
f 459/476 475/492 471/488
f 460/477 475/492 459/476
f 476/493 475/492 460/477
f 477/494 476/493 460/477
f 478/495 476/493 477/494
f 479/496 478/495 477/494
f 480/497 478/495 479/496
f 481/498 480/497 479/496
f 482/499 480/497 481/498
f 483/500 482/499 481/498
f 484/501 482/499 483/500
f 485/502 484/501 483/500
f 486/503 484/501 485/502
f 487/504 486/503 485/502
f 475/492 488/505 471/488
f 476/493 489/506 475/492
f 489/506 488/505 475/492
f 478/495 490/507 476/493
f 490/507 489/506 476/493
f 480/497 491/508 478/495
f 491/508 490/507 478/495
f 482/499 492/509 480/497
f 492/509 491/508 480/497
f 484/501 493/510 482/499
f 493/510 492/509 482/499
f 486/503 494/511 484/501
f 494/511 493/510 484/501
f 471/488 488/505 495/512
f 471/488 495/512 472/489
f 472/489 495/512 496/513
f 472/489 496/513 473/490
f 473/490 496/513 497/514
f 473/490 497/514 474/491
f 492/509 498/515 491/508
f 493/510 499/516 492/509
f 499/516 498/515 492/509
f 494/511 500/517 493/510
f 500/517 499/516 493/510
f 498/515 501/518 491/508
f 491/508 501/518 490/507
f 501/518 502/519 490/507
f 490/507 502/519 489/506
f 502/519 503/520 489/506
f 489/506 503/520 488/505
f 503/520 504/521 488/505
f 488/505 504/521 495/512
f 495/512 504/521 505/522
f 495/512 505/522 496/513
f 496/513 505/522 506/523
f 496/513 506/523 497/514
f 499/516 507/524 498/515
f 498/515 508/525 501/518
f 507/524 508/525 498/515
f 501/518 509/526 502/519
f 508/525 509/526 501/518
f 502/519 510/527 503/520
f 509/526 510/527 502/519
f 503/520 511/528 504/521
f 510/527 511/528 503/520
f 504/521 512/529 505/522
f 511/528 512/529 504/521
f 505/522 513/530 506/523
f 505/522 512/529 513/530
f 514/531 507/524 499/516
f 500/517 514/531 499/516
f 508/525 515/532 509/526
f 509/526 516/533 510/527
f 515/532 516/533 509/526
f 510/527 517/534 511/528
f 516/533 517/534 510/527
f 511/528 518/535 512/529
f 517/534 518/535 511/528
f 507/524 519/536 508/525
f 519/536 515/532 508/525
f 512/529 520/537 513/530
f 518/535 520/537 512/529
f 514/531 521/538 507/524
f 521/538 519/536 507/524
f 522/539 514/531 500/517
f 523/540 521/538 514/531
f 522/539 523/540 514/531
f 524/541 522/539 500/517
f 524/541 500/517 494/511
f 525/542 524/541 494/511
f 525/542 494/511 486/503
f 526/543 525/542 486/503
f 526/543 486/503 527/14
f 15/13 526/543 527/14
f 521/538 528/544 519/536
f 523/540 529/545 521/538
f 529/545 528/544 521/538
f 528/544 530/546 519/536
f 519/536 530/546 515/532
f 530/546 531/547 515/532
f 515/532 531/547 516/533
f 531/547 532/548 516/533
f 516/533 532/548 517/534
f 532/548 533/549 517/534
f 517/534 533/549 518/535
f 533/549 534/550 518/535
f 518/535 534/550 520/537
f 528/544 535/551 530/546
f 530/546 536/552 531/547
f 535/551 536/552 530/546
f 531/547 537/553 532/548
f 536/552 537/553 531/547
f 532/548 538/554 533/549
f 537/553 538/554 532/548
f 533/549 539/555 534/550
f 538/554 539/555 533/549
f 540/556 535/551 528/544
f 529/545 540/556 528/544
f 534/550 541/557 520/537
f 520/537 541/557 542/558
f 513/530 520/537 542/558
f 534/550 543/559 541/557
f 539/555 543/559 534/550
f 543/559 542/558 541/557
f 513/530 542/558 544/560
f 506/523 513/530 544/560
f 543/559 545/561 542/558
f 545/561 544/560 542/558
f 539/555 546/562 543/559
f 546/562 545/561 543/559
f 538/554 547/563 539/555
f 547/563 546/562 539/555
f 506/523 544/560 548/564
f 497/514 506/523 548/564
f 545/561 549/565 544/560
f 549/565 548/564 544/560
f 546/562 550/566 545/561
f 550/566 549/565 545/561
f 497/514 548/564 551/567
f 474/491 497/514 551/567
f 549/565 552/568 548/564
f 552/568 551/567 548/564
f 474/491 551/567 553/569
f 470/487 474/491 553/569
f 554/570 547/563 538/554
f 537/553 554/570 538/554
f 547/563 555/571 546/562
f 555/571 550/566 546/562
f 550/566 556/572 549/565
f 556/572 552/568 549/565
f 552/568 557/573 551/567
f 557/573 553/569 551/567
f 470/487 553/569 558/574
f 468/485 470/487 558/574
f 559/575 554/570 537/553
f 536/552 559/575 537/553
f 555/571 560/576 550/566
f 560/576 556/572 550/566
f 556/572 561/577 552/568
f 561/577 557/573 552/568
f 557/573 562/578 553/569
f 562/578 558/574 553/569
f 468/485 558/574 563/579
f 465/482 468/485 563/579
f 564/580 559/575 536/552
f 535/551 564/580 536/552
f 560/576 565/581 556/572
f 565/581 561/577 556/572
f 561/577 566/582 557/573
f 566/582 562/578 557/573
f 562/578 567/583 558/574
f 567/583 563/579 558/574
f 465/482 563/579 568/584
f 461/478 465/482 568/584
f 569/585 564/580 535/551
f 540/556 569/585 535/551
f 565/581 570/586 561/577
f 570/586 566/582 561/577
f 566/582 571/587 562/578
f 571/587 567/583 562/578
f 567/583 572/588 563/579
f 572/588 568/584 563/579
f 461/478 568/584 573/589
f 455/472 461/478 573/589
f 570/586 574/590 566/582
f 574/590 571/587 566/582
f 571/587 575/591 567/583
f 575/591 572/588 567/583
f 572/588 576/592 568/584
f 576/592 573/589 568/584
f 455/472 573/589 577/593
f 449/465 455/472 577/593
f 574/590 578/594 571/587
f 578/594 575/591 571/587
f 575/591 579/595 572/588
f 579/595 576/592 572/588
f 576/592 580/596 573/589
f 580/596 577/593 573/589
f 449/465 577/593 581/597
f 444/458 449/465 581/597
f 578/594 582/598 575/591
f 582/598 579/595 575/591
f 579/595 583/599 576/592
f 583/599 580/596 576/592
f 580/596 584/600 577/593
f 584/600 581/597 577/593
f 444/458 581/597 585/601
f 440/451 444/458 585/601
f 586/602 585/601 581/597
f 584/600 586/602 581/597
f 587/603 440/451 585/601
f 586/602 587/603 585/601
f 587/603 436/445 440/451
f 433/441 436/445 587/603
f 588/604 433/441 587/603
f 588/604 587/603 586/602
f 421/427 433/441 588/604
f 589/605 584/600 580/596
f 583/599 589/605 580/596
f 590/606 586/602 584/600
f 590/606 588/604 586/602
f 589/605 590/606 584/600
f 591/607 421/427 588/604
f 591/607 588/604 590/606
f 415/421 421/427 591/607
f 416/422 415/421 591/607
f 592/608 591/607 590/606
f 592/608 590/606 589/605
f 416/422 591/607 592/608
f 593/609 589/605 583/599
f 593/609 592/608 589/605
f 594/610 416/422 592/608
f 594/610 592/608 593/609
f 404/411 416/422 594/610
f 402/409 404/411 594/610
f 402/409 594/610 595/611
f 595/611 594/610 593/609
f 403/410 402/409 595/611
f 596/612 593/609 583/599
f 595/611 593/609 596/612
f 596/612 583/599 579/595
f 582/598 596/612 579/595
f 597/613 595/611 596/612
f 403/410 595/611 597/613
f 597/613 596/612 582/598
f 598/614 403/410 597/613
f 401/408 403/410 598/614
f 599/615 597/613 582/598
f 598/614 597/613 599/615
f 599/615 582/598 578/594
f 600/616 401/408 598/614
f 399/406 401/408 600/616
f 601/617 599/615 578/594
f 601/617 578/594 574/590
f 602/618 598/614 599/615
f 600/616 598/614 602/618
f 602/618 599/615 601/617
f 603/619 399/406 600/616
f 398/405 399/406 603/619
f 604/620 601/617 574/590
f 604/620 574/590 570/586
f 605/621 602/618 601/617
f 605/621 601/617 604/620
f 606/622 600/616 602/618
f 603/619 600/616 606/622
f 606/622 602/618 605/621
f 607/623 398/405 603/619
f 397/404 398/405 607/623
f 608/624 604/620 570/586
f 608/624 570/586 565/581
f 609/625 605/621 604/620
f 609/625 604/620 608/624
f 610/626 606/622 605/621
f 610/626 605/621 609/625
f 611/627 603/619 606/622
f 607/623 603/619 611/627
f 611/627 606/622 610/626
f 612/628 397/404 607/623
f 400/407 397/404 612/628
f 613/629 608/624 565/581
f 613/629 565/581 560/576
f 614/630 609/625 608/624
f 614/630 608/624 613/629
f 615/631 607/623 611/627
f 612/628 607/623 615/631
f 616/632 613/629 560/576
f 616/632 560/576 555/571
f 617/633 610/626 609/625
f 617/633 609/625 614/630
f 618/634 611/627 610/626
f 615/631 611/627 618/634
f 619/635 614/630 613/629
f 619/635 613/629 616/632
f 620/636 616/632 555/571
f 620/636 555/571 547/563
f 554/570 620/636 547/563
f 621/637 617/633 614/630
f 621/637 614/630 619/635
f 622/9 610/626 617/633
f 622/9 618/634 610/626
f 622/9 617/633 621/637
f 623/638 615/631 618/634
f 623/638 618/634 622/9
f 624/639 616/632 620/636
f 624/639 619/635 616/632
f 625/640 620/636 554/570
f 625/640 624/639 620/636
f 559/575 625/640 554/570
f 626/641 619/635 624/639
f 626/641 621/637 619/635
f 627/642 625/640 559/575
f 564/580 627/642 559/575
f 628/643 624/639 625/640
f 628/643 626/641 624/639
f 627/642 628/643 625/640
f 629/12 621/637 626/641
f 629/12 626/641 628/643
f 630/644 627/642 564/580
f 569/585 630/644 564/580
f 631/645 628/643 627/642
f 631/645 629/12 628/643
f 630/644 631/645 627/642
f 632/646 629/12 631/645
f 632/646 631/645 630/644
f 633/647 630/644 569/585
f 633/647 632/646 630/644
f 634/648 633/647 569/585
f 634/648 569/585 540/556
f 635/649 634/648 540/556
f 635/649 540/556 529/545
f 636/650 635/649 529/545
f 636/650 529/545 523/540
f 637/651 636/650 523/540
f 637/651 523/540 522/539
f 638/652 637/651 522/539
f 638/652 522/539 524/541
f 639/653 638/652 524/541
f 639/653 524/541 525/542
f 640/654 639/653 525/542
f 640/654 525/542 526/543
f 641/655 640/654 526/543
f 641/655 526/543 15/13
f 642/656 641/655 15/13
f 642/656 15/13 16/16
f 643/657 642/656 16/16
f 643/657 16/16 93/104
f 644/658 643/657 93/104
f 644/658 93/104 100/111
f 645/659 644/658 100/111
f 645/659 100/111 118/129
f 646/660 645/659 118/129
f 646/660 118/129 120/131
f 647/661 646/660 120/131
f 647/661 120/131 125/136
f 648/662 647/661 125/136
f 648/662 125/136 163/174
f 649/663 648/662 163/174
f 649/663 163/174 170/181
f 650/664 649/663 170/181
f 650/664 170/181 196/207
f 651/665 650/664 196/207
f 651/665 196/207 247/256
f 652/666 651/665 247/256
f 652/666 247/256 240/6
f 653/667 645/659 646/660
f 654/668 646/660 647/661
f 654/668 653/667 646/660
f 655/669 647/661 648/662
f 655/669 654/668 647/661
f 656/670 648/662 649/663
f 656/670 655/669 648/662
f 657/671 649/663 650/664
f 657/671 656/670 649/663
f 658/672 650/664 651/665
f 658/672 657/671 650/664
f 659/673 651/665 652/666
f 659/673 658/672 651/665
f 653/667 660/674 645/659
f 660/674 644/658 645/659
f 660/674 661/675 644/658
f 661/675 643/657 644/658
f 661/675 662/676 643/657
f 662/676 642/656 643/657
f 662/676 663/677 642/656
f 663/677 641/655 642/656
f 663/677 664/678 641/655
f 664/678 640/654 641/655
f 664/678 665/679 640/654
f 665/679 639/653 640/654
f 665/679 666/680 639/653
f 666/680 638/652 639/653
f 666/680 667/681 638/652
f 667/681 637/651 638/652
f 667/681 668/682 637/651
f 668/682 636/650 637/651
f 668/682 669/683 636/650
f 669/683 635/649 636/650
f 669/683 670/684 635/649
f 670/684 634/648 635/649
f 670/684 671/685 634/648
f 671/685 633/647 634/648
f 671/685 672/686 633/647
f 672/686 632/646 633/647
f 673/687 666/680 665/679
f 674/688 667/681 666/680
f 673/687 674/688 666/680
f 675/689 668/682 667/681
f 674/688 675/689 667/681
f 676/690 669/683 668/682
f 675/689 676/690 668/682
f 677/691 670/684 669/683
f 676/690 677/691 669/683
f 678/692 671/685 670/684
f 677/691 678/692 670/684
f 679/693 672/686 671/685
f 678/692 679/693 671/685
f 680/694 673/687 665/679
f 680/694 665/679 664/678
f 681/695 680/694 664/678
f 681/695 664/678 663/677
f 682/696 681/695 663/677
f 682/696 663/677 662/676
f 683/697 682/696 662/676
f 683/697 662/676 661/675
f 684/698 683/697 661/675
f 684/698 661/675 660/674
f 685/699 684/698 660/674
f 685/699 660/674 653/667
f 686/700 685/699 653/667
f 686/700 653/667 654/668
f 687/701 686/700 654/668
f 687/701 654/668 655/669
f 688/702 687/701 655/669
f 688/702 655/669 656/670
f 689/703 688/702 656/670
f 689/703 656/670 657/671
f 690/704 689/703 657/671
f 690/704 657/671 658/672
f 691/705 690/704 658/672
f 691/705 658/672 659/673
f 692/706 684/698 685/699
f 693/707 685/699 686/700
f 693/707 692/706 685/699
f 694/708 686/700 687/701
f 694/708 693/707 686/700
f 695/709 687/701 688/702
f 695/709 694/708 687/701
f 696/710 688/702 689/703
f 696/710 695/709 688/702
f 697/711 689/703 690/704
f 697/711 696/710 689/703
f 698/712 690/704 691/705
f 698/712 697/711 690/704
f 692/706 699/713 684/698
f 699/713 683/697 684/698
f 699/713 700/714 683/697
f 700/714 682/696 683/697
f 700/714 701/715 682/696
f 701/715 681/695 682/696
f 701/715 702/716 681/695
f 702/716 680/694 681/695
f 702/716 703/717 680/694
f 703/717 673/687 680/694
f 703/717 704/718 673/687
f 704/718 674/688 673/687
f 704/718 705/719 674/688
f 705/719 675/689 674/688
f 705/719 706/720 675/689
f 706/720 676/690 675/689
f 706/720 707/721 676/690
f 707/721 677/691 676/690
f 707/721 708/722 677/691
f 708/722 678/692 677/691
f 708/722 709/723 678/692
f 709/723 679/693 678/692
f 710/724 703/717 702/716
f 711/725 704/718 703/717
f 710/724 711/725 703/717
f 712/726 705/719 704/718
f 711/725 712/726 704/718
f 713/727 706/720 705/719
f 712/726 713/727 705/719
f 714/728 707/721 706/720
f 713/727 714/728 706/720
f 715/729 708/722 707/721
f 714/728 715/729 707/721
f 716/730 709/723 708/722
f 715/729 716/730 708/722
f 712/726 711/725 717/731
f 713/727 712/726 717/731
f 714/728 713/727 718/732
f 713/727 717/731 718/732
f 715/729 714/728 719/733
f 714/728 718/732 719/733
f 716/730 715/729 720/734
f 715/729 719/733 720/734
f 717/731 711/725 721/735
f 711/725 710/724 721/735
f 718/732 717/731 722/736
f 717/731 721/735 722/736
f 719/733 718/732 723/737
f 718/732 722/736 723/737
f 720/734 719/733 724/738
f 719/733 723/737 724/738
f 721/735 710/724 725/739
f 722/736 721/735 726/740
f 721/735 725/739 726/740
f 723/737 722/736 727/741
f 722/736 726/740 727/741
f 724/738 723/737 728/742
f 723/737 727/741 728/742
f 710/724 729/743 725/739
f 729/743 710/724 702/716
f 729/743 702/716 701/715
f 730/744 729/743 701/715
f 730/744 701/715 700/714
f 725/739 729/743 731/745
f 729/743 730/744 731/745
f 726/740 725/739 732/746
f 725/739 731/745 732/746
f 727/741 726/740 733/747
f 726/740 732/746 733/747
f 728/742 727/741 734/748
f 727/741 733/747 734/748
f 728/742 734/748 735/749
f 735/749 734/748 736/750
f 734/748 733/747 736/750
f 737/751 730/744 700/714
f 737/751 700/714 699/713
f 731/745 730/744 738/752
f 730/744 737/751 738/752
f 733/747 732/746 739/753
f 733/747 739/753 736/750
f 732/746 731/745 740/754
f 731/745 738/752 740/754
f 732/746 740/754 739/753
f 741/755 737/751 699/713
f 741/755 699/713 692/706
f 738/752 737/751 742/756
f 737/751 741/755 742/756
f 740/754 738/752 743/757
f 738/752 742/756 743/757
f 739/753 740/754 744/758
f 740/754 743/757 744/758
f 736/750 739/753 745/759
f 739/753 744/758 745/759
f 746/760 741/755 692/706
f 746/760 692/706 693/707
f 742/756 741/755 747/761
f 741/755 746/760 747/761
f 743/757 742/756 748/762
f 742/756 747/761 748/762
f 744/758 743/757 749/763
f 743/757 748/762 749/763
f 745/759 744/758 750/764
f 744/758 749/763 750/764
f 751/765 746/760 693/707
f 751/765 693/707 694/708
f 747/761 746/760 752/766
f 746/760 751/765 752/766
f 748/762 747/761 753/767
f 747/761 752/766 753/767
f 749/763 748/762 754/768
f 748/762 753/767 754/768
f 750/764 749/763 755/769
f 749/763 754/768 755/769
f 756/770 751/765 694/708
f 756/770 694/708 695/709
f 752/766 751/765 757/771
f 751/765 756/770 757/771
f 753/767 752/766 758/772
f 752/766 757/771 758/772
f 754/768 753/767 759/773
f 753/767 758/772 759/773
f 755/769 754/768 760/774
f 754/768 759/773 760/774
f 761/775 756/770 695/709
f 761/775 695/709 696/710
f 757/771 756/770 762/776
f 756/770 761/775 762/776
f 758/772 757/771 763/777
f 757/771 762/776 763/777
f 759/773 758/772 764/778
f 758/772 763/777 764/778
f 760/774 759/773 765/779
f 759/773 764/778 765/779
f 766/780 761/775 696/710
f 766/780 696/710 697/711
f 762/776 761/775 767/781
f 761/775 766/780 767/781
f 763/777 762/776 768/782
f 762/776 767/781 768/782
f 764/778 763/777 769/783
f 763/777 768/782 769/783
f 765/779 764/778 770/784
f 764/778 769/783 770/784
f 771/785 766/780 697/711
f 771/785 697/711 698/712
f 766/780 771/785 772/786
f 767/781 766/780 772/786
f 772/786 771/785 698/712
f 768/782 767/781 773/787
f 767/781 772/786 773/787
f 772/786 698/712 774/788
f 773/787 772/786 774/788
f 774/788 698/712 691/705
f 769/783 768/782 775/789
f 768/782 773/787 775/789
f 770/784 769/783 776/790
f 769/783 775/789 776/790
f 774/788 691/705 777/791
f 777/791 691/705 659/673
f 773/787 774/788 778/792
f 775/789 773/787 778/792
f 778/792 774/788 777/791
f 776/790 775/789 779/793
f 775/789 778/792 779/793
f 777/791 659/673 780/794
f 780/794 659/673 652/666
f 778/792 777/791 781/795
f 779/793 778/792 781/795
f 781/795 777/791 780/794
f 783/796 782/797 770/784
f 784/790 783/796 770/784
f 786/798 785/796 776/790
f 787/793 786/798 776/790
f 789/5 788/799 652/666
f 790/6 789/5 652/666
f 792/800 791/798 779/793
f 793/795 792/800 779/793
f 795/801 794/802 245/254
f 796/280 795/801 245/254
f 798/803 797/801 272/280
f 799/288 798/803 272/280
f 801/804 800/803 280/288
f 802/294 801/804 280/288
f 804/805 803/804 286/294
f 805/299 804/805 286/294
f 807/799 806/806 780/794
f 808/666 807/799 780/794
f 810/806 809/800 781/795
f 811/794 810/806 781/795
f 813/807 812/808 632/646
f 814/686 813/807 632/646
f 816/809 815/807 672/686
f 817/693 816/809 672/686
f 819/810 818/809 679/693
f 820/723 819/810 679/693
f 822/811 821/810 709/723
f 823/730 822/811 709/723
f 826/812 825/813 824/814
f 827/638 826/812 824/814
f 824/814 828/815 623/638
f 828/815 615/631 623/638
f 828/815 612/628 615/631
f 829/816 828/815 824/814
f 830/817 829/816 824/814
f 831/818 612/628 828/815
f 829/816 831/818 828/815
f 831/818 400/407 612/628
f 832/819 400/407 831/818
f 832/819 392/399 400/407
f 833/820 831/818 829/816
f 833/820 832/819 831/818
f 834/821 392/399 832/819
f 834/821 387/394 392/399
f 835/822 834/821 832/819
f 834/821 835/822 387/394
f 835/822 832/819 833/820
f 835/822 386/393 387/394
f 835/822 836/823 386/393
f 836/823 835/822 833/820
f 836/823 388/395 386/393
f 837/824 833/820 829/816
f 836/823 833/820 837/824
f 837/824 829/816 830/817
f 836/823 838/825 388/395
f 838/825 836/823 837/824
f 838/825 389/396 388/395
f 839/826 837/824 830/817
f 838/825 837/824 839/826
f 838/825 840/827 389/396
f 840/827 838/825 839/826
f 840/827 390/397 389/396
f 842/813 841/828 830/817
f 843/814 842/813 830/817
f 845/828 844/829 839/826
f 846/817 845/828 839/826
f 848/830 847/831 390/397
f 849/827 848/830 390/397
f 851/829 850/830 840/827
f 852/826 851/829 840/827
f 854/831 853/832 363/370
f 855/397 854/831 363/370
f 857/832 856/833 360/367
f 858/370 857/832 360/367
f 860/834 859/835 361/368
f 861/367 860/834 361/368
f 861/367 862/833 860/834
f 864/836 863/837 344/351
f 865/368 864/836 344/351
f 865/368 866/835 864/836
f 868/838 867/839 339/346
f 869/351 868/838 339/346
f 869/351 870/837 868/838
f 872/840 871/841 340/347
f 873/346 872/840 340/347
f 873/346 874/839 872/840
f 876/841 875/842 315/323
f 877/347 876/841 315/323
f 879/842 878/843 308/316
f 880/323 879/842 308/316
f 882/843 881/844 302/310
f 883/316 882/843 302/310
f 885/844 884/845 297/305
f 886/310 885/844 297/305
f 888/845 887/805 291/299
f 889/305 888/845 291/299
f 891/846 890/811 716/730
f 892/734 891/846 716/730
f 894/847 893/846 720/734
f 895/738 894/847 720/734
f 897/848 896/847 724/738
f 898/742 897/848 724/738
f 901/849 900/850 899/851
f 901/849 899/851 902/848
f 902/848 903/749 901/849
f 902/848 728/742 903/749
f 906/750 905/852 904/853
f 906/750 904/853 907/849
f 907/849 735/749 906/750
f 904/853 908/850 907/849
f 910/854 909/852 736/750
f 911/759 910/854 736/750
f 913/855 912/854 745/759
f 914/764 913/855 745/759
f 916/856 915/855 750/764
f 917/769 916/856 750/764
f 919/857 918/856 755/769
f 920/774 919/857 755/769
f 922/858 921/857 760/774
f 923/779 922/858 760/774
f 925/797 924/858 765/779
f 926/784 925/797 765/779
f 928/802 927/1 239/3
f 929/254 928/802 239/3
f 931/2 930/859 233/244
f 932/3 931/2 233/244
f 934/859 933/4 240/6
f 935/244 934/859 240/6
f 937/8 936/812 623/638
f 938/9 937/8 623/638
f 940/860 939/7 622/9
f 941/637 940/860 622/9
f 943/11 942/860 621/637
f 944/12 943/11 621/637
f 946/808 945/10 629/12
f 947/646 946/808 629/12
f 950/861 949/862 948/802
f 951/801 950/861 948/802
f 954/863 953/861 952/801
f 955/803 954/863 952/801
f 958/864 957/863 956/803
f 959/804 958/864 956/803
f 962/865 961/864 960/804
f 963/805 962/865 960/804
f 966/866 965/867 964/806
f 967/799 966/866 964/806
f 970/867 969/868 968/800
f 971/806 970/867 968/800
f 974/868 973/869 972/798
f 975/800 974/868 972/798
f 978/869 977/870 976/796
f 979/798 978/869 976/796
f 982/871 981/872 980/808
f 983/807 982/871 980/808
f 986/873 985/871 984/807
f 987/809 986/873 984/807
f 990/874 989/873 988/809
f 991/810 990/874 988/809
f 994/875 993/874 992/810
f 995/811 994/875 992/810
f 998/876 997/877 996/813
f 999/812 998/876 996/813
f 1002/877 1001/878 1000/828
f 1003/813 1002/877 1000/828
f 1006/878 1005/879 1004/829
f 1007/828 1006/878 1004/829
f 1010/879 1009/880 1008/830
f 1011/829 1010/879 1008/830
f 1014/880 1013/881 1012/831
f 1015/830 1014/880 1012/831
f 1018/881 1017/882 1016/832
f 1019/831 1018/881 1016/832
f 1022/882 1021/883 1020/833
f 1023/832 1022/882 1020/833
f 1026/884 1025/885 1024/842
f 1027/841 1026/884 1024/842
f 1030/885 1029/886 1028/843
f 1031/842 1030/885 1028/843
f 1034/886 1033/887 1032/844
f 1035/843 1034/886 1032/844
f 1038/887 1037/888 1036/845
f 1039/844 1038/887 1036/845
f 1042/888 1041/865 1040/805
f 1043/845 1042/888 1040/805
f 1046/889 1045/875 1044/811
f 1047/846 1046/889 1044/811
f 1050/890 1049/889 1048/846
f 1051/847 1050/890 1048/846
f 1054/891 1053/890 1052/847
f 1055/848 1054/891 1052/847
f 1058/891 1057/848 1056/851
f 1056/851 1059/892 1058/891
f 1056/851 1060/893 1059/892
f 1056/851 1061/850 1060/893
f 1064/853 1063/852 1062/894
f 1064/853 1062/894 1065/892
f 1065/892 1066/893 1064/853
f 1064/853 1066/893 1067/850
f 1070/895 1069/894 1068/852
f 1071/854 1070/895 1068/852
f 1074/896 1073/895 1072/854
f 1075/855 1074/896 1072/854
f 1078/897 1077/896 1076/855
f 1079/856 1078/897 1076/855
f 1082/898 1081/897 1080/856
f 1083/857 1082/898 1080/856
f 1086/899 1085/898 1084/857
f 1087/858 1086/899 1084/857
f 1090/900 1089/899 1088/858
f 1091/797 1090/900 1088/858
f 1094/870 1093/900 1092/797
f 1095/796 1094/870 1092/797
f 1098/862 1097/901 1096/1
f 1099/802 1098/862 1096/1
f 1102/901 1101/902 1100/2
f 1103/1 1102/901 1100/2
f 1106/902 1105/903 1104/859
f 1107/2 1106/902 1104/859
f 1110/903 1109/904 1108/4
f 1111/859 1110/903 1108/4
f 1114/904 1113/905 1112/5
f 1115/4 1114/904 1112/5
f 1118/905 1117/866 1116/799
f 1119/5 1118/905 1116/799
f 1122/906 1121/876 1120/812
f 1123/8 1122/906 1120/812
f 1126/907 1125/906 1124/8
f 1127/7 1126/907 1124/8
f 1130/908 1129/907 1128/7
f 1131/860 1130/908 1128/7
f 1134/909 1133/908 1132/860
f 1135/11 1134/909 1132/860
f 1138/910 1137/909 1136/11
f 1139/10 1138/910 1136/11
f 1142/872 1141/910 1140/10
f 1143/808 1142/872 1140/10
f 1146/840 1145/884 1144/841
f 1146/840 1147/911 1145/884
f 1146/840 1148/839 1147/911
f 1151/838 1150/911 1149/839
f 1151/838 1152/912 1150/911
f 1151/838 1153/837 1152/912
f 1156/836 1155/912 1154/837
f 1156/836 1157/913 1155/912
f 1156/836 1158/835 1157/913
f 1161/834 1160/913 1159/835
f 1161/834 1162/883 1160/913
f 1161/834 1163/833 1162/883
f 1173/914 1164/915 1184/916
f 1173/914 1184/916 1174/917
f 1174/917 1184/916 1183/918
f 1189/919 1186/920 1190/921
f 1190/921 1186/920 1185/922
f 1168/923 1172/924 1189/919
f 1189/919 1172/924 1186/920
f 1184/916 1176/925 1183/918
f 1183/918 1176/925 1177/926
f 1164/915 1176/925 1184/916
f 1186/920 1167/927 1185/922
f 1185/922 1167/927 1180/928
f 1172/924 1165/929 1171/930
f 1171/930 1165/929 1169/931
f 1170/932 1175/933 1177/926
f 1177/926 1175/933 1178/934
f 1187/935 1181/936 1191/937
f 1191/937 1181/936 1192/938
f 1181/936 1187/935 1179/939
f 1179/939 1187/935 1188/940
f 1189/919 1187/935 1168/923
f 1168/923 1187/935 1191/937
f 1187/935 1189/919 1188/940
f 1188/940 1189/919 1190/921
f 1171/930 1167/927 1172/924
f 1172/924 1167/927 1186/920
f 1182/941 1166/942 1183/918
f 1183/918 1166/942 1174/917
f 1183/918 1177/926 1182/941
f 1182/941 1177/926 1178/934
f 1182/941 1178/934 1191/937
f 1191/937 1178/934 1168/923
f 1191/937 1192/938 1182/941
f 1182/941 1192/938 1166/942
f 1213/943 1212/944 1194/945
f 1194/945 1212/944 1193/946
f 1214/947 1213/943 1195/948
f 1195/948 1213/943 1194/945
f 1196/949 1215/950 1195/948
f 1195/948 1215/950 1214/947
f 1198/951 1217/952 1197/953
f 1197/953 1217/952 1216/954
f 1199/955 1218/956 1198/951
f 1198/951 1218/956 1217/952
f 1200/957 1219/958 1199/955
f 1199/955 1219/958 1218/956
f 1201/959 1220/960 1200/957
f 1200/957 1220/960 1219/958
f 1202/961 1221/962 1201/959
f 1201/959 1221/962 1220/960
f 1203/963 1222/964 1202/961
f 1202/961 1222/964 1221/962
f 1223/965 1222/964 1204/966
f 1204/966 1222/964 1203/963
f 1224/967 1223/965 1205/968
f 1205/968 1223/965 1204/966
f 1206/969 1225/970 1205/968
f 1205/968 1225/970 1224/967
f 1226/971 1225/970 1207/972
f 1207/972 1225/970 1206/969
f 1227/973 1226/971 1208/974
f 1208/974 1226/971 1207/972
f 1209/975 1228/976 1208/974
f 1208/974 1228/976 1227/973
f 1210/977 1229/978 1209/975
f 1209/975 1229/978 1228/976
f 1211/979 1230/980 1210/977
f 1210/977 1230/980 1229/978
f 1193/946 1212/944 1211/979
f 1211/979 1212/944 1230/980
f 1171/930 1169/931 1213/943
f 1213/943 1169/931 1212/944
f 1167/927 1171/930 1214/947
f 1214/947 1171/930 1213/943
f 1180/928 1167/927 1215/950
f 1215/950 1167/927 1214/947
f 1217/952 1181/936 1216/954
f 1216/954 1181/936 1179/939
f 1218/956 1192/938 1217/952
f 1217/952 1192/938 1181/936
f 1219/958 1166/942 1218/956
f 1218/956 1166/942 1192/938
f 1220/960 1174/917 1219/958
f 1219/958 1174/917 1166/942
f 1221/962 1173/914 1220/960
f 1220/960 1173/914 1174/917
f 1222/964 1164/915 1221/962
f 1221/962 1164/915 1173/914
f 1176/925 1164/915 1223/965
f 1223/965 1164/915 1222/964
f 1177/926 1176/925 1224/967
f 1224/967 1176/925 1223/965
f 1170/932 1177/926 1225/970
f 1225/970 1177/926 1224/967
f 1175/933 1170/932 1226/971
f 1226/971 1170/932 1225/970
f 1178/934 1175/933 1227/973
f 1227/973 1175/933 1226/971
f 1228/976 1168/923 1227/973
f 1227/973 1168/923 1178/934
f 1229/978 1172/924 1228/976
f 1228/976 1172/924 1168/923
f 1230/980 1165/929 1229/978
f 1229/978 1165/929 1172/924
f 1212/944 1169/931 1230/980
f 1230/980 1169/931 1165/929
f 1240/981 1251/982 1231/983
f 1250/984 1251/982 1241/985
f 1241/985 1251/982 1240/981
f 1256/986 1257/987 1253/988
f 1253/988 1257/987 1252/989
f 1235/990 1256/986 1239/991
f 1239/991 1256/986 1253/988
f 1251/982 1250/984 1243/992
f 1243/992 1250/984 1244/993
f 1231/983 1251/982 1243/992
f 1253/988 1252/989 1234/994
f 1234/994 1252/989 1247/995
f 1239/991 1238/996 1232/997
f 1232/997 1238/996 1236/998
f 1245/999 1242/1000 1244/993
f 1244/993 1242/1000 1237/1001
f 1259/1002 1248/1003 1258/1004
f 1258/1004 1248/1003 1254/1005
f 1248/1003 1246/1006 1254/1005
f 1254/1005 1246/1006 1255/1007
f 1258/1004 1254/1005 1235/990
f 1235/990 1254/1005 1256/986
f 1254/1005 1255/1007 1256/986
f 1256/986 1255/1007 1257/987
f 1253/988 1234/994 1239/991
f 1239/991 1234/994 1238/996
f 1241/985 1233/1008 1250/984
f 1250/984 1233/1008 1249/1009
f 1250/984 1249/1009 1244/993
f 1244/993 1249/1009 1245/999
f 1249/1009 1258/1004 1245/999
f 1245/999 1258/1004 1235/990
f 1233/1008 1259/1002 1249/1009
f 1249/1009 1259/1002 1258/1004
f 1193/946 1260/1010 1194/945
f 1194/945 1260/1010 1261/1011
f 1194/945 1261/1011 1195/948
f 1195/948 1261/1011 1262/1012
f 1196/949 1195/948 1263/1013
f 1263/1013 1195/948 1262/1012
f 1198/951 1197/953 1265/1014
f 1265/1014 1197/953 1264/1015
f 1199/955 1198/951 1266/1016
f 1266/1016 1198/951 1265/1014
f 1200/957 1199/955 1267/1017
f 1267/1017 1199/955 1266/1016
f 1201/959 1200/957 1268/1018
f 1268/1018 1200/957 1267/1017
f 1202/961 1201/959 1269/1019
f 1269/1019 1201/959 1268/1018
f 1203/963 1202/961 1270/1020
f 1270/1020 1202/961 1269/1019
f 1203/963 1270/1020 1204/966
f 1204/966 1270/1020 1271/1021
f 1204/966 1271/1021 1205/968
f 1205/968 1271/1021 1272/1022
f 1206/969 1205/968 1273/1023
f 1273/1023 1205/968 1272/1022
f 1206/969 1273/1023 1207/972
f 1207/972 1273/1023 1274/1024
f 1207/972 1274/1024 1208/974
f 1208/974 1274/1024 1275/1025
f 1209/975 1208/974 1276/1026
f 1276/1026 1208/974 1275/1025
f 1210/977 1209/975 1277/1027
f 1277/1027 1209/975 1276/1026
f 1211/979 1210/977 1278/1028
f 1278/1028 1210/977 1277/1027
f 1193/946 1211/979 1260/1010
f 1260/1010 1211/979 1278/1028
f 1260/1010 1236/998 1261/1011
f 1261/1011 1236/998 1238/996
f 1261/1011 1238/996 1262/1012
f 1262/1012 1238/996 1234/994
f 1262/1012 1234/994 1263/1013
f 1263/1013 1234/994 1247/995
f 1265/1014 1264/1015 1248/1003
f 1248/1003 1264/1015 1246/1006
f 1266/1016 1265/1014 1259/1002
f 1259/1002 1265/1014 1248/1003
f 1267/1017 1266/1016 1233/1008
f 1233/1008 1266/1016 1259/1002
f 1268/1018 1267/1017 1241/985
f 1241/985 1267/1017 1233/1008
f 1269/1019 1268/1018 1240/981
f 1240/981 1268/1018 1241/985
f 1270/1020 1269/1019 1231/983
f 1231/983 1269/1019 1240/981
f 1270/1020 1231/983 1271/1021
f 1271/1021 1231/983 1243/992
f 1271/1021 1243/992 1272/1022
f 1272/1022 1243/992 1244/993
f 1272/1022 1244/993 1273/1023
f 1273/1023 1244/993 1237/1001
f 1273/1023 1237/1001 1274/1024
f 1274/1024 1237/1001 1242/1000
f 1274/1024 1242/1000 1275/1025
f 1275/1025 1242/1000 1245/999
f 1276/1026 1275/1025 1235/990
f 1235/990 1275/1025 1245/999
f 1277/1027 1276/1026 1239/991
f 1239/991 1276/1026 1235/990
f 1278/1028 1277/1027 1232/997
f 1232/997 1277/1027 1239/991
f 1260/1010 1278/1028 1236/998
f 1236/998 1278/1028 1232/997
f 1216/1029 1280/1030 1197/1029
f 1197/1029 1280/1030 1279/1031
f 1264/1029 1197/1029 1289/1031
f 1289/1031 1197/1029 1279/1031
f 1216/1029 1179/1029 1280/1030
f 1280/1030 1179/1029 1291/1031
f 1264/1029 1289/1031 1246/1029
f 1246/1029 1289/1031 1292/1031
f 1246/1029 1292/1031 1255/1029
f 1255/1029 1292/1031 1290/1031
f 1179/1029 1188/1029 1291/1031
f 1291/1031 1188/1029 1282/1031
f 1215/1029 1196/1029 1283/1031
f 1283/1031 1196/1029 1281/1031
f 1263/1029 1286/1031 1196/1029
f 1196/1029 1286/1031 1281/1031
f 1255/1029 1290/1031 1257/1029
f 1257/1029 1290/1031 1293/1031
f 1257/1029 1293/1031 1252/1029
f 1252/1029 1293/1031 1288/1031
f 1252/1029 1288/1031 1247/1029
f 1247/1029 1288/1031 1287/1031
f 1247/1029 1287/1031 1263/1029
f 1263/1029 1287/1031 1286/1031
f 1180/1029 1215/1029 1285/1031
f 1285/1031 1215/1029 1283/1031
f 1185/1029 1180/1029 1284/1031
f 1284/1031 1180/1029 1285/1031
f 1188/1029 1190/1029 1282/1031
f 1282/1031 1190/1029 1294/1031
f 1190/1029 1185/1029 1294/1031
f 1294/1031 1185/1029 1284/1031
f 1296/1031 1295/1031 1297/1031
f 1298/1031 1296/1031 1297/1031
f 1298/1031 1297/1031 1279/1031
f 1280/1030 1298/1031 1279/1031
f 1299/1031 1298/1031 1280/1030
f 1300/1031 1299/1031 1280/1030
f 1301/1031 1299/1031 1300/1031
f 1283/1031 1281/1031 1302/1031
f 1303/1031 1301/1031 1300/1031
f 1303/1031 1300/1031 1282/1031
f 1304/1031 1283/1031 1302/1031
f 1304/1031 1302/1031 1305/1031
f 1306/1031 1303/1031 1282/1031
f 1306/1031 1294/1031 1284/1031
f 1285/1031 1283/1031 1304/1031
f 1307/1031 1306/1031 1284/1031
f 1307/1031 1284/1031 1285/1031
f 1308/1031 1285/1031 1304/1031
f 1309/1031 1307/1031 1285/1031
f 1309/1031 1285/1031 1308/1031
f 1305/1031 1302/1031 1310/1031
f 1302/1031 1311/1031 1310/1031
f 1302/1031 1281/1031 1311/1031
f 1281/1031 1286/1031 1311/1031
f 1311/1031 1286/1031 1312/1031
f 1286/1031 1287/1031 1312/1031
f 1312/1031 1287/1031 1313/1031
f 1287/1031 1314/1031 1313/1031
f 1287/1031 1288/1031 1314/1031
f 1279/1031 1297/1031 1289/1031
f 1288/1031 1315/1031 1314/1031
f 1297/1031 1316/1031 1289/1031
f 1297/1031 1295/1031 1316/1031
f 1289/1031 1317/1031 1292/1031
f 1289/1031 1316/1031 1317/1031
f 1290/1031 1318/1031 1315/1031 1293/1031
f 1290/1031 1317/1031 1318/1031
f 1282/1031 1300/1031 1291/1031
f 1300/1031 1280/1030 1291/1031
f 1292/1031 1317/1031 1290/1031
f 1288/1031 1293/1031 1315/1031
f 1306/1031 1282/1031 1294/1031
