o rosi_eating_tarr_frills
v 0.385035 0.169625 0.015439
v 0.390051 0.163916 0.017798
v 0.380779 0.167128 0.021253
v 0.390941 0.188177 0.005157
v 0.384592 0.190121 0.009429
v 0.395954 0.222189 -0.009616
v 0.390458 0.226530 -0.004030
v 0.380714 0.193299 0.015836
v 0.388720 0.231160 0.003074
v 0.378243 0.168298 0.028325
v 0.380264 0.197447 0.022617
v 0.391620 0.234495 0.011014
v 0.378327 0.172921 0.034258
v 0.383663 0.200622 0.028756
v 0.391329 0.199239 0.035036
v 0.380681 0.179353 0.037083
v 0.398803 0.235668 0.019464
v 0.409215 0.235274 0.026537
v 0.402508 0.196739 0.040071
v 0.421103 0.233572 0.029705
v 0.414560 0.194466 0.041247
v 0.431444 0.231370 0.029396
v 0.424295 0.192701 0.039435
v 0.438641 0.228480 0.025576
v 0.429501 0.188791 0.035210
v 0.442031 0.225333 0.018591
v 0.471420 0.252722 0.029603
v 0.434699 0.235925 0.028739
v 0.475484 0.247612 0.025629
v 0.441282 0.224290 0.018742
v 0.477765 0.244785 0.019018
v 0.441883 0.223237 0.010655
v 0.431627 0.185742 0.028629
v 0.431009 0.184635 0.021054
v 0.438278 0.221353 0.002667
v 0.477447 0.244035 0.011379
v 0.441352 0.225631 0.002046
v 0.475535 0.245985 0.004386
v 0.440386 0.231685 -0.005738
v 0.474705 0.252963 -0.001222
v 0.438455 0.240249 -0.011825
v 0.472479 0.262173 -0.005739
v 0.435667 0.249152 -0.016482
v 0.468944 0.270690 -0.009607
v 0.432046 0.257575 -0.018275
v 0.464675 0.277719 -0.010467
v 0.428031 0.265201 -0.016190
v 0.462444 0.284133 -0.007097
v 0.423723 0.270788 -0.010867
v 0.459722 0.288476 -0.000948
v 0.419983 0.273152 -0.003330
v 0.456618 0.289582 0.006406
v 0.418447 0.271570 0.005576
v 0.420350 0.266049 0.015130
v 0.455002 0.287163 0.013635
v 0.458747 0.281509 0.020772
v 0.477771 0.294768 0.016373
v 0.483473 0.297408 0.011802
v 0.504703 0.296674 0.008956
v 0.487129 0.297081 0.005063
v 0.499336 0.296145 0.015898
v 0.485496 0.291407 0.020938
v 0.513387 0.289271 0.012583
v 0.507812 0.288480 0.019590
v 0.491996 0.283053 0.024793
v 0.513146 0.277229 0.015208
v 0.508275 0.276874 0.022318
v 0.494642 0.272615 0.027513
v 0.499047 0.263458 0.024222
v 0.502004 0.262365 0.017539
v 0.500441 0.260764 0.010706
v 0.509825 0.274243 0.008290
v 0.495306 0.258946 0.005828
v 0.498136 0.267213 0.002644
v 0.496830 0.276951 -0.001035
v 0.509938 0.285629 0.005238
v 0.502336 0.292893 0.001869
v 0.491605 0.284826 -0.003854
v 0.487467 0.293560 -0.001526
v 0.484551 0.288096 -0.005779
v 0.492607 0.263754 0.028330
v 0.468406 0.261887 0.029948
v 0.463969 0.272514 0.027110
v 0.429956 0.245992 0.027921
v 0.424677 0.257029 0.023425
v 0.427496 0.184805 0.014410
v 0.431430 0.219209 -0.003927
v 0.419375 0.183668 0.010387
v 0.422359 0.217798 -0.008573
v 0.408920 0.183760 0.007661
v 0.412992 0.217470 -0.011905
v 0.399002 0.185253 0.005186
v 0.404010 0.218985 -0.012583
v 0.399508 0.160601 0.019688
v 0.384975 0.154227 0.026950
v 0.394408 0.148771 0.029908
v 0.410194 0.161264 0.021325
v 0.406376 0.150813 0.030331
v 0.418491 0.165445 0.022094
v 0.418487 0.161470 0.028084
v 0.405192 0.148759 0.038227
v 0.418340 0.161176 0.035290
v 0.405773 0.154647 0.044162
v 0.417798 0.165057 0.041453
v 0.408277 0.168662 0.045865
v 0.416955 0.171727 0.044352
v 0.396752 0.169328 0.045081
v 0.393500 0.153168 0.044005
v 0.386364 0.173552 0.042083
v 0.383424 0.159314 0.040675
v 0.382800 0.152982 0.035025
v 0.392650 0.146601 0.038383
v 0.447733 0.109778 0.036417
v 0.455231 0.097040 0.039646
v 0.445678 0.102547 0.043545
v 0.447643 0.144263 0.023165
v 0.442709 0.144914 0.028685
v 0.450765 0.181850 0.019377
v 0.448303 0.183726 0.026792
v 0.441086 0.145819 0.035730
v 0.449991 0.185307 0.034361
v 0.445099 0.100645 0.050951
v 0.443028 0.147486 0.042491
v 0.455886 0.185721 0.040745
v 0.446422 0.104595 0.056296
v 0.448295 0.148637 0.047513
v 0.456876 0.145883 0.050497
v 0.448689 0.113870 0.057337
v 0.465083 0.184673 0.045335
v 0.476529 0.182802 0.047054
v 0.468194 0.142713 0.051326
v 0.487956 0.181126 0.045819
v 0.479635 0.140822 0.049713
v 0.497161 0.179585 0.042154
v 0.488525 0.139794 0.046306
v 0.502742 0.177820 0.036314
v 0.492684 0.136830 0.041254
v 0.504244 0.176224 0.029215
v 0.536881 0.201927 0.036246
v 0.500592 0.184292 0.041456
v 0.539663 0.197451 0.031495
v 0.503465 0.175158 0.029373
v 0.540672 0.195481 0.025045
v 0.502143 0.175841 0.022069
v 0.493732 0.134876 0.034794
v 0.492003 0.135008 0.028190
v 0.496326 0.176066 0.016147
v 0.539086 0.195777 0.018410
v 0.499486 0.180394 0.015505
v 0.535905 0.198925 0.012914
v 0.496420 0.188689 0.010325
v 0.533955 0.207138 0.008938
v 0.492684 0.199283 0.007180
v 0.530604 0.217700 0.006513
v 0.488582 0.209919 0.006292
v 0.526005 0.227650 0.005841
v 0.485114 0.218888 0.007980
v 0.521771 0.235242 0.007510
v 0.483090 0.225571 0.012772
v 0.521312 0.240875 0.012057
v 0.482111 0.229076 0.019864
v 0.521388 0.243647 0.018732
v 0.482109 0.228753 0.027799
v 0.521194 0.242884 0.025954
v 0.483828 0.224360 0.035082
v 0.487959 0.216257 0.040696
v 0.521742 0.238737 0.032000
v 0.526443 0.231703 0.035829
v 0.560376 0.250363 0.033346
v 0.569869 0.255219 0.029776
v 0.611008 0.260145 0.028423
v 0.573157 0.256534 0.023564
v 0.603391 0.257740 0.034318
v 0.576535 0.248406 0.036865
v 0.633392 0.255297 0.032799
v 0.619627 0.251466 0.037268
v 0.585957 0.240405 0.038967
v 0.618599 0.239045 0.030631
v 0.610476 0.237050 0.036184
v 0.583269 0.228406 0.038454
v 0.582288 0.218535 0.033099
v 0.586057 0.218459 0.027351
v 0.582016 0.217095 0.020932
v 0.610340 0.235663 0.023586
v 0.571060 0.214695 0.015755
v 0.582690 0.225852 0.015803
v 0.585385 0.237734 0.015138
v 0.619326 0.250098 0.024206
v 0.603050 0.256336 0.021284
v 0.576109 0.245789 0.013560
v 0.569722 0.253779 0.016975
v 0.560296 0.247912 0.012018
v 0.571760 0.217112 0.036204
v 0.535052 0.210871 0.038121
v 0.531614 0.221706 0.037996
v 0.497338 0.194021 0.043914
v 0.492977 0.205460 0.043716
v 0.487338 0.136501 0.023017
v 0.487260 0.176127 0.012187
v 0.478165 0.136589 0.020606
v 0.476284 0.176753 0.010513
v 0.466639 0.137988 0.019955
v 0.465542 0.178203 0.010970
v 0.455746 0.140932 0.020652
v 0.456878 0.179943 0.013708
v 0.466178 0.090273 0.040819
v 0.454727 0.075408 0.052705
v 0.466693 0.062921 0.056498
v 0.476371 0.093744 0.038636
v 0.476863 0.071555 0.051728
v 0.482789 0.104663 0.034583
v 0.484706 0.095980 0.041720
v 0.477295 0.065645 0.060356
v 0.485622 0.093627 0.048779
v 0.477641 0.073440 0.064343
v 0.485422 0.097677 0.053939
v 0.477829 0.096859 0.061367
v 0.484197 0.106934 0.055365
v 0.467676 0.093758 0.064630
v 0.467586 0.064866 0.069523
v 0.456613 0.100698 0.062842
v 0.455568 0.077459 0.065635
v 0.454609 0.069858 0.061398
v 0.468028 0.052482 0.067717
v 0.511515 0.058674 0.040722
v 0.519833 0.045501 0.045669
v 0.509317 0.051630 0.047448
v 0.510412 0.093381 0.027280
v 0.505266 0.094000 0.032097
v 0.511936 0.131916 0.024369
v 0.510153 0.133003 0.031200
v 0.503573 0.094734 0.038321
v 0.512492 0.133834 0.037876
v 0.508340 0.049894 0.054143
v 0.505461 0.096257 0.044299
v 0.518409 0.134246 0.043203
v 0.509347 0.053416 0.058973
v 0.510578 0.097475 0.048753
v 0.518788 0.095213 0.051495
v 0.511407 0.062208 0.059618
v 0.527473 0.133264 0.046401
v 0.538367 0.131997 0.047646
v 0.529766 0.092110 0.053163
v 0.549289 0.130943 0.046668
v 0.540576 0.091717 0.052529
v 0.558277 0.129748 0.043597
v 0.549448 0.090970 0.050454
v 0.564084 0.128059 0.039200
v 0.554204 0.087811 0.046830
v 0.566235 0.126144 0.033333
v 0.597140 0.152873 0.040567
v 0.561749 0.134443 0.042887
v 0.600465 0.148120 0.037254
v 0.565451 0.125086 0.033494
v 0.602511 0.145537 0.032121
v 0.564807 0.125328 0.026864
v 0.556275 0.085231 0.041690
v 0.555580 0.084542 0.035785
v 0.559274 0.125311 0.020943
v 0.602053 0.145126 0.026165
v 0.562471 0.129628 0.020289
v 0.599606 0.147808 0.020667
v 0.559235 0.138126 0.015234
v 0.597852 0.155888 0.016012
v 0.554952 0.149233 0.011955
v 0.594260 0.166637 0.012220
v 0.550154 0.160542 0.010944
v 0.589111 0.177118 0.010601
v 0.546411 0.169944 0.013035
v 0.584459 0.185177 0.011692
v 0.544719 0.176495 0.017684
v 0.583882 0.190957 0.015520
v 0.544494 0.179425 0.024182
v 0.583976 0.193697 0.021356
v 0.545233 0.178386 0.031201
v 0.583780 0.192829 0.027783
v 0.547244 0.173463 0.037323
v 0.551007 0.165231 0.041600
v 0.584130 0.188627 0.033267
v 0.588219 0.181731 0.036903
v 0.624216 0.200995 0.035689
v 0.632920 0.205489 0.032574
v 0.672847 0.209673 0.034292
v 0.635926 0.206372 0.027056
v 0.665112 0.207954 0.039111
v 0.639363 0.199215 0.040234
v 0.694868 0.204855 0.041162
v 0.681053 0.201911 0.044070
v 0.647924 0.191470 0.043728
v 0.679598 0.188862 0.040939
v 0.670775 0.187721 0.044800
v 0.644270 0.179623 0.044379
v 0.642916 0.169486 0.041765
v 0.647632 0.168651 0.037513
v 0.645152 0.166540 0.031682
v 0.673323 0.184830 0.034372
v 0.635601 0.163728 0.025962
v 0.647494 0.174673 0.025263
v 0.650318 0.186687 0.023223
v 0.682863 0.199154 0.033010
v 0.666290 0.205534 0.027858
v 0.640345 0.194968 0.019804
v 0.632717 0.203296 0.021157
v 0.623653 0.197322 0.016589
v 0.632430 0.168472 0.043072
v 0.595374 0.161683 0.041105
v 0.592521 0.172112 0.039542
v 0.558827 0.143857 0.044720
v 0.555190 0.154812 0.044212
v 0.551542 0.085420 0.030631
v 0.549945 0.125571 0.017133
v 0.542524 0.085233 0.027546
v 0.538276 0.126658 0.015361
v 0.530656 0.086592 0.025544
v 0.526663 0.128687 0.015739
v 0.519078 0.089818 0.025318
v 0.517545 0.130736 0.018924
v 0.531476 0.038465 0.048722
v 0.519268 0.024733 0.058902
v 0.531804 0.012452 0.064871
v 0.541878 0.042082 0.047976
v 0.541883 0.021692 0.062118
v 0.548010 0.053304 0.044695
v 0.549323 0.045722 0.052323
v 0.541137 0.017324 0.070127
v 0.549078 0.044537 0.058734
v 0.540304 0.025334 0.072561
v 0.547746 0.049054 0.062471
v 0.539737 0.047596 0.067230
v 0.545899 0.057939 0.062238
v 0.529923 0.043711 0.069318
v 0.530654 0.015755 0.075922
v 0.519135 0.049792 0.066168
v 0.518566 0.027742 0.070058
v 0.518406 0.020140 0.066811
v 0.532054 0.003646 0.075458
v 0.577604 0.013855 0.070830
v 0.585477 0.002340 0.080559
v 0.574244 0.008575 0.076707
v 0.576456 0.045883 0.051121
v 0.570200 0.047091 0.053284
v 0.575694 0.082485 0.037231
v 0.572571 0.084360 0.042308
v 0.566876 0.049012 0.057552
v 0.573313 0.086494 0.048209
v 0.571476 0.008625 0.081619
v 0.566931 0.051957 0.062335
v 0.577770 0.088208 0.053805
v 0.570609 0.013420 0.084347
v 0.570339 0.054659 0.066813
v 0.577230 0.053746 0.072034
v 0.571454 0.022206 0.083486
v 0.585408 0.088709 0.058650
v 0.594852 0.089160 0.063376
v 0.587145 0.051050 0.078650
v 0.604970 0.089186 0.066209
v 0.596446 0.053296 0.081480
v 0.613864 0.088530 0.067443
v 0.604634 0.054362 0.082456
v 0.620518 0.086636 0.066977
v 0.610303 0.051123 0.082720
v 0.624469 0.083712 0.064057
v 0.648953 0.112714 0.073314
v 0.617179 0.092971 0.066763
v 0.653193 0.107868 0.073887
v 0.623722 0.082712 0.064210
v 0.657007 0.104404 0.071878
v 0.625424 0.081209 0.058859
v 0.614113 0.047629 0.080710
v 0.615399 0.045439 0.076272
v 0.622436 0.079106 0.052070
v 0.658657 0.102647 0.067363
v 0.625515 0.083222 0.051438
v 0.658439 0.103575 0.061310
v 0.624029 0.089554 0.043356
v 0.658526 0.109692 0.054362
v 0.620526 0.099157 0.035954
v 0.656675 0.118396 0.046348
v 0.615837 0.109502 0.030094
v 0.652611 0.127364 0.039340
v 0.611186 0.119000 0.028481
v 0.647700 0.135120 0.036173
v 0.608197 0.126141 0.030573
v 0.645877 0.141380 0.037379
v 0.606481 0.129940 0.035363
v 0.644154 0.145103 0.041300
v 0.605654 0.129979 0.041587
v 0.641998 0.145480 0.046558
v 0.606116 0.126316 0.048000
v 0.608380 0.119571 0.053945
v 0.640559 0.142608 0.052080
v 0.642916 0.137191 0.057968
v 0.679311 0.155695 0.060871
v 0.688326 0.159222 0.059413
v 0.726150 0.163809 0.070502
v 0.693013 0.158946 0.055888
v 0.716972 0.163123 0.072235
v 0.692533 0.155294 0.069001
v 0.747158 0.160559 0.082973
v 0.732272 0.158804 0.082751
v 0.699984 0.149401 0.076884
v 0.731657 0.145780 0.085268
v 0.722760 0.145829 0.086375
v 0.696853 0.139096 0.081555
v 0.696769 0.128943 0.083582
v 0.702071 0.127144 0.081823
v 0.701629 0.124223 0.077412
v 0.727971 0.141098 0.079979
v 0.694703 0.120764 0.071640
v 0.706834 0.130582 0.070236
v 0.710868 0.140920 0.064680
v 0.738704 0.154240 0.076358
v 0.723025 0.158764 0.065421
v 0.701672 0.147332 0.055893
v 0.692371 0.154927 0.051657
v 0.685792 0.148473 0.047795
v 0.686187 0.128652 0.081913
v 0.647238 0.120636 0.070203
v 0.646117 0.129635 0.064775
v 0.614128 0.101468 0.064332
v 0.611127 0.111009 0.060042
v 0.613443 0.044368 0.070594
v 0.615007 0.077487 0.045207
v 0.606534 0.041807 0.065456
v 0.604200 0.077301 0.039302
v 0.596682 0.040056 0.059764
v 0.592672 0.078456 0.034843
v 0.585534 0.042862 0.053386
v 0.582605 0.080650 0.034338
v 0.596190 -0.003115 0.089056
v 0.583217 -0.014527 0.094849
v 0.594886 -0.024913 0.106577
v 0.605300 0.001876 0.091986
v 0.603782 -0.014526 0.106186
v 0.610340 0.013504 0.089496
v 0.610425 0.007836 0.097080
v 0.601540 -0.016939 0.112696
v 0.608766 0.007827 0.102119
v 0.599341 -0.009440 0.112688
v 0.606090 0.012494 0.103455
v 0.597016 0.011454 0.103430
v 0.603132 0.020936 0.100432
v 0.587681 0.007527 0.101148
v 0.590072 -0.018669 0.112802
v 0.578053 0.012013 0.093507
v 0.578675 -0.008250 0.101348
v 0.580363 -0.016516 0.101133
v 0.593298 -0.031057 0.115301
v 0.637746 -0.016826 0.126943
v 0.646023 -0.028531 0.137044
v 0.634483 -0.020985 0.131559
v 0.635571 0.013414 0.105828
v 0.629282 0.014625 0.106222
v 0.633863 0.045732 0.084719
v 0.629445 0.048307 0.087047
v 0.625414 0.016799 0.108714
v 0.628550 0.051446 0.091340
v 0.631505 -0.020171 0.134971
v 0.624681 0.019984 0.112112
v 0.631599 0.054121 0.097113
v 0.630113 -0.015144 0.136381
v 0.627442 0.022792 0.116185
v 0.634221 0.022146 0.122701
v 0.630317 -0.006843 0.134864
v 0.638451 0.055278 0.104088
v 0.648060 0.055432 0.111109
v 0.645364 0.016616 0.131880
v 0.658522 0.055019 0.116832
v 0.655723 0.016382 0.136754
v 0.667881 0.053789 0.120324
v 0.664028 0.017042 0.138945
v 0.674953 0.051447 0.121281
v 0.669433 0.014645 0.139716
v 0.678983 0.048580 0.119536
v 0.703753 0.073733 0.129055
v 0.670888 0.057793 0.119706
v 0.707492 0.068892 0.130256
v 0.678308 0.047683 0.119675
v 0.710260 0.065654 0.128644
v 0.679873 0.046380 0.115306
v 0.672607 0.012478 0.137796
v 0.672990 0.012441 0.132951
v 0.677006 0.044653 0.109341
v 0.711774 0.064373 0.124773
v 0.679792 0.048356 0.108768
v 0.711678 0.065728 0.119298
v 0.678524 0.053927 0.100839
v 0.714513 0.072424 0.113575
v 0.675825 0.062024 0.092353
v 0.713119 0.080894 0.106029
v 0.671898 0.070926 0.084769
v 0.705496 0.088400 0.097654
v 0.667645 0.079195 0.079800
v 0.699956 0.095100 0.092376
v 0.664063 0.086002 0.078517
v 0.697816 0.101064 0.091876
v 0.660956 0.090354 0.080577
v 0.695433 0.104922 0.094047
v 0.658535 0.091474 0.085184
v 0.692660 0.105730 0.097882
v 0.657772 0.089063 0.091740
v 0.659548 0.083434 0.099756
v 0.690932 0.103355 0.102921
v 0.693437 0.098230 0.110162
v 0.727190 0.114222 0.114604
v 0.736078 0.117200 0.114047
v 0.775518 0.120397 0.127547
v 0.741360 0.116886 0.111811
v 0.766649 0.119912 0.128339
v 0.742689 0.113462 0.123787
v 0.797225 0.116950 0.140406
v 0.784119 0.115572 0.139834
v 0.753772 0.107738 0.133231
v 0.782964 0.103077 0.142793
v 0.775668 0.103403 0.143539
v 0.752683 0.098010 0.138643
v 0.752439 0.088379 0.141075
v 0.756875 0.086671 0.139782
v 0.756412 0.084324 0.135974
v 0.779788 0.099277 0.138219
v 0.750138 0.081677 0.130695
v 0.760856 0.090652 0.129252
v 0.763564 0.100332 0.123562
v 0.789469 0.111608 0.134559
v 0.772606 0.116100 0.123175
v 0.753052 0.106394 0.114408
v 0.741859 0.113339 0.108857
v 0.736822 0.107711 0.105938
v 0.743170 0.088461 0.139208
v 0.703870 0.082243 0.125703
v 0.700643 0.091233 0.119016
v 0.666860 0.066130 0.115119
v 0.662943 0.075282 0.108053
v 0.670746 0.011889 0.127501
v 0.670332 0.043035 0.102523
v 0.665553 0.005160 0.124959
v 0.660902 0.042172 0.095420
v 0.655883 0.004569 0.118938
v 0.650578 0.042544 0.089150
v 0.644491 0.009729 0.110698
v 0.641174 0.043926 0.085238
v 0.656976 -0.035066 0.146168
v 0.644683 -0.043907 0.150016
v 0.656851 -0.055201 0.162356
v 0.665930 -0.031290 0.149586
v 0.665275 -0.045814 0.162340
v 0.670545 -0.020724 0.147392
v 0.671082 -0.025962 0.154296
v 0.663508 -0.047882 0.167919
v 0.669822 -0.026098 0.158661
v 0.661493 -0.041766 0.167806
v 0.667430 -0.022320 0.159691
v 0.658825 -0.023414 0.159126
v 0.664480 -0.014951 0.156678
v 0.649232 -0.025673 0.155695
v 0.652681 -0.050011 0.167510
v 0.638204 -0.018466 0.146017
v 0.640319 -0.038033 0.154842
v 0.642343 -0.045854 0.155469
v 0.655745 -0.060833 0.170045
v -0.352858 0.125543 0.099209
v -0.359030 0.121724 0.102474
v -0.349569 0.124273 0.105971
v -0.356551 0.114588 0.114570
v -0.347342 0.127109 0.112665
v -0.369055 0.120736 0.104061
v -0.355212 0.115523 0.122867
v -0.346937 0.133267 0.116965
v -0.367038 0.111913 0.117790
v -0.379498 0.123605 0.104117
v -0.354987 0.123287 0.126341
v -0.348194 0.140548 0.117515
v -0.355216 0.137557 0.123234
v -0.378388 0.115916 0.116140
v -0.386867 0.129121 0.102631
v -0.366313 0.112170 0.126681
v -0.366262 0.120182 0.130033
v -0.366402 0.136206 0.126021
v -0.378162 0.116199 0.124376
v -0.378001 0.123626 0.128254
v -0.377866 0.137705 0.125544
v -0.388036 0.127214 0.109463
v -0.387580 0.134537 0.121220
v -0.385666 0.141540 0.122164
v -0.388439 0.129108 0.116412
v -0.391426 0.146421 0.088672
v -0.395350 0.148859 0.094603
v -0.396257 0.152305 0.101407
v -0.394036 0.156822 0.107044
v -0.383422 0.142800 0.086172
v -0.388474 0.160926 0.110576
v -0.372985 0.140346 0.084837
v -0.378727 0.161541 0.112983
v -0.362820 0.139371 0.083273
v -0.366412 0.161344 0.112691
v -0.354364 0.140787 0.083394
v -0.354645 0.160328 0.108560
v -0.346446 0.158459 0.103137
v -0.353878 0.190993 0.082398
v -0.346498 0.186145 0.075587
v -0.364628 0.194481 0.087955
v -0.376809 0.195793 0.089996
v -0.387334 0.195324 0.089066
v -0.394676 0.192627 0.085384
v -0.398126 0.188102 0.079236
v -0.397845 0.183694 0.072315
v -0.394136 0.178905 0.065709
v -0.387396 0.173765 0.060897
v -0.378473 0.169543 0.058000
v -0.369140 0.166688 0.056077
v -0.360010 0.166433 0.056099
v -0.351708 0.169025 0.058986
v -0.348064 0.142873 0.087673
v -0.345872 0.173899 0.063721
v -0.344092 0.147172 0.093324
v -0.343762 0.180123 0.069355
v -0.343313 0.153054 0.098632
v -0.428081 0.253433 0.034979
v -0.433657 0.245206 0.034766
v -0.425991 0.246534 0.032864
v -0.442996 0.256273 0.036574
v -0.440482 0.239529 0.039063
v -0.427520 0.258688 0.040270
v -0.452067 0.251727 0.040927
v -0.443888 0.231726 0.045193
v -0.445067 0.262366 0.041932
v -0.424337 0.260449 0.047027
v -0.454359 0.241954 0.047107
v -0.442928 0.224475 0.050936
v -0.440387 0.263105 0.049337
v -0.419576 0.258430 0.052826
v -0.428096 0.257930 0.057181
v -0.455241 0.257945 0.046437
v -0.450413 0.258424 0.054005
v -0.436331 0.252328 0.062444
v -0.457505 0.247405 0.052416
v -0.453289 0.248440 0.059870
v -0.441119 0.243795 0.067699
v -0.447936 0.228506 0.054419
v -0.446972 0.234921 0.066659
v -0.440890 0.235396 0.071267
v -0.449623 0.232345 0.060261
v -0.425975 0.208638 0.055708
v -0.428698 0.209250 0.062677
v -0.429385 0.212332 0.069681
v -0.427057 0.216624 0.075430
v -0.423436 0.213343 0.048480
v -0.422364 0.221965 0.078238
v -0.419173 0.220245 0.041818
v -0.417671 0.230177 0.076306
v -0.413808 0.226482 0.036133
v -0.411086 0.238558 0.071104
v -0.408216 0.232117 0.033822
v -0.403809 0.244215 0.063142
v -0.398567 0.246735 0.055197
v -0.368818 0.221707 0.066923
v -0.365242 0.223668 0.056496
v -0.375358 0.216477 0.076861
v -0.382959 0.208353 0.083652
v -0.389598 0.199931 0.086737
v -0.397605 0.187047 0.079771
v -0.396278 0.183233 0.063514
v -0.393635 0.186386 0.054500
v -0.389680 0.192253 0.046497
v -0.384917 0.198733 0.039859
v -0.379627 0.205499 0.036183
v -0.374369 0.212632 0.036468
v -0.405024 0.238797 0.035458
v -0.369437 0.218791 0.040450
v -0.401942 0.244299 0.040388
v -0.365833 0.222692 0.047392
v -0.399191 0.247067 0.047437
v -0.427196 0.086030 0.128626
v -0.437212 0.076287 0.134430
v -0.427064 0.081079 0.137725
v -0.419559 0.114339 0.106153
v -0.414979 0.115824 0.111815
v -0.415112 0.148967 0.091387
v -0.412845 0.152582 0.098196
v -0.413696 0.118553 0.118448
v -0.414707 0.156647 0.104726
v -0.427368 0.081454 0.145378
v -0.415736 0.122493 0.124155
v -0.420833 0.159944 0.109951
v -0.428266 0.087004 0.149160
v -0.421011 0.125964 0.127951
v -0.430144 0.125693 0.130524
v -0.428767 0.096396 0.147211
v -0.430350 0.161863 0.113485
v -0.442032 0.162504 0.114252
v -0.441892 0.124823 0.130834
v -0.453456 0.162424 0.112159
v -0.453345 0.124429 0.128442
v -0.462514 0.161369 0.107990
v -0.462014 0.123881 0.124410
v -0.467920 0.158847 0.102265
v -0.466313 0.120242 0.119951
v -0.469215 0.155434 0.095794
v -0.496687 0.187033 0.091100
v -0.464918 0.166134 0.105557
v -0.499949 0.181842 0.087529
v -0.468669 0.154354 0.096346
v -0.500878 0.178194 0.081842
v -0.466746 0.152555 0.089372
v -0.467275 0.116614 0.114245
v -0.465108 0.114443 0.108145
v -0.460605 0.150012 0.084394
v -0.498817 0.176193 0.075648
v -0.462821 0.154394 0.082154
v -0.494722 0.176953 0.069913
v -0.457868 0.160099 0.075229
v -0.490959 0.183131 0.064018
v -0.451954 0.168471 0.069660
v -0.485478 0.191754 0.059095
v -0.445829 0.177511 0.066268
v -0.479012 0.200134 0.056165
v -0.440819 0.185873 0.065723
v -0.473517 0.207074 0.056092
v -0.437876 0.193272 0.068607
v -0.472292 0.213669 0.058852
v -0.436725 0.198560 0.074459
v -0.472286 0.218314 0.064389
v -0.437325 0.200673 0.082091
v -0.472735 0.219766 0.071493
v -0.440351 0.199049 0.090060
v -0.446338 0.193831 0.097212
v -0.474483 0.217805 0.078360
v -0.480701 0.213139 0.083440
v -0.510151 0.235446 0.071568
v -0.518264 0.240468 0.065619
v -0.557493 0.251410 0.057879
v -0.520807 0.240349 0.058937
v -0.550902 0.249702 0.065103
v -0.526586 0.237324 0.073492
v -0.580637 0.251856 0.060684
v -0.568205 0.247369 0.067716
v -0.537494 0.231998 0.076630
v -0.569142 0.233525 0.065100
v -0.561953 0.232015 0.071944
v -0.537141 0.220143 0.079915
v -0.537719 0.209089 0.077780
v -0.541032 0.207884 0.071878
v -0.536902 0.203990 0.066667
v -0.561230 0.226855 0.060389
v -0.526288 0.198368 0.063779
v -0.535525 0.210755 0.059198
v -0.535827 0.222143 0.054826
v -0.567285 0.242059 0.055735
v -0.549952 0.244360 0.053164
v -0.525087 0.227703 0.052154
v -0.517527 0.235195 0.053889
v -0.509094 0.226639 0.052018
v -0.527899 0.206977 0.082428
v -0.493300 0.195698 0.090539
v -0.487837 0.205265 0.087733
v -0.460025 0.175480 0.105499
v -0.453538 0.185440 0.102564
v -0.459901 0.113507 0.103374
v -0.451449 0.147380 0.081725
v -0.450741 0.111354 0.102183
v -0.440470 0.145661 0.081300
v -0.439145 0.110583 0.102576
v -0.429707 0.145403 0.082635
v -0.427962 0.111775 0.103727
v -0.421077 0.146453 0.085799
v -0.449311 0.072086 0.136144
v -0.441776 0.059882 0.153105
v -0.456155 0.051277 0.158824
v -0.458472 0.076346 0.131825
v -0.464122 0.059591 0.150569
v -0.462373 0.086408 0.124055
v -0.466410 0.080747 0.133092
v -0.466271 0.056743 0.160409
v -0.468240 0.080838 0.140362
v -0.465379 0.065328 0.161919
v -0.467615 0.086177 0.144126
v -0.460846 0.086428 0.152349
v -0.464729 0.095096 0.142975
v -0.451727 0.082851 0.157583
v -0.457541 0.057214 0.170532
v -0.439438 0.087008 0.155248
v -0.443085 0.065882 0.164698
v -0.443323 0.057302 0.162970
v -0.460238 0.045116 0.172315
v -0.499776 0.049823 0.139560
v -0.510795 0.040329 0.147021
v -0.499440 0.044901 0.148241
v -0.491091 0.078117 0.116967
v -0.486262 0.079322 0.121998
v -0.484956 0.113640 0.102959
v -0.483466 0.116448 0.109356
v -0.484887 0.081629 0.127908
v -0.486050 0.119643 0.115173
v -0.499274 0.045151 0.155220
v -0.486848 0.085188 0.132918
v -0.492125 0.122619 0.119391
v -0.499910 0.050091 0.158675
v -0.491925 0.088524 0.136173
v -0.500585 0.088579 0.138421
v -0.500275 0.058875 0.156513
v -0.501405 0.124155 0.121600
v -0.512398 0.125128 0.121811
v -0.512043 0.087972 0.139551
v -0.523226 0.125628 0.119846
v -0.522657 0.089179 0.137737
v -0.532045 0.125043 0.116169
v -0.531345 0.089297 0.134892
v -0.537756 0.123069 0.111765
v -0.536362 0.086009 0.131773
v -0.539832 0.119838 0.106477
v -0.565423 0.152179 0.101893
v -0.534490 0.129800 0.113723
v -0.569369 0.147254 0.099702
v -0.539278 0.118765 0.107029
v -0.571520 0.143602 0.095315
v -0.538150 0.116869 0.100740
v -0.538537 0.082361 0.127376
v -0.537588 0.079803 0.122048
v -0.532334 0.114145 0.095797
v -0.570746 0.141328 0.089831
v -0.534587 0.118519 0.093546
v -0.567458 0.141770 0.084137
v -0.529437 0.124426 0.086702
v -0.563868 0.147647 0.077612
v -0.522881 0.133149 0.080924
v -0.558021 0.155992 0.071365
v -0.515935 0.142668 0.077307
v -0.550850 0.164492 0.067451
v -0.510601 0.151514 0.077055
v -0.544817 0.171625 0.066746
v -0.507999 0.158800 0.079800
v -0.543399 0.178119 0.068795
v -0.507655 0.163491 0.085160
v -0.543360 0.182483 0.073542
v -0.509057 0.164774 0.092036
v -0.543773 0.183593 0.079922
v -0.512391 0.162348 0.099019
v -0.517953 0.156541 0.104983
v -0.545299 0.181377 0.086295
v -0.550879 0.176682 0.091226
v -0.582319 0.200280 0.080134
v -0.589760 0.204972 0.074818
v -0.628155 0.215954 0.070356
v -0.592158 0.204613 0.068953
v -0.621242 0.214543 0.076376
v -0.597798 0.202471 0.083106
v -0.651107 0.217127 0.075567
v -0.638349 0.212990 0.080867
v -0.607909 0.197668 0.087599
v -0.639228 0.199554 0.081815
v -0.631073 0.198216 0.086892
v -0.606660 0.186152 0.092064
v -0.607111 0.175622 0.092654
v -0.611600 0.174316 0.088276
v -0.609182 0.170154 0.083646
v -0.633415 0.192745 0.077502
v -0.599985 0.164210 0.080189
v -0.609469 0.176214 0.074927
v -0.609780 0.187328 0.069196
v -0.639900 0.207332 0.070928
v -0.622096 0.209038 0.066235
v -0.598188 0.192426 0.064794
v -0.589207 0.199404 0.064625
v -0.581176 0.190925 0.063110
v -0.597132 0.173352 0.095472
v -0.562033 0.160321 0.100093
v -0.557123 0.169164 0.095966
v -0.529940 0.138714 0.113121
v -0.524233 0.148244 0.109941
v -0.533115 0.078396 0.117394
v -0.522893 0.111702 0.093246
v -0.524113 0.075807 0.115622
v -0.511140 0.110273 0.092681
v -0.512097 0.074531 0.114785
v -0.499407 0.110392 0.093882
v -0.500126 0.075594 0.115063
v -0.490304 0.111793 0.097437
v -0.523755 0.036561 0.150513
v -0.515146 0.024777 0.165622
v -0.530190 0.017122 0.173279
v -0.533190 0.041430 0.147492
v -0.538088 0.026603 0.166777
v -0.536806 0.051965 0.140403
v -0.540072 0.047387 0.149665
v -0.538745 0.024821 0.175731
v -0.540497 0.048187 0.156126
v -0.536551 0.032943 0.175848
v -0.538576 0.053345 0.158544
v -0.531341 0.052116 0.164466
v -0.535040 0.061310 0.156000
v -0.522626 0.047501 0.168767
v -0.529180 0.023398 0.182972
v -0.510679 0.050483 0.165352
v -0.514637 0.030883 0.175443
v -0.515726 0.022735 0.174559
v -0.532853 0.012124 0.185834
v -0.575158 0.027747 0.172925
v -0.585747 0.021192 0.184507
v -0.573287 0.024032 0.180435
v -0.566519 0.051612 0.145151
v -0.560309 0.052381 0.147626
v -0.557771 0.081604 0.121547
v -0.554699 0.084399 0.126215
v -0.556975 0.054938 0.151538
v -0.555415 0.088319 0.131118
v -0.570903 0.025121 0.185427
v -0.556788 0.059168 0.155230
v -0.559828 0.092361 0.135397
v -0.569315 0.030309 0.186750
v -0.559907 0.063624 0.158292
v -0.567184 0.065484 0.162670
v -0.568389 0.038431 0.183307
v -0.567539 0.095555 0.138920
v -0.577018 0.098962 0.142124
v -0.577860 0.066591 0.168514
v -0.587110 0.101506 0.143568
v -0.586724 0.071082 0.169418
v -0.596027 0.102721 0.143838
v -0.594600 0.073719 0.169036
v -0.602874 0.101890 0.143124
v -0.600792 0.071688 0.169521
v -0.607106 0.098903 0.140704
v -0.626112 0.132943 0.138177
v -0.598370 0.107223 0.141512
v -0.631236 0.129263 0.139592
v -0.606578 0.097890 0.141227
v -0.635500 0.126025 0.138210
v -0.608169 0.095129 0.136367
v -0.605058 0.068420 0.168148
v -0.606437 0.065225 0.164402
v -0.605188 0.090599 0.130885
v -0.637147 0.123272 0.134222
v -0.607365 0.094773 0.128727
v -0.636342 0.122265 0.128232
v -0.604140 0.098010 0.119414
v -0.634776 0.125903 0.119865
v -0.598356 0.104195 0.110055
v -0.630740 0.131328 0.109980
v -0.591373 0.111351 0.102095
v -0.624556 0.136944 0.101247
v -0.584879 0.119012 0.098407
v -0.618039 0.142454 0.096615
v -0.580719 0.125860 0.098713
v -0.615130 0.148397 0.096188
v -0.578634 0.130603 0.102384
v -0.612992 0.152803 0.099056
v -0.578240 0.132399 0.108387
v -0.611167 0.154404 0.104208
v -0.579835 0.130990 0.115475
v -0.583756 0.126841 0.122780
v -0.610687 0.153155 0.110455
v -0.614440 0.150251 0.117315
v -0.646697 0.174453 0.110302
v -0.654742 0.178794 0.106801
v -0.691638 0.192663 0.111385
v -0.659144 0.178229 0.102957
v -0.682904 0.191045 0.114353
v -0.660270 0.178716 0.116522
v -0.713678 0.196848 0.121590
v -0.699429 0.192698 0.123708
v -0.669236 0.176805 0.124789
v -0.701509 0.181142 0.129911
v -0.692866 0.180070 0.132039
v -0.668476 0.168045 0.132567
v -0.670488 0.159121 0.137416
v -0.675907 0.157765 0.135611
v -0.675737 0.153609 0.132313
v -0.698444 0.174535 0.126682
v -0.669230 0.147473 0.128670
v -0.679116 0.158243 0.123032
v -0.680695 0.166912 0.114293
v -0.706170 0.187521 0.118155
v -0.689206 0.185871 0.108388
v -0.669858 0.168749 0.105232
v -0.659002 0.173064 0.100168
v -0.653543 0.164756 0.099157
v -0.660073 0.156609 0.137210
v -0.622695 0.139149 0.133159
v -0.619493 0.145757 0.125557
v -0.593579 0.113957 0.137139
v -0.588511 0.121113 0.130692
v -0.604342 0.062171 0.159554
v -0.597761 0.085775 0.125740
v -0.597723 0.057073 0.156254
v -0.586816 0.082034 0.121508
v -0.588029 0.052085 0.152556
v -0.575005 0.079875 0.118353
v -0.576142 0.050952 0.147057
v -0.564694 0.080132 0.118477
v -0.597863 0.020413 0.192832
v -0.587759 0.009345 0.203200
v -0.601981 0.005079 0.215892
v -0.606018 0.027479 0.193067
v -0.608661 0.016164 0.211450
v -0.608541 0.038456 0.186748
v -0.610233 0.035461 0.195569
v -0.607374 0.015514 0.218603
v -0.608954 0.036715 0.200563
v -0.603775 0.022189 0.216713
v -0.605526 0.041064 0.200821
v -0.596842 0.038595 0.202208
v -0.600796 0.047581 0.195889
v -0.588306 0.032688 0.202310
v -0.596489 0.012046 0.220605
v -0.577496 0.032996 0.194943
v -0.582545 0.016471 0.208131
v -0.585776 0.008926 0.210091
v -0.602206 0.001711 0.226138
v -0.643763 0.025882 0.227668
v -0.654809 0.019328 0.239609
v -0.641685 0.022851 0.233648
v -0.634368 0.047473 0.199198
v -0.628005 0.047700 0.199996
v -0.625029 0.071093 0.170080
v -0.620367 0.073495 0.172094
v -0.623969 0.049867 0.202214
v -0.619178 0.077601 0.175382
v -0.638845 0.024167 0.237021
v -0.622869 0.053769 0.204618
v -0.622040 0.082368 0.179726
v -0.636610 0.029085 0.237088
v -0.625308 0.058097 0.207343
v -0.632512 0.060584 0.212889
v -0.635107 0.036446 0.233240
v -0.628999 0.086698 0.185180
v -0.638852 0.090553 0.190630
v -0.645110 0.060013 0.221830
v -0.649563 0.093620 0.194903
v -0.655627 0.062972 0.225259
v -0.659199 0.095060 0.197427
v -0.663779 0.065617 0.226134
v -0.666639 0.094311 0.198141
v -0.669584 0.064487 0.226891
v -0.671017 0.091749 0.196812
v -0.691064 0.122302 0.195603
v -0.661329 0.099121 0.195322
v -0.695738 0.118737 0.197675
v -0.670539 0.090839 0.197284
v -0.698963 0.115661 0.196734
v -0.672024 0.088542 0.193315
v -0.672978 0.062388 0.225299
v -0.673031 0.060941 0.220660
v -0.669145 0.084637 0.188495
v -0.700428 0.113528 0.193237
v -0.671120 0.088392 0.186547
v -0.699700 0.113116 0.187659
v -0.668265 0.090998 0.177570
v -0.700795 0.118121 0.179953
v -0.663484 0.095571 0.167515
v -0.697284 0.123544 0.170524
v -0.657408 0.100973 0.158237
v -0.687805 0.126790 0.161348
v -0.651313 0.106523 0.151665
v -0.680731 0.130563 0.155091
v -0.646407 0.111934 0.148932
v -0.677452 0.135657 0.153167
v -0.642667 0.116136 0.150022
v -0.674525 0.139548 0.154414
v -0.640394 0.118194 0.154374
v -0.671915 0.141021 0.158166
v -0.640558 0.117803 0.161389
v -0.643928 0.115252 0.170401
v -0.671024 0.140044 0.163847
v -0.674957 0.137849 0.171889
v -0.705216 0.159730 0.167384
v -0.713305 0.163809 0.164912
v -0.752215 0.177373 0.171986
v -0.718384 0.163699 0.162230
v -0.743680 0.175708 0.173965
v -0.721160 0.164349 0.174428
v -0.775002 0.181605 0.182532
v -0.762400 0.177994 0.183990
v -0.733755 0.163667 0.183684
v -0.763880 0.166981 0.190529
v -0.756725 0.166320 0.192037
v -0.734933 0.156008 0.191751
v -0.736716 0.147671 0.196854
v -0.741300 0.146401 0.195572
v -0.741039 0.142963 0.192684
v -0.761192 0.161503 0.187662
v -0.735049 0.137846 0.189197
v -0.743712 0.147582 0.183938
v -0.744110 0.155376 0.175422
v -0.768043 0.173544 0.179460
v -0.749895 0.171533 0.169422
v -0.732028 0.156557 0.166275
v -0.719355 0.159553 0.160380
v -0.715311 0.152559 0.159839
v -0.727500 0.145663 0.196193
v -0.689310 0.129286 0.189962
v -0.683963 0.135158 0.181425
v -0.655467 0.104889 0.189066
v -0.649387 0.110684 0.180207
v -0.670570 0.058396 0.215916
v -0.662460 0.079949 0.183299
v -0.666610 0.050459 0.216067
v -0.652911 0.075435 0.177954
v -0.656849 0.046489 0.211702
v -0.642308 0.072185 0.173156
v -0.644142 0.046958 0.203788
v -0.632569 0.070752 0.170195
v -0.667412 0.017766 0.248810
v -0.657345 0.008631 0.256509
v -0.672273 0.003780 0.269982
v -0.675681 0.023815 0.249877
v -0.678708 0.013962 0.266241
v -0.678013 0.033817 0.244196
v -0.680018 0.031092 0.252192
v -0.677757 0.013431 0.272352
v -0.679109 0.032087 0.256532
v -0.674598 0.018807 0.270736
v -0.676108 0.035554 0.256720
v -0.667858 0.032948 0.257552
v -0.671595 0.041069 0.252105
v -0.658669 0.028213 0.256116
v -0.667541 0.009538 0.273901
v -0.645827 0.030225 0.246205
v -0.652269 0.014897 0.259944
v -0.655801 0.008081 0.262535
v -0.672799 0.000656 0.279039
v -0.522223 0.448972 -0.161303
v -0.529824 0.447725 -0.159363
v -0.520693 0.443397 -0.156115
v -0.514635 0.468253 -0.168826
v -0.508608 0.464785 -0.164748
v -0.494580 0.498632 -0.178446
v -0.488159 0.497200 -0.172839
v -0.503767 0.463592 -0.158248
v -0.483713 0.498286 -0.165238
v -0.518186 0.441550 -0.149121
v -0.500968 0.465349 -0.151044
v -0.483042 0.501433 -0.156495
v -0.515472 0.444206 -0.142666
v -0.501750 0.469050 -0.144359
v -0.508746 0.472254 -0.137834
v -0.513269 0.450161 -0.138926
v -0.487273 0.505866 -0.147304
v -0.495307 0.511606 -0.139565
v -0.519133 0.477206 -0.132461
v -0.505150 0.518023 -0.135752
v -0.529925 0.483536 -0.130825
v -0.514087 0.523569 -0.135561
v -0.538504 0.489161 -0.132227
v -0.521105 0.527013 -0.139177
v -0.544889 0.490501 -0.136570
v -0.525439 0.528143 -0.146250
v -0.527858 0.566427 -0.129252
v -0.513219 0.529170 -0.135319
v -0.534172 0.566201 -0.133575
v -0.525636 0.526855 -0.146305
v -0.537502 0.566777 -0.140320
v -0.526463 0.527742 -0.154390
v -0.548278 0.490714 -0.143331
v -0.548281 0.490620 -0.151009
v -0.524856 0.525119 -0.162818
v -0.537477 0.567198 -0.147990
v -0.524052 0.530411 -0.162594
v -0.534452 0.568347 -0.154768
v -0.518814 0.535287 -0.169505
v -0.528749 0.573641 -0.159390
v -0.511201 0.541035 -0.174464
v -0.520532 0.579380 -0.162729
v -0.502795 0.546203 -0.178030
v -0.511891 0.583599 -0.165628
v -0.494246 0.549999 -0.178900
v -0.503890 0.585768 -0.165823
v -0.486135 0.552348 -0.176086
v -0.497957 0.588252 -0.161771
v -0.479372 0.552542 -0.170384
v -0.493240 0.588485 -0.155306
v -0.475357 0.550496 -0.162903
v -0.490556 0.585972 -0.148135
v -0.475732 0.546961 -0.154452
v -0.481346 0.542893 -0.145647
v -0.491390 0.582019 -0.141464
v -0.498317 0.579508 -0.134919
v -0.502493 0.602838 -0.135915
v -0.504531 0.609406 -0.139608
v -0.520020 0.624192 -0.140833
v -0.507085 0.612784 -0.146018
v -0.516917 0.618984 -0.134496
v -0.510554 0.605141 -0.131274
v -0.531605 0.624485 -0.137627
v -0.528480 0.618909 -0.131262
v -0.521197 0.603152 -0.128133
v -0.539968 0.615321 -0.136750
v -0.537041 0.610536 -0.130165
v -0.530497 0.597142 -0.126706
v -0.539906 0.594193 -0.130896
v -0.542503 0.596519 -0.137414
v -0.542214 0.595342 -0.144507
v -0.539391 0.611937 -0.144258
v -0.539609 0.591205 -0.149978
v -0.535717 0.599599 -0.151738
v -0.527820 0.606215 -0.154103
v -0.531377 0.620618 -0.145660
v -0.520732 0.620975 -0.148562
v -0.518464 0.608606 -0.156188
v -0.509504 0.611552 -0.152990
v -0.511057 0.606292 -0.158182
v -0.535267 0.589266 -0.127304
v -0.519315 0.570832 -0.127860
v -0.508600 0.575763 -0.129517
v -0.502761 0.533246 -0.135084
v -0.491089 0.538184 -0.138387
v -0.545268 0.489328 -0.157791
v -0.521162 0.519868 -0.170161
v -0.539621 0.483506 -0.162428
v -0.515444 0.513333 -0.175650
v -0.531419 0.476824 -0.165772
v -0.508815 0.507186 -0.179712
v -0.522733 0.471545 -0.168658
v -0.501679 0.502246 -0.180978
v -0.539314 0.451355 -0.157315
v -0.532343 0.435671 -0.151807
v -0.543220 0.437470 -0.148969
v -0.547201 0.458885 -0.154947
v -0.551195 0.447072 -0.147557
v -0.550956 0.467582 -0.153150
v -0.553675 0.463704 -0.147709
v -0.551822 0.443545 -0.140062
v -0.553963 0.462304 -0.140617
v -0.548682 0.447509 -0.133418
v -0.551243 0.463921 -0.134064
v -0.541710 0.459475 -0.129840
v -0.546410 0.467892 -0.130418
v -0.532347 0.452294 -0.131248
v -0.540120 0.438119 -0.134515
v -0.521520 0.448910 -0.134339
v -0.528293 0.436475 -0.137676
v -0.531687 0.432097 -0.144094
v -0.543488 0.433398 -0.140948
v -0.602141 0.438782 -0.146226
v -0.612745 0.431726 -0.145159
v -0.603555 0.429575 -0.140723
v -0.587037 0.471648 -0.152893
v -0.582984 0.467863 -0.147655
v -0.562577 0.502534 -0.151032
v -0.560092 0.501065 -0.143718
v -0.581365 0.466350 -0.140666
v -0.560273 0.502245 -0.135826
v -0.603890 0.426209 -0.133851
v -0.581996 0.467930 -0.133641
v -0.563896 0.505672 -0.128844
v -0.603184 0.429699 -0.127792
v -0.585466 0.471694 -0.128192
v -0.593929 0.475139 -0.125039
v -0.601213 0.439628 -0.124840
v -0.571419 0.510548 -0.123746
v -0.581012 0.516829 -0.121423
v -0.604694 0.480541 -0.123896
v -0.590330 0.523708 -0.121990
v -0.614642 0.487417 -0.125001
v -0.597859 0.529537 -0.125110
v -0.621872 0.493463 -0.127896
v -0.602852 0.533028 -0.130689
v -0.626445 0.494962 -0.132901
v -0.604746 0.534002 -0.137804
v -0.610503 0.574428 -0.124719
v -0.597013 0.535457 -0.124874
v -0.615422 0.573864 -0.129820
v -0.604935 0.532658 -0.137857
v -0.617250 0.574141 -0.136385
v -0.603207 0.533360 -0.145076
v -0.628240 0.495236 -0.139457
v -0.626649 0.495141 -0.146097
v -0.598627 0.530387 -0.151341
v -0.615629 0.574275 -0.143017
v -0.597853 0.535841 -0.151125
v -0.610920 0.575189 -0.148247
v -0.589657 0.540544 -0.155315
v -0.603615 0.580409 -0.151170
v -0.579459 0.546129 -0.157226
v -0.593728 0.586098 -0.152340
v -0.569060 0.551123 -0.156931
v -0.583450 0.590178 -0.151964
v -0.560386 0.554939 -0.154277
v -0.575180 0.592432 -0.149579
v -0.554471 0.557618 -0.148767
v -0.571487 0.600261 -0.142967
v -0.551619 0.558372 -0.141350
v -0.570143 0.604526 -0.135055
v -0.552174 0.556914 -0.133562
v -0.570853 0.602831 -0.128016
v -0.556780 0.553822 -0.126855
v -0.565630 0.549978 -0.122128
v -0.574306 0.598088 -0.122931
v -0.582893 0.597512 -0.119260
v -0.587580 0.652981 -0.113552
v -0.588513 0.666285 -0.115616
v -0.603325 0.691713 -0.118055
v -0.588726 0.669114 -0.121940
v -0.602860 0.698085 -0.108539
v -0.596705 0.663395 -0.109930
v -0.614562 0.681470 -0.120742
v -0.613231 0.681565 -0.112889
v -0.606940 0.657221 -0.110621
v -0.622233 0.659150 -0.124517
v -0.620466 0.655507 -0.118127
v -0.614850 0.636492 -0.115311
v -0.621914 0.618539 -0.124637
v -0.623187 0.617078 -0.131674
v -0.621386 0.609631 -0.139617
v -0.619938 0.646919 -0.133497
v -0.617258 0.598825 -0.145863
v -0.613732 0.620097 -0.143148
v -0.605770 0.639402 -0.140064
v -0.612465 0.671156 -0.129222
v -0.601498 0.679470 -0.127162
v -0.595899 0.649138 -0.137841
v -0.588204 0.659454 -0.130674
v -0.587272 0.643178 -0.138225
v -0.618329 0.614873 -0.120427
v -0.603019 0.579349 -0.121753
v -0.593502 0.591398 -0.118743
v -0.588000 0.539892 -0.121339
v -0.576887 0.545189 -0.120270
v -0.622287 0.493763 -0.151424
v -0.591910 0.524740 -0.155945
v -0.615339 0.487693 -0.154447
v -0.583524 0.517839 -0.158362
v -0.605577 0.480709 -0.155652
v -0.574820 0.511393 -0.158540
v -0.595335 0.475177 -0.155286
v -0.567502 0.506262 -0.156265
v -0.623990 0.433533 -0.144690
v -0.620966 0.409173 -0.136556
v -0.634803 0.405312 -0.134654
v -0.631351 0.445634 -0.145388
v -0.640660 0.422921 -0.136735
v -0.632991 0.462196 -0.146623
v -0.638126 0.454403 -0.141127
v -0.643477 0.416166 -0.129317
v -0.639931 0.451661 -0.134537
v -0.640427 0.422859 -0.123936
v -0.637926 0.454148 -0.128753
v -0.631103 0.445264 -0.122371
v -0.632918 0.461281 -0.125728
v -0.623598 0.433403 -0.120553
v -0.634623 0.405381 -0.121446
v -0.612188 0.431873 -0.121614
v -0.620684 0.409382 -0.123440
v -0.623139 0.402685 -0.129110
v -0.638991 0.394001 -0.125856
v -0.684180 0.443824 -0.144355
v -0.695474 0.436625 -0.141671
v -0.685391 0.434512 -0.139226
v -0.668106 0.476522 -0.151190
v -0.663912 0.472547 -0.146671
v -0.640885 0.507648 -0.148177
v -0.639316 0.506124 -0.141471
v -0.662332 0.470924 -0.140524
v -0.640514 0.507370 -0.134533
v -0.685235 0.430985 -0.133082
v -0.662983 0.472518 -0.134293
v -0.644704 0.510974 -0.128759
v -0.684169 0.433836 -0.127712
v -0.666259 0.476425 -0.129403
v -0.674093 0.480142 -0.126446
v -0.681995 0.443385 -0.125336
v -0.652036 0.516079 -0.125038
v -0.660799 0.522563 -0.123144
v -0.683864 0.485871 -0.124816
v -0.669340 0.529579 -0.123412
v -0.693009 0.493009 -0.124446
v -0.676500 0.535474 -0.125914
v -0.698850 0.499211 -0.125643
v -0.681664 0.538987 -0.130041
v -0.704074 0.500809 -0.129226
v -0.684298 0.539997 -0.135934
v -0.688112 0.580305 -0.122642
v -0.675695 0.541475 -0.125689
v -0.693676 0.579677 -0.126320
v -0.684478 0.538641 -0.135984
v -0.696730 0.580025 -0.131590
v -0.683571 0.539396 -0.142545
v -0.707098 0.501145 -0.134488
v -0.706850 0.501052 -0.140472
v -0.679363 0.536417 -0.148822
v -0.696439 0.580330 -0.137562
v -0.678626 0.541943 -0.148616
v -0.692581 0.581434 -0.142804
v -0.670172 0.546713 -0.152668
v -0.685480 0.586863 -0.146400
v -0.659223 0.552380 -0.154684
v -0.675228 0.592808 -0.148910
v -0.647852 0.557465 -0.154470
v -0.664140 0.597103 -0.149435
v -0.638695 0.561398 -0.151379
v -0.655217 0.599539 -0.147588
v -0.633104 0.564278 -0.146002
v -0.650917 0.602753 -0.143040
v -0.631168 0.565250 -0.139194
v -0.649312 0.603906 -0.136885
v -0.632717 0.563920 -0.132354
v -0.650053 0.602127 -0.130680
v -0.637853 0.560782 -0.126845
v -0.646474 0.556738 -0.123484
v -0.653478 0.598448 -0.125833
v -0.661386 0.595728 -0.122895
v -0.665224 0.642041 -0.119131
v -0.666273 0.653652 -0.120966
v -0.682674 0.692351 -0.116103
v -0.667124 0.657715 -0.126062
v -0.680027 0.683693 -0.112100
v -0.673846 0.653685 -0.113948
v -0.695859 0.708488 -0.108656
v -0.692015 0.692845 -0.107077
v -0.684018 0.654465 -0.111101
v -0.702741 0.680136 -0.112054
v -0.699101 0.670896 -0.109034
v -0.692050 0.640702 -0.112408
v -0.700226 0.630650 -0.116473
v -0.703322 0.634578 -0.120466
v -0.703412 0.631581 -0.126698
v -0.702388 0.672281 -0.119552
v -0.700350 0.621827 -0.133405
v -0.697004 0.642276 -0.131746
v -0.688375 0.655691 -0.131832
v -0.694844 0.693787 -0.118237
v -0.682196 0.684445 -0.123448
v -0.677069 0.654135 -0.134612
v -0.667590 0.653327 -0.132545
v -0.667313 0.641335 -0.138507
v -0.695504 0.620458 -0.116071
v -0.680711 0.585441 -0.121009
v -0.671306 0.591315 -0.121307
v -0.667116 0.546065 -0.122790
v -0.656850 0.551634 -0.122040
v -0.703341 0.499612 -0.145811
v -0.672321 0.530653 -0.153269
v -0.697815 0.493390 -0.149847
v -0.663105 0.523554 -0.155769
v -0.687922 0.486145 -0.152458
v -0.653363 0.516870 -0.156010
v -0.676979 0.480312 -0.153023
v -0.645514 0.511525 -0.153284
v -0.707195 0.438597 -0.139431
v -0.703320 0.414340 -0.132728
v -0.717347 0.410800 -0.128665
v -0.714523 0.451145 -0.138732
v -0.722742 0.428983 -0.128708
v -0.715698 0.467987 -0.139205
v -0.719823 0.460421 -0.133074
v -0.723872 0.422610 -0.121706
v -0.720053 0.457781 -0.127018
v -0.719468 0.428844 -0.117990
v -0.716701 0.459991 -0.122695
v -0.709694 0.450367 -0.119120
v -0.711154 0.466666 -0.121475
v -0.702928 0.437879 -0.118528
v -0.714517 0.410635 -0.117409
v -0.692332 0.435848 -0.120990
v -0.701074 0.414387 -0.121377
v -0.704414 0.408211 -0.125962
v -0.719948 0.400094 -0.120262
v -0.764392 0.451681 -0.116055
v -0.774203 0.444616 -0.108522
v -0.763842 0.442946 -0.111526
v -0.750046 0.483629 -0.129301
v -0.744562 0.479638 -0.127414
v -0.721598 0.513750 -0.137442
v -0.718259 0.512162 -0.132409
v -0.740915 0.478027 -0.123161
v -0.717556 0.513349 -0.126229
v -0.761252 0.439906 -0.107013
v -0.739201 0.479617 -0.118051
v -0.719806 0.516884 -0.120122
v -0.757917 0.442827 -0.103668
v -0.740193 0.483515 -0.113055
v -0.745757 0.487328 -0.107776
v -0.754505 0.451707 -0.102927
v -0.725155 0.521872 -0.114680
v -0.731830 0.528115 -0.109222
v -0.753362 0.491883 -0.101699
v -0.739203 0.534821 -0.105639
v -0.758942 0.500022 -0.097131
v -0.746104 0.540416 -0.103826
v -0.764385 0.505990 -0.094634
v -0.752183 0.543780 -0.104035
v -0.770507 0.507601 -0.094327
v -0.756935 0.544857 -0.107021
v -0.754655 0.582226 -0.091915
v -0.745366 0.546153 -0.103620
v -0.761104 0.581557 -0.091699
v -0.757100 0.543563 -0.107067
v -0.766172 0.582011 -0.093872
v -0.759145 0.544485 -0.112427
v -0.775550 0.508004 -0.096492
v -0.777830 0.507959 -0.101084
v -0.758180 0.541872 -0.119656
v -0.768391 0.582590 -0.098447
v -0.757502 0.547203 -0.119467
v -0.767332 0.584074 -0.104308
v -0.751691 0.552114 -0.126674
v -0.762826 0.589758 -0.110299
v -0.742178 0.557914 -0.132910
v -0.755072 0.596143 -0.117130
v -0.731356 0.563172 -0.137610
v -0.745592 0.600986 -0.123102
v -0.721327 0.567158 -0.138233
v -0.736515 0.603723 -0.125519
v -0.714288 0.569992 -0.135399
v -0.730877 0.606856 -0.123590
v -0.710608 0.570834 -0.130271
v -0.727203 0.607759 -0.119330
v -0.710248 0.569305 -0.124186
v -0.725621 0.605679 -0.114256
v -0.713405 0.565927 -0.118333
v -0.719982 0.561619 -0.113235
v -0.726839 0.601675 -0.109323
v -0.732566 0.598430 -0.104090
v -0.737148 0.644189 -0.096350
v -0.739451 0.654850 -0.096646
v -0.754785 0.690630 -0.082632
v -0.742462 0.658833 -0.099819
v -0.750219 0.682213 -0.081640
v -0.743558 0.654926 -0.087587
v -0.766046 0.706573 -0.069535
v -0.760279 0.691678 -0.070971
v -0.751496 0.655795 -0.080263
v -0.771942 0.678470 -0.070318
v -0.766774 0.670941 -0.069874
v -0.758468 0.643163 -0.077407
v -0.767721 0.633220 -0.076806
v -0.772355 0.636228 -0.078398
v -0.774400 0.633959 -0.083189
v -0.773672 0.671996 -0.076454
v -0.773288 0.625841 -0.089866
v -0.771000 0.645720 -0.089029
v -0.764321 0.659390 -0.092705
v -0.767502 0.694112 -0.077446
v -0.757032 0.684614 -0.088521
v -0.755071 0.657620 -0.100943
v -0.745289 0.655531 -0.104583
v -0.746782 0.645096 -0.109744
v -0.762016 0.624215 -0.079253
v -0.747760 0.587355 -0.094006
v -0.740057 0.593475 -0.098441
v -0.737158 0.550673 -0.105068
v -0.728179 0.556281 -0.108202
v -0.777125 0.506593 -0.107045
v -0.753681 0.536493 -0.127231
v -0.774108 0.500602 -0.113452
v -0.745795 0.529649 -0.133921
v -0.768101 0.493474 -0.120770
v -0.736514 0.523075 -0.139052
v -0.758995 0.487563 -0.126848
v -0.727727 0.517696 -0.140021
v -0.783881 0.446210 -0.100889
v -0.778791 0.423965 -0.098007
v -0.790638 0.420251 -0.088193
v -0.789223 0.458386 -0.096510
v -0.794512 0.438378 -0.085793
v -0.789267 0.474725 -0.096211
v -0.791412 0.467779 -0.089905
v -0.793484 0.432697 -0.080032
v -0.789748 0.465140 -0.085145
v -0.787731 0.437682 -0.079047
v -0.784933 0.466732 -0.083341
v -0.776853 0.457351 -0.084478
v -0.778476 0.472610 -0.085083
v -0.770999 0.446067 -0.088016
v -0.783286 0.420611 -0.081474
v -0.762591 0.444488 -0.094950
v -0.771717 0.424735 -0.090999
v -0.777035 0.418779 -0.092528
v -0.790586 0.410784 -0.081267
v -0.831678 0.462356 -0.060547
v -0.841721 0.455261 -0.052700
v -0.830934 0.455044 -0.056999
v -0.817879 0.492777 -0.075389
v -0.812329 0.488993 -0.075260
v -0.790928 0.520018 -0.091187
v -0.786056 0.518456 -0.088871
v -0.808055 0.487440 -0.072772
v -0.783411 0.519495 -0.084265
v -0.828104 0.452906 -0.053761
v -0.805537 0.488870 -0.069053
v -0.783989 0.522740 -0.077958
v -0.824446 0.456014 -0.051644
v -0.805939 0.492483 -0.064482
v -0.810826 0.496150 -0.057638
v -0.820760 0.464112 -0.051659
v -0.788407 0.527353 -0.070383
v -0.795503 0.533165 -0.062688
v -0.818896 0.498877 -0.049525
v -0.803551 0.539365 -0.056288
v -0.825652 0.506861 -0.043989
v -0.811279 0.544530 -0.052289
v -0.831388 0.513684 -0.040898
v -0.818030 0.547649 -0.051124
v -0.837488 0.515261 -0.039814
v -0.822847 0.548644 -0.052935
v -0.822862 0.582509 -0.038515
v -0.810629 0.549741 -0.052107
v -0.829267 0.581836 -0.037517
v -0.822992 0.547473 -0.052976
v -0.833770 0.582156 -0.039124
v -0.824841 0.548296 -0.057350
v -0.841957 0.515689 -0.041412
v -0.843651 0.515645 -0.045426
v -0.823735 0.545910 -0.063701
v -0.835413 0.582621 -0.043124
v -0.823138 0.550737 -0.063534
v -0.833859 0.583941 -0.048558
v -0.818020 0.555233 -0.070683
v -0.829421 0.591851 -0.053465
v -0.810090 0.560680 -0.078137
v -0.821906 0.599224 -0.059676
v -0.800752 0.565708 -0.084683
v -0.812559 0.599926 -0.067216
v -0.791727 0.569615 -0.088760
v -0.804276 0.602417 -0.071589
v -0.784356 0.572332 -0.089351
v -0.798548 0.605396 -0.071409
v -0.779178 0.573033 -0.086949
v -0.794235 0.606218 -0.068910
v -0.776854 0.571425 -0.082432
v -0.791850 0.604239 -0.065228
v -0.778263 0.568067 -0.076357
v -0.783798 0.563894 -0.069095
v -0.792490 0.600456 -0.060724
v -0.798173 0.597299 -0.054102
v -0.803611 0.638457 -0.045347
v -0.806254 0.648513 -0.044837
v -0.823153 0.684563 -0.028571
v -0.809493 0.652915 -0.046718
v -0.818678 0.676616 -0.028447
v -0.811234 0.651003 -0.035448
v -0.834839 0.700965 -0.015076
v -0.829603 0.688038 -0.016690
v -0.820557 0.655225 -0.026351
v -0.840629 0.674664 -0.015553
v -0.835988 0.668817 -0.015337
v -0.827993 0.644797 -0.022562
v -0.836756 0.635024 -0.021510
v -0.840872 0.637333 -0.022677
v -0.842375 0.635476 -0.026807
v -0.841788 0.669328 -0.020849
v -0.840869 0.628589 -0.032852
v -0.838564 0.646538 -0.032263
v -0.831817 0.658529 -0.036236
v -0.835715 0.689925 -0.022062
v -0.824869 0.679277 -0.033647
v -0.822385 0.655235 -0.044953
v -0.812413 0.650955 -0.050081
v -0.813921 0.642486 -0.054109
v -0.831376 0.627545 -0.024012
v -0.815602 0.589783 -0.040872
v -0.806840 0.595785 -0.046279
v -0.801742 0.553809 -0.055783
v -0.792261 0.558944 -0.061782
v -0.842419 0.514346 -0.050949
v -0.819779 0.541035 -0.071174
v -0.839161 0.508607 -0.056945
v -0.813301 0.534822 -0.079035
v -0.833955 0.499486 -0.063285
v -0.805356 0.528769 -0.085969
v -0.825288 0.496599 -0.070876
v -0.797466 0.523759 -0.090364
v -0.851751 0.455833 -0.044711
v -0.846595 0.436988 -0.043120
v -0.858957 0.432603 -0.032903
v -0.857302 0.466730 -0.040133
v -0.862823 0.449460 -0.030343
v -0.856889 0.481705 -0.039576
v -0.859859 0.475704 -0.033953
v -0.862245 0.444729 -0.025346
v -0.858717 0.473500 -0.029849
v -0.857164 0.448616 -0.024729
v -0.854491 0.474585 -0.028495
v -0.846894 0.465603 -0.030141
v -0.847943 0.479507 -0.030296
v -0.840395 0.455810 -0.034437
v -0.852751 0.432760 -0.027338
v -0.830218 0.456236 -0.042824
v -0.840101 0.437947 -0.037743
v -0.845335 0.432400 -0.038394
v -0.859337 0.424267 -0.026796
v -0.428759 0.806126 -0.000745
v -0.435312 0.810509 0.000261
v -0.432655 0.800729 0.003143
v -0.408572 0.814557 -0.003064
v -0.407644 0.807498 0.000583
v -0.370168 0.820507 -0.003152
v -0.367755 0.814362 0.002536
v -0.406494 0.802578 0.007006
v -0.365538 0.811290 0.010506
v -0.433698 0.796973 0.009710
v -0.404876 0.801049 0.014625
v -0.364888 0.812314 0.019694
v -0.431374 0.796172 0.016795
v -0.404292 0.803448 0.021904
v -0.408351 0.809945 0.028421
v -0.426541 0.798258 0.021957
v -0.366963 0.817700 0.029176
v -0.370590 0.826846 0.037190
v -0.413324 0.820154 0.033947
v -0.374265 0.838098 0.041366
v -0.416565 0.831619 0.036273
v -0.377122 0.848384 0.041911
v -0.417635 0.840723 0.035927
v -0.379170 0.856128 0.038489
v -0.420091 0.846358 0.031594
v -0.380054 0.860637 0.031471
v -0.361248 0.888660 0.055324
v -0.372992 0.851886 0.043333
v -0.365055 0.893192 0.050522
v -0.380996 0.859837 0.031146
v -0.365701 0.896504 0.043779
v -0.379325 0.861836 0.023388
v -0.420853 0.849538 0.024814
v -0.419295 0.850260 0.017324
v -0.378062 0.859621 0.014808
v -0.363829 0.897504 0.036395
v -0.374199 0.862905 0.016136
v -0.359521 0.896909 0.030283
v -0.365935 0.863506 0.010816
v -0.351141 0.897305 0.027309
v -0.355825 0.862939 0.007768
v -0.340910 0.896225 0.025894
v -0.345784 0.861297 0.006035
v -0.331388 0.893734 0.024658
v -0.337049 0.858323 0.006674
v -0.324152 0.889950 0.025606
v -0.330294 0.854262 0.010580
v -0.319082 0.887420 0.030574
v -0.326472 0.849267 0.016757
v -0.316799 0.883844 0.037348
v -0.326437 0.844317 0.023979
v -0.317889 0.879546 0.044083
v -0.330737 0.841150 0.031463
v -0.339231 0.841124 0.038731
v -0.322374 0.876585 0.049726
v -0.330374 0.878796 0.054983
v -0.317791 0.914885 0.065018
v -0.314015 0.926770 0.065015
v -0.314357 0.967183 0.074514
v -0.312231 0.933123 0.060122
v -0.316986 0.957423 0.078182
v -0.322852 0.930026 0.072847
v -0.322966 0.989111 0.082415
v -0.326101 0.973506 0.083609
v -0.332409 0.938944 0.076051
v -0.336289 0.974976 0.074150
v -0.338604 0.965094 0.078283
v -0.343451 0.936391 0.073624
v -0.351466 0.937139 0.066511
v -0.350515 0.942645 0.061003
v -0.349643 0.940722 0.053249
v -0.336592 0.968855 0.064562
v -0.349400 0.931405 0.045211
v -0.340626 0.943674 0.049122
v -0.330076 0.947711 0.050631
v -0.324304 0.977448 0.069393
v -0.315745 0.962786 0.064526
v -0.321410 0.940819 0.048826
v -0.313602 0.933894 0.052349
v -0.317321 0.927024 0.044002
v -0.352092 0.925307 0.067439
v -0.352585 0.885954 0.058289
v -0.341350 0.882478 0.058590
v -0.362976 0.847656 0.045254
v -0.350768 0.843606 0.044018
v -0.416781 0.848141 0.010594
v -0.377206 0.853929 0.006938
v -0.416570 0.841605 0.004808
v -0.376130 0.845696 0.000781
v -0.415031 0.831993 0.000521
v -0.374482 0.836948 -0.003842
v -0.411985 0.822534 -0.002792
v -0.372324 0.828426 -0.005471
v -0.439852 0.819525 0.002330
v -0.446978 0.803392 0.004662
v -0.453895 0.812091 0.006979
v -0.440681 0.829988 0.005715
v -0.453147 0.824113 0.009903
v -0.437717 0.838352 0.009134
v -0.443438 0.837116 0.013325
v -0.457614 0.821418 0.016333
v -0.446121 0.835655 0.019875
v -0.454144 0.821174 0.023930
v -0.444524 0.834146 0.026821
v -0.441846 0.823925 0.030669
v -0.439211 0.833024 0.031646
v -0.439972 0.812534 0.028405
v -0.454416 0.808834 0.021403
v -0.434119 0.802831 0.025482
v -0.446668 0.799591 0.018881
v -0.450646 0.799718 0.011390
v -0.458607 0.808715 0.013822
v -0.491160 0.855940 0.010016
v -0.502072 0.859193 0.010757
v -0.498741 0.850528 0.014337
v -0.460172 0.866714 0.007433
v -0.461044 0.860758 0.011993
v -0.421454 0.868462 0.018710
v -0.422176 0.864932 0.025734
v -0.462446 0.857880 0.018570
v -0.423238 0.865128 0.033624
v -0.502456 0.847914 0.020630
v -0.463313 0.858681 0.025701
v -0.425128 0.869450 0.040787
v -0.501159 0.849037 0.026970
v -0.464335 0.863130 0.031565
v -0.468573 0.871141 0.034729
v -0.494694 0.853613 0.030836
v -0.428472 0.877728 0.046081
v -0.431836 0.888708 0.048775
v -0.472571 0.882162 0.036247
v -0.434055 0.900173 0.048788
v -0.473913 0.892865 0.036334
v -0.435142 0.909860 0.046254
v -0.473759 0.901507 0.034593
v -0.435366 0.916344 0.041085
v -0.474987 0.906285 0.029647
v -0.434615 0.919036 0.034195
v -0.416818 0.950377 0.054133
v -0.430946 0.913453 0.047695
v -0.419630 0.953824 0.048641
v -0.435563 0.918224 0.033869
v -0.419405 0.955889 0.042148
v -0.432383 0.918216 0.027128
v -0.474685 0.908399 0.023182
v -0.472212 0.907872 0.016839
v -0.429633 0.913538 0.020845
v -0.416776 0.955498 0.035859
v -0.425781 0.916840 0.022168
v -0.411750 0.953409 0.031344
v -0.416176 0.914899 0.019681
v -0.402729 0.952383 0.030110
v -0.405069 0.912007 0.019753
v -0.391915 0.949789 0.030896
v -0.394619 0.908381 0.021881
v -0.382092 0.945673 0.032925
v -0.386605 0.904904 0.025935
v -0.375228 0.941452 0.036395
v -0.381852 0.902257 0.032320
v -0.371508 0.940383 0.042435
v -0.380883 0.900150 0.039928
v -0.371169 0.939383 0.049569
v -0.383811 0.898747 0.047177
v -0.374230 0.937915 0.055987
v -0.390439 0.899037 0.052710
v -0.400157 0.901899 0.055812
v -0.380093 0.937273 0.060286
v -0.388314 0.941004 0.062171
v -0.373878 0.976241 0.070234
v -0.369240 0.986534 0.069621
v -0.368535 1.027730 0.074718
v -0.366337 0.990958 0.064676
v -0.371944 1.019500 0.078538
v -0.378517 0.991845 0.074743
v -0.376825 1.049979 0.079702
v -0.380371 1.035182 0.081121
v -0.387527 1.000900 0.075309
v -0.389492 1.035012 0.071074
v -0.392278 1.025921 0.074661
v -0.398077 0.998182 0.070871
v -0.405260 0.998000 0.062829
v -0.403833 1.002769 0.057919
v -0.402537 0.999872 0.051034
v -0.389388 1.027978 0.062487
v -0.401877 0.989802 0.044144
v -0.392890 1.001568 0.048932
v -0.382069 1.004470 0.052235
v -0.377302 1.037123 0.068493
v -0.368917 1.021374 0.065917
v -0.373205 0.995448 0.052185
v -0.366339 0.988579 0.057233
v -0.369102 0.979831 0.049600
v -0.406484 0.986905 0.063995
v -0.409067 0.948476 0.058592
v -0.398743 0.945413 0.061594
v -0.422540 0.910026 0.052743
v -0.411564 0.906034 0.055740
v -0.468858 0.904363 0.011749
v -0.427370 0.905309 0.015837
v -0.467898 0.896445 0.007746
v -0.425178 0.894795 0.012847
v -0.466243 0.886046 0.005383
v -0.422979 0.884135 0.012139
v -0.463053 0.875223 0.005240
v -0.421488 0.875113 0.013949
v -0.508355 0.868494 0.011550
v -0.522356 0.850030 0.016959
v -0.533513 0.857645 0.019012
v -0.506410 0.881407 0.011595
v -0.527323 0.873003 0.017890
v -0.498161 0.893001 0.011349
v -0.507208 0.891242 0.015889
v -0.534632 0.870046 0.024411
v -0.511398 0.890150 0.021960
v -0.529882 0.871525 0.030373
v -0.509795 0.889717 0.027943
v -0.511259 0.878717 0.034015
v -0.502936 0.890328 0.031736
v -0.513232 0.865727 0.035082
v -0.536138 0.856236 0.031900
v -0.506597 0.856522 0.033723
v -0.524840 0.848633 0.029766
v -0.529260 0.846701 0.023481
v -0.544193 0.852824 0.027148
v -0.545393 0.917457 0.006441
v -0.557129 0.920973 0.008823
v -0.552723 0.911926 0.010405
v -0.513890 0.927375 0.003705
v -0.514600 0.921290 0.007548
v -0.474134 0.926818 0.016066
v -0.475382 0.923992 0.022420
v -0.515904 0.918465 0.013286
v -0.476937 0.925015 0.029307
v -0.556018 0.908946 0.016059
v -0.516620 0.919360 0.019642
v -0.478916 0.929894 0.035269
v -0.554612 0.909502 0.021835
v -0.517324 0.923799 0.024998
v -0.520749 0.931206 0.028183
v -0.548115 0.913725 0.025215
v -0.481774 0.938217 0.039261
v -0.484434 0.948662 0.041617
v -0.523622 0.940930 0.030540
v -0.486182 0.959511 0.041983
v -0.524791 0.951095 0.032075
v -0.487176 0.968821 0.040070
v -0.524893 0.959568 0.031621
v -0.487859 0.975241 0.036290
v -0.526843 0.964696 0.028017
v -0.487879 0.978342 0.030531
v -0.469374 1.007552 0.050640
v -0.483045 0.972386 0.041486
v -0.472955 1.011294 0.046474
v -0.488809 0.977537 0.030212
v -0.473829 1.014139 0.041152
v -0.486329 0.978064 0.024049
v -0.527652 0.967578 0.022719
v -0.526261 0.967936 0.016905
v -0.483804 0.973692 0.017735
v -0.472189 1.014716 0.035423
v -0.480011 0.976968 0.019034
v -0.467679 1.013321 0.030853
v -0.470292 0.974779 0.016692
v -0.458637 1.012537 0.028954
v -0.458678 0.971308 0.016710
v -0.447249 1.009869 0.028476
v -0.447564 0.966958 0.018826
v -0.436635 1.005321 0.029702
v -0.439311 0.963091 0.023343
v -0.429158 1.000756 0.032715
v -0.434706 0.960745 0.029587
v -0.425100 0.999652 0.038103
v -0.434162 0.959448 0.036558
v -0.424538 0.998794 0.044445
v -0.437504 0.958931 0.042832
v -0.427419 0.997472 0.050093
v -0.444224 0.959742 0.047167
v -0.453525 0.962536 0.048947
v -0.433083 0.996774 0.053838
v -0.441000 0.999993 0.055516
v -0.426854 1.036992 0.065086
v -0.422680 1.046274 0.064679
v -0.423690 1.086166 0.072309
v -0.420396 1.050274 0.060245
v -0.425988 1.077517 0.075252
v -0.431549 1.051467 0.070497
v -0.432601 1.107099 0.079515
v -0.434774 1.092662 0.079742
v -0.440627 1.059574 0.072376
v -0.445499 1.091588 0.072822
v -0.446841 1.082207 0.075014
v -0.451229 1.055940 0.069054
v -0.459464 1.054994 0.063501
v -0.459334 1.060387 0.059875
v -0.459067 1.058961 0.053526
v -0.446326 1.086519 0.064760
v -0.458719 1.050478 0.046212
v -0.449799 1.062402 0.050184
v -0.438514 1.065421 0.052161
v -0.433863 1.096282 0.068837
v -0.424641 1.080531 0.064182
v -0.428830 1.055836 0.050326
v -0.420921 1.047967 0.053381
v -0.423886 1.039605 0.046158
v -0.459693 1.044389 0.063153
v -0.461371 1.005877 0.053803
v -0.451080 1.003547 0.055398
v -0.474801 0.969325 0.045884
v -0.464302 0.966009 0.048519
v -0.523523 0.965017 0.011727
v -0.481337 0.965246 0.012907
v -0.522534 0.957289 0.007068
v -0.478564 0.954155 0.009894
v -0.520357 0.946700 0.003431
v -0.475670 0.942740 0.009191
v -0.516945 0.935990 0.002184
v -0.473953 0.933265 0.011465
v -0.564046 0.930508 0.011425
v -0.576945 0.911757 0.015422
v -0.588483 0.919483 0.019698
v -0.562244 0.943464 0.012883
v -0.582222 0.934582 0.020626
v -0.553768 0.954644 0.013456
v -0.562090 0.952392 0.018669
v -0.588001 0.930737 0.026873
v -0.564973 0.950318 0.024353
v -0.582216 0.931121 0.031358
v -0.562258 0.948904 0.029038
v -0.563301 0.937650 0.032415
v -0.554891 0.948945 0.031152
v -0.565746 0.924992 0.032206
v -0.588912 0.916265 0.030954
v -0.559617 0.916229 0.029327
v -0.577738 0.909055 0.026703
v -0.582754 0.907963 0.021366
v -0.597626 0.913967 0.027559
v -0.602135 0.976814 0.029427
v -0.613710 0.978898 0.036795
v -0.607730 0.970482 0.032985
v -0.570675 0.986944 0.020287
v -0.570149 0.980799 0.021518
v -0.529674 0.986629 0.021050
v -0.529337 0.982708 0.025916
v -0.569688 0.976958 0.025517
v -0.529440 0.982411 0.032206
v -0.608736 0.966231 0.037259
v -0.568422 0.976066 0.031034
v -0.530205 0.985789 0.038625
v -0.605298 0.965414 0.041202
v -0.567329 0.978303 0.036830
v -0.569565 0.983699 0.042512
v -0.597945 0.968511 0.043050
v -0.532152 0.992392 0.044415
v -0.534303 1.000770 0.050343
v -0.572962 0.990597 0.049676
v -0.536289 1.010126 0.054472
v -0.572767 0.999642 0.054591
v -0.538242 1.018560 0.056706
v -0.573568 1.007233 0.057700
v -0.540517 1.025100 0.056624
v -0.576988 1.012592 0.057801
v -0.542619 1.029431 0.053526
v -0.522228 1.051800 0.075267
v -0.534367 1.021922 0.058032
v -0.527264 1.055775 0.074813
v -0.543490 1.028675 0.053228
v -0.530156 1.059793 0.072357
v -0.543264 1.031246 0.048017
v -0.579841 1.016627 0.055360
v -0.580498 1.018657 0.050702
v -0.542595 1.029511 0.040585
v -0.530440 1.062157 0.067825
v -0.539009 1.032625 0.041811
v -0.527589 1.062994 0.062482
v -0.530472 1.032605 0.036190
v -0.519783 1.064862 0.058289
v -0.518985 1.030535 0.031986
v -0.509054 1.065497 0.053864
v -0.507202 1.027062 0.029287
v -0.498274 1.061357 0.049092
v -0.497582 1.022901 0.030254
v -0.489677 1.057231 0.048005
v -0.491489 1.019704 0.034123
v -0.484216 1.055337 0.050927
v -0.489445 1.017248 0.039575
v -0.481944 1.053042 0.055549
v -0.491370 1.015367 0.045241
v -0.483082 1.050047 0.060245
v -0.496848 1.014668 0.050047
v -0.505153 1.015775 0.053659
v -0.487323 1.047656 0.064216
v -0.494392 1.049430 0.068475
v -0.482479 1.085399 0.081360
v -0.479802 1.094574 0.082227
v -0.483317 1.130761 0.098434
v -0.479430 1.099805 0.079501
v -0.483489 1.121262 0.098637
v -0.486871 1.097413 0.090278
v -0.492476 1.149855 0.111184
v -0.492403 1.134975 0.108723
v -0.495534 1.103823 0.096665
v -0.505014 1.133761 0.107194
v -0.504334 1.124967 0.107185
v -0.506050 1.100195 0.097629
v -0.515932 1.099795 0.096598
v -0.517575 1.105247 0.095083
v -0.518724 1.105610 0.090081
v -0.507116 1.131128 0.100487
v -0.519209 1.099812 0.082871
v -0.511153 1.111970 0.085840
v -0.500425 1.116603 0.084133
v -0.495167 1.142347 0.102193
v -0.485891 1.128292 0.091711
v -0.490821 1.108493 0.076814
v -0.481623 1.099777 0.074239
v -0.485487 1.093802 0.067842
v -0.514498 1.089659 0.093674
v -0.513838 1.051428 0.075034
v -0.503749 1.052444 0.073202
v -0.525563 1.019426 0.058143
v -0.515203 1.017320 0.056882
v -0.579548 1.017840 0.044709
v -0.540984 1.023478 0.032593
v -0.579627 1.012349 0.037600
v -0.538041 1.013997 0.025465
v -0.578272 1.003994 0.029726
v -0.534300 1.003562 0.020012
v -0.574613 0.995078 0.022973
v -0.531094 0.993858 0.018782
v -0.620495 0.986215 0.044954
v -0.630562 0.968281 0.045321
v -0.641789 0.973798 0.055570
v -0.618310 0.996806 0.050275
v -0.635154 0.987478 0.058879
v -0.609393 1.005524 0.052017
v -0.616048 1.002667 0.057467
v -0.638751 0.982668 0.064126
v -0.617372 0.999582 0.062046
v -0.632059 0.981621 0.066091
v -0.613330 0.996853 0.064466
v -0.612463 0.986373 0.062990
v -0.604890 0.995700 0.063797
v -0.614149 0.975757 0.058539
v -0.637833 0.968145 0.062717
v -0.608429 0.969258 0.051007
v -0.626721 0.963015 0.052702
v -0.633589 0.963179 0.050256
v -0.648100 0.967314 0.062195
v -0.653655 1.025856 0.080551
v -0.665397 1.028056 0.088343
v -0.658315 1.020577 0.083155
v -0.623187 1.034260 0.069551
v -0.622014 1.028341 0.069167
v -0.584689 1.034942 0.061506
v -0.582667 1.030250 0.063866
v -0.620655 1.024258 0.071535
v -0.581162 1.028634 0.068754
v -0.658427 1.016833 0.086131
v -0.618657 1.022858 0.075717
v -0.580986 1.030594 0.075444
v -0.654513 1.015989 0.088777
v -0.617324 1.024581 0.081048
v -0.619985 1.029721 0.088022
v -0.647189 1.018266 0.089826
v -0.582983 1.036038 0.083304
v -0.586201 1.044147 0.091280
v -0.625806 1.036401 0.096909
v -0.589602 1.053304 0.097985
v -0.628048 1.045386 0.103190
v -0.592888 1.061772 0.102188
v -0.629437 1.053277 0.106866
v -0.596092 1.068458 0.103335
v -0.632987 1.058529 0.107685
v -0.598540 1.072660 0.101358
v -0.581721 1.097934 0.123197
v -0.589414 1.064796 0.103376
v -0.586893 1.101495 0.123374
v -0.599318 1.071981 0.101092
v -0.589611 1.104195 0.121157
v -0.599222 1.074249 0.096837
v -0.635245 1.062263 0.105683
v -0.634529 1.064362 0.101048
v -0.598491 1.072502 0.090315
v -0.589638 1.106719 0.117506
v -0.595284 1.075296 0.091411
v -0.586608 1.107477 0.112767
v -0.587523 1.075435 0.085706
v -0.579001 1.110922 0.109672
v -0.577148 1.074293 0.080109
v -0.568774 1.110251 0.104913
v -0.566207 1.071819 0.075437
v -0.558514 1.103399 0.098404
v -0.556655 1.068585 0.072936
v -0.550194 1.097820 0.094507
v -0.549704 1.065368 0.073471
v -0.544422 1.095883 0.095698
v -0.546117 1.062025 0.076367
v -0.541389 1.093237 0.098640
v -0.546351 1.058890 0.080661
v -0.541598 1.089900 0.102069
v -0.550595 1.057006 0.085839
v -0.558502 1.057318 0.091677
v -0.545186 1.087337 0.105718
v -0.552449 1.088736 0.111223
v -0.543098 1.121855 0.124520
v -0.541212 1.130756 0.126036
v -0.546929 1.168182 0.144193
v -0.541351 1.136377 0.124547
v -0.546648 1.159160 0.143644
v -0.548386 1.136007 0.134545
v -0.556443 1.187935 0.157317
v -0.556100 1.174923 0.154855
v -0.557753 1.145888 0.142838
v -0.568287 1.173163 0.153861
v -0.567404 1.166061 0.153794
v -0.568165 1.144329 0.144944
v -0.577666 1.143728 0.144432
v -0.579287 1.148221 0.143266
v -0.580101 1.148506 0.138998
v -0.569857 1.171011 0.148157
v -0.580072 1.143265 0.132547
v -0.572640 1.153996 0.135058
v -0.562355 1.157217 0.132845
v -0.558552 1.181066 0.149413
v -0.549062 1.165848 0.138386
v -0.552840 1.147761 0.124927
v -0.543637 1.137333 0.120747
v -0.547203 1.132782 0.115649
v -0.575961 1.134980 0.141605
v -0.572961 1.098222 0.122497
v -0.562348 1.095570 0.118486
v -0.579954 1.061697 0.101284
v -0.568953 1.059145 0.097179
v -0.633813 1.062905 0.095842
v -0.596959 1.067215 0.082480
v -0.634790 1.056834 0.089935
v -0.594355 1.059308 0.074227
v -0.633726 1.048490 0.082747
v -0.590825 1.050388 0.067020
v -0.627493 1.041341 0.074289
v -0.587272 1.041946 0.062466
v -0.672923 1.034264 0.097155
v -0.681045 1.019473 0.096062
v -0.692985 1.024932 0.106792
v -0.671851 1.043217 0.103020
v -0.687267 1.036939 0.110484
v -0.663975 1.051290 0.104651
v -0.670139 1.049206 0.109631
v -0.690417 1.033624 0.114733
v -0.671459 1.046741 0.113577
v -0.684624 1.032022 0.116355
v -0.667868 1.044289 0.115387
v -0.666567 1.034549 0.113292
v -0.660100 1.043025 0.114305
v -0.666855 1.025382 0.107827
v -0.689719 1.020078 0.112676
v -0.658986 1.019544 0.098683
v -0.677228 1.014880 0.101713
v -0.683894 1.015185 0.100262
v -0.698833 1.019528 0.112583
v 0.515453 0.414113 -0.112097
v 0.523237 0.412867 -0.111131
v 0.514589 0.408538 -0.106758
v 0.506976 0.433394 -0.118603
v 0.501512 0.429926 -0.113797
v 0.485868 0.463773 -0.125617
v 0.480206 0.462341 -0.119245
v 0.497530 0.428733 -0.106739
v 0.476754 0.463427 -0.111144
v 0.512984 0.406691 -0.099503
v 0.495661 0.430491 -0.099240
v 0.477191 0.466575 -0.102386
v 0.511106 0.409348 -0.092758
v 0.497280 0.434192 -0.092707
v 0.505044 0.437395 -0.087115
v 0.509393 0.415302 -0.088770
v 0.482548 0.471008 -0.093801
v 0.491494 0.476747 -0.087138
v 0.516025 0.442347 -0.083096
v 0.501739 0.483164 -0.084597
v 0.526938 0.448678 -0.082834
v 0.510629 0.488711 -0.085535
v 0.535272 0.454303 -0.085307
v 0.517134 0.492155 -0.090007
v 0.541058 0.455642 -0.090420
v 0.520542 0.493285 -0.097570
v 0.525086 0.531569 -0.081013
v 0.509798 0.494312 -0.085185
v 0.530804 0.531343 -0.086097
v 0.520730 0.491997 -0.097649
v 0.533257 0.531919 -0.093209
v 0.520531 0.492883 -0.105774
v 0.543567 0.455855 -0.097556
v 0.542601 0.455761 -0.105173
v 0.517874 0.490261 -0.113933
v 0.532264 0.532339 -0.100815
v 0.517104 0.495553 -0.113608
v 0.528408 0.533489 -0.107157
v 0.511036 0.500429 -0.119804
v 0.522168 0.538782 -0.111022
v 0.502859 0.506176 -0.123763
v 0.513595 0.544522 -0.113299
v 0.494070 0.511344 -0.126240
v 0.504658 0.548741 -0.115084
v 0.485480 0.515141 -0.126025
v 0.496696 0.550909 -0.114269
v 0.477789 0.517490 -0.122211
v 0.491322 0.553393 -0.109501
v 0.471798 0.517684 -0.115700
v 0.487457 0.553627 -0.102492
v 0.468759 0.515637 -0.107773
v 0.485699 0.551114 -0.095040
v 0.470197 0.512103 -0.099437
v 0.476877 0.508035 -0.091411
v 0.487368 0.547161 -0.088528
v 0.495066 0.544650 -0.082909
v 0.499083 0.567979 -0.084423
v 0.500638 0.574547 -0.088345
v 0.515849 0.589334 -0.091513
v 0.502364 0.577925 -0.095025
v 0.513570 0.584125 -0.084836
v 0.507665 0.570283 -0.080837
v 0.527746 0.589627 -0.089794
v 0.525449 0.584051 -0.083086
v 0.518619 0.568293 -0.079062
v 0.536153 0.580462 -0.089978
v 0.534080 0.575678 -0.083077
v 0.528024 0.562283 -0.078820
v 0.536830 0.559334 -0.084164
v 0.538584 0.561660 -0.090958
v 0.537403 0.560483 -0.097957
v 0.534633 0.577079 -0.097354
v 0.534128 0.556347 -0.103056
v 0.530046 0.564741 -0.104311
v 0.521914 0.571356 -0.105660
v 0.526507 0.585760 -0.097734
v 0.515581 0.586117 -0.099270
v 0.512369 0.573747 -0.106549
v 0.503884 0.576693 -0.102246
v 0.504769 0.571434 -0.107593
v 0.532681 0.554408 -0.080015
v 0.516786 0.535974 -0.078555
v 0.505948 0.540905 -0.078847
v 0.499454 0.498388 -0.083633
v 0.487458 0.503325 -0.085437
v 0.538756 0.454470 -0.111520
v 0.513283 0.485010 -0.120751
v 0.532570 0.448648 -0.115408
v 0.506919 0.478474 -0.125474
v 0.524011 0.441965 -0.117690
v 0.499830 0.472328 -0.128669
v 0.515031 0.436687 -0.119457
v 0.492592 0.467388 -0.129024
v 0.532910 0.416497 -0.110297
v 0.526690 0.400813 -0.103954
v 0.537838 0.402612 -0.102510
v 0.541033 0.424026 -0.108943
v 0.545927 0.412213 -0.102116
v 0.544985 0.432724 -0.107634
v 0.548368 0.428845 -0.102579
v 0.547495 0.408686 -0.094760
v 0.549548 0.427445 -0.095580
v 0.545218 0.412651 -0.087773
v 0.547677 0.429062 -0.088736
v 0.538753 0.424616 -0.083343
v 0.543342 0.433033 -0.084510
v 0.529286 0.417436 -0.083560
v 0.536586 0.403260 -0.087781
v 0.518157 0.414052 -0.085260
v 0.524455 0.401617 -0.089424
v 0.527012 0.397238 -0.096219
v 0.539115 0.398539 -0.094587
v 0.596635 0.403923 -0.107221
v 0.607288 0.396867 -0.107500
v 0.598731 0.394716 -0.101941
v 0.580810 0.436788 -0.111930
v 0.577450 0.433004 -0.106222
v 0.556780 0.467676 -0.106998
v 0.555238 0.466206 -0.099430
v 0.576725 0.431491 -0.099085
v 0.556413 0.467386 -0.091623
v 0.599930 0.391350 -0.095166
v 0.578237 0.433072 -0.092195
v 0.560887 0.470813 -0.085154
v 0.599994 0.394840 -0.089066
v 0.582367 0.436835 -0.087228
v 0.591160 0.440280 -0.085168
v 0.598411 0.404769 -0.085889
v 0.568993 0.475689 -0.081045
v 0.578802 0.481970 -0.079951
v 0.601983 0.445682 -0.085392
v 0.587975 0.488849 -0.081689
v 0.611712 0.452558 -0.087743
v 0.595050 0.494679 -0.085734
v 0.618520 0.458604 -0.091527
v 0.599299 0.498170 -0.091898
v 0.622425 0.460103 -0.097068
v 0.600280 0.499142 -0.099195
v 0.607642 0.539569 -0.086941
v 0.594241 0.500599 -0.085393
v 0.611879 0.539006 -0.092622
v 0.600462 0.497800 -0.099272
v 0.612864 0.539281 -0.099365
v 0.597837 0.498501 -0.106214
v 0.623378 0.460378 -0.103798
v 0.620963 0.460282 -0.110184
v 0.592503 0.495528 -0.111852
v 0.610420 0.539416 -0.105739
v 0.591763 0.500982 -0.111540
v 0.605088 0.540330 -0.110334
v 0.583103 0.505686 -0.114663
v 0.597472 0.545550 -0.112312
v 0.572746 0.511270 -0.115273
v 0.587517 0.551239 -0.112225
v 0.562467 0.516265 -0.113667
v 0.577368 0.555319 -0.110556
v 0.554197 0.520080 -0.109941
v 0.569466 0.557573 -0.107147
v 0.549024 0.522759 -0.103729
v 0.566636 0.565402 -0.100121
v 0.547131 0.523513 -0.096012
v 0.566301 0.569667 -0.092103
v 0.548664 0.522056 -0.088356
v 0.567893 0.567972 -0.085211
v 0.554078 0.518963 -0.082284
v 0.563455 0.515119 -0.078710
v 0.571959 0.563229 -0.080601
v 0.580942 0.562653 -0.078042
v 0.586311 0.618122 -0.072971
v 0.586976 0.631426 -0.075136
v 0.601362 0.656854 -0.079424
v 0.586390 0.634255 -0.081437
v 0.602101 0.663226 -0.069926
v 0.595820 0.628536 -0.070529
v 0.612170 0.646611 -0.083508
v 0.611840 0.646706 -0.075549
v 0.605886 0.622362 -0.072506
v 0.619304 0.624291 -0.088220
v 0.618357 0.620648 -0.081658
v 0.613141 0.601633 -0.078156
v 0.618973 0.583680 -0.088298
v 0.619348 0.582219 -0.095440
v 0.616559 0.574772 -0.103092
v 0.615894 0.612060 -0.096838
v 0.611677 0.563966 -0.108767
v 0.608521 0.585238 -0.105630
v 0.601012 0.604543 -0.101566
v 0.609021 0.636297 -0.091656
v 0.598401 0.644611 -0.088228
v 0.591500 0.614279 -0.098116
v 0.584771 0.624595 -0.090035
v 0.582893 0.608319 -0.097408
v 0.615947 0.580014 -0.083670
v 0.600592 0.544490 -0.083055
v 0.591531 0.556539 -0.078867
v 0.585746 0.505033 -0.080749
v 0.574856 0.510330 -0.078287
v 0.615964 0.458904 -0.114919
v 0.585259 0.489881 -0.115572
v 0.608690 0.452834 -0.117041
v 0.576635 0.482980 -0.116912
v 0.598854 0.445850 -0.117005
v 0.567979 0.476535 -0.115991
v 0.588740 0.440319 -0.115350
v 0.561005 0.471404 -0.112811
v 0.618502 0.398674 -0.108453
v 0.616529 0.374314 -0.100003
v 0.630495 0.370453 -0.099862
v 0.625717 0.410775 -0.110074
v 0.636043 0.388062 -0.102665
v 0.627187 0.427337 -0.111506
v 0.632975 0.419544 -0.106702
v 0.639773 0.381307 -0.095660
v 0.635597 0.416802 -0.100392
v 0.637426 0.388000 -0.089938
v 0.634338 0.419289 -0.094401
v 0.628373 0.410405 -0.087209
v 0.629751 0.426422 -0.090768
v 0.621158 0.398544 -0.084459
v 0.631982 0.370522 -0.086736
v 0.609705 0.397014 -0.084073
v 0.617903 0.374523 -0.086956
v 0.619623 0.367826 -0.092890
v 0.635759 0.359142 -0.091661
v 0.678254 0.408965 -0.115713
v 0.689797 0.401766 -0.114475
v 0.680102 0.399653 -0.110777
v 0.661446 0.441662 -0.120465
v 0.657855 0.437687 -0.115454
v 0.634823 0.472788 -0.114043
v 0.634112 0.471265 -0.107193
v 0.657063 0.436065 -0.109156
v 0.636176 0.472511 -0.100461
v 0.680722 0.396126 -0.104662
v 0.658495 0.437658 -0.103058
v 0.641060 0.476115 -0.095262
v 0.680342 0.398977 -0.099201
v 0.662362 0.441566 -0.098620
v 0.670506 0.445283 -0.096674
v 0.678485 0.408526 -0.096570
v 0.648803 0.481220 -0.092496
v 0.657735 0.487704 -0.091722
v 0.680405 0.451012 -0.096290
v 0.666174 0.494720 -0.093065
v 0.689524 0.458150 -0.097077
v 0.672961 0.500615 -0.096450
v 0.695167 0.464351 -0.099000
v 0.677564 0.504128 -0.101196
v 0.699897 0.465949 -0.103214
v 0.679433 0.505138 -0.107373
v 0.684893 0.545446 -0.094669
v 0.672192 0.506616 -0.096126
v 0.689949 0.544817 -0.099020
v 0.679605 0.503781 -0.107446
v 0.692314 0.545165 -0.104633
v 0.677879 0.504536 -0.113840
v 0.702234 0.466285 -0.108815
v 0.701232 0.466192 -0.114720
v 0.672912 0.501557 -0.119536
v 0.691272 0.545470 -0.110521
v 0.672207 0.507084 -0.119239
v 0.686783 0.546576 -0.115234
v 0.663310 0.511853 -0.122193
v 0.679286 0.552004 -0.117905
v 0.652194 0.517520 -0.122811
v 0.668799 0.557948 -0.119103
v 0.640940 0.522606 -0.121165
v 0.657733 0.562243 -0.118225
v 0.632246 0.526538 -0.116943
v 0.649115 0.564680 -0.115266
v 0.627378 0.529419 -0.110905
v 0.645423 0.567894 -0.110212
v 0.626316 0.530391 -0.103906
v 0.644607 0.569047 -0.103905
v 0.628716 0.529061 -0.097316
v 0.646124 0.567267 -0.097842
v 0.634506 0.525923 -0.092499
v 0.643481 0.521878 -0.090252
v 0.650134 0.563589 -0.093466
v 0.658349 0.560869 -0.091549
v 0.662631 0.607182 -0.088299
v 0.663440 0.618793 -0.090252
v 0.680324 0.657492 -0.087497
v 0.663641 0.622856 -0.095415
v 0.678203 0.648834 -0.083191
v 0.671838 0.618826 -0.084245
v 0.694343 0.673629 -0.081772
v 0.690729 0.657986 -0.079721
v 0.682288 0.619606 -0.082704
v 0.700741 0.645277 -0.086011
v 0.697511 0.636037 -0.082555
v 0.690090 0.605843 -0.085014
v 0.697689 0.595791 -0.090078
v 0.700256 0.599719 -0.094429
v 0.699559 0.596722 -0.100622
v 0.699445 0.637422 -0.093404
v 0.695676 0.586968 -0.106890
v 0.692566 0.607417 -0.104822
v 0.683995 0.620832 -0.103818
v 0.692127 0.658928 -0.091149
v 0.678923 0.649586 -0.094722
v 0.672428 0.619276 -0.105151
v 0.663287 0.618468 -0.101904
v 0.662260 0.606476 -0.107784
v 0.693055 0.585599 -0.089083
v 0.677757 0.550581 -0.092116
v 0.668390 0.556455 -0.091225
v 0.664046 0.511205 -0.092168
v 0.653957 0.516775 -0.090129
v 0.697078 0.464753 -0.119574
v 0.665365 0.495793 -0.123059
v 0.691087 0.458530 -0.122881
v 0.655908 0.488694 -0.124377
v 0.680944 0.451286 -0.124223
v 0.646213 0.482011 -0.123388
v 0.670017 0.445453 -0.123404
v 0.638770 0.476665 -0.119693
v 0.701706 0.403738 -0.113731
v 0.698708 0.379481 -0.106593
v 0.713135 0.375941 -0.104331
v 0.709064 0.416285 -0.113962
v 0.718482 0.394124 -0.105055
v 0.710170 0.433128 -0.114579
v 0.715036 0.425562 -0.109018
v 0.720486 0.387751 -0.098251
v 0.716028 0.422922 -0.103039
v 0.716585 0.393985 -0.094009
v 0.713247 0.425132 -0.098328
v 0.706747 0.415508 -0.093897
v 0.707899 0.431807 -0.096418
v 0.700110 0.403020 -0.092457
v 0.711748 0.375776 -0.092808
v 0.689288 0.400989 -0.093563
v 0.697911 0.379528 -0.095049
v 0.700646 0.373352 -0.100018
v 0.716775 0.365235 -0.096323
v 0.761394 0.416822 -0.097756
v 0.772078 0.409757 -0.091521
v 0.761420 0.408087 -0.093194
v 0.745493 0.448769 -0.109087
v 0.740290 0.444778 -0.106523
v 0.716245 0.478890 -0.113574
v 0.713567 0.477302 -0.108160
v 0.737209 0.443168 -0.101845
v 0.713650 0.478490 -0.101941
v 0.759420 0.405047 -0.088390
v 0.736153 0.444757 -0.096558
v 0.716652 0.482024 -0.096167
v 0.756534 0.407968 -0.084651
v 0.737767 0.448655 -0.091728
v 0.743953 0.452469 -0.087193
v 0.753243 0.416848 -0.083486
v 0.722645 0.487013 -0.091443
v 0.729955 0.493255 -0.086871
v 0.752264 0.457024 -0.082123
v 0.737721 0.499961 -0.084246
v 0.758375 0.465163 -0.078296
v 0.744796 0.505556 -0.083318
v 0.764090 0.471130 -0.076505
v 0.750800 0.508920 -0.084292
v 0.770202 0.472741 -0.076973
v 0.755137 0.509997 -0.087853
v 0.754781 0.547366 -0.072581
v 0.744090 0.511293 -0.083020
v 0.761206 0.546697 -0.073180
v 0.755295 0.508703 -0.087920
v 0.765959 0.547152 -0.075974
v 0.756648 0.509625 -0.093495
v 0.774932 0.473144 -0.079757
v 0.776614 0.473100 -0.084600
v 0.754778 0.507012 -0.100545
v 0.767583 0.547731 -0.080793
v 0.754130 0.512343 -0.100271
v 0.765793 0.549214 -0.086474
v 0.747456 0.517254 -0.106689
v 0.760567 0.554899 -0.091849
v 0.737233 0.523054 -0.111675
v 0.752014 0.561283 -0.097647
v 0.725904 0.528313 -0.114972
v 0.741856 0.566126 -0.102376
v 0.715877 0.532299 -0.114325
v 0.732547 0.568863 -0.103629
v 0.709252 0.535132 -0.110626
v 0.727197 0.571996 -0.101003
v 0.706247 0.535975 -0.105074
v 0.724090 0.572899 -0.096314
v 0.706658 0.534445 -0.098993
v 0.723161 0.570819 -0.091081
v 0.710528 0.531067 -0.093585
v 0.717695 0.526760 -0.089357
v 0.724991 0.566815 -0.086341
v 0.731333 0.563570 -0.081872
v 0.736854 0.609330 -0.074772
v 0.739101 0.619991 -0.075356
v 0.756080 0.655771 -0.063388
v 0.741688 0.623974 -0.078884
v 0.751676 0.647354 -0.061828
v 0.744318 0.620067 -0.066888
v 0.768904 0.671714 -0.051816
v 0.763001 0.656819 -0.052514
v 0.753116 0.620935 -0.060623
v 0.774653 0.643611 -0.053337
v 0.769583 0.636082 -0.052245
v 0.760393 0.608304 -0.058669
v 0.769648 0.598361 -0.059241
v 0.774044 0.601369 -0.061404
v 0.775468 0.599100 -0.066415
v 0.775596 0.637137 -0.059642
v 0.773524 0.590982 -0.072899
v 0.771359 0.610861 -0.071780
v 0.764270 0.624531 -0.074584
v 0.769350 0.659253 -0.059848
v 0.757566 0.649755 -0.069514
v 0.754054 0.622761 -0.081589
v 0.743892 0.620672 -0.083966
v 0.744722 0.610236 -0.089275
v 0.763680 0.589356 -0.060948
v 0.747677 0.552495 -0.073785
v 0.739476 0.558616 -0.077214
v 0.735764 0.515813 -0.083421
v 0.726462 0.521421 -0.085398
v 0.775163 0.471733 -0.090424
v 0.749360 0.501633 -0.107492
v 0.771361 0.465742 -0.096399
v 0.740693 0.494789 -0.113134
v 0.764480 0.458614 -0.102902
v 0.730839 0.488215 -0.117053
v 0.754679 0.452703 -0.107782
v 0.722000 0.482836 -0.116906
v 0.782641 0.411351 -0.085170
v 0.777955 0.389106 -0.081669
v 0.790945 0.385392 -0.073427
v 0.788493 0.423527 -0.081500
v 0.795091 0.403519 -0.071535
v 0.788574 0.439866 -0.081209
v 0.791497 0.432919 -0.075223
v 0.794798 0.397838 -0.065690
v 0.790447 0.430281 -0.070292
v 0.789215 0.402823 -0.063987
v 0.785898 0.431873 -0.067894
v 0.777739 0.422492 -0.068003
v 0.779273 0.437751 -0.068808
v 0.771486 0.411208 -0.070774
v 0.784500 0.385752 -0.065835
v 0.762270 0.409629 -0.076593
v 0.771822 0.389876 -0.073824
v 0.776904 0.383920 -0.076012
v 0.791767 0.375925 -0.066550
v 0.835145 0.427497 -0.051179
v 0.846097 0.420402 -0.044661
v 0.834854 0.420185 -0.047565
v 0.819584 0.457917 -0.064162
v 0.814095 0.454134 -0.063333
v 0.790855 0.485159 -0.076434
v 0.786315 0.483596 -0.073522
v 0.810169 0.452580 -0.060326
v 0.784272 0.484635 -0.068619
v 0.832455 0.418047 -0.043995
v 0.808140 0.454010 -0.056319
v 0.785641 0.487880 -0.062435
v 0.829094 0.421155 -0.041434
v 0.809115 0.457624 -0.051836
v 0.814826 0.461290 -0.045662
v 0.825435 0.429253 -0.040984
v 0.790979 0.492494 -0.055478
v 0.798989 0.498305 -0.048740
v 0.823855 0.464018 -0.038632
v 0.807779 0.504505 -0.043406
v 0.831256 0.472002 -0.033993
v 0.815951 0.509670 -0.040413
v 0.837336 0.478824 -0.031649
v 0.822794 0.512789 -0.040109
v 0.843523 0.480401 -0.031344
v 0.827345 0.513784 -0.042513
v 0.829178 0.547649 -0.028210
v 0.815329 0.514881 -0.040151
v 0.835658 0.546976 -0.028028
v 0.827484 0.512613 -0.042572
v 0.839923 0.547296 -0.030191
v 0.828766 0.513437 -0.047144
v 0.847755 0.480829 -0.033493
v 0.848929 0.480785 -0.037688
v 0.826868 0.511050 -0.053306
v 0.841048 0.547762 -0.034366
v 0.826296 0.515877 -0.053065
v 0.838821 0.549082 -0.039561
v 0.820318 0.520373 -0.059510
v 0.833799 0.556992 -0.043868
v 0.811511 0.525820 -0.065905
v 0.825561 0.564365 -0.049081
v 0.801422 0.530849 -0.071220
v 0.815337 0.565067 -0.055383
v 0.791955 0.534756 -0.074127
v 0.806569 0.567557 -0.058676
v 0.784568 0.537472 -0.073784
v 0.800910 0.570536 -0.057775
v 0.779734 0.538173 -0.070747
v 0.796946 0.571358 -0.054751
v 0.777998 0.536565 -0.065974
v 0.795044 0.569379 -0.050798
v 0.780162 0.533208 -0.060125
v 0.786569 0.529034 -0.053619
v 0.796247 0.565596 -0.046411
v 0.802721 0.562439 -0.040559
v 0.809219 0.603598 -0.032559
v 0.811906 0.613654 -0.032388
v 0.830721 0.649704 -0.018383
v 0.814881 0.618056 -0.034662
v 0.826298 0.641757 -0.017695
v 0.818030 0.616144 -0.023702
v 0.844016 0.666105 -0.006469
v 0.838618 0.653179 -0.007410
v 0.828426 0.620366 -0.015852
v 0.849700 0.639805 -0.007673
v 0.845123 0.633958 -0.006874
v 0.836280 0.609938 -0.013032
v 0.845107 0.600165 -0.013093
v 0.849042 0.602474 -0.014770
v 0.850012 0.600617 -0.019058
v 0.850181 0.634469 -0.013073
v 0.847756 0.593730 -0.024864
v 0.845543 0.611679 -0.023989
v 0.838349 0.623670 -0.027079
v 0.844004 0.655066 -0.013510
v 0.831783 0.644417 -0.023634
v 0.827893 0.620376 -0.034537
v 0.817354 0.616096 -0.038367
v 0.818341 0.607627 -0.042552
v 0.839454 0.592685 -0.014898
v 0.821679 0.554924 -0.029633
v 0.812305 0.560926 -0.033892
v 0.806049 0.518949 -0.042676
v 0.795887 0.524084 -0.047432
v 0.847010 0.479486 -0.043012
v 0.822000 0.506176 -0.060220
v 0.843023 0.473748 -0.048549
v 0.814583 0.499962 -0.067201
v 0.837059 0.464627 -0.054182
v 0.805826 0.493909 -0.073077
v 0.827504 0.461739 -0.060619
v 0.797445 0.488899 -0.076442
v 0.857055 0.420974 -0.038000
v 0.852141 0.402129 -0.035772
v 0.865693 0.397744 -0.027196
v 0.863139 0.431871 -0.034159
v 0.869851 0.414601 -0.025144
v 0.862800 0.446846 -0.033555
v 0.866456 0.440844 -0.028352
v 0.869908 0.409870 -0.020114
v 0.865840 0.438641 -0.024136
v 0.864945 0.413757 -0.018861
v 0.861818 0.439726 -0.022259
v 0.854075 0.430744 -0.022935
v 0.855095 0.444648 -0.023220
v 0.847086 0.420951 -0.026376
v 0.860238 0.397901 -0.020892
v 0.835932 0.421377 -0.033413
v 0.846376 0.403088 -0.029618
v 0.851487 0.397541 -0.030925
v 0.866840 0.389408 -0.021186
v 0.470914 0.725346 -0.032334
v 0.477351 0.728999 -0.029438
v 0.473738 0.719124 -0.028766
v 0.451959 0.735570 -0.036824
v 0.450022 0.728121 -0.034641
v 0.414601 0.744410 -0.042866
v 0.410861 0.737659 -0.038822
v 0.447437 0.722364 -0.029450
v 0.407019 0.733562 -0.032015
v 0.473329 0.714320 -0.022843
v 0.444322 0.719795 -0.022617
v 0.404672 0.733188 -0.023057
v 0.469658 0.712606 -0.016533
v 0.442468 0.721067 -0.015267
v 0.445504 0.726135 -0.007126
v 0.464029 0.714229 -0.012056
v 0.405144 0.736852 -0.012590
v 0.407593 0.744328 -0.002633
v 0.449799 0.734942 0.000841
v 0.410921 0.754473 0.003966
v 0.453066 0.745619 0.005605
v 0.414098 0.764296 0.006736
v 0.454606 0.754555 0.006990
v 0.417122 0.772298 0.005090
v 0.458105 0.760590 0.004181
v 0.419542 0.777764 -0.000795
v 0.397848 0.803093 0.023614
v 0.409940 0.767842 0.007953
v 0.402710 0.808010 0.020410
v 0.420490 0.776954 -0.001073
v 0.404788 0.812273 0.014547
v 0.420429 0.780262 -0.008559
v 0.460298 0.764720 -0.001718
v 0.460237 0.766720 -0.009138
v 0.420729 0.779516 -0.017474
v 0.404412 0.814554 0.007221
v 0.416841 0.782841 -0.016335
v 0.401330 0.815254 0.000418
v 0.409785 0.784902 -0.022887
v 0.393701 0.816756 -0.003916
v 0.400429 0.785600 -0.027766
v 0.383891 0.816703 -0.007321
v 0.390839 0.785030 -0.031540
v 0.374676 0.815179 -0.010660
v 0.382014 0.782677 -0.033002
v 0.367223 0.811864 -0.011687
v 0.374455 0.778589 -0.031121
v 0.361184 0.808990 -0.008215
v 0.369293 0.773003 -0.026664
v 0.357483 0.804589 -0.002664
v 0.367647 0.767005 -0.020502
v 0.357063 0.799221 0.003339
v 0.370283 0.762387 -0.013002
v 0.377218 0.760572 -0.004425
v 0.360242 0.795079 0.009123
v 0.367183 0.795818 0.016038
v 0.354610 0.830763 0.029534
v 0.351463 0.842759 0.030841
v 0.351866 0.881047 0.046885
v 0.350947 0.849916 0.026842
v 0.353286 0.870661 0.049279
v 0.358781 0.844061 0.040577
v 0.359817 0.900744 0.059778
v 0.361935 0.884948 0.058886
v 0.367953 0.851605 0.046908
v 0.373802 0.887084 0.051812
v 0.374820 0.876529 0.054578
v 0.379125 0.848616 0.046128
v 0.388378 0.849843 0.040812
v 0.388757 0.856197 0.036226
v 0.389295 0.855580 0.028231
v 0.375647 0.882528 0.041548
v 0.390160 0.847678 0.018835
v 0.381381 0.859828 0.023094
v 0.370938 0.864383 0.023322
v 0.363076 0.891186 0.045446
v 0.354933 0.878169 0.036720
v 0.362466 0.858548 0.018848
v 0.353813 0.851781 0.019687
v 0.358736 0.846031 0.011120
v 0.388263 0.837998 0.039841
v 0.388661 0.800635 0.024464
v 0.377427 0.798033 0.022138
v 0.399556 0.764152 0.007292
v 0.387635 0.761299 0.003205
v 0.458961 0.765876 -0.016470
v 0.421129 0.775205 -0.026210
v 0.459556 0.760359 -0.023211
v 0.420868 0.768141 -0.033751
v 0.458419 0.751682 -0.029257
v 0.419729 0.760375 -0.039997
v 0.455625 0.743119 -0.034605
v 0.417527 0.752404 -0.043395
v 0.481826 0.737204 -0.025099
v 0.487615 0.720403 -0.024254
v 0.494358 0.728072 -0.019297
v 0.482479 0.746915 -0.019914
v 0.493626 0.739513 -0.014583
v 0.479310 0.754847 -0.015734
v 0.484059 0.752534 -0.010844
v 0.496650 0.735511 -0.007994
v 0.485369 0.749867 -0.004257
v 0.491783 0.734354 -0.001302
v 0.482403 0.747421 0.001932
v 0.478565 0.736963 0.003462
v 0.476219 0.745974 0.005458
v 0.476629 0.726243 -0.000981
v 0.491958 0.722576 -0.005771
v 0.470998 0.717597 -0.006501
v 0.484413 0.714466 -0.011168
v 0.489752 0.715451 -0.017686
v 0.497511 0.723317 -0.012378
v 0.532358 0.767900 -0.002252
v 0.543066 0.770144 0.000987
v 0.538712 0.761310 0.002401
v 0.502973 0.781307 -0.008560
v 0.502678 0.774663 -0.004982
v 0.462937 0.784261 -0.004351
v 0.462137 0.779634 0.001994
v 0.502660 0.770694 0.001162
v 0.461678 0.778513 0.009865
v 0.541028 0.757468 0.008734
v 0.502183 0.770304 0.008364
v 0.462362 0.781507 0.017874
v 0.538596 0.757685 0.014831
v 0.502271 0.773691 0.014978
v 0.506194 0.780760 0.020155
v 0.531732 0.762088 0.018174
v 0.465014 0.788575 0.024998
v 0.468309 0.798707 0.030059
v 0.510338 0.791066 0.024198
v 0.471017 0.809823 0.032396
v 0.512136 0.801489 0.026321
v 0.473019 0.819673 0.031762
v 0.512721 0.810283 0.026054
v 0.474530 0.826847 0.027881
v 0.515094 0.815664 0.022285
v 0.475237 0.830631 0.021519
v 0.455436 0.859759 0.042873
v 0.468797 0.823311 0.033001
v 0.459404 0.863793 0.038638
v 0.476191 0.829808 0.021239
v 0.460522 0.866857 0.032652
v 0.474362 0.831098 0.014129
v 0.516133 0.818777 0.016320
v 0.514898 0.819439 0.009637
v 0.472650 0.827683 0.006758
v 0.459129 0.867655 0.026015
v 0.468774 0.831026 0.007896
v 0.454969 0.866691 0.020379
v 0.459743 0.830245 0.003421
v 0.446312 0.866570 0.017377
v 0.448704 0.828244 0.000995
v 0.435439 0.864729 0.015746
v 0.437883 0.825149 0.000556
v 0.425228 0.861118 0.015243
v 0.429088 0.821713 0.002450
v 0.417638 0.856951 0.016655
v 0.423084 0.818477 0.007333
v 0.412785 0.855243 0.021655
v 0.420579 0.815291 0.014176
v 0.411041 0.853172 0.028339
v 0.421999 0.812553 0.021496
v 0.412746 0.850489 0.034866
v 0.427451 0.811463 0.028107
v 0.436519 0.813046 0.033353
v 0.417642 0.848733 0.039987
v 0.425516 0.851478 0.043928
v 0.411463 0.886036 0.055036
v 0.407513 0.896625 0.055328
v 0.407768 0.936452 0.067048
v 0.405819 0.901978 0.050752
v 0.409996 0.927488 0.069987
v 0.415877 0.900339 0.062862
v 0.415981 0.956943 0.077110
v 0.418495 0.941877 0.076646
v 0.425024 0.908472 0.066561
v 0.429351 0.942571 0.068534
v 0.430973 0.932844 0.070989
v 0.436090 0.905672 0.063715
v 0.444662 0.906192 0.057192
v 0.444425 0.911764 0.052976
v 0.444336 0.910086 0.045584
v 0.430564 0.936992 0.059014
v 0.444537 0.901295 0.037099
v 0.435359 0.912829 0.042083
v 0.424254 0.916007 0.043811
v 0.417993 0.945995 0.064178
v 0.409530 0.931536 0.057523
v 0.415151 0.907816 0.040645
v 0.407134 0.900795 0.043141
v 0.410895 0.893158 0.034777
v 0.445122 0.894990 0.056683
v 0.446895 0.857790 0.045471
v 0.436057 0.855104 0.045997
v 0.459430 0.819799 0.035795
v 0.447909 0.816249 0.036042
v 0.512420 0.817036 0.003509
v 0.471006 0.820537 0.000116
v 0.511875 0.809938 -0.001872
v 0.468938 0.810819 -0.004943
v 0.510219 0.800193 -0.006205
v 0.466421 0.800601 -0.007815
v 0.506614 0.789805 -0.008737
v 0.464191 0.791550 -0.007843
v 0.549509 0.778693 0.004454
v 0.561340 0.758586 0.009136
v 0.572240 0.764903 0.014422
v 0.548195 0.791553 0.006310
v 0.567102 0.780680 0.014790
v 0.540695 0.803646 0.006523
v 0.548615 0.800506 0.012266
v 0.572883 0.776185 0.021936
v 0.551511 0.798160 0.018724
v 0.567155 0.777079 0.027102
v 0.548775 0.796925 0.024159
v 0.548535 0.785032 0.028464
v 0.541352 0.797465 0.026695
v 0.549659 0.771922 0.027677
v 0.572283 0.761301 0.027150
v 0.542984 0.763582 0.023615
v 0.561259 0.755021 0.021762
v 0.566705 0.753757 0.016148
v 0.580930 0.758061 0.023432
v 0.589082 0.824844 0.014421
v 0.600296 0.827028 0.019445
v 0.595253 0.818213 0.018663
v 0.559182 0.837471 0.007728
v 0.558859 0.830825 0.010561
v 0.517814 0.838067 0.012413
v 0.517689 0.834197 0.018323
v 0.558908 0.827048 0.015884
v 0.517945 0.834010 0.025450
v 0.597262 0.814141 0.024239
v 0.558436 0.826882 0.022322
v 0.518972 0.837732 0.032403
v 0.594805 0.813897 0.029675
v 0.558308 0.830364 0.028385
v 0.561403 0.836897 0.033334
v 0.587986 0.818031 0.032481
v 0.521398 0.845084 0.038185
v 0.524042 0.854797 0.042702
v 0.564222 0.845882 0.037768
v 0.526192 0.865288 0.045192
v 0.565549 0.855563 0.041172
v 0.527967 0.874677 0.045080
v 0.566130 0.863969 0.042171
v 0.529659 0.881537 0.042617
v 0.568971 0.869430 0.039892
v 0.530926 0.885487 0.037560
v 0.510298 0.912544 0.058593
v 0.523813 0.878287 0.046302
v 0.514780 0.916603 0.055833
v 0.531861 0.884672 0.037285
v 0.516788 0.920166 0.051311
v 0.530632 0.886344 0.030951
v 0.570912 0.873032 0.035388
v 0.570677 0.874399 0.029562
v 0.529161 0.883219 0.023642
v 0.516303 0.921755 0.045559
v 0.525346 0.886535 0.024764
v 0.512690 0.921443 0.040079
v 0.516164 0.885496 0.020367
v 0.504152 0.921665 0.036470
v 0.504611 0.882972 0.017699
v 0.492954 0.919993 0.033497
v 0.493108 0.879218 0.017007
v 0.482102 0.916143 0.032001
v 0.483972 0.875343 0.019241
v 0.473981 0.911756 0.032800
v 0.478154 0.872415 0.024065
v 0.468921 0.910141 0.037102
v 0.476225 0.870092 0.030504
v 0.467117 0.908351 0.043001
v 0.478278 0.868346 0.037102
v 0.468799 0.905946 0.048776
v 0.484075 0.867950 0.042656
v 0.492984 0.869705 0.046534
v 0.473603 0.904237 0.053313
v 0.481195 0.906534 0.056913
v 0.467220 0.942568 0.069830
v 0.463639 0.952094 0.070235
v 0.465030 0.990109 0.084502
v 0.462434 0.956901 0.066196
v 0.466316 0.980956 0.086320
v 0.471463 0.955616 0.078351
v 0.473364 1.008910 0.096609
v 0.474777 0.994491 0.094802
v 0.480382 0.962604 0.083175
v 0.486566 0.993683 0.089857
v 0.487025 0.984000 0.090652
v 0.491242 0.958725 0.081266
v 0.500334 0.958023 0.077218
v 0.501153 0.963909 0.074585
v 0.502038 0.963516 0.068145
v 0.488683 0.989885 0.081345
v 0.502701 0.956330 0.059571
v 0.493752 0.968142 0.063804
v 0.482450 0.971678 0.064183
v 0.476139 0.999826 0.084676
v 0.467254 0.985754 0.075853
v 0.472860 0.963274 0.059044
v 0.464154 0.955660 0.059252
v 0.468053 0.948323 0.051387
v 0.500131 0.947616 0.075143
v 0.501768 0.911020 0.059929
v 0.491265 0.909273 0.059219
v 0.514746 0.875223 0.048557
v 0.503793 0.872359 0.048654
v 0.568847 0.872543 0.023559
v 0.527272 0.875845 0.017101
v 0.568408 0.865737 0.017569
v 0.524613 0.865607 0.011819
v 0.566476 0.856045 0.011874
v 0.521377 0.854700 0.008699
v 0.562869 0.845956 0.008252
v 0.518816 0.845147 0.009003
v 0.607026 0.835477 0.024818
v 0.618033 0.815392 0.027883
v 0.628887 0.821441 0.035412
v 0.605583 0.848147 0.028077
v 0.623276 0.836650 0.037709
v 0.597685 0.859722 0.028972
v 0.604742 0.856048 0.035153
v 0.627566 0.831442 0.044165
v 0.606385 0.852896 0.040835
v 0.621054 0.831568 0.047528
v 0.602761 0.850983 0.044647
v 0.602612 0.839294 0.046222
v 0.595136 0.851263 0.045368
v 0.604460 0.826672 0.044339
v 0.627004 0.816484 0.045858
v 0.598592 0.818966 0.038970
v 0.616526 0.810911 0.038505
v 0.622414 0.810280 0.034059
v 0.636089 0.814077 0.043760
v 0.643085 0.875325 0.056926
v 0.653120 0.875333 0.066512
v 0.647594 0.868103 0.060325
v 0.614461 0.889157 0.044070
v 0.613423 0.882954 0.044137
v 0.574102 0.891896 0.037331
v 0.572658 0.887303 0.041328
v 0.612028 0.878584 0.047285
v 0.571542 0.886021 0.047392
v 0.647564 0.863172 0.063937
v 0.609689 0.876943 0.052252
v 0.571221 0.888287 0.054318
v 0.643401 0.862018 0.066998
v 0.607613 0.878327 0.058046
v 0.608970 0.882581 0.064862
v 0.635983 0.865348 0.067977
v 0.572331 0.893736 0.061389
v 0.573696 0.900895 0.068928
v 0.611252 0.887994 0.073577
v 0.575290 0.909311 0.074857
v 0.610542 0.896150 0.079821
v 0.577171 0.917117 0.078791
v 0.611087 0.903078 0.084252
v 0.579722 0.923394 0.080220
v 0.614670 0.908075 0.085868
v 0.582578 0.927979 0.078325
v 0.559470 0.948192 0.099451
v 0.573275 0.920520 0.079938
v 0.564680 0.951788 0.100589
v 0.583453 0.927214 0.078067
v 0.568173 0.955904 0.099407
v 0.584348 0.930577 0.073407
v 0.618123 0.912208 0.084696
v 0.619753 0.914883 0.080641
v 0.585033 0.930079 0.065793
v 0.569428 0.958917 0.095464
v 0.581429 0.933231 0.066854
v 0.567694 0.960795 0.089910
v 0.574133 0.934748 0.059857
v 0.560930 0.963891 0.084746
v 0.563578 0.934252 0.053356
v 0.551287 0.966036 0.078621
v 0.552381 0.932164 0.048024
v 0.541438 0.963537 0.071351
v 0.542569 0.928659 0.046521
v 0.533024 0.960307 0.068048
v 0.535707 0.925378 0.048630
v 0.527023 0.958409 0.069573
v 0.532545 0.922268 0.053132
v 0.523804 0.955603 0.073255
v 0.533261 0.919382 0.058656
v 0.523882 0.951834 0.077510
v 0.537679 0.917521 0.064188
v 0.545183 0.917407 0.069378
v 0.527169 0.948532 0.081725
v 0.533367 0.949068 0.087431
v 0.520900 0.983400 0.103791
v 0.518538 0.992506 0.105685
v 0.520572 1.025341 0.128095
v 0.518939 0.998112 0.103853
v 0.520258 1.015942 0.126730
v 0.524061 0.993500 0.115243
v 0.528003 1.041448 0.145312
v 0.527708 1.027184 0.140419
v 0.531632 0.998146 0.124076
v 0.540308 1.025253 0.141016
v 0.539233 1.016647 0.139410
v 0.541588 0.993611 0.126307
v 0.551455 0.992615 0.127030
v 0.553610 0.998092 0.126774
v 0.555711 0.999141 0.122195
v 0.543529 1.023544 0.134457
v 0.557295 0.994519 0.114324
v 0.549396 1.006650 0.117781
v 0.539420 1.012308 0.114961
v 0.532011 1.035249 0.135827
v 0.524266 1.023759 0.121633
v 0.531026 1.006205 0.104769
v 0.522095 0.998734 0.099146
v 0.526827 0.993550 0.092645
v 0.550135 0.983199 0.122237
v 0.551272 0.948510 0.097643
v 0.541778 0.950576 0.094211
v 0.564505 0.918725 0.078032
v 0.554492 0.917648 0.074580
v 0.619930 0.915086 0.074524
v 0.584701 0.925508 0.056745
v 0.621111 0.910782 0.066729
v 0.582737 0.917511 0.047715
v 0.620899 0.903888 0.057452
v 0.579626 0.908376 0.040003
v 0.618187 0.896443 0.048750
v 0.576266 0.899259 0.036603
v 0.658553 0.880742 0.076875
v 0.667517 0.862246 0.076045
v 0.676821 0.865213 0.088937
v 0.655887 0.890511 0.083411
v 0.670321 0.878681 0.093236
v 0.647218 0.899513 0.084946
v 0.652567 0.895336 0.090954
v 0.672619 0.872849 0.098165
v 0.652845 0.891481 0.095114
v 0.665633 0.872028 0.098681
v 0.648292 0.888729 0.096270
v 0.647235 0.878706 0.092924
v 0.640091 0.888349 0.093899
v 0.649245 0.868816 0.087136
v 0.671311 0.858838 0.094198
v 0.644775 0.864032 0.077712
v 0.662093 0.856207 0.081620
v 0.669302 0.856219 0.080521
v 0.681438 0.857307 0.095412
v 0.686103 0.911664 0.124024
v 0.696228 0.911708 0.134069
v 0.689928 0.905699 0.126505
v 0.658728 0.924010 0.109255
v 0.657375 0.918331 0.107678
v 0.622555 0.928911 0.094601
v 0.619902 0.924078 0.095734
v 0.655399 0.914047 0.109042
v 0.617415 0.921842 0.099928
v 0.689294 0.901540 0.128781
v 0.652575 0.912170 0.112498
v 0.616054 0.922741 0.106707
v 0.684911 0.900599 0.130495
v 0.650329 0.913138 0.117711
v 0.651843 0.916906 0.125814
v 0.677635 0.903242 0.130567
v 0.616763 0.926722 0.115599
v 0.618770 0.933215 0.125271
v 0.656162 0.921649 0.136600
v 0.621249 0.940924 0.133920
v 0.657578 0.929344 0.144600
v 0.624062 0.948353 0.140008
v 0.658604 0.936434 0.149736
v 0.627295 0.954510 0.142821
v 0.662173 0.941204 0.152054
v 0.630270 0.958767 0.142053
v 0.610781 0.981549 0.164409
v 0.620570 0.951414 0.141037
v 0.615984 0.984629 0.166115
v 0.631052 0.958080 0.141823
v 0.619199 0.987423 0.164911
v 0.631877 0.960984 0.138062
v 0.664944 0.945018 0.151148
v 0.665227 0.947864 0.146879
v 0.632327 0.960338 0.131316
v 0.620042 0.990476 0.161801
v 0.629103 0.963166 0.132266
v 0.618012 0.992196 0.156787
v 0.622592 0.964792 0.125356
v 0.611307 0.996658 0.152987
v 0.613437 0.965343 0.117862
v 0.602159 0.997530 0.146412
v 0.603489 0.964481 0.110938
v 0.593026 0.992591 0.137097
v 0.594451 0.962424 0.106242
v 0.585354 0.988348 0.130878
v 0.587385 0.959710 0.104962
v 0.579377 0.986701 0.130661
v 0.583157 0.956243 0.106558
v 0.575717 0.983871 0.132520
v 0.582420 0.952468 0.110236
v 0.575110 0.980033 0.135321
v 0.585502 0.949478 0.115707
v 0.592152 0.948263 0.122848
v 0.577810 0.976663 0.139077
v 0.583944 0.976621 0.145961
v 0.573777 1.007884 0.162708
v 0.572052 1.016558 0.165328
v 0.575930 1.050139 0.190235
v 0.572736 1.022314 0.164853
v 0.575338 1.041362 0.188139
v 0.577704 1.019847 0.175753
v 0.583668 1.066808 0.207987
v 0.583196 1.054405 0.203358
v 0.585762 1.027560 0.187143
v 0.595253 1.051885 0.204306
v 0.594069 1.044971 0.202891
v 0.595494 1.024892 0.190808
v 0.604879 1.023645 0.191932
v 0.606901 1.028127 0.191849
v 0.608529 1.029011 0.187908
v 0.597783 1.050534 0.198702
v 0.609490 1.024858 0.180773
v 0.602224 1.035607 0.183660
v 0.592713 1.039919 0.180192
v 0.586927 1.061114 0.199559
v 0.579024 1.048582 0.184602
v 0.584458 1.032578 0.169211
v 0.575749 1.023672 0.161744
v 0.580008 1.019710 0.156687
v 0.603340 1.015603 0.187417
v 0.602339 0.982619 0.162193
v 0.592578 0.981453 0.155939
v 0.611551 0.949419 0.136778
v 0.601431 0.948397 0.130379
v 0.665452 0.947296 0.141460
v 0.632077 0.956472 0.122560
v 0.667257 0.942163 0.134895
v 0.630734 0.950174 0.112765
v 0.667200 0.935150 0.126338
v 0.628236 0.942787 0.103645
v 0.662374 0.929911 0.115813
v 0.625230 0.935459 0.097173
v 0.702210 0.915865 0.145013
v 0.709691 0.900843 0.142945
v 0.719600 0.903622 0.156420
v 0.700455 0.923849 0.152003
v 0.713848 0.915312 0.160976
v 0.692797 0.932153 0.153512
v 0.697791 0.928848 0.159105
v 0.715969 0.911141 0.165108
v 0.698215 0.925704 0.162754
v 0.709904 0.909759 0.165362
v 0.694234 0.923284 0.163446
v 0.692904 0.914120 0.159548
v 0.686765 0.922809 0.160779
v 0.693805 0.905923 0.152766
v 0.715046 0.898177 0.160717
v 0.687567 0.902208 0.141501
v 0.704654 0.895733 0.146959
v 0.711481 0.895745 0.146812
v 0.723973 0.896946 0.162185
vt 0.625000 0.312500
vt 0.562500 0.250000
vt 0.625000 0.250000
vt 0.875000 0.562500
vt 0.812500 0.500000
vt 0.875000 0.500000
vt 0.562500 0.187500
vt 0.625000 0.187500
vt 0.500000 0.187500
vt 0.500000 0.125000
vt 0.562500 0.125000
vt 0.500000 0.062500
vt 0.625000 0.125000
vt 0.562500 0.062500
vt 0.500000 0.000000
vt 0.625000 0.062500
vt 0.562500 0.000000
vt 0.562500 1.000000
vt 0.500000 0.937500
vt 0.562500 0.937500
vt 0.625000 1.000000
vt 0.625000 0.000000
vt 0.500000 1.000000
vt 0.500000 0.875000
vt 0.562500 0.875000
vt 0.500000 0.812500
vt 0.562500 0.812500
vt 0.500000 0.750000
vt 0.562500 0.750000
vt 0.500000 0.687500
vt 0.562500 0.687500
vt 0.500000 0.625000
vt 0.562500 0.625000
vt 0.500000 0.562500
vt 0.562500 0.562500
vt 0.500000 0.500000
vt 0.562500 0.500000
vt 0.500000 0.437500
vt 0.562500 0.437500
vt 0.500000 0.375000
vt 0.562500 0.375000
vt 0.500000 0.312500
vt 0.562500 0.312500
vt 0.500000 0.250000
vt 0.875000 0.687500
vt 0.812500 0.625000
vt 0.812500 0.687500
vt 0.875000 0.625000
vt 0.875000 0.750000
vt 0.750000 0.625000
vt 0.812500 0.750000
vt 0.750000 0.687500
vt 0.750000 0.750000
vt 0.687500 0.625000
vt 0.687500 0.687500
vt 0.687500 0.750000
vt 0.625000 0.625000
vt 0.625000 0.687500
vt 0.625000 0.562500
vt 0.687500 0.562500
vt 0.625000 0.500000
vt 0.625000 0.437500
vt 0.687500 0.500000
vt 0.625000 0.375000
vt 0.750000 0.500000
vt 0.750000 0.562500
vt 0.812500 0.562500
vt 0.625000 0.750000
vt 0.625000 0.812500
vt 0.625000 0.875000
vt 0.625000 0.937500
s 1
f 2/1 1/3 4/2
f 3/4 1/6 2/5
f 1/3 3/8 5/7
f 4/2 1/3 5/7
f 6/9 5/7 7/10
f 4/2 5/7 6/9
f 5/7 8/11 7/10
f 5/7 3/8 8/11
f 7/10 8/11 9/12
f 3/8 10/13 8/11
f 8/11 11/14 9/12
f 8/11 10/13 11/14
f 9/12 11/14 12/15
f 10/13 13/16 11/14
f 11/14 14/17 12/15
f 11/14 13/16 14/17
f 14/18 15/20 17/19
f 14/18 16/21 15/20
f 13/16 16/22 14/17
f 12/23 14/18 17/19
f 17/19 15/20 18/24
f 15/20 19/25 18/24
f 18/24 19/25 20/26
f 19/25 21/27 20/26
f 20/26 21/27 22/28
f 21/27 23/29 22/28
f 22/28 23/29 24/30
f 23/29 25/31 24/30
f 24/30 25/31 26/32
f 29/31 27/29 24/30
f 27/29 28/28 24/30
f 29/31 24/30 30/32
f 31/33 29/31 30/32
f 31/33 30/32 32/34
f 26/32 33/33 32/34
f 33/33 34/35 32/34
f 32/34 34/35 35/36
f 36/35 31/33 32/34
f 36/35 32/34 37/36
f 38/37 36/35 37/36
f 38/37 37/36 39/38
f 40/39 38/37 39/38
f 40/39 39/38 41/40
f 42/41 40/39 41/40
f 42/41 41/40 43/42
f 44/43 42/41 43/42
f 44/43 43/42 45/44
f 46/2 44/43 45/44
f 46/2 45/44 47/9
f 48/7 46/2 47/9
f 48/7 47/9 49/10
f 50/11 48/7 49/10
f 50/11 49/10 51/12
f 52/14 50/11 51/12
f 52/14 51/12 53/15
f 55/18 53/23 54/19
f 55/17 52/14 53/15
f 56/20 55/18 54/19
f 57/21 55/18 56/20
f 57/22 58/16 55/17
f 58/16 52/14 55/17
f 58/45 61/47 59/46
f 60/48 58/45 59/46
f 58/16 60/13 52/14
f 58/45 57/49 61/47
f 59/46 61/47 63/50
f 57/49 62/51 61/47
f 61/47 62/51 64/52
f 61/47 64/52 63/50
f 62/51 65/53 64/52
f 63/50 64/52 66/54
f 64/52 65/53 67/55
f 64/52 67/55 66/54
f 65/53 68/56 67/55
f 66/54 67/55 70/57
f 67/55 68/56 69/58
f 67/55 69/58 70/57
f 66/54 70/57 71/59
f 71/59 70/57 36/35
f 70/57 69/58 31/33
f 70/57 31/33 36/35
f 72/60 71/59 73/61
f 72/60 66/54 71/59
f 73/61 71/59 38/37
f 71/59 36/35 38/37
f 74/62 73/61 40/39
f 74/63 72/60 73/61
f 73/61 38/37 40/39
f 75/64 74/62 42/41
f 75/65 76/66 74/63
f 76/66 72/60 74/63
f 74/62 40/39 42/41
f 77/67 76/66 75/65
f 77/67 59/46 76/66
f 59/46 63/50 76/66
f 76/66 63/50 72/60
f 78/5 77/67 75/65
f 79/4 77/67 78/5
f 79/4 60/48 77/67
f 60/48 59/46 77/67
f 80/6 79/4 78/5
f 79/8 80/3 48/7
f 60/13 79/8 50/11
f 79/8 48/7 50/11
f 80/3 78/1 46/2
f 80/3 46/2 48/7
f 78/1 75/64 44/43
f 78/1 44/43 46/2
f 75/64 42/41 44/43
f 63/50 66/54 72/60
f 68/56 81/68 69/58
f 69/58 81/68 29/31
f 69/58 29/31 31/33
f 81/68 68/69 27/29
f 81/68 27/29 29/31
f 68/69 65/70 82/27
f 68/69 82/27 27/29
f 27/29 82/27 28/28
f 65/70 83/25 82/27
f 82/27 83/25 84/26
f 82/27 84/26 28/28
f 83/25 85/24 84/26
f 83/25 56/20 85/24
f 56/20 54/19 85/24
f 65/70 62/71 83/25
f 62/71 56/20 83/25
f 62/71 57/21 56/20
f 60/13 50/11 52/14
f 34/35 86/37 35/36
f 35/36 86/37 87/38
f 86/37 88/39 87/38
f 87/38 88/39 89/40
f 88/39 90/41 89/40
f 89/40 90/41 91/42
f 90/41 92/43 91/42
f 91/42 92/43 93/44
f 92/43 4/2 93/44
f 93/44 4/2 6/9
f 90/41 94/64 92/43
f 94/64 2/1 92/43
f 92/43 2/1 4/2
f 96/66 95/67 94/65
f 95/67 2/5 94/65
f 96/66 94/65 97/63
f 97/62 94/64 90/41
f 98/60 96/66 97/63
f 98/60 97/63 99/61
f 99/61 97/62 88/39
f 88/39 97/62 90/41
f 100/59 98/60 99/61
f 100/59 99/61 86/37
f 86/37 99/61 88/39
f 102/57 101/54 100/59
f 101/54 98/60 100/59
f 102/57 100/59 34/35
f 34/35 100/59 86/37
f 104/58 103/55 102/57
f 103/55 101/54 102/57
f 104/58 102/57 33/33
f 33/33 102/57 34/35
f 106/68 105/56 104/58
f 105/56 103/55 104/58
f 106/68 104/58 25/31
f 25/31 104/58 33/33
f 105/69 106/68 23/29
f 23/29 106/68 25/31
f 105/56 107/53 103/55
f 107/70 105/69 21/27
f 21/27 105/69 23/29
f 107/53 108/52 103/55
f 107/53 109/51 108/52
f 109/71 107/70 19/25
f 19/25 107/70 21/27
f 109/51 110/47 108/52
f 109/51 16/49 110/47
f 16/21 109/71 15/20
f 15/20 109/71 19/25
f 110/47 111/46 112/50
f 110/47 13/45 111/46
f 16/49 13/45 110/47
f 108/52 110/47 112/50
f 112/50 96/66 98/60
f 112/50 111/46 96/66
f 101/54 112/50 98/60
f 108/52 112/50 101/54
f 111/46 95/67 96/66
f 111/46 10/48 95/67
f 13/45 10/48 111/46
f 103/55 108/52 101/54
f 95/67 3/4 2/5
f 10/48 3/4 95/67
f 25/31 33/33 26/32
f 114/1 113/3 116/2
f 115/4 113/6 114/5
f 113/3 115/8 117/7
f 116/2 113/3 117/7
f 118/9 117/7 119/10
f 116/2 117/7 118/9
f 117/7 120/11 119/10
f 117/7 115/8 120/11
f 119/10 120/11 121/12
f 115/8 122/13 120/11
f 120/11 123/14 121/12
f 120/11 122/13 123/14
f 121/12 123/14 124/15
f 122/13 125/16 123/14
f 123/14 126/17 124/15
f 123/14 125/16 126/17
f 126/18 127/20 129/19
f 126/18 128/21 127/20
f 125/16 128/22 126/17
f 124/23 126/18 129/19
f 129/19 127/20 130/24
f 127/20 131/25 130/24
f 130/24 131/25 132/26
f 131/25 133/27 132/26
f 132/26 133/27 134/28
f 133/27 135/29 134/28
f 134/28 135/29 136/30
f 135/29 137/31 136/30
f 136/30 137/31 138/32
f 141/31 139/29 136/30
f 139/29 140/28 136/30
f 141/31 136/30 142/32
f 143/33 141/31 142/32
f 143/33 142/32 144/34
f 138/32 145/33 144/34
f 145/33 146/35 144/34
f 144/34 146/35 147/36
f 148/35 143/33 144/34
f 148/35 144/34 149/36
f 150/37 148/35 149/36
f 150/37 149/36 151/38
f 152/39 150/37 151/38
f 152/39 151/38 153/40
f 154/41 152/39 153/40
f 154/41 153/40 155/42
f 156/43 154/41 155/42
f 156/43 155/42 157/44
f 158/2 156/43 157/44
f 158/2 157/44 159/9
f 160/7 158/2 159/9
f 160/7 159/9 161/10
f 162/11 160/7 161/10
f 162/11 161/10 163/12
f 164/14 162/11 163/12
f 164/14 163/12 165/15
f 167/18 165/23 166/19
f 167/17 164/14 165/15
f 168/20 167/18 166/19
f 169/21 167/18 168/20
f 169/22 170/16 167/17
f 170/16 164/14 167/17
f 170/45 173/47 171/46
f 172/48 170/45 171/46
f 170/16 172/13 164/14
f 170/45 169/49 173/47
f 171/46 173/47 175/50
f 169/49 174/51 173/47
f 173/47 174/51 176/52
f 173/47 176/52 175/50
f 174/51 177/53 176/52
f 175/50 176/52 178/54
f 176/52 177/53 179/55
f 176/52 179/55 178/54
f 177/53 180/56 179/55
f 178/54 179/55 182/57
f 179/55 180/56 181/58
f 179/55 181/58 182/57
f 178/54 182/57 183/59
f 183/59 182/57 148/35
f 182/57 181/58 143/33
f 182/57 143/33 148/35
f 184/60 183/59 185/61
f 184/60 178/54 183/59
f 185/61 183/59 150/37
f 183/59 148/35 150/37
f 186/62 185/61 152/39
f 186/63 184/60 185/61
f 185/61 150/37 152/39
f 187/64 186/62 154/41
f 187/65 188/66 186/63
f 188/66 184/60 186/63
f 186/62 152/39 154/41
f 189/67 188/66 187/65
f 189/67 171/46 188/66
f 171/46 175/50 188/66
f 188/66 175/50 184/60
f 190/5 189/67 187/65
f 191/4 189/67 190/5
f 191/4 172/48 189/67
f 172/48 171/46 189/67
f 192/6 191/4 190/5
f 191/8 192/3 160/7
f 172/13 191/8 162/11
f 191/8 160/7 162/11
f 192/3 190/1 158/2
f 192/3 158/2 160/7
f 190/1 187/64 156/43
f 190/1 156/43 158/2
f 187/64 154/41 156/43
f 175/50 178/54 184/60
f 180/56 193/68 181/58
f 181/58 193/68 141/31
f 181/58 141/31 143/33
f 193/68 180/69 139/29
f 193/68 139/29 141/31
f 180/69 177/70 194/27
f 180/69 194/27 139/29
f 139/29 194/27 140/28
f 177/70 195/25 194/27
f 194/27 195/25 196/26
f 194/27 196/26 140/28
f 195/25 197/24 196/26
f 195/25 168/20 197/24
f 168/20 166/19 197/24
f 177/70 174/71 195/25
f 174/71 168/20 195/25
f 174/71 169/21 168/20
f 172/13 162/11 164/14
f 146/35 198/37 147/36
f 147/36 198/37 199/38
f 198/37 200/39 199/38
f 199/38 200/39 201/40
f 200/39 202/41 201/40
f 201/40 202/41 203/42
f 202/41 204/43 203/42
f 203/42 204/43 205/44
f 204/43 116/2 205/44
f 205/44 116/2 118/9
f 202/41 206/64 204/43
f 206/64 114/1 204/43
f 204/43 114/1 116/2
f 208/66 207/67 206/65
f 207/67 114/5 206/65
f 208/66 206/65 209/63
f 209/62 206/64 202/41
f 210/60 208/66 209/63
f 210/60 209/63 211/61
f 211/61 209/62 200/39
f 200/39 209/62 202/41
f 212/59 210/60 211/61
f 212/59 211/61 198/37
f 198/37 211/61 200/39
f 214/57 213/54 212/59
f 213/54 210/60 212/59
f 214/57 212/59 146/35
f 146/35 212/59 198/37
f 216/58 215/55 214/57
f 215/55 213/54 214/57
f 216/58 214/57 145/33
f 145/33 214/57 146/35
f 218/68 217/56 216/58
f 217/56 215/55 216/58
f 218/68 216/58 137/31
f 137/31 216/58 145/33
f 217/69 218/68 135/29
f 135/29 218/68 137/31
f 217/56 219/53 215/55
f 219/70 217/69 133/27
f 133/27 217/69 135/29
f 219/53 220/52 215/55
f 219/53 221/51 220/52
f 221/71 219/70 131/25
f 131/25 219/70 133/27
f 221/51 222/47 220/52
f 221/51 128/49 222/47
f 128/21 221/71 127/20
f 127/20 221/71 131/25
f 222/47 223/46 224/50
f 222/47 125/45 223/46
f 128/49 125/45 222/47
f 220/52 222/47 224/50
f 224/50 208/66 210/60
f 224/50 223/46 208/66
f 213/54 224/50 210/60
f 220/52 224/50 213/54
f 223/46 207/67 208/66
f 223/46 122/48 207/67
f 125/45 122/48 223/46
f 215/55 220/52 213/54
f 207/67 115/4 114/5
f 122/48 115/4 207/67
f 137/31 145/33 138/32
f 226/1 225/3 228/2
f 227/4 225/6 226/5
f 225/3 227/8 229/7
f 228/2 225/3 229/7
f 230/9 229/7 231/10
f 228/2 229/7 230/9
f 229/7 232/11 231/10
f 229/7 227/8 232/11
f 231/10 232/11 233/12
f 227/8 234/13 232/11
f 232/11 235/14 233/12
f 232/11 234/13 235/14
f 233/12 235/14 236/15
f 234/13 237/16 235/14
f 235/14 238/17 236/15
f 235/14 237/16 238/17
f 238/18 239/20 241/19
f 238/18 240/21 239/20
f 237/16 240/22 238/17
f 236/23 238/18 241/19
f 241/19 239/20 242/24
f 239/20 243/25 242/24
f 242/24 243/25 244/26
f 243/25 245/27 244/26
f 244/26 245/27 246/28
f 245/27 247/29 246/28
f 246/28 247/29 248/30
f 247/29 249/31 248/30
f 248/30 249/31 250/32
f 253/31 251/29 248/30
f 251/29 252/28 248/30
f 253/31 248/30 254/32
f 255/33 253/31 254/32
f 255/33 254/32 256/34
f 250/32 257/33 256/34
f 257/33 258/35 256/34
f 256/34 258/35 259/36
f 260/35 255/33 256/34
f 260/35 256/34 261/36
f 262/37 260/35 261/36
f 262/37 261/36 263/38
f 264/39 262/37 263/38
f 264/39 263/38 265/40
f 266/41 264/39 265/40
f 266/41 265/40 267/42
f 268/43 266/41 267/42
f 268/43 267/42 269/44
f 270/2 268/43 269/44
f 270/2 269/44 271/9
f 272/7 270/2 271/9
f 272/7 271/9 273/10
f 274/11 272/7 273/10
f 274/11 273/10 275/12
f 276/14 274/11 275/12
f 276/14 275/12 277/15
f 279/18 277/23 278/19
f 279/17 276/14 277/15
f 280/20 279/18 278/19
f 281/21 279/18 280/20
f 281/22 282/16 279/17
f 282/16 276/14 279/17
f 282/45 285/47 283/46
f 284/48 282/45 283/46
f 282/16 284/13 276/14
f 282/45 281/49 285/47
f 283/46 285/47 287/50
f 281/49 286/51 285/47
f 285/47 286/51 288/52
f 285/47 288/52 287/50
f 286/51 289/53 288/52
f 287/50 288/52 290/54
f 288/52 289/53 291/55
f 288/52 291/55 290/54
f 289/53 292/56 291/55
f 290/54 291/55 294/57
f 291/55 292/56 293/58
f 291/55 293/58 294/57
f 290/54 294/57 295/59
f 295/59 294/57 260/35
f 294/57 293/58 255/33
f 294/57 255/33 260/35
f 296/60 295/59 297/61
f 296/60 290/54 295/59
f 297/61 295/59 262/37
f 295/59 260/35 262/37
f 298/62 297/61 264/39
f 298/63 296/60 297/61
f 297/61 262/37 264/39
f 299/64 298/62 266/41
f 299/65 300/66 298/63
f 300/66 296/60 298/63
f 298/62 264/39 266/41
f 301/67 300/66 299/65
f 301/67 283/46 300/66
f 283/46 287/50 300/66
f 300/66 287/50 296/60
f 302/5 301/67 299/65
f 303/4 301/67 302/5
f 303/4 284/48 301/67
f 284/48 283/46 301/67
f 304/6 303/4 302/5
f 303/8 304/3 272/7
f 284/13 303/8 274/11
f 303/8 272/7 274/11
f 304/3 302/1 270/2
f 304/3 270/2 272/7
f 302/1 299/64 268/43
f 302/1 268/43 270/2
f 299/64 266/41 268/43
f 287/50 290/54 296/60
f 292/56 305/68 293/58
f 293/58 305/68 253/31
f 293/58 253/31 255/33
f 305/68 292/69 251/29
f 305/68 251/29 253/31
f 292/69 289/70 306/27
f 292/69 306/27 251/29
f 251/29 306/27 252/28
f 289/70 307/25 306/27
f 306/27 307/25 308/26
f 306/27 308/26 252/28
f 307/25 309/24 308/26
f 307/25 280/20 309/24
f 280/20 278/19 309/24
f 289/70 286/71 307/25
f 286/71 280/20 307/25
f 286/71 281/21 280/20
f 284/13 274/11 276/14
f 258/35 310/37 259/36
f 259/36 310/37 311/38
f 310/37 312/39 311/38
f 311/38 312/39 313/40
f 312/39 314/41 313/40
f 313/40 314/41 315/42
f 314/41 316/43 315/42
f 315/42 316/43 317/44
f 316/43 228/2 317/44
f 317/44 228/2 230/9
f 314/41 318/64 316/43
f 318/64 226/1 316/43
f 316/43 226/1 228/2
f 320/66 319/67 318/65
f 319/67 226/5 318/65
f 320/66 318/65 321/63
f 321/62 318/64 314/41
f 322/60 320/66 321/63
f 322/60 321/63 323/61
f 323/61 321/62 312/39
f 312/39 321/62 314/41
f 324/59 322/60 323/61
f 324/59 323/61 310/37
f 310/37 323/61 312/39
f 326/57 325/54 324/59
f 325/54 322/60 324/59
f 326/57 324/59 258/35
f 258/35 324/59 310/37
f 328/58 327/55 326/57
f 327/55 325/54 326/57
f 328/58 326/57 257/33
f 257/33 326/57 258/35
f 330/68 329/56 328/58
f 329/56 327/55 328/58
f 330/68 328/58 249/31
f 249/31 328/58 257/33
f 329/69 330/68 247/29
f 247/29 330/68 249/31
f 329/56 331/53 327/55
f 331/70 329/69 245/27
f 245/27 329/69 247/29
f 331/53 332/52 327/55
f 331/53 333/51 332/52
f 333/71 331/70 243/25
f 243/25 331/70 245/27
f 333/51 334/47 332/52
f 333/51 240/49 334/47
f 240/21 333/71 239/20
f 239/20 333/71 243/25
f 334/47 335/46 336/50
f 334/47 237/45 335/46
f 240/49 237/45 334/47
f 332/52 334/47 336/50
f 336/50 320/66 322/60
f 336/50 335/46 320/66
f 325/54 336/50 322/60
f 332/52 336/50 325/54
f 335/46 319/67 320/66
f 335/46 234/48 319/67
f 237/45 234/48 335/46
f 327/55 332/52 325/54
f 319/67 227/4 226/5
f 234/48 227/4 319/67
f 249/31 257/33 250/32
f 338/1 337/3 340/2
f 339/4 337/6 338/5
f 337/3 339/8 341/7
f 340/2 337/3 341/7
f 342/9 341/7 343/10
f 340/2 341/7 342/9
f 341/7 344/11 343/10
f 341/7 339/8 344/11
f 343/10 344/11 345/12
f 339/8 346/13 344/11
f 344/11 347/14 345/12
f 344/11 346/13 347/14
f 345/12 347/14 348/15
f 346/13 349/16 347/14
f 347/14 350/17 348/15
f 347/14 349/16 350/17
f 350/18 351/20 353/19
f 350/18 352/21 351/20
f 349/16 352/22 350/17
f 348/23 350/18 353/19
f 353/19 351/20 354/24
f 351/20 355/25 354/24
f 354/24 355/25 356/26
f 355/25 357/27 356/26
f 356/26 357/27 358/28
f 357/27 359/29 358/28
f 358/28 359/29 360/30
f 359/29 361/31 360/30
f 360/30 361/31 362/32
f 365/31 363/29 360/30
f 363/29 364/28 360/30
f 365/31 360/30 366/32
f 367/33 365/31 366/32
f 367/33 366/32 368/34
f 362/32 369/33 368/34
f 369/33 370/35 368/34
f 368/34 370/35 371/36
f 372/35 367/33 368/34
f 372/35 368/34 373/36
f 374/37 372/35 373/36
f 374/37 373/36 375/38
f 376/39 374/37 375/38
f 376/39 375/38 377/40
f 378/41 376/39 377/40
f 378/41 377/40 379/42
f 380/43 378/41 379/42
f 380/43 379/42 381/44
f 382/2 380/43 381/44
f 382/2 381/44 383/9
f 384/7 382/2 383/9
f 384/7 383/9 385/10
f 386/11 384/7 385/10
f 386/11 385/10 387/12
f 388/14 386/11 387/12
f 388/14 387/12 389/15
f 391/18 389/23 390/19
f 391/17 388/14 389/15
f 392/20 391/18 390/19
f 393/21 391/18 392/20
f 393/22 394/16 391/17
f 394/16 388/14 391/17
f 394/45 397/47 395/46
f 396/48 394/45 395/46
f 394/16 396/13 388/14
f 394/45 393/49 397/47
f 395/46 397/47 399/50
f 393/49 398/51 397/47
f 397/47 398/51 400/52
f 397/47 400/52 399/50
f 398/51 401/53 400/52
f 399/50 400/52 402/54
f 400/52 401/53 403/55
f 400/52 403/55 402/54
f 401/53 404/56 403/55
f 402/54 403/55 406/57
f 403/55 404/56 405/58
f 403/55 405/58 406/57
f 402/54 406/57 407/59
f 407/59 406/57 372/35
f 406/57 405/58 367/33
f 406/57 367/33 372/35
f 408/60 407/59 409/61
f 408/60 402/54 407/59
f 409/61 407/59 374/37
f 407/59 372/35 374/37
f 410/62 409/61 376/39
f 410/63 408/60 409/61
f 409/61 374/37 376/39
f 411/64 410/62 378/41
f 411/65 412/66 410/63
f 412/66 408/60 410/63
f 410/62 376/39 378/41
f 413/67 412/66 411/65
f 413/67 395/46 412/66
f 395/46 399/50 412/66
f 412/66 399/50 408/60
f 414/5 413/67 411/65
f 415/4 413/67 414/5
f 415/4 396/48 413/67
f 396/48 395/46 413/67
f 416/6 415/4 414/5
f 415/8 416/3 384/7
f 396/13 415/8 386/11
f 415/8 384/7 386/11
f 416/3 414/1 382/2
f 416/3 382/2 384/7
f 414/1 411/64 380/43
f 414/1 380/43 382/2
f 411/64 378/41 380/43
f 399/50 402/54 408/60
f 404/56 417/68 405/58
f 405/58 417/68 365/31
f 405/58 365/31 367/33
f 417/68 404/69 363/29
f 417/68 363/29 365/31
f 404/69 401/70 418/27
f 404/69 418/27 363/29
f 363/29 418/27 364/28
f 401/70 419/25 418/27
f 418/27 419/25 420/26
f 418/27 420/26 364/28
f 419/25 421/24 420/26
f 419/25 392/20 421/24
f 392/20 390/19 421/24
f 401/70 398/71 419/25
f 398/71 392/20 419/25
f 398/71 393/21 392/20
f 396/13 386/11 388/14
f 370/35 422/37 371/36
f 371/36 422/37 423/38
f 422/37 424/39 423/38
f 423/38 424/39 425/40
f 424/39 426/41 425/40
f 425/40 426/41 427/42
f 426/41 428/43 427/42
f 427/42 428/43 429/44
f 428/43 340/2 429/44
f 429/44 340/2 342/9
f 426/41 430/64 428/43
f 430/64 338/1 428/43
f 428/43 338/1 340/2
f 432/66 431/67 430/65
f 431/67 338/5 430/65
f 432/66 430/65 433/63
f 433/62 430/64 426/41
f 434/60 432/66 433/63
f 434/60 433/63 435/61
f 435/61 433/62 424/39
f 424/39 433/62 426/41
f 436/59 434/60 435/61
f 436/59 435/61 422/37
f 422/37 435/61 424/39
f 438/57 437/54 436/59
f 437/54 434/60 436/59
f 438/57 436/59 370/35
f 370/35 436/59 422/37
f 440/58 439/55 438/57
f 439/55 437/54 438/57
f 440/58 438/57 369/33
f 369/33 438/57 370/35
f 442/68 441/56 440/58
f 441/56 439/55 440/58
f 442/68 440/58 361/31
f 361/31 440/58 369/33
f 441/69 442/68 359/29
f 359/29 442/68 361/31
f 441/56 443/53 439/55
f 443/70 441/69 357/27
f 357/27 441/69 359/29
f 443/53 444/52 439/55
f 443/53 445/51 444/52
f 445/71 443/70 355/25
f 355/25 443/70 357/27
f 445/51 446/47 444/52
f 445/51 352/49 446/47
f 352/21 445/71 351/20
f 351/20 445/71 355/25
f 446/47 447/46 448/50
f 446/47 349/45 447/46
f 352/49 349/45 446/47
f 444/52 446/47 448/50
f 448/50 432/66 434/60
f 448/50 447/46 432/66
f 437/54 448/50 434/60
f 444/52 448/50 437/54
f 447/46 431/67 432/66
f 447/46 346/48 431/67
f 349/45 346/48 447/46
f 439/55 444/52 437/54
f 431/67 339/4 338/5
f 346/48 339/4 431/67
f 361/31 369/33 362/32
f 450/1 449/3 452/2
f 451/4 449/6 450/5
f 449/3 451/8 453/7
f 452/2 449/3 453/7
f 454/9 453/7 455/10
f 452/2 453/7 454/9
f 453/7 456/11 455/10
f 453/7 451/8 456/11
f 455/10 456/11 457/12
f 451/8 458/13 456/11
f 456/11 459/14 457/12
f 456/11 458/13 459/14
f 457/12 459/14 460/15
f 458/13 461/16 459/14
f 459/14 462/17 460/15
f 459/14 461/16 462/17
f 462/18 463/20 465/19
f 462/18 464/21 463/20
f 461/16 464/22 462/17
f 460/23 462/18 465/19
f 465/19 463/20 466/24
f 463/20 467/25 466/24
f 466/24 467/25 468/26
f 467/25 469/27 468/26
f 468/26 469/27 470/28
f 469/27 471/29 470/28
f 470/28 471/29 472/30
f 471/29 473/31 472/30
f 472/30 473/31 474/32
f 477/31 475/29 472/30
f 475/29 476/28 472/30
f 477/31 472/30 478/32
f 479/33 477/31 478/32
f 479/33 478/32 480/34
f 474/32 481/33 480/34
f 481/33 482/35 480/34
f 480/34 482/35 483/36
f 484/35 479/33 480/34
f 484/35 480/34 485/36
f 486/37 484/35 485/36
f 486/37 485/36 487/38
f 488/39 486/37 487/38
f 488/39 487/38 489/40
f 490/41 488/39 489/40
f 490/41 489/40 491/42
f 492/43 490/41 491/42
f 492/43 491/42 493/44
f 494/2 492/43 493/44
f 494/2 493/44 495/9
f 496/7 494/2 495/9
f 496/7 495/9 497/10
f 498/11 496/7 497/10
f 498/11 497/10 499/12
f 500/14 498/11 499/12
f 500/14 499/12 501/15
f 503/18 501/23 502/19
f 503/17 500/14 501/15
f 504/20 503/18 502/19
f 505/21 503/18 504/20
f 505/22 506/16 503/17
f 506/16 500/14 503/17
f 506/45 509/47 507/46
f 508/48 506/45 507/46
f 506/16 508/13 500/14
f 506/45 505/49 509/47
f 507/46 509/47 511/50
f 505/49 510/51 509/47
f 509/47 510/51 512/52
f 509/47 512/52 511/50
f 510/51 513/53 512/52
f 511/50 512/52 514/54
f 512/52 513/53 515/55
f 512/52 515/55 514/54
f 513/53 516/56 515/55
f 514/54 515/55 518/57
f 515/55 516/56 517/58
f 515/55 517/58 518/57
f 514/54 518/57 519/59
f 519/59 518/57 484/35
f 518/57 517/58 479/33
f 518/57 479/33 484/35
f 520/60 519/59 521/61
f 520/60 514/54 519/59
f 521/61 519/59 486/37
f 519/59 484/35 486/37
f 522/62 521/61 488/39
f 522/63 520/60 521/61
f 521/61 486/37 488/39
f 523/64 522/62 490/41
f 523/65 524/66 522/63
f 524/66 520/60 522/63
f 522/62 488/39 490/41
f 525/67 524/66 523/65
f 525/67 507/46 524/66
f 507/46 511/50 524/66
f 524/66 511/50 520/60
f 526/5 525/67 523/65
f 527/4 525/67 526/5
f 527/4 508/48 525/67
f 508/48 507/46 525/67
f 528/6 527/4 526/5
f 527/8 528/3 496/7
f 508/13 527/8 498/11
f 527/8 496/7 498/11
f 528/3 526/1 494/2
f 528/3 494/2 496/7
f 526/1 523/64 492/43
f 526/1 492/43 494/2
f 523/64 490/41 492/43
f 511/50 514/54 520/60
f 516/56 529/68 517/58
f 517/58 529/68 477/31
f 517/58 477/31 479/33
f 529/68 516/69 475/29
f 529/68 475/29 477/31
f 516/69 513/70 530/27
f 516/69 530/27 475/29
f 475/29 530/27 476/28
f 513/70 531/25 530/27
f 530/27 531/25 532/26
f 530/27 532/26 476/28
f 531/25 533/24 532/26
f 531/25 504/20 533/24
f 504/20 502/19 533/24
f 513/70 510/71 531/25
f 510/71 504/20 531/25
f 510/71 505/21 504/20
f 508/13 498/11 500/14
f 482/35 534/37 483/36
f 483/36 534/37 535/38
f 534/37 536/39 535/38
f 535/38 536/39 537/40
f 536/39 538/41 537/40
f 537/40 538/41 539/42
f 538/41 540/43 539/42
f 539/42 540/43 541/44
f 540/43 452/2 541/44
f 541/44 452/2 454/9
f 538/41 542/64 540/43
f 542/64 450/1 540/43
f 540/43 450/1 452/2
f 544/66 543/67 542/65
f 543/67 450/5 542/65
f 544/66 542/65 545/63
f 545/62 542/64 538/41
f 546/60 544/66 545/63
f 546/60 545/63 547/61
f 547/61 545/62 536/39
f 536/39 545/62 538/41
f 548/59 546/60 547/61
f 548/59 547/61 534/37
f 534/37 547/61 536/39
f 550/57 549/54 548/59
f 549/54 546/60 548/59
f 550/57 548/59 482/35
f 482/35 548/59 534/37
f 552/58 551/55 550/57
f 551/55 549/54 550/57
f 552/58 550/57 481/33
f 481/33 550/57 482/35
f 554/68 553/56 552/58
f 553/56 551/55 552/58
f 554/68 552/58 473/31
f 473/31 552/58 481/33
f 553/69 554/68 471/29
f 471/29 554/68 473/31
f 553/56 555/53 551/55
f 555/70 553/69 469/27
f 469/27 553/69 471/29
f 555/53 556/52 551/55
f 555/53 557/51 556/52
f 557/71 555/70 467/25
f 467/25 555/70 469/27
f 557/51 558/47 556/52
f 557/51 464/49 558/47
f 464/21 557/71 463/20
f 463/20 557/71 467/25
f 558/47 559/46 560/50
f 558/47 461/45 559/46
f 464/49 461/45 558/47
f 556/52 558/47 560/50
f 560/50 544/66 546/60
f 560/50 559/46 544/66
f 549/54 560/50 546/60
f 556/52 560/50 549/54
f 559/46 543/67 544/66
f 559/46 458/48 543/67
f 461/45 458/48 559/46
f 551/55 556/52 549/54
f 543/67 451/4 450/5
f 458/48 451/4 543/67
f 473/31 481/33 474/32
f 563/4 562/5 561/6
f 564/67 562/5 563/4
f 565/48 564/67 563/4
f 564/67 566/65 562/5
f 567/46 564/67 565/48
f 568/45 567/46 565/48
f 569/66 566/65 564/67
f 567/46 569/66 564/67
f 569/66 570/63 566/65
f 571/47 567/46 568/45
f 572/49 571/47 568/45
f 573/51 571/47 572/49
f 574/60 570/63 569/66
f 574/60 575/61 570/63
f 576/50 569/66 567/46
f 571/47 576/50 567/46
f 576/50 574/60 569/66
f 573/51 577/52 571/47
f 577/52 576/50 571/47
f 578/53 577/52 573/51
f 579/54 574/60 576/50
f 577/52 579/54 576/50
f 578/53 580/55 577/52
f 580/55 579/54 577/52
f 581/56 580/55 578/53
f 579/54 582/59 574/60
f 582/59 575/61 574/60
f 581/56 583/58 580/55
f 584/68 583/58 581/56
f 580/55 585/57 579/54
f 585/57 582/59 579/54
f 583/58 585/57 580/55
f 582/59 586/37 575/61
f 585/57 587/35 582/59
f 587/35 586/37 582/59
f 583/58 588/33 585/57
f 588/33 587/35 585/57
f 584/68 589/31 583/58
f 589/31 588/33 583/58
f 586/37 590/39 575/61
f 575/61 590/39 570/62
f 591/29 589/31 584/68
f 581/69 591/29 584/68
f 590/39 592/41 570/62
f 570/62 592/41 566/64
f 593/27 591/29 581/69
f 578/70 593/27 581/69
f 592/41 594/43 566/64
f 566/64 594/43 562/1
f 595/25 593/27 578/70
f 573/71 595/25 578/70
f 594/43 596/2 562/1
f 562/1 596/2 561/3
f 597/20 595/25 573/71
f 572/21 597/20 573/71
f 598/18 597/20 572/21
f 598/18 599/19 597/20
f 600/23 599/19 598/18
f 599/19 601/24 597/20
f 597/20 601/24 595/25
f 601/24 602/26 595/25
f 595/25 602/26 593/27
f 602/26 603/28 593/27
f 593/27 603/28 591/29
f 603/28 604/30 591/29
f 591/29 604/30 589/31
f 604/30 605/32 589/31
f 589/31 605/32 588/33
f 605/32 606/34 588/33
f 588/33 606/34 587/35
f 606/34 607/36 587/35
f 587/35 607/36 586/37
f 607/36 608/38 586/37
f 586/37 608/38 590/39
f 608/38 609/40 590/39
f 590/39 609/40 592/41
f 609/40 610/42 592/41
f 592/41 610/42 594/43
f 610/42 611/44 594/43
f 594/43 611/44 596/2
f 611/44 612/9 596/2
f 596/2 612/9 613/7
f 596/2 613/7 561/3
f 612/9 614/10 613/7
f 561/3 613/7 563/8
f 613/7 614/10 615/11
f 613/7 615/11 563/8
f 614/10 616/12 615/11
f 563/8 615/11 565/13
f 615/11 616/12 617/14
f 615/11 617/14 565/13
f 616/12 600/15 617/14
f 565/13 617/14 568/16
f 617/14 600/15 598/17
f 617/14 598/17 568/16
f 568/16 598/17 572/22
f 620/6 619/5 618/4
f 618/4 619/5 621/67
f 619/5 622/65 621/67
f 618/4 621/67 623/48
f 621/67 622/65 624/66
f 622/65 625/63 624/66
f 623/48 621/67 626/46
f 621/67 624/66 626/46
f 623/48 626/46 627/45
f 624/66 625/63 628/60
f 625/63 629/61 628/60
f 627/45 626/46 630/47
f 627/45 630/47 631/49
f 631/49 630/47 632/51
f 626/46 624/66 633/50
f 626/46 633/50 630/47
f 624/66 628/60 633/50
f 630/47 634/52 632/51
f 630/47 633/50 634/52
f 632/51 634/52 635/53
f 633/50 628/60 636/54
f 633/50 636/54 634/52
f 634/52 637/55 635/53
f 634/52 636/54 637/55
f 635/53 637/55 638/56
f 628/60 639/59 636/54
f 628/60 629/61 639/59
f 637/55 640/58 638/56
f 638/56 640/58 641/68
f 636/54 642/57 637/55
f 636/54 639/59 642/57
f 637/55 642/57 640/58
f 629/61 643/37 639/59
f 639/59 644/35 642/57
f 639/59 643/37 644/35
f 642/57 645/33 640/58
f 642/57 644/35 645/33
f 640/58 646/31 641/68
f 640/58 645/33 646/31
f 629/61 647/39 643/37
f 625/62 647/39 629/61
f 641/68 646/31 648/29
f 641/68 648/29 638/69
f 625/62 649/41 647/39
f 622/64 649/41 625/62
f 638/69 648/29 650/27
f 638/69 650/27 635/70
f 622/64 651/43 649/41
f 619/1 651/43 622/64
f 635/70 650/27 652/25
f 635/70 652/25 632/71
f 619/1 653/2 651/43
f 620/3 653/2 619/1
f 632/71 652/25 654/20
f 632/71 654/20 631/21
f 631/21 654/20 655/18
f 654/20 656/19 655/18
f 655/18 656/19 657/23
f 654/20 658/24 656/19
f 652/25 658/24 654/20
f 652/25 659/26 658/24
f 650/27 659/26 652/25
f 650/27 660/28 659/26
f 648/29 660/28 650/27
f 648/29 604/30 660/28
f 646/31 604/30 648/29
f 646/31 661/32 604/30
f 645/33 661/32 646/31
f 645/33 606/34 661/32
f 644/35 606/34 645/33
f 644/35 662/36 606/34
f 643/37 662/36 644/35
f 643/37 663/38 662/36
f 647/39 663/38 643/37
f 647/39 664/40 663/38
f 649/41 664/40 647/39
f 649/41 665/42 664/40
f 651/43 665/42 649/41
f 651/43 666/44 665/42
f 653/2 666/44 651/43
f 653/2 667/9 666/44
f 668/7 667/9 653/2
f 620/3 668/7 653/2
f 668/7 669/10 667/9
f 618/8 668/7 620/3
f 670/11 669/10 668/7
f 618/8 670/11 668/7
f 670/11 671/12 669/10
f 623/13 670/11 618/8
f 672/14 671/12 670/11
f 623/13 672/14 670/11
f 672/14 657/15 671/12
f 627/16 672/14 623/13
f 655/17 657/15 672/14
f 627/16 655/17 672/14
f 631/22 655/17 627/16
f 674/1 676/2 673/3
f 675/4 674/5 673/6
f 673/3 677/7 675/8
f 676/2 677/7 673/3
f 678/9 679/10 677/7
f 676/2 678/9 677/7
f 677/7 679/10 680/11
f 677/7 680/11 675/8
f 679/10 681/12 680/11
f 675/8 680/11 682/13
f 680/11 681/12 683/14
f 680/11 683/14 682/13
f 681/12 684/15 683/14
f 682/13 683/14 685/16
f 683/14 684/15 686/17
f 683/14 686/17 685/16
f 686/18 689/19 687/20
f 686/18 687/20 688/21
f 685/16 686/17 688/22
f 684/23 689/19 686/18
f 689/19 690/24 687/20
f 687/20 690/24 691/25
f 690/24 692/26 691/25
f 691/25 692/26 693/27
f 692/26 694/28 693/27
f 693/27 694/28 695/29
f 694/28 696/30 695/29
f 695/29 696/30 697/31
f 696/30 698/32 697/31
f 701/31 696/30 699/29
f 699/29 696/30 700/28
f 701/31 702/32 696/30
f 703/33 702/32 701/31
f 703/33 704/34 702/32
f 698/32 704/34 705/33
f 705/33 704/34 706/35
f 704/34 707/36 706/35
f 708/35 704/34 703/33
f 708/35 709/36 704/34
f 710/37 709/36 708/35
f 710/37 711/38 709/36
f 712/39 711/38 710/37
f 712/39 713/40 711/38
f 714/41 713/40 712/39
f 714/41 715/42 713/40
f 716/43 715/42 714/41
f 716/43 717/44 715/42
f 718/2 717/44 716/43
f 718/2 719/9 717/44
f 720/7 719/9 718/2
f 720/7 721/10 719/9
f 722/11 721/10 720/7
f 722/11 723/12 721/10
f 724/14 723/12 722/11
f 724/14 725/15 723/12
f 727/18 726/19 725/23
f 727/17 725/15 724/14
f 728/20 726/19 727/18
f 729/21 728/20 727/18
f 729/22 727/17 730/16
f 730/16 727/17 724/14
f 730/45 731/46 733/47
f 732/48 731/46 730/45
f 730/16 724/14 732/13
f 730/45 733/47 729/49
f 731/46 735/50 733/47
f 729/49 733/47 734/51
f 733/47 736/52 734/51
f 733/47 735/50 736/52
f 734/51 736/52 737/53
f 735/50 738/54 736/52
f 736/52 739/55 737/53
f 736/52 738/54 739/55
f 737/53 739/55 740/56
f 738/54 742/57 739/55
f 739/55 741/58 740/56
f 739/55 742/57 741/58
f 738/54 743/59 742/57
f 743/59 708/35 742/57
f 742/57 703/33 741/58
f 742/57 708/35 703/33
f 744/60 745/61 743/59
f 744/60 743/59 738/54
f 745/61 710/37 743/59
f 743/59 710/37 708/35
f 746/62 712/39 745/61
f 746/63 745/61 744/60
f 745/61 712/39 710/37
f 747/64 714/41 746/62
f 747/65 746/63 748/66
f 748/66 746/63 744/60
f 746/62 714/41 712/39
f 749/67 747/65 748/66
f 749/67 748/66 731/46
f 731/46 748/66 735/50
f 748/66 744/60 735/50
f 750/5 747/65 749/67
f 751/4 750/5 749/67
f 751/4 749/67 732/48
f 732/48 749/67 731/46
f 752/6 750/5 751/4
f 751/8 720/7 752/3
f 732/13 722/11 751/8
f 751/8 722/11 720/7
f 752/3 718/2 750/1
f 752/3 720/7 718/2
f 750/1 716/43 747/64
f 750/1 718/2 716/43
f 747/64 716/43 714/41
f 735/50 744/60 738/54
f 740/56 741/58 753/68
f 741/58 701/31 753/68
f 741/58 703/33 701/31
f 753/68 699/29 740/69
f 753/68 701/31 699/29
f 740/69 754/27 737/70
f 740/69 699/29 754/27
f 699/29 700/28 754/27
f 737/70 754/27 755/25
f 754/27 756/26 755/25
f 754/27 700/28 756/26
f 755/25 756/26 757/24
f 755/25 757/24 728/20
f 728/20 757/24 726/19
f 737/70 755/25 734/71
f 734/71 755/25 728/20
f 734/71 728/20 729/21
f 732/13 724/14 722/11
f 706/35 707/36 758/37
f 707/36 759/38 758/37
f 758/37 759/38 760/39
f 759/38 761/40 760/39
f 760/39 761/40 762/41
f 761/40 763/42 762/41
f 762/41 763/42 764/43
f 763/42 765/44 764/43
f 764/43 765/44 676/2
f 765/44 678/9 676/2
f 762/41 764/43 766/64
f 766/64 764/43 674/1
f 764/43 676/2 674/1
f 768/66 766/65 767/67
f 767/67 766/65 674/5
f 768/66 769/63 766/65
f 769/62 762/41 766/64
f 770/60 769/63 768/66
f 770/60 771/61 769/63
f 771/61 760/39 769/62
f 760/39 762/41 769/62
f 772/59 771/61 770/60
f 772/59 758/37 771/61
f 758/37 760/39 771/61
f 774/57 772/59 773/54
f 773/54 772/59 770/60
f 774/57 706/35 772/59
f 706/35 758/37 772/59
f 776/58 774/57 775/55
f 775/55 774/57 773/54
f 776/58 705/33 774/57
f 705/33 706/35 774/57
f 778/68 776/58 777/56
f 777/56 776/58 775/55
f 778/68 697/31 776/58
f 697/31 705/33 776/58
f 777/69 695/29 778/68
f 695/29 697/31 778/68
f 777/56 775/55 779/53
f 779/70 693/27 777/69
f 693/27 695/29 777/69
f 779/53 775/55 780/52
f 779/53 780/52 781/51
f 781/71 691/25 779/70
f 691/25 693/27 779/70
f 781/51 780/52 782/47
f 781/51 782/47 688/49
f 688/21 687/20 781/71
f 687/20 691/25 781/71
f 782/47 784/50 783/46
f 782/47 783/46 685/45
f 688/49 782/47 685/45
f 780/52 784/50 782/47
f 784/50 770/60 768/66
f 784/50 768/66 783/46
f 773/54 770/60 784/50
f 780/52 773/54 784/50
f 783/46 768/66 767/67
f 783/46 767/67 682/48
f 685/45 783/46 682/48
f 775/55 773/54 780/52
f 767/67 674/5 675/4
f 682/48 767/67 675/4
f 697/31 698/32 705/33
f 786/1 788/2 785/3
f 787/4 786/5 785/6
f 785/3 789/7 787/8
f 788/2 789/7 785/3
f 790/9 791/10 789/7
f 788/2 790/9 789/7
f 789/7 791/10 792/11
f 789/7 792/11 787/8
f 791/10 793/12 792/11
f 787/8 792/11 794/13
f 792/11 793/12 795/14
f 792/11 795/14 794/13
f 793/12 796/15 795/14
f 794/13 795/14 797/16
f 795/14 796/15 798/17
f 795/14 798/17 797/16
f 798/18 801/19 799/20
f 798/18 799/20 800/21
f 797/16 798/17 800/22
f 796/23 801/19 798/18
f 801/19 802/24 799/20
f 799/20 802/24 803/25
f 802/24 804/26 803/25
f 803/25 804/26 805/27
f 804/26 806/28 805/27
f 805/27 806/28 807/29
f 806/28 808/30 807/29
f 807/29 808/30 809/31
f 808/30 810/32 809/31
f 813/31 808/30 811/29
f 811/29 808/30 812/28
f 813/31 814/32 808/30
f 815/33 814/32 813/31
f 815/33 816/34 814/32
f 810/32 816/34 817/33
f 817/33 816/34 818/35
f 816/34 819/36 818/35
f 820/35 816/34 815/33
f 820/35 821/36 816/34
f 822/37 821/36 820/35
f 822/37 823/38 821/36
f 824/39 823/38 822/37
f 824/39 825/40 823/38
f 826/41 825/40 824/39
f 826/41 827/42 825/40
f 828/43 827/42 826/41
f 828/43 829/44 827/42
f 830/2 829/44 828/43
f 830/2 831/9 829/44
f 832/7 831/9 830/2
f 832/7 833/10 831/9
f 834/11 833/10 832/7
f 834/11 835/12 833/10
f 836/14 835/12 834/11
f 836/14 837/15 835/12
f 839/18 838/19 837/23
f 839/17 837/15 836/14
f 840/20 838/19 839/18
f 841/21 840/20 839/18
f 841/22 839/17 842/16
f 842/16 839/17 836/14
f 842/45 843/46 845/47
f 844/48 843/46 842/45
f 842/16 836/14 844/13
f 842/45 845/47 841/49
f 843/46 847/50 845/47
f 841/49 845/47 846/51
f 845/47 848/52 846/51
f 845/47 847/50 848/52
f 846/51 848/52 849/53
f 847/50 850/54 848/52
f 848/52 851/55 849/53
f 848/52 850/54 851/55
f 849/53 851/55 852/56
f 850/54 854/57 851/55
f 851/55 853/58 852/56
f 851/55 854/57 853/58
f 850/54 855/59 854/57
f 855/59 820/35 854/57
f 854/57 815/33 853/58
f 854/57 820/35 815/33
f 856/60 857/61 855/59
f 856/60 855/59 850/54
f 857/61 822/37 855/59
f 855/59 822/37 820/35
f 858/62 824/39 857/61
f 858/63 857/61 856/60
f 857/61 824/39 822/37
f 859/64 826/41 858/62
f 859/65 858/63 860/66
f 860/66 858/63 856/60
f 858/62 826/41 824/39
f 861/67 859/65 860/66
f 861/67 860/66 843/46
f 843/46 860/66 847/50
f 860/66 856/60 847/50
f 862/5 859/65 861/67
f 863/4 862/5 861/67
f 863/4 861/67 844/48
f 844/48 861/67 843/46
f 864/6 862/5 863/4
f 863/8 832/7 864/3
f 844/13 834/11 863/8
f 863/8 834/11 832/7
f 864/3 830/2 862/1
f 864/3 832/7 830/2
f 862/1 828/43 859/64
f 862/1 830/2 828/43
f 859/64 828/43 826/41
f 847/50 856/60 850/54
f 852/56 853/58 865/68
f 853/58 813/31 865/68
f 853/58 815/33 813/31
f 865/68 811/29 852/69
f 865/68 813/31 811/29
f 852/69 866/27 849/70
f 852/69 811/29 866/27
f 811/29 812/28 866/27
f 849/70 866/27 867/25
f 866/27 868/26 867/25
f 866/27 812/28 868/26
f 867/25 868/26 869/24
f 867/25 869/24 840/20
f 840/20 869/24 838/19
f 849/70 867/25 846/71
f 846/71 867/25 840/20
f 846/71 840/20 841/21
f 844/13 836/14 834/11
f 818/35 819/36 870/37
f 819/36 871/38 870/37
f 870/37 871/38 872/39
f 871/38 873/40 872/39
f 872/39 873/40 874/41
f 873/40 875/42 874/41
f 874/41 875/42 876/43
f 875/42 877/44 876/43
f 876/43 877/44 788/2
f 877/44 790/9 788/2
f 874/41 876/43 878/64
f 878/64 876/43 786/1
f 876/43 788/2 786/1
f 880/66 878/65 879/67
f 879/67 878/65 786/5
f 880/66 881/63 878/65
f 881/62 874/41 878/64
f 882/60 881/63 880/66
f 882/60 883/61 881/63
f 883/61 872/39 881/62
f 872/39 874/41 881/62
f 884/59 883/61 882/60
f 884/59 870/37 883/61
f 870/37 872/39 883/61
f 886/57 884/59 885/54
f 885/54 884/59 882/60
f 886/57 818/35 884/59
f 818/35 870/37 884/59
f 888/58 886/57 887/55
f 887/55 886/57 885/54
f 888/58 817/33 886/57
f 817/33 818/35 886/57
f 890/68 888/58 889/56
f 889/56 888/58 887/55
f 890/68 809/31 888/58
f 809/31 817/33 888/58
f 889/69 807/29 890/68
f 807/29 809/31 890/68
f 889/56 887/55 891/53
f 891/70 805/27 889/69
f 805/27 807/29 889/69
f 891/53 887/55 892/52
f 891/53 892/52 893/51
f 893/71 803/25 891/70
f 803/25 805/27 891/70
f 893/51 892/52 894/47
f 893/51 894/47 800/49
f 800/21 799/20 893/71
f 799/20 803/25 893/71
f 894/47 896/50 895/46
f 894/47 895/46 797/45
f 800/49 894/47 797/45
f 892/52 896/50 894/47
f 896/50 882/60 880/66
f 896/50 880/66 895/46
f 885/54 882/60 896/50
f 892/52 885/54 896/50
f 895/46 880/66 879/67
f 895/46 879/67 794/48
f 797/45 895/46 794/48
f 887/55 885/54 892/52
f 879/67 786/5 787/4
f 794/48 879/67 787/4
f 809/31 810/32 817/33
f 898/1 900/2 897/3
f 899/4 898/5 897/6
f 897/3 901/7 899/8
f 900/2 901/7 897/3
f 902/9 903/10 901/7
f 900/2 902/9 901/7
f 901/7 903/10 904/11
f 901/7 904/11 899/8
f 903/10 905/12 904/11
f 899/8 904/11 906/13
f 904/11 905/12 907/14
f 904/11 907/14 906/13
f 905/12 908/15 907/14
f 906/13 907/14 909/16
f 907/14 908/15 910/17
f 907/14 910/17 909/16
f 910/18 913/19 911/20
f 910/18 911/20 912/21
f 909/16 910/17 912/22
f 908/23 913/19 910/18
f 913/19 914/24 911/20
f 911/20 914/24 915/25
f 914/24 916/26 915/25
f 915/25 916/26 917/27
f 916/26 918/28 917/27
f 917/27 918/28 919/29
f 918/28 920/30 919/29
f 919/29 920/30 921/31
f 920/30 922/32 921/31
f 925/31 920/30 923/29
f 923/29 920/30 924/28
f 925/31 926/32 920/30
f 927/33 926/32 925/31
f 927/33 928/34 926/32
f 922/32 928/34 929/33
f 929/33 928/34 930/35
f 928/34 931/36 930/35
f 932/35 928/34 927/33
f 932/35 933/36 928/34
f 934/37 933/36 932/35
f 934/37 935/38 933/36
f 936/39 935/38 934/37
f 936/39 937/40 935/38
f 938/41 937/40 936/39
f 938/41 939/42 937/40
f 940/43 939/42 938/41
f 940/43 941/44 939/42
f 942/2 941/44 940/43
f 942/2 943/9 941/44
f 944/7 943/9 942/2
f 944/7 945/10 943/9
f 946/11 945/10 944/7
f 946/11 947/12 945/10
f 948/14 947/12 946/11
f 948/14 949/15 947/12
f 951/18 950/19 949/23
f 951/17 949/15 948/14
f 952/20 950/19 951/18
f 953/21 952/20 951/18
f 953/22 951/17 954/16
f 954/16 951/17 948/14
f 954/45 955/46 957/47
f 956/48 955/46 954/45
f 954/16 948/14 956/13
f 954/45 957/47 953/49
f 955/46 959/50 957/47
f 953/49 957/47 958/51
f 957/47 960/52 958/51
f 957/47 959/50 960/52
f 958/51 960/52 961/53
f 959/50 962/54 960/52
f 960/52 963/55 961/53
f 960/52 962/54 963/55
f 961/53 963/55 964/56
f 962/54 966/57 963/55
f 963/55 965/58 964/56
f 963/55 966/57 965/58
f 962/54 967/59 966/57
f 967/59 932/35 966/57
f 966/57 927/33 965/58
f 966/57 932/35 927/33
f 968/60 969/61 967/59
f 968/60 967/59 962/54
f 969/61 934/37 967/59
f 967/59 934/37 932/35
f 970/62 936/39 969/61
f 970/63 969/61 968/60
f 969/61 936/39 934/37
f 971/64 938/41 970/62
f 971/65 970/63 972/66
f 972/66 970/63 968/60
f 970/62 938/41 936/39
f 973/67 971/65 972/66
f 973/67 972/66 955/46
f 955/46 972/66 959/50
f 972/66 968/60 959/50
f 974/5 971/65 973/67
f 975/4 974/5 973/67
f 975/4 973/67 956/48
f 956/48 973/67 955/46
f 976/6 974/5 975/4
f 975/8 944/7 976/3
f 956/13 946/11 975/8
f 975/8 946/11 944/7
f 976/3 942/2 974/1
f 976/3 944/7 942/2
f 974/1 940/43 971/64
f 974/1 942/2 940/43
f 971/64 940/43 938/41
f 959/50 968/60 962/54
f 964/56 965/58 977/68
f 965/58 925/31 977/68
f 965/58 927/33 925/31
f 977/68 923/29 964/69
f 977/68 925/31 923/29
f 964/69 978/27 961/70
f 964/69 923/29 978/27
f 923/29 924/28 978/27
f 961/70 978/27 979/25
f 978/27 980/26 979/25
f 978/27 924/28 980/26
f 979/25 980/26 981/24
f 979/25 981/24 952/20
f 952/20 981/24 950/19
f 961/70 979/25 958/71
f 958/71 979/25 952/20
f 958/71 952/20 953/21
f 956/13 948/14 946/11
f 930/35 931/36 982/37
f 931/36 983/38 982/37
f 982/37 983/38 984/39
f 983/38 985/40 984/39
f 984/39 985/40 986/41
f 985/40 987/42 986/41
f 986/41 987/42 988/43
f 987/42 989/44 988/43
f 988/43 989/44 900/2
f 989/44 902/9 900/2
f 986/41 988/43 990/64
f 990/64 988/43 898/1
f 988/43 900/2 898/1
f 992/66 990/65 991/67
f 991/67 990/65 898/5
f 992/66 993/63 990/65
f 993/62 986/41 990/64
f 994/60 993/63 992/66
f 994/60 995/61 993/63
f 995/61 984/39 993/62
f 984/39 986/41 993/62
f 996/59 995/61 994/60
f 996/59 982/37 995/61
f 982/37 984/39 995/61
f 998/57 996/59 997/54
f 997/54 996/59 994/60
f 998/57 930/35 996/59
f 930/35 982/37 996/59
f 1000/58 998/57 999/55
f 999/55 998/57 997/54
f 1000/58 929/33 998/57
f 929/33 930/35 998/57
f 1002/68 1000/58 1001/56
f 1001/56 1000/58 999/55
f 1002/68 921/31 1000/58
f 921/31 929/33 1000/58
f 1001/69 919/29 1002/68
f 919/29 921/31 1002/68
f 1001/56 999/55 1003/53
f 1003/70 917/27 1001/69
f 917/27 919/29 1001/69
f 1003/53 999/55 1004/52
f 1003/53 1004/52 1005/51
f 1005/71 915/25 1003/70
f 915/25 917/27 1003/70
f 1005/51 1004/52 1006/47
f 1005/51 1006/47 912/49
f 912/21 911/20 1005/71
f 911/20 915/25 1005/71
f 1006/47 1008/50 1007/46
f 1006/47 1007/46 909/45
f 912/49 1006/47 909/45
f 1004/52 1008/50 1006/47
f 1008/50 994/60 992/66
f 1008/50 992/66 1007/46
f 997/54 994/60 1008/50
f 1004/52 997/54 1008/50
f 1007/46 992/66 991/67
f 1007/46 991/67 906/48
f 909/45 1007/46 906/48
f 999/55 997/54 1004/52
f 991/67 898/5 899/4
f 906/48 991/67 899/4
f 921/31 922/32 929/33
f 1010/1 1012/2 1009/3
f 1011/4 1010/5 1009/6
f 1009/3 1013/7 1011/8
f 1012/2 1013/7 1009/3
f 1014/9 1015/10 1013/7
f 1012/2 1014/9 1013/7
f 1013/7 1015/10 1016/11
f 1013/7 1016/11 1011/8
f 1015/10 1017/12 1016/11
f 1011/8 1016/11 1018/13
f 1016/11 1017/12 1019/14
f 1016/11 1019/14 1018/13
f 1017/12 1020/15 1019/14
f 1018/13 1019/14 1021/16
f 1019/14 1020/15 1022/17
f 1019/14 1022/17 1021/16
f 1022/18 1025/19 1023/20
f 1022/18 1023/20 1024/21
f 1021/16 1022/17 1024/22
f 1020/23 1025/19 1022/18
f 1025/19 1026/24 1023/20
f 1023/20 1026/24 1027/25
f 1026/24 1028/26 1027/25
f 1027/25 1028/26 1029/27
f 1028/26 1030/28 1029/27
f 1029/27 1030/28 1031/29
f 1030/28 1032/30 1031/29
f 1031/29 1032/30 1033/31
f 1032/30 1034/32 1033/31
f 1037/31 1032/30 1035/29
f 1035/29 1032/30 1036/28
f 1037/31 1038/32 1032/30
f 1039/33 1038/32 1037/31
f 1039/33 1040/34 1038/32
f 1034/32 1040/34 1041/33
f 1041/33 1040/34 1042/35
f 1040/34 1043/36 1042/35
f 1044/35 1040/34 1039/33
f 1044/35 1045/36 1040/34
f 1046/37 1045/36 1044/35
f 1046/37 1047/38 1045/36
f 1048/39 1047/38 1046/37
f 1048/39 1049/40 1047/38
f 1050/41 1049/40 1048/39
f 1050/41 1051/42 1049/40
f 1052/43 1051/42 1050/41
f 1052/43 1053/44 1051/42
f 1054/2 1053/44 1052/43
f 1054/2 1055/9 1053/44
f 1056/7 1055/9 1054/2
f 1056/7 1057/10 1055/9
f 1058/11 1057/10 1056/7
f 1058/11 1059/12 1057/10
f 1060/14 1059/12 1058/11
f 1060/14 1061/15 1059/12
f 1063/18 1062/19 1061/23
f 1063/17 1061/15 1060/14
f 1064/20 1062/19 1063/18
f 1065/21 1064/20 1063/18
f 1065/22 1063/17 1066/16
f 1066/16 1063/17 1060/14
f 1066/45 1067/46 1069/47
f 1068/48 1067/46 1066/45
f 1066/16 1060/14 1068/13
f 1066/45 1069/47 1065/49
f 1067/46 1071/50 1069/47
f 1065/49 1069/47 1070/51
f 1069/47 1072/52 1070/51
f 1069/47 1071/50 1072/52
f 1070/51 1072/52 1073/53
f 1071/50 1074/54 1072/52
f 1072/52 1075/55 1073/53
f 1072/52 1074/54 1075/55
f 1073/53 1075/55 1076/56
f 1074/54 1078/57 1075/55
f 1075/55 1077/58 1076/56
f 1075/55 1078/57 1077/58
f 1074/54 1079/59 1078/57
f 1079/59 1044/35 1078/57
f 1078/57 1039/33 1077/58
f 1078/57 1044/35 1039/33
f 1080/60 1081/61 1079/59
f 1080/60 1079/59 1074/54
f 1081/61 1046/37 1079/59
f 1079/59 1046/37 1044/35
f 1082/62 1048/39 1081/61
f 1082/63 1081/61 1080/60
f 1081/61 1048/39 1046/37
f 1083/64 1050/41 1082/62
f 1083/65 1082/63 1084/66
f 1084/66 1082/63 1080/60
f 1082/62 1050/41 1048/39
f 1085/67 1083/65 1084/66
f 1085/67 1084/66 1067/46
f 1067/46 1084/66 1071/50
f 1084/66 1080/60 1071/50
f 1086/5 1083/65 1085/67
f 1087/4 1086/5 1085/67
f 1087/4 1085/67 1068/48
f 1068/48 1085/67 1067/46
f 1088/6 1086/5 1087/4
f 1087/8 1056/7 1088/3
f 1068/13 1058/11 1087/8
f 1087/8 1058/11 1056/7
f 1088/3 1054/2 1086/1
f 1088/3 1056/7 1054/2
f 1086/1 1052/43 1083/64
f 1086/1 1054/2 1052/43
f 1083/64 1052/43 1050/41
f 1071/50 1080/60 1074/54
f 1076/56 1077/58 1089/68
f 1077/58 1037/31 1089/68
f 1077/58 1039/33 1037/31
f 1089/68 1035/29 1076/69
f 1089/68 1037/31 1035/29
f 1076/69 1090/27 1073/70
f 1076/69 1035/29 1090/27
f 1035/29 1036/28 1090/27
f 1073/70 1090/27 1091/25
f 1090/27 1092/26 1091/25
f 1090/27 1036/28 1092/26
f 1091/25 1092/26 1093/24
f 1091/25 1093/24 1064/20
f 1064/20 1093/24 1062/19
f 1073/70 1091/25 1070/71
f 1070/71 1091/25 1064/20
f 1070/71 1064/20 1065/21
f 1068/13 1060/14 1058/11
f 1042/35 1043/36 1094/37
f 1043/36 1095/38 1094/37
f 1094/37 1095/38 1096/39
f 1095/38 1097/40 1096/39
f 1096/39 1097/40 1098/41
f 1097/40 1099/42 1098/41
f 1098/41 1099/42 1100/43
f 1099/42 1101/44 1100/43
f 1100/43 1101/44 1012/2
f 1101/44 1014/9 1012/2
f 1098/41 1100/43 1102/64
f 1102/64 1100/43 1010/1
f 1100/43 1012/2 1010/1
f 1104/66 1102/65 1103/67
f 1103/67 1102/65 1010/5
f 1104/66 1105/63 1102/65
f 1105/62 1098/41 1102/64
f 1106/60 1105/63 1104/66
f 1106/60 1107/61 1105/63
f 1107/61 1096/39 1105/62
f 1096/39 1098/41 1105/62
f 1108/59 1107/61 1106/60
f 1108/59 1094/37 1107/61
f 1094/37 1096/39 1107/61
f 1110/57 1108/59 1109/54
f 1109/54 1108/59 1106/60
f 1110/57 1042/35 1108/59
f 1042/35 1094/37 1108/59
f 1112/58 1110/57 1111/55
f 1111/55 1110/57 1109/54
f 1112/58 1041/33 1110/57
f 1041/33 1042/35 1110/57
f 1114/68 1112/58 1113/56
f 1113/56 1112/58 1111/55
f 1114/68 1033/31 1112/58
f 1033/31 1041/33 1112/58
f 1113/69 1031/29 1114/68
f 1031/29 1033/31 1114/68
f 1113/56 1111/55 1115/53
f 1115/70 1029/27 1113/69
f 1029/27 1031/29 1113/69
f 1115/53 1111/55 1116/52
f 1115/53 1116/52 1117/51
f 1117/71 1027/25 1115/70
f 1027/25 1029/27 1115/70
f 1117/51 1116/52 1118/47
f 1117/51 1118/47 1024/49
f 1024/21 1023/20 1117/71
f 1023/20 1027/25 1117/71
f 1118/47 1120/50 1119/46
f 1118/47 1119/46 1021/45
f 1024/49 1118/47 1021/45
f 1116/52 1120/50 1118/47
f 1120/50 1106/60 1104/66
f 1120/50 1104/66 1119/46
f 1109/54 1106/60 1120/50
f 1116/52 1109/54 1120/50
f 1119/46 1104/66 1103/67
f 1119/46 1103/67 1018/48
f 1021/45 1119/46 1018/48
f 1111/55 1109/54 1116/52
f 1103/67 1010/5 1011/4
f 1018/48 1103/67 1011/4
f 1033/31 1034/32 1041/33
f 1122/1 1124/2 1121/3
f 1123/4 1122/5 1121/6
f 1121/3 1125/7 1123/8
f 1124/2 1125/7 1121/3
f 1126/9 1127/10 1125/7
f 1124/2 1126/9 1125/7
f 1125/7 1127/10 1128/11
f 1125/7 1128/11 1123/8
f 1127/10 1129/12 1128/11
f 1123/8 1128/11 1130/13
f 1128/11 1129/12 1131/14
f 1128/11 1131/14 1130/13
f 1129/12 1132/15 1131/14
f 1130/13 1131/14 1133/16
f 1131/14 1132/15 1134/17
f 1131/14 1134/17 1133/16
f 1134/18 1137/19 1135/20
f 1134/18 1135/20 1136/21
f 1133/16 1134/17 1136/22
f 1132/23 1137/19 1134/18
f 1137/19 1138/24 1135/20
f 1135/20 1138/24 1139/25
f 1138/24 1140/26 1139/25
f 1139/25 1140/26 1141/27
f 1140/26 1142/28 1141/27
f 1141/27 1142/28 1143/29
f 1142/28 1144/30 1143/29
f 1143/29 1144/30 1145/31
f 1144/30 1146/32 1145/31
f 1149/31 1144/30 1147/29
f 1147/29 1144/30 1148/28
f 1149/31 1150/32 1144/30
f 1151/33 1150/32 1149/31
f 1151/33 1152/34 1150/32
f 1146/32 1152/34 1153/33
f 1153/33 1152/34 1154/35
f 1152/34 1155/36 1154/35
f 1156/35 1152/34 1151/33
f 1156/35 1157/36 1152/34
f 1158/37 1157/36 1156/35
f 1158/37 1159/38 1157/36
f 1160/39 1159/38 1158/37
f 1160/39 1161/40 1159/38
f 1162/41 1161/40 1160/39
f 1162/41 1163/42 1161/40
f 1164/43 1163/42 1162/41
f 1164/43 1165/44 1163/42
f 1166/2 1165/44 1164/43
f 1166/2 1167/9 1165/44
f 1168/7 1167/9 1166/2
f 1168/7 1169/10 1167/9
f 1170/11 1169/10 1168/7
f 1170/11 1171/12 1169/10
f 1172/14 1171/12 1170/11
f 1172/14 1173/15 1171/12
f 1175/18 1174/19 1173/23
f 1175/17 1173/15 1172/14
f 1176/20 1174/19 1175/18
f 1177/21 1176/20 1175/18
f 1177/22 1175/17 1178/16
f 1178/16 1175/17 1172/14
f 1178/45 1179/46 1181/47
f 1180/48 1179/46 1178/45
f 1178/16 1172/14 1180/13
f 1178/45 1181/47 1177/49
f 1179/46 1183/50 1181/47
f 1177/49 1181/47 1182/51
f 1181/47 1184/52 1182/51
f 1181/47 1183/50 1184/52
f 1182/51 1184/52 1185/53
f 1183/50 1186/54 1184/52
f 1184/52 1187/55 1185/53
f 1184/52 1186/54 1187/55
f 1185/53 1187/55 1188/56
f 1186/54 1190/57 1187/55
f 1187/55 1189/58 1188/56
f 1187/55 1190/57 1189/58
f 1186/54 1191/59 1190/57
f 1191/59 1156/35 1190/57
f 1190/57 1151/33 1189/58
f 1190/57 1156/35 1151/33
f 1192/60 1193/61 1191/59
f 1192/60 1191/59 1186/54
f 1193/61 1158/37 1191/59
f 1191/59 1158/37 1156/35
f 1194/62 1160/39 1193/61
f 1194/63 1193/61 1192/60
f 1193/61 1160/39 1158/37
f 1195/64 1162/41 1194/62
f 1195/65 1194/63 1196/66
f 1196/66 1194/63 1192/60
f 1194/62 1162/41 1160/39
f 1197/67 1195/65 1196/66
f 1197/67 1196/66 1179/46
f 1179/46 1196/66 1183/50
f 1196/66 1192/60 1183/50
f 1198/5 1195/65 1197/67
f 1199/4 1198/5 1197/67
f 1199/4 1197/67 1180/48
f 1180/48 1197/67 1179/46
f 1200/6 1198/5 1199/4
f 1199/8 1168/7 1200/3
f 1180/13 1170/11 1199/8
f 1199/8 1170/11 1168/7
f 1200/3 1166/2 1198/1
f 1200/3 1168/7 1166/2
f 1198/1 1164/43 1195/64
f 1198/1 1166/2 1164/43
f 1195/64 1164/43 1162/41
f 1183/50 1192/60 1186/54
f 1188/56 1189/58 1201/68
f 1189/58 1149/31 1201/68
f 1189/58 1151/33 1149/31
f 1201/68 1147/29 1188/69
f 1201/68 1149/31 1147/29
f 1188/69 1202/27 1185/70
f 1188/69 1147/29 1202/27
f 1147/29 1148/28 1202/27
f 1185/70 1202/27 1203/25
f 1202/27 1204/26 1203/25
f 1202/27 1148/28 1204/26
f 1203/25 1204/26 1205/24
f 1203/25 1205/24 1176/20
f 1176/20 1205/24 1174/19
f 1185/70 1203/25 1182/71
f 1182/71 1203/25 1176/20
f 1182/71 1176/20 1177/21
f 1180/13 1172/14 1170/11
f 1154/35 1155/36 1206/37
f 1155/36 1207/38 1206/37
f 1206/37 1207/38 1208/39
f 1207/38 1209/40 1208/39
f 1208/39 1209/40 1210/41
f 1209/40 1211/42 1210/41
f 1210/41 1211/42 1212/43
f 1211/42 1213/44 1212/43
f 1212/43 1213/44 1124/2
f 1213/44 1126/9 1124/2
f 1210/41 1212/43 1214/64
f 1214/64 1212/43 1122/1
f 1212/43 1124/2 1122/1
f 1216/66 1214/65 1215/67
f 1215/67 1214/65 1122/5
f 1216/66 1217/63 1214/65
f 1217/62 1210/41 1214/64
f 1218/60 1217/63 1216/66
f 1218/60 1219/61 1217/63
f 1219/61 1208/39 1217/62
f 1208/39 1210/41 1217/62
f 1220/59 1219/61 1218/60
f 1220/59 1206/37 1219/61
f 1206/37 1208/39 1219/61
f 1222/57 1220/59 1221/54
f 1221/54 1220/59 1218/60
f 1222/57 1154/35 1220/59
f 1154/35 1206/37 1220/59
f 1224/58 1222/57 1223/55
f 1223/55 1222/57 1221/54
f 1224/58 1153/33 1222/57
f 1153/33 1154/35 1222/57
f 1226/68 1224/58 1225/56
f 1225/56 1224/58 1223/55
f 1226/68 1145/31 1224/58
f 1145/31 1153/33 1224/58
f 1225/69 1143/29 1226/68
f 1143/29 1145/31 1226/68
f 1225/56 1223/55 1227/53
f 1227/70 1141/27 1225/69
f 1141/27 1143/29 1225/69
f 1227/53 1223/55 1228/52
f 1227/53 1228/52 1229/51
f 1229/71 1139/25 1227/70
f 1139/25 1141/27 1227/70
f 1229/51 1228/52 1230/47
f 1229/51 1230/47 1136/49
f 1136/21 1135/20 1229/71
f 1135/20 1139/25 1229/71
f 1230/47 1232/50 1231/46
f 1230/47 1231/46 1133/45
f 1136/49 1230/47 1133/45
f 1228/52 1232/50 1230/47
f 1232/50 1218/60 1216/66
f 1232/50 1216/66 1231/46
f 1221/54 1218/60 1232/50
f 1228/52 1221/54 1232/50
f 1231/46 1216/66 1215/67
f 1231/46 1215/67 1130/48
f 1133/45 1231/46 1130/48
f 1223/55 1221/54 1228/52
f 1215/67 1122/5 1123/4
f 1130/48 1215/67 1123/4
f 1145/31 1146/32 1153/33
f 1234/1 1236/2 1233/3
f 1235/4 1234/5 1233/6
f 1233/3 1237/7 1235/8
f 1236/2 1237/7 1233/3
f 1238/9 1239/10 1237/7
f 1236/2 1238/9 1237/7
f 1237/7 1239/10 1240/11
f 1237/7 1240/11 1235/8
f 1239/10 1241/12 1240/11
f 1235/8 1240/11 1242/13
f 1240/11 1241/12 1243/14
f 1240/11 1243/14 1242/13
f 1241/12 1244/15 1243/14
f 1242/13 1243/14 1245/16
f 1243/14 1244/15 1246/17
f 1243/14 1246/17 1245/16
f 1246/18 1249/19 1247/20
f 1246/18 1247/20 1248/21
f 1245/16 1246/17 1248/22
f 1244/23 1249/19 1246/18
f 1249/19 1250/24 1247/20
f 1247/20 1250/24 1251/25
f 1250/24 1252/26 1251/25
f 1251/25 1252/26 1253/27
f 1252/26 1254/28 1253/27
f 1253/27 1254/28 1255/29
f 1254/28 1256/30 1255/29
f 1255/29 1256/30 1257/31
f 1256/30 1258/32 1257/31
f 1261/31 1256/30 1259/29
f 1259/29 1256/30 1260/28
f 1261/31 1262/32 1256/30
f 1263/33 1262/32 1261/31
f 1263/33 1264/34 1262/32
f 1258/32 1264/34 1265/33
f 1265/33 1264/34 1266/35
f 1264/34 1267/36 1266/35
f 1268/35 1264/34 1263/33
f 1268/35 1269/36 1264/34
f 1270/37 1269/36 1268/35
f 1270/37 1271/38 1269/36
f 1272/39 1271/38 1270/37
f 1272/39 1273/40 1271/38
f 1274/41 1273/40 1272/39
f 1274/41 1275/42 1273/40
f 1276/43 1275/42 1274/41
f 1276/43 1277/44 1275/42
f 1278/2 1277/44 1276/43
f 1278/2 1279/9 1277/44
f 1280/7 1279/9 1278/2
f 1280/7 1281/10 1279/9
f 1282/11 1281/10 1280/7
f 1282/11 1283/12 1281/10
f 1284/14 1283/12 1282/11
f 1284/14 1285/15 1283/12
f 1287/18 1286/19 1285/23
f 1287/17 1285/15 1284/14
f 1288/20 1286/19 1287/18
f 1289/21 1288/20 1287/18
f 1289/22 1287/17 1290/16
f 1290/16 1287/17 1284/14
f 1290/45 1291/46 1293/47
f 1292/48 1291/46 1290/45
f 1290/16 1284/14 1292/13
f 1290/45 1293/47 1289/49
f 1291/46 1295/50 1293/47
f 1289/49 1293/47 1294/51
f 1293/47 1296/52 1294/51
f 1293/47 1295/50 1296/52
f 1294/51 1296/52 1297/53
f 1295/50 1298/54 1296/52
f 1296/52 1299/55 1297/53
f 1296/52 1298/54 1299/55
f 1297/53 1299/55 1300/56
f 1298/54 1302/57 1299/55
f 1299/55 1301/58 1300/56
f 1299/55 1302/57 1301/58
f 1298/54 1303/59 1302/57
f 1303/59 1268/35 1302/57
f 1302/57 1263/33 1301/58
f 1302/57 1268/35 1263/33
f 1304/60 1305/61 1303/59
f 1304/60 1303/59 1298/54
f 1305/61 1270/37 1303/59
f 1303/59 1270/37 1268/35
f 1306/62 1272/39 1305/61
f 1306/63 1305/61 1304/60
f 1305/61 1272/39 1270/37
f 1307/64 1274/41 1306/62
f 1307/65 1306/63 1308/66
f 1308/66 1306/63 1304/60
f 1306/62 1274/41 1272/39
f 1309/67 1307/65 1308/66
f 1309/67 1308/66 1291/46
f 1291/46 1308/66 1295/50
f 1308/66 1304/60 1295/50
f 1310/5 1307/65 1309/67
f 1311/4 1310/5 1309/67
f 1311/4 1309/67 1292/48
f 1292/48 1309/67 1291/46
f 1312/6 1310/5 1311/4
f 1311/8 1280/7 1312/3
f 1292/13 1282/11 1311/8
f 1311/8 1282/11 1280/7
f 1312/3 1278/2 1310/1
f 1312/3 1280/7 1278/2
f 1310/1 1276/43 1307/64
f 1310/1 1278/2 1276/43
f 1307/64 1276/43 1274/41
f 1295/50 1304/60 1298/54
f 1300/56 1301/58 1313/68
f 1301/58 1261/31 1313/68
f 1301/58 1263/33 1261/31
f 1313/68 1259/29 1300/69
f 1313/68 1261/31 1259/29
f 1300/69 1314/27 1297/70
f 1300/69 1259/29 1314/27
f 1259/29 1260/28 1314/27
f 1297/70 1314/27 1315/25
f 1314/27 1316/26 1315/25
f 1314/27 1260/28 1316/26
f 1315/25 1316/26 1317/24
f 1315/25 1317/24 1288/20
f 1288/20 1317/24 1286/19
f 1297/70 1315/25 1294/71
f 1294/71 1315/25 1288/20
f 1294/71 1288/20 1289/21
f 1292/13 1284/14 1282/11
f 1266/35 1267/36 1318/37
f 1267/36 1319/38 1318/37
f 1318/37 1319/38 1320/39
f 1319/38 1321/40 1320/39
f 1320/39 1321/40 1322/41
f 1321/40 1323/42 1322/41
f 1322/41 1323/42 1324/43
f 1323/42 1325/44 1324/43
f 1324/43 1325/44 1236/2
f 1325/44 1238/9 1236/2
f 1322/41 1324/43 1326/64
f 1326/64 1324/43 1234/1
f 1324/43 1236/2 1234/1
f 1328/66 1326/65 1327/67
f 1327/67 1326/65 1234/5
f 1328/66 1329/63 1326/65
f 1329/62 1322/41 1326/64
f 1330/60 1329/63 1328/66
f 1330/60 1331/61 1329/63
f 1331/61 1320/39 1329/62
f 1320/39 1322/41 1329/62
f 1332/59 1331/61 1330/60
f 1332/59 1318/37 1331/61
f 1318/37 1320/39 1331/61
f 1334/57 1332/59 1333/54
f 1333/54 1332/59 1330/60
f 1334/57 1266/35 1332/59
f 1266/35 1318/37 1332/59
f 1336/58 1334/57 1335/55
f 1335/55 1334/57 1333/54
f 1336/58 1265/33 1334/57
f 1265/33 1266/35 1334/57
f 1338/68 1336/58 1337/56
f 1337/56 1336/58 1335/55
f 1338/68 1257/31 1336/58
f 1257/31 1265/33 1336/58
f 1337/69 1255/29 1338/68
f 1255/29 1257/31 1338/68
f 1337/56 1335/55 1339/53
f 1339/70 1253/27 1337/69
f 1253/27 1255/29 1337/69
f 1339/53 1335/55 1340/52
f 1339/53 1340/52 1341/51
f 1341/71 1251/25 1339/70
f 1251/25 1253/27 1339/70
f 1341/51 1340/52 1342/47
f 1341/51 1342/47 1248/49
f 1248/21 1247/20 1341/71
f 1247/20 1251/25 1341/71
f 1342/47 1344/50 1343/46
f 1342/47 1343/46 1245/45
f 1248/49 1342/47 1245/45
f 1340/52 1344/50 1342/47
f 1344/50 1330/60 1328/66
f 1344/50 1328/66 1343/46
f 1333/54 1330/60 1344/50
f 1340/52 1333/54 1344/50
f 1343/46 1328/66 1327/67
f 1343/46 1327/67 1242/48
f 1245/45 1343/46 1242/48
f 1335/55 1333/54 1340/52
f 1327/67 1234/5 1235/4
f 1242/48 1327/67 1235/4
f 1257/31 1258/32 1265/33
f 1346/1 1348/2 1345/3
f 1347/4 1346/5 1345/6
f 1345/3 1349/7 1347/8
f 1348/2 1349/7 1345/3
f 1350/9 1351/10 1349/7
f 1348/2 1350/9 1349/7
f 1349/7 1351/10 1352/11
f 1349/7 1352/11 1347/8
f 1351/10 1353/12 1352/11
f 1347/8 1352/11 1354/13
f 1352/11 1353/12 1355/14
f 1352/11 1355/14 1354/13
f 1353/12 1356/15 1355/14
f 1354/13 1355/14 1357/16
f 1355/14 1356/15 1358/17
f 1355/14 1358/17 1357/16
f 1358/18 1361/19 1359/20
f 1358/18 1359/20 1360/21
f 1357/16 1358/17 1360/22
f 1356/23 1361/19 1358/18
f 1361/19 1362/24 1359/20
f 1359/20 1362/24 1363/25
f 1362/24 1364/26 1363/25
f 1363/25 1364/26 1365/27
f 1364/26 1366/28 1365/27
f 1365/27 1366/28 1367/29
f 1366/28 1368/30 1367/29
f 1367/29 1368/30 1369/31
f 1368/30 1370/32 1369/31
f 1373/31 1368/30 1371/29
f 1371/29 1368/30 1372/28
f 1373/31 1374/32 1368/30
f 1375/33 1374/32 1373/31
f 1375/33 1376/34 1374/32
f 1370/32 1376/34 1377/33
f 1377/33 1376/34 1378/35
f 1376/34 1379/36 1378/35
f 1380/35 1376/34 1375/33
f 1380/35 1381/36 1376/34
f 1382/37 1381/36 1380/35
f 1382/37 1383/38 1381/36
f 1384/39 1383/38 1382/37
f 1384/39 1385/40 1383/38
f 1386/41 1385/40 1384/39
f 1386/41 1387/42 1385/40
f 1388/43 1387/42 1386/41
f 1388/43 1389/44 1387/42
f 1390/2 1389/44 1388/43
f 1390/2 1391/9 1389/44
f 1392/7 1391/9 1390/2
f 1392/7 1393/10 1391/9
f 1394/11 1393/10 1392/7
f 1394/11 1395/12 1393/10
f 1396/14 1395/12 1394/11
f 1396/14 1397/15 1395/12
f 1399/18 1398/19 1397/23
f 1399/17 1397/15 1396/14
f 1400/20 1398/19 1399/18
f 1401/21 1400/20 1399/18
f 1401/22 1399/17 1402/16
f 1402/16 1399/17 1396/14
f 1402/45 1403/46 1405/47
f 1404/48 1403/46 1402/45
f 1402/16 1396/14 1404/13
f 1402/45 1405/47 1401/49
f 1403/46 1407/50 1405/47
f 1401/49 1405/47 1406/51
f 1405/47 1408/52 1406/51
f 1405/47 1407/50 1408/52
f 1406/51 1408/52 1409/53
f 1407/50 1410/54 1408/52
f 1408/52 1411/55 1409/53
f 1408/52 1410/54 1411/55
f 1409/53 1411/55 1412/56
f 1410/54 1414/57 1411/55
f 1411/55 1413/58 1412/56
f 1411/55 1414/57 1413/58
f 1410/54 1415/59 1414/57
f 1415/59 1380/35 1414/57
f 1414/57 1375/33 1413/58
f 1414/57 1380/35 1375/33
f 1416/60 1417/61 1415/59
f 1416/60 1415/59 1410/54
f 1417/61 1382/37 1415/59
f 1415/59 1382/37 1380/35
f 1418/62 1384/39 1417/61
f 1418/63 1417/61 1416/60
f 1417/61 1384/39 1382/37
f 1419/64 1386/41 1418/62
f 1419/65 1418/63 1420/66
f 1420/66 1418/63 1416/60
f 1418/62 1386/41 1384/39
f 1421/67 1419/65 1420/66
f 1421/67 1420/66 1403/46
f 1403/46 1420/66 1407/50
f 1420/66 1416/60 1407/50
f 1422/5 1419/65 1421/67
f 1423/4 1422/5 1421/67
f 1423/4 1421/67 1404/48
f 1404/48 1421/67 1403/46
f 1424/6 1422/5 1423/4
f 1423/8 1392/7 1424/3
f 1404/13 1394/11 1423/8
f 1423/8 1394/11 1392/7
f 1424/3 1390/2 1422/1
f 1424/3 1392/7 1390/2
f 1422/1 1388/43 1419/64
f 1422/1 1390/2 1388/43
f 1419/64 1388/43 1386/41
f 1407/50 1416/60 1410/54
f 1412/56 1413/58 1425/68
f 1413/58 1373/31 1425/68
f 1413/58 1375/33 1373/31
f 1425/68 1371/29 1412/69
f 1425/68 1373/31 1371/29
f 1412/69 1426/27 1409/70
f 1412/69 1371/29 1426/27
f 1371/29 1372/28 1426/27
f 1409/70 1426/27 1427/25
f 1426/27 1428/26 1427/25
f 1426/27 1372/28 1428/26
f 1427/25 1428/26 1429/24
f 1427/25 1429/24 1400/20
f 1400/20 1429/24 1398/19
f 1409/70 1427/25 1406/71
f 1406/71 1427/25 1400/20
f 1406/71 1400/20 1401/21
f 1404/13 1396/14 1394/11
f 1378/35 1379/36 1430/37
f 1379/36 1431/38 1430/37
f 1430/37 1431/38 1432/39
f 1431/38 1433/40 1432/39
f 1432/39 1433/40 1434/41
f 1433/40 1435/42 1434/41
f 1434/41 1435/42 1436/43
f 1435/42 1437/44 1436/43
f 1436/43 1437/44 1348/2
f 1437/44 1350/9 1348/2
f 1434/41 1436/43 1438/64
f 1438/64 1436/43 1346/1
f 1436/43 1348/2 1346/1
f 1440/66 1438/65 1439/67
f 1439/67 1438/65 1346/5
f 1440/66 1441/63 1438/65
f 1441/62 1434/41 1438/64
f 1442/60 1441/63 1440/66
f 1442/60 1443/61 1441/63
f 1443/61 1432/39 1441/62
f 1432/39 1434/41 1441/62
f 1444/59 1443/61 1442/60
f 1444/59 1430/37 1443/61
f 1430/37 1432/39 1443/61
f 1446/57 1444/59 1445/54
f 1445/54 1444/59 1442/60
f 1446/57 1378/35 1444/59
f 1378/35 1430/37 1444/59
f 1448/58 1446/57 1447/55
f 1447/55 1446/57 1445/54
f 1448/58 1377/33 1446/57
f 1377/33 1378/35 1446/57
f 1450/68 1448/58 1449/56
f 1449/56 1448/58 1447/55
f 1450/68 1369/31 1448/58
f 1369/31 1377/33 1448/58
f 1449/69 1367/29 1450/68
f 1367/29 1369/31 1450/68
f 1449/56 1447/55 1451/53
f 1451/70 1365/27 1449/69
f 1365/27 1367/29 1449/69
f 1451/53 1447/55 1452/52
f 1451/53 1452/52 1453/51
f 1453/71 1363/25 1451/70
f 1363/25 1365/27 1451/70
f 1453/51 1452/52 1454/47
f 1453/51 1454/47 1360/49
f 1360/21 1359/20 1453/71
f 1359/20 1363/25 1453/71
f 1454/47 1456/50 1455/46
f 1454/47 1455/46 1357/45
f 1360/49 1454/47 1357/45
f 1452/52 1456/50 1454/47
f 1456/50 1442/60 1440/66
f 1456/50 1440/66 1455/46
f 1445/54 1442/60 1456/50
f 1452/52 1445/54 1456/50
f 1455/46 1440/66 1439/67
f 1455/46 1439/67 1354/48
f 1357/45 1455/46 1354/48
f 1447/55 1445/54 1452/52
f 1439/67 1346/5 1347/4
f 1354/48 1439/67 1347/4
f 1369/31 1370/32 1377/33
f 1458/1 1460/2 1457/3
f 1459/4 1458/5 1457/6
f 1457/3 1461/7 1459/8
f 1460/2 1461/7 1457/3
f 1462/9 1463/10 1461/7
f 1460/2 1462/9 1461/7
f 1461/7 1463/10 1464/11
f 1461/7 1464/11 1459/8
f 1463/10 1465/12 1464/11
f 1459/8 1464/11 1466/13
f 1464/11 1465/12 1467/14
f 1464/11 1467/14 1466/13
f 1465/12 1468/15 1467/14
f 1466/13 1467/14 1469/16
f 1467/14 1468/15 1470/17
f 1467/14 1470/17 1469/16
f 1470/18 1473/19 1471/20
f 1470/18 1471/20 1472/21
f 1469/16 1470/17 1472/22
f 1468/23 1473/19 1470/18
f 1473/19 1474/24 1471/20
f 1471/20 1474/24 1475/25
f 1474/24 1476/26 1475/25
f 1475/25 1476/26 1477/27
f 1476/26 1478/28 1477/27
f 1477/27 1478/28 1479/29
f 1478/28 1480/30 1479/29
f 1479/29 1480/30 1481/31
f 1480/30 1482/32 1481/31
f 1485/31 1480/30 1483/29
f 1483/29 1480/30 1484/28
f 1485/31 1486/32 1480/30
f 1487/33 1486/32 1485/31
f 1487/33 1488/34 1486/32
f 1482/32 1488/34 1489/33
f 1489/33 1488/34 1490/35
f 1488/34 1491/36 1490/35
f 1492/35 1488/34 1487/33
f 1492/35 1493/36 1488/34
f 1494/37 1493/36 1492/35
f 1494/37 1495/38 1493/36
f 1496/39 1495/38 1494/37
f 1496/39 1497/40 1495/38
f 1498/41 1497/40 1496/39
f 1498/41 1499/42 1497/40
f 1500/43 1499/42 1498/41
f 1500/43 1501/44 1499/42
f 1502/2 1501/44 1500/43
f 1502/2 1503/9 1501/44
f 1504/7 1503/9 1502/2
f 1504/7 1505/10 1503/9
f 1506/11 1505/10 1504/7
f 1506/11 1507/12 1505/10
f 1508/14 1507/12 1506/11
f 1508/14 1509/15 1507/12
f 1511/18 1510/19 1509/23
f 1511/17 1509/15 1508/14
f 1512/20 1510/19 1511/18
f 1513/21 1512/20 1511/18
f 1513/22 1511/17 1514/16
f 1514/16 1511/17 1508/14
f 1514/45 1515/46 1517/47
f 1516/48 1515/46 1514/45
f 1514/16 1508/14 1516/13
f 1514/45 1517/47 1513/49
f 1515/46 1519/50 1517/47
f 1513/49 1517/47 1518/51
f 1517/47 1520/52 1518/51
f 1517/47 1519/50 1520/52
f 1518/51 1520/52 1521/53
f 1519/50 1522/54 1520/52
f 1520/52 1523/55 1521/53
f 1520/52 1522/54 1523/55
f 1521/53 1523/55 1524/56
f 1522/54 1526/57 1523/55
f 1523/55 1525/58 1524/56
f 1523/55 1526/57 1525/58
f 1522/54 1527/59 1526/57
f 1527/59 1492/35 1526/57
f 1526/57 1487/33 1525/58
f 1526/57 1492/35 1487/33
f 1528/60 1529/61 1527/59
f 1528/60 1527/59 1522/54
f 1529/61 1494/37 1527/59
f 1527/59 1494/37 1492/35
f 1530/62 1496/39 1529/61
f 1530/63 1529/61 1528/60
f 1529/61 1496/39 1494/37
f 1531/64 1498/41 1530/62
f 1531/65 1530/63 1532/66
f 1532/66 1530/63 1528/60
f 1530/62 1498/41 1496/39
f 1533/67 1531/65 1532/66
f 1533/67 1532/66 1515/46
f 1515/46 1532/66 1519/50
f 1532/66 1528/60 1519/50
f 1534/5 1531/65 1533/67
f 1535/4 1534/5 1533/67
f 1535/4 1533/67 1516/48
f 1516/48 1533/67 1515/46
f 1536/6 1534/5 1535/4
f 1535/8 1504/7 1536/3
f 1516/13 1506/11 1535/8
f 1535/8 1506/11 1504/7
f 1536/3 1502/2 1534/1
f 1536/3 1504/7 1502/2
f 1534/1 1500/43 1531/64
f 1534/1 1502/2 1500/43
f 1531/64 1500/43 1498/41
f 1519/50 1528/60 1522/54
f 1524/56 1525/58 1537/68
f 1525/58 1485/31 1537/68
f 1525/58 1487/33 1485/31
f 1537/68 1483/29 1524/69
f 1537/68 1485/31 1483/29
f 1524/69 1538/27 1521/70
f 1524/69 1483/29 1538/27
f 1483/29 1484/28 1538/27
f 1521/70 1538/27 1539/25
f 1538/27 1540/26 1539/25
f 1538/27 1484/28 1540/26
f 1539/25 1540/26 1541/24
f 1539/25 1541/24 1512/20
f 1512/20 1541/24 1510/19
f 1521/70 1539/25 1518/71
f 1518/71 1539/25 1512/20
f 1518/71 1512/20 1513/21
f 1516/13 1508/14 1506/11
f 1490/35 1491/36 1542/37
f 1491/36 1543/38 1542/37
f 1542/37 1543/38 1544/39
f 1543/38 1545/40 1544/39
f 1544/39 1545/40 1546/41
f 1545/40 1547/42 1546/41
f 1546/41 1547/42 1548/43
f 1547/42 1549/44 1548/43
f 1548/43 1549/44 1460/2
f 1549/44 1462/9 1460/2
f 1546/41 1548/43 1550/64
f 1550/64 1548/43 1458/1
f 1548/43 1460/2 1458/1
f 1552/66 1550/65 1551/67
f 1551/67 1550/65 1458/5
f 1552/66 1553/63 1550/65
f 1553/62 1546/41 1550/64
f 1554/60 1553/63 1552/66
f 1554/60 1555/61 1553/63
f 1555/61 1544/39 1553/62
f 1544/39 1546/41 1553/62
f 1556/59 1555/61 1554/60
f 1556/59 1542/37 1555/61
f 1542/37 1544/39 1555/61
f 1558/57 1556/59 1557/54
f 1557/54 1556/59 1554/60
f 1558/57 1490/35 1556/59
f 1490/35 1542/37 1556/59
f 1560/58 1558/57 1559/55
f 1559/55 1558/57 1557/54
f 1560/58 1489/33 1558/57
f 1489/33 1490/35 1558/57
f 1562/68 1560/58 1561/56
f 1561/56 1560/58 1559/55
f 1562/68 1481/31 1560/58
f 1481/31 1489/33 1560/58
f 1561/69 1479/29 1562/68
f 1479/29 1481/31 1562/68
f 1561/56 1559/55 1563/53
f 1563/70 1477/27 1561/69
f 1477/27 1479/29 1561/69
f 1563/53 1559/55 1564/52
f 1563/53 1564/52 1565/51
f 1565/71 1475/25 1563/70
f 1475/25 1477/27 1563/70
f 1565/51 1564/52 1566/47
f 1565/51 1566/47 1472/49
f 1472/21 1471/20 1565/71
f 1471/20 1475/25 1565/71
f 1566/47 1568/50 1567/46
f 1566/47 1567/46 1469/45
f 1472/49 1566/47 1469/45
f 1564/52 1568/50 1566/47
f 1568/50 1554/60 1552/66
f 1568/50 1552/66 1567/46
f 1557/54 1554/60 1568/50
f 1564/52 1557/54 1568/50
f 1567/46 1552/66 1551/67
f 1567/46 1551/67 1466/48
f 1469/45 1567/46 1466/48
f 1559/55 1557/54 1564/52
f 1551/67 1458/5 1459/4
f 1466/48 1551/67 1459/4
f 1481/31 1482/32 1489/33
f 1570/1 1572/2 1569/3
f 1571/4 1570/5 1569/6
f 1569/3 1573/7 1571/8
f 1572/2 1573/7 1569/3
f 1574/9 1575/10 1573/7
f 1572/2 1574/9 1573/7
f 1573/7 1575/10 1576/11
f 1573/7 1576/11 1571/8
f 1575/10 1577/12 1576/11
f 1571/8 1576/11 1578/13
f 1576/11 1577/12 1579/14
f 1576/11 1579/14 1578/13
f 1577/12 1580/15 1579/14
f 1578/13 1579/14 1581/16
f 1579/14 1580/15 1582/17
f 1579/14 1582/17 1581/16
f 1582/18 1585/19 1583/20
f 1582/18 1583/20 1584/21
f 1581/16 1582/17 1584/22
f 1580/23 1585/19 1582/18
f 1585/19 1586/24 1583/20
f 1583/20 1586/24 1587/25
f 1586/24 1588/26 1587/25
f 1587/25 1588/26 1589/27
f 1588/26 1590/28 1589/27
f 1589/27 1590/28 1591/29
f 1590/28 1592/30 1591/29
f 1591/29 1592/30 1593/31
f 1592/30 1594/32 1593/31
f 1597/31 1592/30 1595/29
f 1595/29 1592/30 1596/28
f 1597/31 1598/32 1592/30
f 1599/33 1598/32 1597/31
f 1599/33 1600/34 1598/32
f 1594/32 1600/34 1601/33
f 1601/33 1600/34 1602/35
f 1600/34 1603/36 1602/35
f 1604/35 1600/34 1599/33
f 1604/35 1605/36 1600/34
f 1606/37 1605/36 1604/35
f 1606/37 1607/38 1605/36
f 1608/39 1607/38 1606/37
f 1608/39 1609/40 1607/38
f 1610/41 1609/40 1608/39
f 1610/41 1611/42 1609/40
f 1612/43 1611/42 1610/41
f 1612/43 1613/44 1611/42
f 1614/2 1613/44 1612/43
f 1614/2 1615/9 1613/44
f 1616/7 1615/9 1614/2
f 1616/7 1617/10 1615/9
f 1618/11 1617/10 1616/7
f 1618/11 1619/12 1617/10
f 1620/14 1619/12 1618/11
f 1620/14 1621/15 1619/12
f 1623/18 1622/19 1621/23
f 1623/17 1621/15 1620/14
f 1624/20 1622/19 1623/18
f 1625/21 1624/20 1623/18
f 1625/22 1623/17 1626/16
f 1626/16 1623/17 1620/14
f 1626/45 1627/46 1629/47
f 1628/48 1627/46 1626/45
f 1626/16 1620/14 1628/13
f 1626/45 1629/47 1625/49
f 1627/46 1631/50 1629/47
f 1625/49 1629/47 1630/51
f 1629/47 1632/52 1630/51
f 1629/47 1631/50 1632/52
f 1630/51 1632/52 1633/53
f 1631/50 1634/54 1632/52
f 1632/52 1635/55 1633/53
f 1632/52 1634/54 1635/55
f 1633/53 1635/55 1636/56
f 1634/54 1638/57 1635/55
f 1635/55 1637/58 1636/56
f 1635/55 1638/57 1637/58
f 1634/54 1639/59 1638/57
f 1639/59 1604/35 1638/57
f 1638/57 1599/33 1637/58
f 1638/57 1604/35 1599/33
f 1640/60 1641/61 1639/59
f 1640/60 1639/59 1634/54
f 1641/61 1606/37 1639/59
f 1639/59 1606/37 1604/35
f 1642/62 1608/39 1641/61
f 1642/63 1641/61 1640/60
f 1641/61 1608/39 1606/37
f 1643/64 1610/41 1642/62
f 1643/65 1642/63 1644/66
f 1644/66 1642/63 1640/60
f 1642/62 1610/41 1608/39
f 1645/67 1643/65 1644/66
f 1645/67 1644/66 1627/46
f 1627/46 1644/66 1631/50
f 1644/66 1640/60 1631/50
f 1646/5 1643/65 1645/67
f 1647/4 1646/5 1645/67
f 1647/4 1645/67 1628/48
f 1628/48 1645/67 1627/46
f 1648/6 1646/5 1647/4
f 1647/8 1616/7 1648/3
f 1628/13 1618/11 1647/8
f 1647/8 1618/11 1616/7
f 1648/3 1614/2 1646/1
f 1648/3 1616/7 1614/2
f 1646/1 1612/43 1643/64
f 1646/1 1614/2 1612/43
f 1643/64 1612/43 1610/41
f 1631/50 1640/60 1634/54
f 1636/56 1637/58 1649/68
f 1637/58 1597/31 1649/68
f 1637/58 1599/33 1597/31
f 1649/68 1595/29 1636/69
f 1649/68 1597/31 1595/29
f 1636/69 1650/27 1633/70
f 1636/69 1595/29 1650/27
f 1595/29 1596/28 1650/27
f 1633/70 1650/27 1651/25
f 1650/27 1652/26 1651/25
f 1650/27 1596/28 1652/26
f 1651/25 1652/26 1653/24
f 1651/25 1653/24 1624/20
f 1624/20 1653/24 1622/19
f 1633/70 1651/25 1630/71
f 1630/71 1651/25 1624/20
f 1630/71 1624/20 1625/21
f 1628/13 1620/14 1618/11
f 1602/35 1603/36 1654/37
f 1603/36 1655/38 1654/37
f 1654/37 1655/38 1656/39
f 1655/38 1657/40 1656/39
f 1656/39 1657/40 1658/41
f 1657/40 1659/42 1658/41
f 1658/41 1659/42 1660/43
f 1659/42 1661/44 1660/43
f 1660/43 1661/44 1572/2
f 1661/44 1574/9 1572/2
f 1658/41 1660/43 1662/64
f 1662/64 1660/43 1570/1
f 1660/43 1572/2 1570/1
f 1664/66 1662/65 1663/67
f 1663/67 1662/65 1570/5
f 1664/66 1665/63 1662/65
f 1665/62 1658/41 1662/64
f 1666/60 1665/63 1664/66
f 1666/60 1667/61 1665/63
f 1667/61 1656/39 1665/62
f 1656/39 1658/41 1665/62
f 1668/59 1667/61 1666/60
f 1668/59 1654/37 1667/61
f 1654/37 1656/39 1667/61
f 1670/57 1668/59 1669/54
f 1669/54 1668/59 1666/60
f 1670/57 1602/35 1668/59
f 1602/35 1654/37 1668/59
f 1672/58 1670/57 1671/55
f 1671/55 1670/57 1669/54
f 1672/58 1601/33 1670/57
f 1601/33 1602/35 1670/57
f 1674/68 1672/58 1673/56
f 1673/56 1672/58 1671/55
f 1674/68 1593/31 1672/58
f 1593/31 1601/33 1672/58
f 1673/69 1591/29 1674/68
f 1591/29 1593/31 1674/68
f 1673/56 1671/55 1675/53
f 1675/70 1589/27 1673/69
f 1589/27 1591/29 1673/69
f 1675/53 1671/55 1676/52
f 1675/53 1676/52 1677/51
f 1677/71 1587/25 1675/70
f 1587/25 1589/27 1675/70
f 1677/51 1676/52 1678/47
f 1677/51 1678/47 1584/49
f 1584/21 1583/20 1677/71
f 1583/20 1587/25 1677/71
f 1678/47 1680/50 1679/46
f 1678/47 1679/46 1581/45
f 1584/49 1678/47 1581/45
f 1676/52 1680/50 1678/47
f 1680/50 1666/60 1664/66
f 1680/50 1664/66 1679/46
f 1669/54 1666/60 1680/50
f 1676/52 1669/54 1680/50
f 1679/46 1664/66 1663/67
f 1679/46 1663/67 1578/48
f 1581/45 1679/46 1578/48
f 1671/55 1669/54 1676/52
f 1663/67 1570/5 1571/4
f 1578/48 1663/67 1571/4
f 1593/31 1594/32 1601/33
f 1682/1 1684/2 1681/3
f 1683/4 1682/5 1681/6
f 1681/3 1685/7 1683/8
f 1684/2 1685/7 1681/3
f 1686/9 1687/10 1685/7
f 1684/2 1686/9 1685/7
f 1685/7 1687/10 1688/11
f 1685/7 1688/11 1683/8
f 1687/10 1689/12 1688/11
f 1683/8 1688/11 1690/13
f 1688/11 1689/12 1691/14
f 1688/11 1691/14 1690/13
f 1689/12 1692/15 1691/14
f 1690/13 1691/14 1693/16
f 1691/14 1692/15 1694/17
f 1691/14 1694/17 1693/16
f 1694/18 1697/19 1695/20
f 1694/18 1695/20 1696/21
f 1693/16 1694/17 1696/22
f 1692/23 1697/19 1694/18
f 1697/19 1698/24 1695/20
f 1695/20 1698/24 1699/25
f 1698/24 1700/26 1699/25
f 1699/25 1700/26 1701/27
f 1700/26 1702/28 1701/27
f 1701/27 1702/28 1703/29
f 1702/28 1704/30 1703/29
f 1703/29 1704/30 1705/31
f 1704/30 1706/32 1705/31
f 1709/31 1704/30 1707/29
f 1707/29 1704/30 1708/28
f 1709/31 1710/32 1704/30
f 1711/33 1710/32 1709/31
f 1711/33 1712/34 1710/32
f 1706/32 1712/34 1713/33
f 1713/33 1712/34 1714/35
f 1712/34 1715/36 1714/35
f 1716/35 1712/34 1711/33
f 1716/35 1717/36 1712/34
f 1718/37 1717/36 1716/35
f 1718/37 1719/38 1717/36
f 1720/39 1719/38 1718/37
f 1720/39 1721/40 1719/38
f 1722/41 1721/40 1720/39
f 1722/41 1723/42 1721/40
f 1724/43 1723/42 1722/41
f 1724/43 1725/44 1723/42
f 1726/2 1725/44 1724/43
f 1726/2 1727/9 1725/44
f 1728/7 1727/9 1726/2
f 1728/7 1729/10 1727/9
f 1730/11 1729/10 1728/7
f 1730/11 1731/12 1729/10
f 1732/14 1731/12 1730/11
f 1732/14 1733/15 1731/12
f 1735/18 1734/19 1733/23
f 1735/17 1733/15 1732/14
f 1736/20 1734/19 1735/18
f 1737/21 1736/20 1735/18
f 1737/22 1735/17 1738/16
f 1738/16 1735/17 1732/14
f 1738/45 1739/46 1741/47
f 1740/48 1739/46 1738/45
f 1738/16 1732/14 1740/13
f 1738/45 1741/47 1737/49
f 1739/46 1743/50 1741/47
f 1737/49 1741/47 1742/51
f 1741/47 1744/52 1742/51
f 1741/47 1743/50 1744/52
f 1742/51 1744/52 1745/53
f 1743/50 1746/54 1744/52
f 1744/52 1747/55 1745/53
f 1744/52 1746/54 1747/55
f 1745/53 1747/55 1748/56
f 1746/54 1750/57 1747/55
f 1747/55 1749/58 1748/56
f 1747/55 1750/57 1749/58
f 1746/54 1751/59 1750/57
f 1751/59 1716/35 1750/57
f 1750/57 1711/33 1749/58
f 1750/57 1716/35 1711/33
f 1752/60 1753/61 1751/59
f 1752/60 1751/59 1746/54
f 1753/61 1718/37 1751/59
f 1751/59 1718/37 1716/35
f 1754/62 1720/39 1753/61
f 1754/63 1753/61 1752/60
f 1753/61 1720/39 1718/37
f 1755/64 1722/41 1754/62
f 1755/65 1754/63 1756/66
f 1756/66 1754/63 1752/60
f 1754/62 1722/41 1720/39
f 1757/67 1755/65 1756/66
f 1757/67 1756/66 1739/46
f 1739/46 1756/66 1743/50
f 1756/66 1752/60 1743/50
f 1758/5 1755/65 1757/67
f 1759/4 1758/5 1757/67
f 1759/4 1757/67 1740/48
f 1740/48 1757/67 1739/46
f 1760/6 1758/5 1759/4
f 1759/8 1728/7 1760/3
f 1740/13 1730/11 1759/8
f 1759/8 1730/11 1728/7
f 1760/3 1726/2 1758/1
f 1760/3 1728/7 1726/2
f 1758/1 1724/43 1755/64
f 1758/1 1726/2 1724/43
f 1755/64 1724/43 1722/41
f 1743/50 1752/60 1746/54
f 1748/56 1749/58 1761/68
f 1749/58 1709/31 1761/68
f 1749/58 1711/33 1709/31
f 1761/68 1707/29 1748/69
f 1761/68 1709/31 1707/29
f 1748/69 1762/27 1745/70
f 1748/69 1707/29 1762/27
f 1707/29 1708/28 1762/27
f 1745/70 1762/27 1763/25
f 1762/27 1764/26 1763/25
f 1762/27 1708/28 1764/26
f 1763/25 1764/26 1765/24
f 1763/25 1765/24 1736/20
f 1736/20 1765/24 1734/19
f 1745/70 1763/25 1742/71
f 1742/71 1763/25 1736/20
f 1742/71 1736/20 1737/21
f 1740/13 1732/14 1730/11
f 1714/35 1715/36 1766/37
f 1715/36 1767/38 1766/37
f 1766/37 1767/38 1768/39
f 1767/38 1769/40 1768/39
f 1768/39 1769/40 1770/41
f 1769/40 1771/42 1770/41
f 1770/41 1771/42 1772/43
f 1771/42 1773/44 1772/43
f 1772/43 1773/44 1684/2
f 1773/44 1686/9 1684/2
f 1770/41 1772/43 1774/64
f 1774/64 1772/43 1682/1
f 1772/43 1684/2 1682/1
f 1776/66 1774/65 1775/67
f 1775/67 1774/65 1682/5
f 1776/66 1777/63 1774/65
f 1777/62 1770/41 1774/64
f 1778/60 1777/63 1776/66
f 1778/60 1779/61 1777/63
f 1779/61 1768/39 1777/62
f 1768/39 1770/41 1777/62
f 1780/59 1779/61 1778/60
f 1780/59 1766/37 1779/61
f 1766/37 1768/39 1779/61
f 1782/57 1780/59 1781/54
f 1781/54 1780/59 1778/60
f 1782/57 1714/35 1780/59
f 1714/35 1766/37 1780/59
f 1784/58 1782/57 1783/55
f 1783/55 1782/57 1781/54
f 1784/58 1713/33 1782/57
f 1713/33 1714/35 1782/57
f 1786/68 1784/58 1785/56
f 1785/56 1784/58 1783/55
f 1786/68 1705/31 1784/58
f 1705/31 1713/33 1784/58
f 1785/69 1703/29 1786/68
f 1703/29 1705/31 1786/68
f 1785/56 1783/55 1787/53
f 1787/70 1701/27 1785/69
f 1701/27 1703/29 1785/69
f 1787/53 1783/55 1788/52
f 1787/53 1788/52 1789/51
f 1789/71 1699/25 1787/70
f 1699/25 1701/27 1787/70
f 1789/51 1788/52 1790/47
f 1789/51 1790/47 1696/49
f 1696/21 1695/20 1789/71
f 1695/20 1699/25 1789/71
f 1790/47 1792/50 1791/46
f 1790/47 1791/46 1693/45
f 1696/49 1790/47 1693/45
f 1788/52 1792/50 1790/47
f 1792/50 1778/60 1776/66
f 1792/50 1776/66 1791/46
f 1781/54 1778/60 1792/50
f 1788/52 1781/54 1792/50
f 1791/46 1776/66 1775/67
f 1791/46 1775/67 1690/48
f 1693/45 1791/46 1690/48
f 1783/55 1781/54 1788/52
f 1775/67 1682/5 1683/4
f 1690/48 1775/67 1683/4
f 1705/31 1706/32 1713/33
f 1794/1 1796/2 1793/3
f 1795/4 1794/5 1793/6
f 1793/3 1797/7 1795/8
f 1796/2 1797/7 1793/3
f 1798/9 1799/10 1797/7
f 1796/2 1798/9 1797/7
f 1797/7 1799/10 1800/11
f 1797/7 1800/11 1795/8
f 1799/10 1801/12 1800/11
f 1795/8 1800/11 1802/13
f 1800/11 1801/12 1803/14
f 1800/11 1803/14 1802/13
f 1801/12 1804/15 1803/14
f 1802/13 1803/14 1805/16
f 1803/14 1804/15 1806/17
f 1803/14 1806/17 1805/16
f 1806/18 1809/19 1807/20
f 1806/18 1807/20 1808/21
f 1805/16 1806/17 1808/22
f 1804/23 1809/19 1806/18
f 1809/19 1810/24 1807/20
f 1807/20 1810/24 1811/25
f 1810/24 1812/26 1811/25
f 1811/25 1812/26 1813/27
f 1812/26 1814/28 1813/27
f 1813/27 1814/28 1815/29
f 1814/28 1816/30 1815/29
f 1815/29 1816/30 1817/31
f 1816/30 1818/32 1817/31
f 1821/31 1816/30 1819/29
f 1819/29 1816/30 1820/28
f 1821/31 1822/32 1816/30
f 1823/33 1822/32 1821/31
f 1823/33 1824/34 1822/32
f 1818/32 1824/34 1825/33
f 1825/33 1824/34 1826/35
f 1824/34 1827/36 1826/35
f 1828/35 1824/34 1823/33
f 1828/35 1829/36 1824/34
f 1830/37 1829/36 1828/35
f 1830/37 1831/38 1829/36
f 1832/39 1831/38 1830/37
f 1832/39 1833/40 1831/38
f 1834/41 1833/40 1832/39
f 1834/41 1835/42 1833/40
f 1836/43 1835/42 1834/41
f 1836/43 1837/44 1835/42
f 1838/2 1837/44 1836/43
f 1838/2 1839/9 1837/44
f 1840/7 1839/9 1838/2
f 1840/7 1841/10 1839/9
f 1842/11 1841/10 1840/7
f 1842/11 1843/12 1841/10
f 1844/14 1843/12 1842/11
f 1844/14 1845/15 1843/12
f 1847/18 1846/19 1845/23
f 1847/17 1845/15 1844/14
f 1848/20 1846/19 1847/18
f 1849/21 1848/20 1847/18
f 1849/22 1847/17 1850/16
f 1850/16 1847/17 1844/14
f 1850/45 1851/46 1853/47
f 1852/48 1851/46 1850/45
f 1850/16 1844/14 1852/13
f 1850/45 1853/47 1849/49
f 1851/46 1855/50 1853/47
f 1849/49 1853/47 1854/51
f 1853/47 1856/52 1854/51
f 1853/47 1855/50 1856/52
f 1854/51 1856/52 1857/53
f 1855/50 1858/54 1856/52
f 1856/52 1859/55 1857/53
f 1856/52 1858/54 1859/55
f 1857/53 1859/55 1860/56
f 1858/54 1862/57 1859/55
f 1859/55 1861/58 1860/56
f 1859/55 1862/57 1861/58
f 1858/54 1863/59 1862/57
f 1863/59 1828/35 1862/57
f 1862/57 1823/33 1861/58
f 1862/57 1828/35 1823/33
f 1864/60 1865/61 1863/59
f 1864/60 1863/59 1858/54
f 1865/61 1830/37 1863/59
f 1863/59 1830/37 1828/35
f 1866/62 1832/39 1865/61
f 1866/63 1865/61 1864/60
f 1865/61 1832/39 1830/37
f 1867/64 1834/41 1866/62
f 1867/65 1866/63 1868/66
f 1868/66 1866/63 1864/60
f 1866/62 1834/41 1832/39
f 1869/67 1867/65 1868/66
f 1869/67 1868/66 1851/46
f 1851/46 1868/66 1855/50
f 1868/66 1864/60 1855/50
f 1870/5 1867/65 1869/67
f 1871/4 1870/5 1869/67
f 1871/4 1869/67 1852/48
f 1852/48 1869/67 1851/46
f 1872/6 1870/5 1871/4
f 1871/8 1840/7 1872/3
f 1852/13 1842/11 1871/8
f 1871/8 1842/11 1840/7
f 1872/3 1838/2 1870/1
f 1872/3 1840/7 1838/2
f 1870/1 1836/43 1867/64
f 1870/1 1838/2 1836/43
f 1867/64 1836/43 1834/41
f 1855/50 1864/60 1858/54
f 1860/56 1861/58 1873/68
f 1861/58 1821/31 1873/68
f 1861/58 1823/33 1821/31
f 1873/68 1819/29 1860/69
f 1873/68 1821/31 1819/29
f 1860/69 1874/27 1857/70
f 1860/69 1819/29 1874/27
f 1819/29 1820/28 1874/27
f 1857/70 1874/27 1875/25
f 1874/27 1876/26 1875/25
f 1874/27 1820/28 1876/26
f 1875/25 1876/26 1877/24
f 1875/25 1877/24 1848/20
f 1848/20 1877/24 1846/19
f 1857/70 1875/25 1854/71
f 1854/71 1875/25 1848/20
f 1854/71 1848/20 1849/21
f 1852/13 1844/14 1842/11
f 1826/35 1827/36 1878/37
f 1827/36 1879/38 1878/37
f 1878/37 1879/38 1880/39
f 1879/38 1881/40 1880/39
f 1880/39 1881/40 1882/41
f 1881/40 1883/42 1882/41
f 1882/41 1883/42 1884/43
f 1883/42 1885/44 1884/43
f 1884/43 1885/44 1796/2
f 1885/44 1798/9 1796/2
f 1882/41 1884/43 1886/64
f 1886/64 1884/43 1794/1
f 1884/43 1796/2 1794/1
f 1888/66 1886/65 1887/67
f 1887/67 1886/65 1794/5
f 1888/66 1889/63 1886/65
f 1889/62 1882/41 1886/64
f 1890/60 1889/63 1888/66
f 1890/60 1891/61 1889/63
f 1891/61 1880/39 1889/62
f 1880/39 1882/41 1889/62
f 1892/59 1891/61 1890/60
f 1892/59 1878/37 1891/61
f 1878/37 1880/39 1891/61
f 1894/57 1892/59 1893/54
f 1893/54 1892/59 1890/60
f 1894/57 1826/35 1892/59
f 1826/35 1878/37 1892/59
f 1896/58 1894/57 1895/55
f 1895/55 1894/57 1893/54
f 1896/58 1825/33 1894/57
f 1825/33 1826/35 1894/57
f 1898/68 1896/58 1897/56
f 1897/56 1896/58 1895/55
f 1898/68 1817/31 1896/58
f 1817/31 1825/33 1896/58
f 1897/69 1815/29 1898/68
f 1815/29 1817/31 1898/68
f 1897/56 1895/55 1899/53
f 1899/70 1813/27 1897/69
f 1813/27 1815/29 1897/69
f 1899/53 1895/55 1900/52
f 1899/53 1900/52 1901/51
f 1901/71 1811/25 1899/70
f 1811/25 1813/27 1899/70
f 1901/51 1900/52 1902/47
f 1901/51 1902/47 1808/49
f 1808/21 1807/20 1901/71
f 1807/20 1811/25 1901/71
f 1902/47 1904/50 1903/46
f 1902/47 1903/46 1805/45
f 1808/49 1902/47 1805/45
f 1900/52 1904/50 1902/47
f 1904/50 1890/60 1888/66
f 1904/50 1888/66 1903/46
f 1893/54 1890/60 1904/50
f 1900/52 1893/54 1904/50
f 1903/46 1888/66 1887/67
f 1903/46 1887/67 1802/48
f 1805/45 1903/46 1802/48
f 1895/55 1893/54 1900/52
f 1887/67 1794/5 1795/4
f 1802/48 1887/67 1795/4
f 1817/31 1818/32 1825/33
f 1906/1 1908/2 1905/3
f 1907/4 1906/5 1905/6
f 1905/3 1909/7 1907/8
f 1908/2 1909/7 1905/3
f 1910/9 1911/10 1909/7
f 1908/2 1910/9 1909/7
f 1909/7 1911/10 1912/11
f 1909/7 1912/11 1907/8
f 1911/10 1913/12 1912/11
f 1907/8 1912/11 1914/13
f 1912/11 1913/12 1915/14
f 1912/11 1915/14 1914/13
f 1913/12 1916/15 1915/14
f 1914/13 1915/14 1917/16
f 1915/14 1916/15 1918/17
f 1915/14 1918/17 1917/16
f 1918/18 1921/19 1919/20
f 1918/18 1919/20 1920/21
f 1917/16 1918/17 1920/22
f 1916/23 1921/19 1918/18
f 1921/19 1922/24 1919/20
f 1919/20 1922/24 1923/25
f 1922/24 1924/26 1923/25
f 1923/25 1924/26 1925/27
f 1924/26 1926/28 1925/27
f 1925/27 1926/28 1927/29
f 1926/28 1928/30 1927/29
f 1927/29 1928/30 1929/31
f 1928/30 1930/32 1929/31
f 1933/31 1928/30 1931/29
f 1931/29 1928/30 1932/28
f 1933/31 1934/32 1928/30
f 1935/33 1934/32 1933/31
f 1935/33 1936/34 1934/32
f 1930/32 1936/34 1937/33
f 1937/33 1936/34 1938/35
f 1936/34 1939/36 1938/35
f 1940/35 1936/34 1935/33
f 1940/35 1941/36 1936/34
f 1942/37 1941/36 1940/35
f 1942/37 1943/38 1941/36
f 1944/39 1943/38 1942/37
f 1944/39 1945/40 1943/38
f 1946/41 1945/40 1944/39
f 1946/41 1947/42 1945/40
f 1948/43 1947/42 1946/41
f 1948/43 1949/44 1947/42
f 1950/2 1949/44 1948/43
f 1950/2 1951/9 1949/44
f 1952/7 1951/9 1950/2
f 1952/7 1953/10 1951/9
f 1954/11 1953/10 1952/7
f 1954/11 1955/12 1953/10
f 1956/14 1955/12 1954/11
f 1956/14 1957/15 1955/12
f 1959/18 1958/19 1957/23
f 1959/17 1957/15 1956/14
f 1960/20 1958/19 1959/18
f 1961/21 1960/20 1959/18
f 1961/22 1959/17 1962/16
f 1962/16 1959/17 1956/14
f 1962/45 1963/46 1965/47
f 1964/48 1963/46 1962/45
f 1962/16 1956/14 1964/13
f 1962/45 1965/47 1961/49
f 1963/46 1967/50 1965/47
f 1961/49 1965/47 1966/51
f 1965/47 1968/52 1966/51
f 1965/47 1967/50 1968/52
f 1966/51 1968/52 1969/53
f 1967/50 1970/54 1968/52
f 1968/52 1971/55 1969/53
f 1968/52 1970/54 1971/55
f 1969/53 1971/55 1972/56
f 1970/54 1974/57 1971/55
f 1971/55 1973/58 1972/56
f 1971/55 1974/57 1973/58
f 1970/54 1975/59 1974/57
f 1975/59 1940/35 1974/57
f 1974/57 1935/33 1973/58
f 1974/57 1940/35 1935/33
f 1976/60 1977/61 1975/59
f 1976/60 1975/59 1970/54
f 1977/61 1942/37 1975/59
f 1975/59 1942/37 1940/35
f 1978/62 1944/39 1977/61
f 1978/63 1977/61 1976/60
f 1977/61 1944/39 1942/37
f 1979/64 1946/41 1978/62
f 1979/65 1978/63 1980/66
f 1980/66 1978/63 1976/60
f 1978/62 1946/41 1944/39
f 1981/67 1979/65 1980/66
f 1981/67 1980/66 1963/46
f 1963/46 1980/66 1967/50
f 1980/66 1976/60 1967/50
f 1982/5 1979/65 1981/67
f 1983/4 1982/5 1981/67
f 1983/4 1981/67 1964/48
f 1964/48 1981/67 1963/46
f 1984/6 1982/5 1983/4
f 1983/8 1952/7 1984/3
f 1964/13 1954/11 1983/8
f 1983/8 1954/11 1952/7
f 1984/3 1950/2 1982/1
f 1984/3 1952/7 1950/2
f 1982/1 1948/43 1979/64
f 1982/1 1950/2 1948/43
f 1979/64 1948/43 1946/41
f 1967/50 1976/60 1970/54
f 1972/56 1973/58 1985/68
f 1973/58 1933/31 1985/68
f 1973/58 1935/33 1933/31
f 1985/68 1931/29 1972/69
f 1985/68 1933/31 1931/29
f 1972/69 1986/27 1969/70
f 1972/69 1931/29 1986/27
f 1931/29 1932/28 1986/27
f 1969/70 1986/27 1987/25
f 1986/27 1988/26 1987/25
f 1986/27 1932/28 1988/26
f 1987/25 1988/26 1989/24
f 1987/25 1989/24 1960/20
f 1960/20 1989/24 1958/19
f 1969/70 1987/25 1966/71
f 1966/71 1987/25 1960/20
f 1966/71 1960/20 1961/21
f 1964/13 1956/14 1954/11
f 1938/35 1939/36 1990/37
f 1939/36 1991/38 1990/37
f 1990/37 1991/38 1992/39
f 1991/38 1993/40 1992/39
f 1992/39 1993/40 1994/41
f 1993/40 1995/42 1994/41
f 1994/41 1995/42 1996/43
f 1995/42 1997/44 1996/43
f 1996/43 1997/44 1908/2
f 1997/44 1910/9 1908/2
f 1994/41 1996/43 1998/64
f 1998/64 1996/43 1906/1
f 1996/43 1908/2 1906/1
f 2000/66 1998/65 1999/67
f 1999/67 1998/65 1906/5
f 2000/66 2001/63 1998/65
f 2001/62 1994/41 1998/64
f 2002/60 2001/63 2000/66
f 2002/60 2003/61 2001/63
f 2003/61 1992/39 2001/62
f 1992/39 1994/41 2001/62
f 2004/59 2003/61 2002/60
f 2004/59 1990/37 2003/61
f 1990/37 1992/39 2003/61
f 2006/57 2004/59 2005/54
f 2005/54 2004/59 2002/60
f 2006/57 1938/35 2004/59
f 1938/35 1990/37 2004/59
f 2008/58 2006/57 2007/55
f 2007/55 2006/57 2005/54
f 2008/58 1937/33 2006/57
f 1937/33 1938/35 2006/57
f 2010/68 2008/58 2009/56
f 2009/56 2008/58 2007/55
f 2010/68 1929/31 2008/58
f 1929/31 1937/33 2008/58
f 2009/69 1927/29 2010/68
f 1927/29 1929/31 2010/68
f 2009/56 2007/55 2011/53
f 2011/70 1925/27 2009/69
f 1925/27 1927/29 2009/69
f 2011/53 2007/55 2012/52
f 2011/53 2012/52 2013/51
f 2013/71 1923/25 2011/70
f 1923/25 1925/27 2011/70
f 2013/51 2012/52 2014/47
f 2013/51 2014/47 1920/49
f 1920/21 1919/20 2013/71
f 1919/20 1923/25 2013/71
f 2014/47 2016/50 2015/46
f 2014/47 2015/46 1917/45
f 1920/49 2014/47 1917/45
f 2012/52 2016/50 2014/47
f 2016/50 2002/60 2000/66
f 2016/50 2000/66 2015/46
f 2005/54 2002/60 2016/50
f 2012/52 2005/54 2016/50
f 2015/46 2000/66 1999/67
f 2015/46 1999/67 1914/48
f 1917/45 2015/46 1914/48
f 2007/55 2005/54 2012/52
f 1999/67 1906/5 1907/4
f 1914/48 1999/67 1907/4
f 1929/31 1930/32 1937/33
f 2018/1 2020/2 2017/3
f 2019/4 2018/5 2017/6
f 2017/3 2021/7 2019/8
f 2020/2 2021/7 2017/3
f 2022/9 2023/10 2021/7
f 2020/2 2022/9 2021/7
f 2021/7 2023/10 2024/11
f 2021/7 2024/11 2019/8
f 2023/10 2025/12 2024/11
f 2019/8 2024/11 2026/13
f 2024/11 2025/12 2027/14
f 2024/11 2027/14 2026/13
f 2025/12 2028/15 2027/14
f 2026/13 2027/14 2029/16
f 2027/14 2028/15 2030/17
f 2027/14 2030/17 2029/16
f 2030/18 2033/19 2031/20
f 2030/18 2031/20 2032/21
f 2029/16 2030/17 2032/22
f 2028/23 2033/19 2030/18
f 2033/19 2034/24 2031/20
f 2031/20 2034/24 2035/25
f 2034/24 2036/26 2035/25
f 2035/25 2036/26 2037/27
f 2036/26 2038/28 2037/27
f 2037/27 2038/28 2039/29
f 2038/28 2040/30 2039/29
f 2039/29 2040/30 2041/31
f 2040/30 2042/32 2041/31
f 2045/31 2040/30 2043/29
f 2043/29 2040/30 2044/28
f 2045/31 2046/32 2040/30
f 2047/33 2046/32 2045/31
f 2047/33 2048/34 2046/32
f 2042/32 2048/34 2049/33
f 2049/33 2048/34 2050/35
f 2048/34 2051/36 2050/35
f 2052/35 2048/34 2047/33
f 2052/35 2053/36 2048/34
f 2054/37 2053/36 2052/35
f 2054/37 2055/38 2053/36
f 2056/39 2055/38 2054/37
f 2056/39 2057/40 2055/38
f 2058/41 2057/40 2056/39
f 2058/41 2059/42 2057/40
f 2060/43 2059/42 2058/41
f 2060/43 2061/44 2059/42
f 2062/2 2061/44 2060/43
f 2062/2 2063/9 2061/44
f 2064/7 2063/9 2062/2
f 2064/7 2065/10 2063/9
f 2066/11 2065/10 2064/7
f 2066/11 2067/12 2065/10
f 2068/14 2067/12 2066/11
f 2068/14 2069/15 2067/12
f 2071/18 2070/19 2069/23
f 2071/17 2069/15 2068/14
f 2072/20 2070/19 2071/18
f 2073/21 2072/20 2071/18
f 2073/22 2071/17 2074/16
f 2074/16 2071/17 2068/14
f 2074/45 2075/46 2077/47
f 2076/48 2075/46 2074/45
f 2074/16 2068/14 2076/13
f 2074/45 2077/47 2073/49
f 2075/46 2079/50 2077/47
f 2073/49 2077/47 2078/51
f 2077/47 2080/52 2078/51
f 2077/47 2079/50 2080/52
f 2078/51 2080/52 2081/53
f 2079/50 2082/54 2080/52
f 2080/52 2083/55 2081/53
f 2080/52 2082/54 2083/55
f 2081/53 2083/55 2084/56
f 2082/54 2086/57 2083/55
f 2083/55 2085/58 2084/56
f 2083/55 2086/57 2085/58
f 2082/54 2087/59 2086/57
f 2087/59 2052/35 2086/57
f 2086/57 2047/33 2085/58
f 2086/57 2052/35 2047/33
f 2088/60 2089/61 2087/59
f 2088/60 2087/59 2082/54
f 2089/61 2054/37 2087/59
f 2087/59 2054/37 2052/35
f 2090/62 2056/39 2089/61
f 2090/63 2089/61 2088/60
f 2089/61 2056/39 2054/37
f 2091/64 2058/41 2090/62
f 2091/65 2090/63 2092/66
f 2092/66 2090/63 2088/60
f 2090/62 2058/41 2056/39
f 2093/67 2091/65 2092/66
f 2093/67 2092/66 2075/46
f 2075/46 2092/66 2079/50
f 2092/66 2088/60 2079/50
f 2094/5 2091/65 2093/67
f 2095/4 2094/5 2093/67
f 2095/4 2093/67 2076/48
f 2076/48 2093/67 2075/46
f 2096/6 2094/5 2095/4
f 2095/8 2064/7 2096/3
f 2076/13 2066/11 2095/8
f 2095/8 2066/11 2064/7
f 2096/3 2062/2 2094/1
f 2096/3 2064/7 2062/2
f 2094/1 2060/43 2091/64
f 2094/1 2062/2 2060/43
f 2091/64 2060/43 2058/41
f 2079/50 2088/60 2082/54
f 2084/56 2085/58 2097/68
f 2085/58 2045/31 2097/68
f 2085/58 2047/33 2045/31
f 2097/68 2043/29 2084/69
f 2097/68 2045/31 2043/29
f 2084/69 2098/27 2081/70
f 2084/69 2043/29 2098/27
f 2043/29 2044/28 2098/27
f 2081/70 2098/27 2099/25
f 2098/27 2100/26 2099/25
f 2098/27 2044/28 2100/26
f 2099/25 2100/26 2101/24
f 2099/25 2101/24 2072/20
f 2072/20 2101/24 2070/19
f 2081/70 2099/25 2078/71
f 2078/71 2099/25 2072/20
f 2078/71 2072/20 2073/21
f 2076/13 2068/14 2066/11
f 2050/35 2051/36 2102/37
f 2051/36 2103/38 2102/37
f 2102/37 2103/38 2104/39
f 2103/38 2105/40 2104/39
f 2104/39 2105/40 2106/41
f 2105/40 2107/42 2106/41
f 2106/41 2107/42 2108/43
f 2107/42 2109/44 2108/43
f 2108/43 2109/44 2020/2
f 2109/44 2022/9 2020/2
f 2106/41 2108/43 2110/64
f 2110/64 2108/43 2018/1
f 2108/43 2020/2 2018/1
f 2112/66 2110/65 2111/67
f 2111/67 2110/65 2018/5
f 2112/66 2113/63 2110/65
f 2113/62 2106/41 2110/64
f 2114/60 2113/63 2112/66
f 2114/60 2115/61 2113/63
f 2115/61 2104/39 2113/62
f 2104/39 2106/41 2113/62
f 2116/59 2115/61 2114/60
f 2116/59 2102/37 2115/61
f 2102/37 2104/39 2115/61
f 2118/57 2116/59 2117/54
f 2117/54 2116/59 2114/60
f 2118/57 2050/35 2116/59
f 2050/35 2102/37 2116/59
f 2120/58 2118/57 2119/55
f 2119/55 2118/57 2117/54
f 2120/58 2049/33 2118/57
f 2049/33 2050/35 2118/57
f 2122/68 2120/58 2121/56
f 2121/56 2120/58 2119/55
f 2122/68 2041/31 2120/58
f 2041/31 2049/33 2120/58
f 2121/69 2039/29 2122/68
f 2039/29 2041/31 2122/68
f 2121/56 2119/55 2123/53
f 2123/70 2037/27 2121/69
f 2037/27 2039/29 2121/69
f 2123/53 2119/55 2124/52
f 2123/53 2124/52 2125/51
f 2125/71 2035/25 2123/70
f 2035/25 2037/27 2123/70
f 2125/51 2124/52 2126/47
f 2125/51 2126/47 2032/49
f 2032/21 2031/20 2125/71
f 2031/20 2035/25 2125/71
f 2126/47 2128/50 2127/46
f 2126/47 2127/46 2029/45
f 2032/49 2126/47 2029/45
f 2124/52 2128/50 2126/47
f 2128/50 2114/60 2112/66
f 2128/50 2112/66 2127/46
f 2117/54 2114/60 2128/50
f 2124/52 2117/54 2128/50
f 2127/46 2112/66 2111/67
f 2127/46 2111/67 2026/48
f 2029/45 2127/46 2026/48
f 2119/55 2117/54 2124/52
f 2111/67 2018/5 2019/4
f 2026/48 2111/67 2019/4
f 2041/31 2042/32 2049/33
f 2130/1 2132/2 2129/3
f 2131/4 2130/5 2129/6
f 2129/3 2133/7 2131/8
f 2132/2 2133/7 2129/3
f 2134/9 2135/10 2133/7
f 2132/2 2134/9 2133/7
f 2133/7 2135/10 2136/11
f 2133/7 2136/11 2131/8
f 2135/10 2137/12 2136/11
f 2131/8 2136/11 2138/13
f 2136/11 2137/12 2139/14
f 2136/11 2139/14 2138/13
f 2137/12 2140/15 2139/14
f 2138/13 2139/14 2141/16
f 2139/14 2140/15 2142/17
f 2139/14 2142/17 2141/16
f 2142/18 2145/19 2143/20
f 2142/18 2143/20 2144/21
f 2141/16 2142/17 2144/22
f 2140/23 2145/19 2142/18
f 2145/19 2146/24 2143/20
f 2143/20 2146/24 2147/25
f 2146/24 2148/26 2147/25
f 2147/25 2148/26 2149/27
f 2148/26 2150/28 2149/27
f 2149/27 2150/28 2151/29
f 2150/28 2152/30 2151/29
f 2151/29 2152/30 2153/31
f 2152/30 2154/32 2153/31
f 2157/31 2152/30 2155/29
f 2155/29 2152/30 2156/28
f 2157/31 2158/32 2152/30
f 2159/33 2158/32 2157/31
f 2159/33 2160/34 2158/32
f 2154/32 2160/34 2161/33
f 2161/33 2160/34 2162/35
f 2160/34 2163/36 2162/35
f 2164/35 2160/34 2159/33
f 2164/35 2165/36 2160/34
f 2166/37 2165/36 2164/35
f 2166/37 2167/38 2165/36
f 2168/39 2167/38 2166/37
f 2168/39 2169/40 2167/38
f 2170/41 2169/40 2168/39
f 2170/41 2171/42 2169/40
f 2172/43 2171/42 2170/41
f 2172/43 2173/44 2171/42
f 2174/2 2173/44 2172/43
f 2174/2 2175/9 2173/44
f 2176/7 2175/9 2174/2
f 2176/7 2177/10 2175/9
f 2178/11 2177/10 2176/7
f 2178/11 2179/12 2177/10
f 2180/14 2179/12 2178/11
f 2180/14 2181/15 2179/12
f 2183/18 2182/19 2181/23
f 2183/17 2181/15 2180/14
f 2184/20 2182/19 2183/18
f 2185/21 2184/20 2183/18
f 2185/22 2183/17 2186/16
f 2186/16 2183/17 2180/14
f 2186/45 2187/46 2189/47
f 2188/48 2187/46 2186/45
f 2186/16 2180/14 2188/13
f 2186/45 2189/47 2185/49
f 2187/46 2191/50 2189/47
f 2185/49 2189/47 2190/51
f 2189/47 2192/52 2190/51
f 2189/47 2191/50 2192/52
f 2190/51 2192/52 2193/53
f 2191/50 2194/54 2192/52
f 2192/52 2195/55 2193/53
f 2192/52 2194/54 2195/55
f 2193/53 2195/55 2196/56
f 2194/54 2198/57 2195/55
f 2195/55 2197/58 2196/56
f 2195/55 2198/57 2197/58
f 2194/54 2199/59 2198/57
f 2199/59 2164/35 2198/57
f 2198/57 2159/33 2197/58
f 2198/57 2164/35 2159/33
f 2200/60 2201/61 2199/59
f 2200/60 2199/59 2194/54
f 2201/61 2166/37 2199/59
f 2199/59 2166/37 2164/35
f 2202/62 2168/39 2201/61
f 2202/63 2201/61 2200/60
f 2201/61 2168/39 2166/37
f 2203/64 2170/41 2202/62
f 2203/65 2202/63 2204/66
f 2204/66 2202/63 2200/60
f 2202/62 2170/41 2168/39
f 2205/67 2203/65 2204/66
f 2205/67 2204/66 2187/46
f 2187/46 2204/66 2191/50
f 2204/66 2200/60 2191/50
f 2206/5 2203/65 2205/67
f 2207/4 2206/5 2205/67
f 2207/4 2205/67 2188/48
f 2188/48 2205/67 2187/46
f 2208/6 2206/5 2207/4
f 2207/8 2176/7 2208/3
f 2188/13 2178/11 2207/8
f 2207/8 2178/11 2176/7
f 2208/3 2174/2 2206/1
f 2208/3 2176/7 2174/2
f 2206/1 2172/43 2203/64
f 2206/1 2174/2 2172/43
f 2203/64 2172/43 2170/41
f 2191/50 2200/60 2194/54
f 2196/56 2197/58 2209/68
f 2197/58 2157/31 2209/68
f 2197/58 2159/33 2157/31
f 2209/68 2155/29 2196/69
f 2209/68 2157/31 2155/29
f 2196/69 2210/27 2193/70
f 2196/69 2155/29 2210/27
f 2155/29 2156/28 2210/27
f 2193/70 2210/27 2211/25
f 2210/27 2212/26 2211/25
f 2210/27 2156/28 2212/26
f 2211/25 2212/26 2213/24
f 2211/25 2213/24 2184/20
f 2184/20 2213/24 2182/19
f 2193/70 2211/25 2190/71
f 2190/71 2211/25 2184/20
f 2190/71 2184/20 2185/21
f 2188/13 2180/14 2178/11
f 2162/35 2163/36 2214/37
f 2163/36 2215/38 2214/37
f 2214/37 2215/38 2216/39
f 2215/38 2217/40 2216/39
f 2216/39 2217/40 2218/41
f 2217/40 2219/42 2218/41
f 2218/41 2219/42 2220/43
f 2219/42 2221/44 2220/43
f 2220/43 2221/44 2132/2
f 2221/44 2134/9 2132/2
f 2218/41 2220/43 2222/64
f 2222/64 2220/43 2130/1
f 2220/43 2132/2 2130/1
f 2224/66 2222/65 2223/67
f 2223/67 2222/65 2130/5
f 2224/66 2225/63 2222/65
f 2225/62 2218/41 2222/64
f 2226/60 2225/63 2224/66
f 2226/60 2227/61 2225/63
f 2227/61 2216/39 2225/62
f 2216/39 2218/41 2225/62
f 2228/59 2227/61 2226/60
f 2228/59 2214/37 2227/61
f 2214/37 2216/39 2227/61
f 2230/57 2228/59 2229/54
f 2229/54 2228/59 2226/60
f 2230/57 2162/35 2228/59
f 2162/35 2214/37 2228/59
f 2232/58 2230/57 2231/55
f 2231/55 2230/57 2229/54
f 2232/58 2161/33 2230/57
f 2161/33 2162/35 2230/57
f 2234/68 2232/58 2233/56
f 2233/56 2232/58 2231/55
f 2234/68 2153/31 2232/58
f 2153/31 2161/33 2232/58
f 2233/69 2151/29 2234/68
f 2151/29 2153/31 2234/68
f 2233/56 2231/55 2235/53
f 2235/70 2149/27 2233/69
f 2149/27 2151/29 2233/69
f 2235/53 2231/55 2236/52
f 2235/53 2236/52 2237/51
f 2237/71 2147/25 2235/70
f 2147/25 2149/27 2235/70
f 2237/51 2236/52 2238/47
f 2237/51 2238/47 2144/49
f 2144/21 2143/20 2237/71
f 2143/20 2147/25 2237/71
f 2238/47 2240/50 2239/46
f 2238/47 2239/46 2141/45
f 2144/49 2238/47 2141/45
f 2236/52 2240/50 2238/47
f 2240/50 2226/60 2224/66
f 2240/50 2224/66 2239/46
f 2229/54 2226/60 2240/50
f 2236/52 2229/54 2240/50
f 2239/46 2224/66 2223/67
f 2239/46 2223/67 2138/48
f 2141/45 2239/46 2138/48
f 2231/55 2229/54 2236/52
f 2223/67 2130/5 2131/4
f 2138/48 2223/67 2131/4
f 2153/31 2154/32 2161/33
f 2242/1 2241/3 2244/2
f 2243/4 2241/6 2242/5
f 2241/3 2243/8 2245/7
f 2244/2 2241/3 2245/7
f 2246/9 2245/7 2247/10
f 2244/2 2245/7 2246/9
f 2245/7 2248/11 2247/10
f 2245/7 2243/8 2248/11
f 2247/10 2248/11 2249/12
f 2243/8 2250/13 2248/11
f 2248/11 2251/14 2249/12
f 2248/11 2250/13 2251/14
f 2249/12 2251/14 2252/15
f 2250/13 2253/16 2251/14
f 2251/14 2254/17 2252/15
f 2251/14 2253/16 2254/17
f 2254/18 2255/20 2257/19
f 2254/18 2256/21 2255/20
f 2253/16 2256/22 2254/17
f 2252/23 2254/18 2257/19
f 2257/19 2255/20 2258/24
f 2255/20 2259/25 2258/24
f 2258/24 2259/25 2260/26
f 2259/25 2261/27 2260/26
f 2260/26 2261/27 2262/28
f 2261/27 2263/29 2262/28
f 2262/28 2263/29 2264/30
f 2263/29 2265/31 2264/30
f 2264/30 2265/31 2266/32
f 2269/31 2267/29 2264/30
f 2267/29 2268/28 2264/30
f 2269/31 2264/30 2270/32
f 2271/33 2269/31 2270/32
f 2271/33 2270/32 2272/34
f 2266/32 2273/33 2272/34
f 2273/33 2274/35 2272/34
f 2272/34 2274/35 2275/36
f 2276/35 2271/33 2272/34
f 2276/35 2272/34 2277/36
f 2278/37 2276/35 2277/36
f 2278/37 2277/36 2279/38
f 2280/39 2278/37 2279/38
f 2280/39 2279/38 2281/40
f 2282/41 2280/39 2281/40
f 2282/41 2281/40 2283/42
f 2284/43 2282/41 2283/42
f 2284/43 2283/42 2285/44
f 2286/2 2284/43 2285/44
f 2286/2 2285/44 2287/9
f 2288/7 2286/2 2287/9
f 2288/7 2287/9 2289/10
f 2290/11 2288/7 2289/10
f 2290/11 2289/10 2291/12
f 2292/14 2290/11 2291/12
f 2292/14 2291/12 2293/15
f 2295/18 2293/23 2294/19
f 2295/17 2292/14 2293/15
f 2296/20 2295/18 2294/19
f 2297/21 2295/18 2296/20
f 2297/22 2298/16 2295/17
f 2298/16 2292/14 2295/17
f 2298/45 2301/47 2299/46
f 2300/48 2298/45 2299/46
f 2298/16 2300/13 2292/14
f 2298/45 2297/49 2301/47
f 2299/46 2301/47 2303/50
f 2297/49 2302/51 2301/47
f 2301/47 2302/51 2304/52
f 2301/47 2304/52 2303/50
f 2302/51 2305/53 2304/52
f 2303/50 2304/52 2306/54
f 2304/52 2305/53 2307/55
f 2304/52 2307/55 2306/54
f 2305/53 2308/56 2307/55
f 2306/54 2307/55 2310/57
f 2307/55 2308/56 2309/58
f 2307/55 2309/58 2310/57
f 2306/54 2310/57 2311/59
f 2311/59 2310/57 2276/35
f 2310/57 2309/58 2271/33
f 2310/57 2271/33 2276/35
f 2312/60 2311/59 2313/61
f 2312/60 2306/54 2311/59
f 2313/61 2311/59 2278/37
f 2311/59 2276/35 2278/37
f 2314/62 2313/61 2280/39
f 2314/63 2312/60 2313/61
f 2313/61 2278/37 2280/39
f 2315/64 2314/62 2282/41
f 2315/65 2316/66 2314/63
f 2316/66 2312/60 2314/63
f 2314/62 2280/39 2282/41
f 2317/67 2316/66 2315/65
f 2317/67 2299/46 2316/66
f 2299/46 2303/50 2316/66
f 2316/66 2303/50 2312/60
f 2318/5 2317/67 2315/65
f 2319/4 2317/67 2318/5
f 2319/4 2300/48 2317/67
f 2300/48 2299/46 2317/67
f 2320/6 2319/4 2318/5
f 2319/8 2320/3 2288/7
f 2300/13 2319/8 2290/11
f 2319/8 2288/7 2290/11
f 2320/3 2318/1 2286/2
f 2320/3 2286/2 2288/7
f 2318/1 2315/64 2284/43
f 2318/1 2284/43 2286/2
f 2315/64 2282/41 2284/43
f 2303/50 2306/54 2312/60
f 2308/56 2321/68 2309/58
f 2309/58 2321/68 2269/31
f 2309/58 2269/31 2271/33
f 2321/68 2308/69 2267/29
f 2321/68 2267/29 2269/31
f 2308/69 2305/70 2322/27
f 2308/69 2322/27 2267/29
f 2267/29 2322/27 2268/28
f 2305/70 2323/25 2322/27
f 2322/27 2323/25 2324/26
f 2322/27 2324/26 2268/28
f 2323/25 2325/24 2324/26
f 2323/25 2296/20 2325/24
f 2296/20 2294/19 2325/24
f 2305/70 2302/71 2323/25
f 2302/71 2296/20 2323/25
f 2302/71 2297/21 2296/20
f 2300/13 2290/11 2292/14
f 2274/35 2326/37 2275/36
f 2275/36 2326/37 2327/38
f 2326/37 2328/39 2327/38
f 2327/38 2328/39 2329/40
f 2328/39 2330/41 2329/40
f 2329/40 2330/41 2331/42
f 2330/41 2332/43 2331/42
f 2331/42 2332/43 2333/44
f 2332/43 2244/2 2333/44
f 2333/44 2244/2 2246/9
f 2330/41 2334/64 2332/43
f 2334/64 2242/1 2332/43
f 2332/43 2242/1 2244/2
f 2336/66 2335/67 2334/65
f 2335/67 2242/5 2334/65
f 2336/66 2334/65 2337/63
f 2337/62 2334/64 2330/41
f 2338/60 2336/66 2337/63
f 2338/60 2337/63 2339/61
f 2339/61 2337/62 2328/39
f 2328/39 2337/62 2330/41
f 2340/59 2338/60 2339/61
f 2340/59 2339/61 2326/37
f 2326/37 2339/61 2328/39
f 2342/57 2341/54 2340/59
f 2341/54 2338/60 2340/59
f 2342/57 2340/59 2274/35
f 2274/35 2340/59 2326/37
f 2344/58 2343/55 2342/57
f 2343/55 2341/54 2342/57
f 2344/58 2342/57 2273/33
f 2273/33 2342/57 2274/35
f 2346/68 2345/56 2344/58
f 2345/56 2343/55 2344/58
f 2346/68 2344/58 2265/31
f 2265/31 2344/58 2273/33
f 2345/69 2346/68 2263/29
f 2263/29 2346/68 2265/31
f 2345/56 2347/53 2343/55
f 2347/70 2345/69 2261/27
f 2261/27 2345/69 2263/29
f 2347/53 2348/52 2343/55
f 2347/53 2349/51 2348/52
f 2349/71 2347/70 2259/25
f 2259/25 2347/70 2261/27
f 2349/51 2350/47 2348/52
f 2349/51 2256/49 2350/47
f 2256/21 2349/71 2255/20
f 2255/20 2349/71 2259/25
f 2350/47 2351/46 2352/50
f 2350/47 2253/45 2351/46
f 2256/49 2253/45 2350/47
f 2348/52 2350/47 2352/50
f 2352/50 2336/66 2338/60
f 2352/50 2351/46 2336/66
f 2341/54 2352/50 2338/60
f 2348/52 2352/50 2341/54
f 2351/46 2335/67 2336/66
f 2351/46 2250/48 2335/67
f 2253/45 2250/48 2351/46
f 2343/55 2348/52 2341/54
f 2335/67 2243/4 2242/5
f 2250/48 2243/4 2335/67
f 2265/31 2273/33 2266/32
f 2354/1 2353/3 2356/2
f 2355/4 2353/6 2354/5
f 2353/3 2355/8 2357/7
f 2356/2 2353/3 2357/7
f 2358/9 2357/7 2359/10
f 2356/2 2357/7 2358/9
f 2357/7 2360/11 2359/10
f 2357/7 2355/8 2360/11
f 2359/10 2360/11 2361/12
f 2355/8 2362/13 2360/11
f 2360/11 2363/14 2361/12
f 2360/11 2362/13 2363/14
f 2361/12 2363/14 2364/15
f 2362/13 2365/16 2363/14
f 2363/14 2366/17 2364/15
f 2363/14 2365/16 2366/17
f 2366/18 2367/20 2369/19
f 2366/18 2368/21 2367/20
f 2365/16 2368/22 2366/17
f 2364/23 2366/18 2369/19
f 2369/19 2367/20 2370/24
f 2367/20 2371/25 2370/24
f 2370/24 2371/25 2372/26
f 2371/25 2373/27 2372/26
f 2372/26 2373/27 2374/28
f 2373/27 2375/29 2374/28
f 2374/28 2375/29 2376/30
f 2375/29 2377/31 2376/30
f 2376/30 2377/31 2378/32
f 2381/31 2379/29 2376/30
f 2379/29 2380/28 2376/30
f 2381/31 2376/30 2382/32
f 2383/33 2381/31 2382/32
f 2383/33 2382/32 2384/34
f 2378/32 2385/33 2384/34
f 2385/33 2386/35 2384/34
f 2384/34 2386/35 2387/36
f 2388/35 2383/33 2384/34
f 2388/35 2384/34 2389/36
f 2390/37 2388/35 2389/36
f 2390/37 2389/36 2391/38
f 2392/39 2390/37 2391/38
f 2392/39 2391/38 2393/40
f 2394/41 2392/39 2393/40
f 2394/41 2393/40 2395/42
f 2396/43 2394/41 2395/42
f 2396/43 2395/42 2397/44
f 2398/2 2396/43 2397/44
f 2398/2 2397/44 2399/9
f 2400/7 2398/2 2399/9
f 2400/7 2399/9 2401/10
f 2402/11 2400/7 2401/10
f 2402/11 2401/10 2403/12
f 2404/14 2402/11 2403/12
f 2404/14 2403/12 2405/15
f 2407/18 2405/23 2406/19
f 2407/17 2404/14 2405/15
f 2408/20 2407/18 2406/19
f 2409/21 2407/18 2408/20
f 2409/22 2410/16 2407/17
f 2410/16 2404/14 2407/17
f 2410/45 2413/47 2411/46
f 2412/48 2410/45 2411/46
f 2410/16 2412/13 2404/14
f 2410/45 2409/49 2413/47
f 2411/46 2413/47 2415/50
f 2409/49 2414/51 2413/47
f 2413/47 2414/51 2416/52
f 2413/47 2416/52 2415/50
f 2414/51 2417/53 2416/52
f 2415/50 2416/52 2418/54
f 2416/52 2417/53 2419/55
f 2416/52 2419/55 2418/54
f 2417/53 2420/56 2419/55
f 2418/54 2419/55 2422/57
f 2419/55 2420/56 2421/58
f 2419/55 2421/58 2422/57
f 2418/54 2422/57 2423/59
f 2423/59 2422/57 2388/35
f 2422/57 2421/58 2383/33
f 2422/57 2383/33 2388/35
f 2424/60 2423/59 2425/61
f 2424/60 2418/54 2423/59
f 2425/61 2423/59 2390/37
f 2423/59 2388/35 2390/37
f 2426/62 2425/61 2392/39
f 2426/63 2424/60 2425/61
f 2425/61 2390/37 2392/39
f 2427/64 2426/62 2394/41
f 2427/65 2428/66 2426/63
f 2428/66 2424/60 2426/63
f 2426/62 2392/39 2394/41
f 2429/67 2428/66 2427/65
f 2429/67 2411/46 2428/66
f 2411/46 2415/50 2428/66
f 2428/66 2415/50 2424/60
f 2430/5 2429/67 2427/65
f 2431/4 2429/67 2430/5
f 2431/4 2412/48 2429/67
f 2412/48 2411/46 2429/67
f 2432/6 2431/4 2430/5
f 2431/8 2432/3 2400/7
f 2412/13 2431/8 2402/11
f 2431/8 2400/7 2402/11
f 2432/3 2430/1 2398/2
f 2432/3 2398/2 2400/7
f 2430/1 2427/64 2396/43
f 2430/1 2396/43 2398/2
f 2427/64 2394/41 2396/43
f 2415/50 2418/54 2424/60
f 2420/56 2433/68 2421/58
f 2421/58 2433/68 2381/31
f 2421/58 2381/31 2383/33
f 2433/68 2420/69 2379/29
f 2433/68 2379/29 2381/31
f 2420/69 2417/70 2434/27
f 2420/69 2434/27 2379/29
f 2379/29 2434/27 2380/28
f 2417/70 2435/25 2434/27
f 2434/27 2435/25 2436/26
f 2434/27 2436/26 2380/28
f 2435/25 2437/24 2436/26
f 2435/25 2408/20 2437/24
f 2408/20 2406/19 2437/24
f 2417/70 2414/71 2435/25
f 2414/71 2408/20 2435/25
f 2414/71 2409/21 2408/20
f 2412/13 2402/11 2404/14
f 2386/35 2438/37 2387/36
f 2387/36 2438/37 2439/38
f 2438/37 2440/39 2439/38
f 2439/38 2440/39 2441/40
f 2440/39 2442/41 2441/40
f 2441/40 2442/41 2443/42
f 2442/41 2444/43 2443/42
f 2443/42 2444/43 2445/44
f 2444/43 2356/2 2445/44
f 2445/44 2356/2 2358/9
f 2442/41 2446/64 2444/43
f 2446/64 2354/1 2444/43
f 2444/43 2354/1 2356/2
f 2448/66 2447/67 2446/65
f 2447/67 2354/5 2446/65
f 2448/66 2446/65 2449/63
f 2449/62 2446/64 2442/41
f 2450/60 2448/66 2449/63
f 2450/60 2449/63 2451/61
f 2451/61 2449/62 2440/39
f 2440/39 2449/62 2442/41
f 2452/59 2450/60 2451/61
f 2452/59 2451/61 2438/37
f 2438/37 2451/61 2440/39
f 2454/57 2453/54 2452/59
f 2453/54 2450/60 2452/59
f 2454/57 2452/59 2386/35
f 2386/35 2452/59 2438/37
f 2456/58 2455/55 2454/57
f 2455/55 2453/54 2454/57
f 2456/58 2454/57 2385/33
f 2385/33 2454/57 2386/35
f 2458/68 2457/56 2456/58
f 2457/56 2455/55 2456/58
f 2458/68 2456/58 2377/31
f 2377/31 2456/58 2385/33
f 2457/69 2458/68 2375/29
f 2375/29 2458/68 2377/31
f 2457/56 2459/53 2455/55
f 2459/70 2457/69 2373/27
f 2373/27 2457/69 2375/29
f 2459/53 2460/52 2455/55
f 2459/53 2461/51 2460/52
f 2461/71 2459/70 2371/25
f 2371/25 2459/70 2373/27
f 2461/51 2462/47 2460/52
f 2461/51 2368/49 2462/47
f 2368/21 2461/71 2367/20
f 2367/20 2461/71 2371/25
f 2462/47 2463/46 2464/50
f 2462/47 2365/45 2463/46
f 2368/49 2365/45 2462/47
f 2460/52 2462/47 2464/50
f 2464/50 2448/66 2450/60
f 2464/50 2463/46 2448/66
f 2453/54 2464/50 2450/60
f 2460/52 2464/50 2453/54
f 2463/46 2447/67 2448/66
f 2463/46 2362/48 2447/67
f 2365/45 2362/48 2463/46
f 2455/55 2460/52 2453/54
f 2447/67 2355/4 2354/5
f 2362/48 2355/4 2447/67
f 2377/31 2385/33 2378/32
f 2466/1 2465/3 2468/2
f 2467/4 2465/6 2466/5
f 2465/3 2467/8 2469/7
f 2468/2 2465/3 2469/7
f 2470/9 2469/7 2471/10
f 2468/2 2469/7 2470/9
f 2469/7 2472/11 2471/10
f 2469/7 2467/8 2472/11
f 2471/10 2472/11 2473/12
f 2467/8 2474/13 2472/11
f 2472/11 2475/14 2473/12
f 2472/11 2474/13 2475/14
f 2473/12 2475/14 2476/15
f 2474/13 2477/16 2475/14
f 2475/14 2478/17 2476/15
f 2475/14 2477/16 2478/17
f 2478/18 2479/20 2481/19
f 2478/18 2480/21 2479/20
f 2477/16 2480/22 2478/17
f 2476/23 2478/18 2481/19
f 2481/19 2479/20 2482/24
f 2479/20 2483/25 2482/24
f 2482/24 2483/25 2484/26
f 2483/25 2485/27 2484/26
f 2484/26 2485/27 2486/28
f 2485/27 2487/29 2486/28
f 2486/28 2487/29 2488/30
f 2487/29 2489/31 2488/30
f 2488/30 2489/31 2490/32
f 2493/31 2491/29 2488/30
f 2491/29 2492/28 2488/30
f 2493/31 2488/30 2494/32
f 2495/33 2493/31 2494/32
f 2495/33 2494/32 2496/34
f 2490/32 2497/33 2496/34
f 2497/33 2498/35 2496/34
f 2496/34 2498/35 2499/36
f 2500/35 2495/33 2496/34
f 2500/35 2496/34 2501/36
f 2502/37 2500/35 2501/36
f 2502/37 2501/36 2503/38
f 2504/39 2502/37 2503/38
f 2504/39 2503/38 2505/40
f 2506/41 2504/39 2505/40
f 2506/41 2505/40 2507/42
f 2508/43 2506/41 2507/42
f 2508/43 2507/42 2509/44
f 2510/2 2508/43 2509/44
f 2510/2 2509/44 2511/9
f 2512/7 2510/2 2511/9
f 2512/7 2511/9 2513/10
f 2514/11 2512/7 2513/10
f 2514/11 2513/10 2515/12
f 2516/14 2514/11 2515/12
f 2516/14 2515/12 2517/15
f 2519/18 2517/23 2518/19
f 2519/17 2516/14 2517/15
f 2520/20 2519/18 2518/19
f 2521/21 2519/18 2520/20
f 2521/22 2522/16 2519/17
f 2522/16 2516/14 2519/17
f 2522/45 2525/47 2523/46
f 2524/48 2522/45 2523/46
f 2522/16 2524/13 2516/14
f 2522/45 2521/49 2525/47
f 2523/46 2525/47 2527/50
f 2521/49 2526/51 2525/47
f 2525/47 2526/51 2528/52
f 2525/47 2528/52 2527/50
f 2526/51 2529/53 2528/52
f 2527/50 2528/52 2530/54
f 2528/52 2529/53 2531/55
f 2528/52 2531/55 2530/54
f 2529/53 2532/56 2531/55
f 2530/54 2531/55 2534/57
f 2531/55 2532/56 2533/58
f 2531/55 2533/58 2534/57
f 2530/54 2534/57 2535/59
f 2535/59 2534/57 2500/35
f 2534/57 2533/58 2495/33
f 2534/57 2495/33 2500/35
f 2536/60 2535/59 2537/61
f 2536/60 2530/54 2535/59
f 2537/61 2535/59 2502/37
f 2535/59 2500/35 2502/37
f 2538/62 2537/61 2504/39
f 2538/63 2536/60 2537/61
f 2537/61 2502/37 2504/39
f 2539/64 2538/62 2506/41
f 2539/65 2540/66 2538/63
f 2540/66 2536/60 2538/63
f 2538/62 2504/39 2506/41
f 2541/67 2540/66 2539/65
f 2541/67 2523/46 2540/66
f 2523/46 2527/50 2540/66
f 2540/66 2527/50 2536/60
f 2542/5 2541/67 2539/65
f 2543/4 2541/67 2542/5
f 2543/4 2524/48 2541/67
f 2524/48 2523/46 2541/67
f 2544/6 2543/4 2542/5
f 2543/8 2544/3 2512/7
f 2524/13 2543/8 2514/11
f 2543/8 2512/7 2514/11
f 2544/3 2542/1 2510/2
f 2544/3 2510/2 2512/7
f 2542/1 2539/64 2508/43
f 2542/1 2508/43 2510/2
f 2539/64 2506/41 2508/43
f 2527/50 2530/54 2536/60
f 2532/56 2545/68 2533/58
f 2533/58 2545/68 2493/31
f 2533/58 2493/31 2495/33
f 2545/68 2532/69 2491/29
f 2545/68 2491/29 2493/31
f 2532/69 2529/70 2546/27
f 2532/69 2546/27 2491/29
f 2491/29 2546/27 2492/28
f 2529/70 2547/25 2546/27
f 2546/27 2547/25 2548/26
f 2546/27 2548/26 2492/28
f 2547/25 2549/24 2548/26
f 2547/25 2520/20 2549/24
f 2520/20 2518/19 2549/24
f 2529/70 2526/71 2547/25
f 2526/71 2520/20 2547/25
f 2526/71 2521/21 2520/20
f 2524/13 2514/11 2516/14
f 2498/35 2550/37 2499/36
f 2499/36 2550/37 2551/38
f 2550/37 2552/39 2551/38
f 2551/38 2552/39 2553/40
f 2552/39 2554/41 2553/40
f 2553/40 2554/41 2555/42
f 2554/41 2556/43 2555/42
f 2555/42 2556/43 2557/44
f 2556/43 2468/2 2557/44
f 2557/44 2468/2 2470/9
f 2554/41 2558/64 2556/43
f 2558/64 2466/1 2556/43
f 2556/43 2466/1 2468/2
f 2560/66 2559/67 2558/65
f 2559/67 2466/5 2558/65
f 2560/66 2558/65 2561/63
f 2561/62 2558/64 2554/41
f 2562/60 2560/66 2561/63
f 2562/60 2561/63 2563/61
f 2563/61 2561/62 2552/39
f 2552/39 2561/62 2554/41
f 2564/59 2562/60 2563/61
f 2564/59 2563/61 2550/37
f 2550/37 2563/61 2552/39
f 2566/57 2565/54 2564/59
f 2565/54 2562/60 2564/59
f 2566/57 2564/59 2498/35
f 2498/35 2564/59 2550/37
f 2568/58 2567/55 2566/57
f 2567/55 2565/54 2566/57
f 2568/58 2566/57 2497/33
f 2497/33 2566/57 2498/35
f 2570/68 2569/56 2568/58
f 2569/56 2567/55 2568/58
f 2570/68 2568/58 2489/31
f 2489/31 2568/58 2497/33
f 2569/69 2570/68 2487/29
f 2487/29 2570/68 2489/31
f 2569/56 2571/53 2567/55
f 2571/70 2569/69 2485/27
f 2485/27 2569/69 2487/29
f 2571/53 2572/52 2567/55
f 2571/53 2573/51 2572/52
f 2573/71 2571/70 2483/25
f 2483/25 2571/70 2485/27
f 2573/51 2574/47 2572/52
f 2573/51 2480/49 2574/47
f 2480/21 2573/71 2479/20
f 2479/20 2573/71 2483/25
f 2574/47 2575/46 2576/50
f 2574/47 2477/45 2575/46
f 2480/49 2477/45 2574/47
f 2572/52 2574/47 2576/50
f 2576/50 2560/66 2562/60
f 2576/50 2575/46 2560/66
f 2565/54 2576/50 2562/60
f 2572/52 2576/50 2565/54
f 2575/46 2559/67 2560/66
f 2575/46 2474/48 2559/67
f 2477/45 2474/48 2575/46
f 2567/55 2572/52 2565/54
f 2559/67 2467/4 2466/5
f 2474/48 2467/4 2559/67
f 2489/31 2497/33 2490/32
f 2578/1 2577/3 2580/2
f 2579/4 2577/6 2578/5
f 2577/3 2579/8 2581/7
f 2580/2 2577/3 2581/7
f 2582/9 2581/7 2583/10
f 2580/2 2581/7 2582/9
f 2581/7 2584/11 2583/10
f 2581/7 2579/8 2584/11
f 2583/10 2584/11 2585/12
f 2579/8 2586/13 2584/11
f 2584/11 2587/14 2585/12
f 2584/11 2586/13 2587/14
f 2585/12 2587/14 2588/15
f 2586/13 2589/16 2587/14
f 2587/14 2590/17 2588/15
f 2587/14 2589/16 2590/17
f 2590/18 2591/20 2593/19
f 2590/18 2592/21 2591/20
f 2589/16 2592/22 2590/17
f 2588/23 2590/18 2593/19
f 2593/19 2591/20 2594/24
f 2591/20 2595/25 2594/24
f 2594/24 2595/25 2596/26
f 2595/25 2597/27 2596/26
f 2596/26 2597/27 2598/28
f 2597/27 2599/29 2598/28
f 2598/28 2599/29 2600/30
f 2599/29 2601/31 2600/30
f 2600/30 2601/31 2602/32
f 2605/31 2603/29 2600/30
f 2603/29 2604/28 2600/30
f 2605/31 2600/30 2606/32
f 2607/33 2605/31 2606/32
f 2607/33 2606/32 2608/34
f 2602/32 2609/33 2608/34
f 2609/33 2610/35 2608/34
f 2608/34 2610/35 2611/36
f 2612/35 2607/33 2608/34
f 2612/35 2608/34 2613/36
f 2614/37 2612/35 2613/36
f 2614/37 2613/36 2615/38
f 2616/39 2614/37 2615/38
f 2616/39 2615/38 2617/40
f 2618/41 2616/39 2617/40
f 2618/41 2617/40 2619/42
f 2620/43 2618/41 2619/42
f 2620/43 2619/42 2621/44
f 2622/2 2620/43 2621/44
f 2622/2 2621/44 2623/9
f 2624/7 2622/2 2623/9
f 2624/7 2623/9 2625/10
f 2626/11 2624/7 2625/10
f 2626/11 2625/10 2627/12
f 2628/14 2626/11 2627/12
f 2628/14 2627/12 2629/15
f 2631/18 2629/23 2630/19
f 2631/17 2628/14 2629/15
f 2632/20 2631/18 2630/19
f 2633/21 2631/18 2632/20
f 2633/22 2634/16 2631/17
f 2634/16 2628/14 2631/17
f 2634/45 2637/47 2635/46
f 2636/48 2634/45 2635/46
f 2634/16 2636/13 2628/14
f 2634/45 2633/49 2637/47
f 2635/46 2637/47 2639/50
f 2633/49 2638/51 2637/47
f 2637/47 2638/51 2640/52
f 2637/47 2640/52 2639/50
f 2638/51 2641/53 2640/52
f 2639/50 2640/52 2642/54
f 2640/52 2641/53 2643/55
f 2640/52 2643/55 2642/54
f 2641/53 2644/56 2643/55
f 2642/54 2643/55 2646/57
f 2643/55 2644/56 2645/58
f 2643/55 2645/58 2646/57
f 2642/54 2646/57 2647/59
f 2647/59 2646/57 2612/35
f 2646/57 2645/58 2607/33
f 2646/57 2607/33 2612/35
f 2648/60 2647/59 2649/61
f 2648/60 2642/54 2647/59
f 2649/61 2647/59 2614/37
f 2647/59 2612/35 2614/37
f 2650/62 2649/61 2616/39
f 2650/63 2648/60 2649/61
f 2649/61 2614/37 2616/39
f 2651/64 2650/62 2618/41
f 2651/65 2652/66 2650/63
f 2652/66 2648/60 2650/63
f 2650/62 2616/39 2618/41
f 2653/67 2652/66 2651/65
f 2653/67 2635/46 2652/66
f 2635/46 2639/50 2652/66
f 2652/66 2639/50 2648/60
f 2654/5 2653/67 2651/65
f 2655/4 2653/67 2654/5
f 2655/4 2636/48 2653/67
f 2636/48 2635/46 2653/67
f 2656/6 2655/4 2654/5
f 2655/8 2656/3 2624/7
f 2636/13 2655/8 2626/11
f 2655/8 2624/7 2626/11
f 2656/3 2654/1 2622/2
f 2656/3 2622/2 2624/7
f 2654/1 2651/64 2620/43
f 2654/1 2620/43 2622/2
f 2651/64 2618/41 2620/43
f 2639/50 2642/54 2648/60
f 2644/56 2657/68 2645/58
f 2645/58 2657/68 2605/31
f 2645/58 2605/31 2607/33
f 2657/68 2644/69 2603/29
f 2657/68 2603/29 2605/31
f 2644/69 2641/70 2658/27
f 2644/69 2658/27 2603/29
f 2603/29 2658/27 2604/28
f 2641/70 2659/25 2658/27
f 2658/27 2659/25 2660/26
f 2658/27 2660/26 2604/28
f 2659/25 2661/24 2660/26
f 2659/25 2632/20 2661/24
f 2632/20 2630/19 2661/24
f 2641/70 2638/71 2659/25
f 2638/71 2632/20 2659/25
f 2638/71 2633/21 2632/20
f 2636/13 2626/11 2628/14
f 2610/35 2662/37 2611/36
f 2611/36 2662/37 2663/38
f 2662/37 2664/39 2663/38
f 2663/38 2664/39 2665/40
f 2664/39 2666/41 2665/40
f 2665/40 2666/41 2667/42
f 2666/41 2668/43 2667/42
f 2667/42 2668/43 2669/44
f 2668/43 2580/2 2669/44
f 2669/44 2580/2 2582/9
f 2666/41 2670/64 2668/43
f 2670/64 2578/1 2668/43
f 2668/43 2578/1 2580/2
f 2672/66 2671/67 2670/65
f 2671/67 2578/5 2670/65
f 2672/66 2670/65 2673/63
f 2673/62 2670/64 2666/41
f 2674/60 2672/66 2673/63
f 2674/60 2673/63 2675/61
f 2675/61 2673/62 2664/39
f 2664/39 2673/62 2666/41
f 2676/59 2674/60 2675/61
f 2676/59 2675/61 2662/37
f 2662/37 2675/61 2664/39
f 2678/57 2677/54 2676/59
f 2677/54 2674/60 2676/59
f 2678/57 2676/59 2610/35
f 2610/35 2676/59 2662/37
f 2680/58 2679/55 2678/57
f 2679/55 2677/54 2678/57
f 2680/58 2678/57 2609/33
f 2609/33 2678/57 2610/35
f 2682/68 2681/56 2680/58
f 2681/56 2679/55 2680/58
f 2682/68 2680/58 2601/31
f 2601/31 2680/58 2609/33
f 2681/69 2682/68 2599/29
f 2599/29 2682/68 2601/31
f 2681/56 2683/53 2679/55
f 2683/70 2681/69 2597/27
f 2597/27 2681/69 2599/29
f 2683/53 2684/52 2679/55
f 2683/53 2685/51 2684/52
f 2685/71 2683/70 2595/25
f 2595/25 2683/70 2597/27
f 2685/51 2686/47 2684/52
f 2685/51 2592/49 2686/47
f 2592/21 2685/71 2591/20
f 2591/20 2685/71 2595/25
f 2686/47 2687/46 2688/50
f 2686/47 2589/45 2687/46
f 2592/49 2589/45 2686/47
f 2684/52 2686/47 2688/50
f 2688/50 2672/66 2674/60
f 2688/50 2687/46 2672/66
f 2677/54 2688/50 2674/60
f 2684/52 2688/50 2677/54
f 2687/46 2671/67 2672/66
f 2687/46 2586/48 2671/67
f 2589/45 2586/48 2687/46
f 2679/55 2684/52 2677/54
f 2671/67 2579/4 2578/5
f 2586/48 2579/4 2671/67
f 2601/31 2609/33 2602/32
f 2690/1 2689/3 2692/2
f 2691/4 2689/6 2690/5
f 2689/3 2691/8 2693/7
f 2692/2 2689/3 2693/7
f 2694/9 2693/7 2695/10
f 2692/2 2693/7 2694/9
f 2693/7 2696/11 2695/10
f 2693/7 2691/8 2696/11
f 2695/10 2696/11 2697/12
f 2691/8 2698/13 2696/11
f 2696/11 2699/14 2697/12
f 2696/11 2698/13 2699/14
f 2697/12 2699/14 2700/15
f 2698/13 2701/16 2699/14
f 2699/14 2702/17 2700/15
f 2699/14 2701/16 2702/17
f 2702/18 2703/20 2705/19
f 2702/18 2704/21 2703/20
f 2701/16 2704/22 2702/17
f 2700/23 2702/18 2705/19
f 2705/19 2703/20 2706/24
f 2703/20 2707/25 2706/24
f 2706/24 2707/25 2708/26
f 2707/25 2709/27 2708/26
f 2708/26 2709/27 2710/28
f 2709/27 2711/29 2710/28
f 2710/28 2711/29 2712/30
f 2711/29 2713/31 2712/30
f 2712/30 2713/31 2714/32
f 2717/31 2715/29 2712/30
f 2715/29 2716/28 2712/30
f 2717/31 2712/30 2718/32
f 2719/33 2717/31 2718/32
f 2719/33 2718/32 2720/34
f 2714/32 2721/33 2720/34
f 2721/33 2722/35 2720/34
f 2720/34 2722/35 2723/36
f 2724/35 2719/33 2720/34
f 2724/35 2720/34 2725/36
f 2726/37 2724/35 2725/36
f 2726/37 2725/36 2727/38
f 2728/39 2726/37 2727/38
f 2728/39 2727/38 2729/40
f 2730/41 2728/39 2729/40
f 2730/41 2729/40 2731/42
f 2732/43 2730/41 2731/42
f 2732/43 2731/42 2733/44
f 2734/2 2732/43 2733/44
f 2734/2 2733/44 2735/9
f 2736/7 2734/2 2735/9
f 2736/7 2735/9 2737/10
f 2738/11 2736/7 2737/10
f 2738/11 2737/10 2739/12
f 2740/14 2738/11 2739/12
f 2740/14 2739/12 2741/15
f 2743/18 2741/23 2742/19
f 2743/17 2740/14 2741/15
f 2744/20 2743/18 2742/19
f 2745/21 2743/18 2744/20
f 2745/22 2746/16 2743/17
f 2746/16 2740/14 2743/17
f 2746/45 2749/47 2747/46
f 2748/48 2746/45 2747/46
f 2746/16 2748/13 2740/14
f 2746/45 2745/49 2749/47
f 2747/46 2749/47 2751/50
f 2745/49 2750/51 2749/47
f 2749/47 2750/51 2752/52
f 2749/47 2752/52 2751/50
f 2750/51 2753/53 2752/52
f 2751/50 2752/52 2754/54
f 2752/52 2753/53 2755/55
f 2752/52 2755/55 2754/54
f 2753/53 2756/56 2755/55
f 2754/54 2755/55 2758/57
f 2755/55 2756/56 2757/58
f 2755/55 2757/58 2758/57
f 2754/54 2758/57 2759/59
f 2759/59 2758/57 2724/35
f 2758/57 2757/58 2719/33
f 2758/57 2719/33 2724/35
f 2760/60 2759/59 2761/61
f 2760/60 2754/54 2759/59
f 2761/61 2759/59 2726/37
f 2759/59 2724/35 2726/37
f 2762/62 2761/61 2728/39
f 2762/63 2760/60 2761/61
f 2761/61 2726/37 2728/39
f 2763/64 2762/62 2730/41
f 2763/65 2764/66 2762/63
f 2764/66 2760/60 2762/63
f 2762/62 2728/39 2730/41
f 2765/67 2764/66 2763/65
f 2765/67 2747/46 2764/66
f 2747/46 2751/50 2764/66
f 2764/66 2751/50 2760/60
f 2766/5 2765/67 2763/65
f 2767/4 2765/67 2766/5
f 2767/4 2748/48 2765/67
f 2748/48 2747/46 2765/67
f 2768/6 2767/4 2766/5
f 2767/8 2768/3 2736/7
f 2748/13 2767/8 2738/11
f 2767/8 2736/7 2738/11
f 2768/3 2766/1 2734/2
f 2768/3 2734/2 2736/7
f 2766/1 2763/64 2732/43
f 2766/1 2732/43 2734/2
f 2763/64 2730/41 2732/43
f 2751/50 2754/54 2760/60
f 2756/56 2769/68 2757/58
f 2757/58 2769/68 2717/31
f 2757/58 2717/31 2719/33
f 2769/68 2756/69 2715/29
f 2769/68 2715/29 2717/31
f 2756/69 2753/70 2770/27
f 2756/69 2770/27 2715/29
f 2715/29 2770/27 2716/28
f 2753/70 2771/25 2770/27
f 2770/27 2771/25 2772/26
f 2770/27 2772/26 2716/28
f 2771/25 2773/24 2772/26
f 2771/25 2744/20 2773/24
f 2744/20 2742/19 2773/24
f 2753/70 2750/71 2771/25
f 2750/71 2744/20 2771/25
f 2750/71 2745/21 2744/20
f 2748/13 2738/11 2740/14
f 2722/35 2774/37 2723/36
f 2723/36 2774/37 2775/38
f 2774/37 2776/39 2775/38
f 2775/38 2776/39 2777/40
f 2776/39 2778/41 2777/40
f 2777/40 2778/41 2779/42
f 2778/41 2780/43 2779/42
f 2779/42 2780/43 2781/44
f 2780/43 2692/2 2781/44
f 2781/44 2692/2 2694/9
f 2778/41 2782/64 2780/43
f 2782/64 2690/1 2780/43
f 2780/43 2690/1 2692/2
f 2784/66 2783/67 2782/65
f 2783/67 2690/5 2782/65
f 2784/66 2782/65 2785/63
f 2785/62 2782/64 2778/41
f 2786/60 2784/66 2785/63
f 2786/60 2785/63 2787/61
f 2787/61 2785/62 2776/39
f 2776/39 2785/62 2778/41
f 2788/59 2786/60 2787/61
f 2788/59 2787/61 2774/37
f 2774/37 2787/61 2776/39
f 2790/57 2789/54 2788/59
f 2789/54 2786/60 2788/59
f 2790/57 2788/59 2722/35
f 2722/35 2788/59 2774/37
f 2792/58 2791/55 2790/57
f 2791/55 2789/54 2790/57
f 2792/58 2790/57 2721/33
f 2721/33 2790/57 2722/35
f 2794/68 2793/56 2792/58
f 2793/56 2791/55 2792/58
f 2794/68 2792/58 2713/31
f 2713/31 2792/58 2721/33
f 2793/69 2794/68 2711/29
f 2711/29 2794/68 2713/31
f 2793/56 2795/53 2791/55
f 2795/70 2793/69 2709/27
f 2709/27 2793/69 2711/29
f 2795/53 2796/52 2791/55
f 2795/53 2797/51 2796/52
f 2797/71 2795/70 2707/25
f 2707/25 2795/70 2709/27
f 2797/51 2798/47 2796/52
f 2797/51 2704/49 2798/47
f 2704/21 2797/71 2703/20
f 2703/20 2797/71 2707/25
f 2798/47 2799/46 2800/50
f 2798/47 2701/45 2799/46
f 2704/49 2701/45 2798/47
f 2796/52 2798/47 2800/50
f 2800/50 2784/66 2786/60
f 2800/50 2799/46 2784/66
f 2789/54 2800/50 2786/60
f 2796/52 2800/50 2789/54
f 2799/46 2783/67 2784/66
f 2799/46 2698/48 2783/67
f 2701/45 2698/48 2799/46
f 2791/55 2796/52 2789/54
f 2783/67 2691/4 2690/5
f 2698/48 2691/4 2783/67
f 2713/31 2721/33 2714/32
f 2802/1 2801/3 2804/2
f 2803/4 2801/6 2802/5
f 2801/3 2803/8 2805/7
f 2804/2 2801/3 2805/7
f 2806/9 2805/7 2807/10
f 2804/2 2805/7 2806/9
f 2805/7 2808/11 2807/10
f 2805/7 2803/8 2808/11
f 2807/10 2808/11 2809/12
f 2803/8 2810/13 2808/11
f 2808/11 2811/14 2809/12
f 2808/11 2810/13 2811/14
f 2809/12 2811/14 2812/15
f 2810/13 2813/16 2811/14
f 2811/14 2814/17 2812/15
f 2811/14 2813/16 2814/17
f 2814/18 2815/20 2817/19
f 2814/18 2816/21 2815/20
f 2813/16 2816/22 2814/17
f 2812/23 2814/18 2817/19
f 2817/19 2815/20 2818/24
f 2815/20 2819/25 2818/24
f 2818/24 2819/25 2820/26
f 2819/25 2821/27 2820/26
f 2820/26 2821/27 2822/28
f 2821/27 2823/29 2822/28
f 2822/28 2823/29 2824/30
f 2823/29 2825/31 2824/30
f 2824/30 2825/31 2826/32
f 2829/31 2827/29 2824/30
f 2827/29 2828/28 2824/30
f 2829/31 2824/30 2830/32
f 2831/33 2829/31 2830/32
f 2831/33 2830/32 2832/34
f 2826/32 2833/33 2832/34
f 2833/33 2834/35 2832/34
f 2832/34 2834/35 2835/36
f 2836/35 2831/33 2832/34
f 2836/35 2832/34 2837/36
f 2838/37 2836/35 2837/36
f 2838/37 2837/36 2839/38
f 2840/39 2838/37 2839/38
f 2840/39 2839/38 2841/40
f 2842/41 2840/39 2841/40
f 2842/41 2841/40 2843/42
f 2844/43 2842/41 2843/42
f 2844/43 2843/42 2845/44
f 2846/2 2844/43 2845/44
f 2846/2 2845/44 2847/9
f 2848/7 2846/2 2847/9
f 2848/7 2847/9 2849/10
f 2850/11 2848/7 2849/10
f 2850/11 2849/10 2851/12
f 2852/14 2850/11 2851/12
f 2852/14 2851/12 2853/15
f 2855/18 2853/23 2854/19
f 2855/17 2852/14 2853/15
f 2856/20 2855/18 2854/19
f 2857/21 2855/18 2856/20
f 2857/22 2858/16 2855/17
f 2858/16 2852/14 2855/17
f 2858/45 2861/47 2859/46
f 2860/48 2858/45 2859/46
f 2858/16 2860/13 2852/14
f 2858/45 2857/49 2861/47
f 2859/46 2861/47 2863/50
f 2857/49 2862/51 2861/47
f 2861/47 2862/51 2864/52
f 2861/47 2864/52 2863/50
f 2862/51 2865/53 2864/52
f 2863/50 2864/52 2866/54
f 2864/52 2865/53 2867/55
f 2864/52 2867/55 2866/54
f 2865/53 2868/56 2867/55
f 2866/54 2867/55 2870/57
f 2867/55 2868/56 2869/58
f 2867/55 2869/58 2870/57
f 2866/54 2870/57 2871/59
f 2871/59 2870/57 2836/35
f 2870/57 2869/58 2831/33
f 2870/57 2831/33 2836/35
f 2872/60 2871/59 2873/61
f 2872/60 2866/54 2871/59
f 2873/61 2871/59 2838/37
f 2871/59 2836/35 2838/37
f 2874/62 2873/61 2840/39
f 2874/63 2872/60 2873/61
f 2873/61 2838/37 2840/39
f 2875/64 2874/62 2842/41
f 2875/65 2876/66 2874/63
f 2876/66 2872/60 2874/63
f 2874/62 2840/39 2842/41
f 2877/67 2876/66 2875/65
f 2877/67 2859/46 2876/66
f 2859/46 2863/50 2876/66
f 2876/66 2863/50 2872/60
f 2878/5 2877/67 2875/65
f 2879/4 2877/67 2878/5
f 2879/4 2860/48 2877/67
f 2860/48 2859/46 2877/67
f 2880/6 2879/4 2878/5
f 2879/8 2880/3 2848/7
f 2860/13 2879/8 2850/11
f 2879/8 2848/7 2850/11
f 2880/3 2878/1 2846/2
f 2880/3 2846/2 2848/7
f 2878/1 2875/64 2844/43
f 2878/1 2844/43 2846/2
f 2875/64 2842/41 2844/43
f 2863/50 2866/54 2872/60
f 2868/56 2881/68 2869/58
f 2869/58 2881/68 2829/31
f 2869/58 2829/31 2831/33
f 2881/68 2868/69 2827/29
f 2881/68 2827/29 2829/31
f 2868/69 2865/70 2882/27
f 2868/69 2882/27 2827/29
f 2827/29 2882/27 2828/28
f 2865/70 2883/25 2882/27
f 2882/27 2883/25 2884/26
f 2882/27 2884/26 2828/28
f 2883/25 2885/24 2884/26
f 2883/25 2856/20 2885/24
f 2856/20 2854/19 2885/24
f 2865/70 2862/71 2883/25
f 2862/71 2856/20 2883/25
f 2862/71 2857/21 2856/20
f 2860/13 2850/11 2852/14
f 2834/35 2886/37 2835/36
f 2835/36 2886/37 2887/38
f 2886/37 2888/39 2887/38
f 2887/38 2888/39 2889/40
f 2888/39 2890/41 2889/40
f 2889/40 2890/41 2891/42
f 2890/41 2892/43 2891/42
f 2891/42 2892/43 2893/44
f 2892/43 2804/2 2893/44
f 2893/44 2804/2 2806/9
f 2890/41 2894/64 2892/43
f 2894/64 2802/1 2892/43
f 2892/43 2802/1 2804/2
f 2896/66 2895/67 2894/65
f 2895/67 2802/5 2894/65
f 2896/66 2894/65 2897/63
f 2897/62 2894/64 2890/41
f 2898/60 2896/66 2897/63
f 2898/60 2897/63 2899/61
f 2899/61 2897/62 2888/39
f 2888/39 2897/62 2890/41
f 2900/59 2898/60 2899/61
f 2900/59 2899/61 2886/37
f 2886/37 2899/61 2888/39
f 2902/57 2901/54 2900/59
f 2901/54 2898/60 2900/59
f 2902/57 2900/59 2834/35
f 2834/35 2900/59 2886/37
f 2904/58 2903/55 2902/57
f 2903/55 2901/54 2902/57
f 2904/58 2902/57 2833/33
f 2833/33 2902/57 2834/35
f 2906/68 2905/56 2904/58
f 2905/56 2903/55 2904/58
f 2906/68 2904/58 2825/31
f 2825/31 2904/58 2833/33
f 2905/69 2906/68 2823/29
f 2823/29 2906/68 2825/31
f 2905/56 2907/53 2903/55
f 2907/70 2905/69 2821/27
f 2821/27 2905/69 2823/29
f 2907/53 2908/52 2903/55
f 2907/53 2909/51 2908/52
f 2909/71 2907/70 2819/25
f 2819/25 2907/70 2821/27
f 2909/51 2910/47 2908/52
f 2909/51 2816/49 2910/47
f 2816/21 2909/71 2815/20
f 2815/20 2909/71 2819/25
f 2910/47 2911/46 2912/50
f 2910/47 2813/45 2911/46
f 2816/49 2813/45 2910/47
f 2908/52 2910/47 2912/50
f 2912/50 2896/66 2898/60
f 2912/50 2911/46 2896/66
f 2901/54 2912/50 2898/60
f 2908/52 2912/50 2901/54
f 2911/46 2895/67 2896/66
f 2911/46 2810/48 2895/67
f 2813/45 2810/48 2911/46
f 2903/55 2908/52 2901/54
f 2895/67 2803/4 2802/5
f 2810/48 2803/4 2895/67
f 2825/31 2833/33 2826/32
f 2914/1 2913/3 2916/2
f 2915/4 2913/6 2914/5
f 2913/3 2915/8 2917/7
f 2916/2 2913/3 2917/7
f 2918/9 2917/7 2919/10
f 2916/2 2917/7 2918/9
f 2917/7 2920/11 2919/10
f 2917/7 2915/8 2920/11
f 2919/10 2920/11 2921/12
f 2915/8 2922/13 2920/11
f 2920/11 2923/14 2921/12
f 2920/11 2922/13 2923/14
f 2921/12 2923/14 2924/15
f 2922/13 2925/16 2923/14
f 2923/14 2926/17 2924/15
f 2923/14 2925/16 2926/17
f 2926/18 2927/20 2929/19
f 2926/18 2928/21 2927/20
f 2925/16 2928/22 2926/17
f 2924/23 2926/18 2929/19
f 2929/19 2927/20 2930/24
f 2927/20 2931/25 2930/24
f 2930/24 2931/25 2932/26
f 2931/25 2933/27 2932/26
f 2932/26 2933/27 2934/28
f 2933/27 2935/29 2934/28
f 2934/28 2935/29 2936/30
f 2935/29 2937/31 2936/30
f 2936/30 2937/31 2938/32
f 2941/31 2939/29 2936/30
f 2939/29 2940/28 2936/30
f 2941/31 2936/30 2942/32
f 2943/33 2941/31 2942/32
f 2943/33 2942/32 2944/34
f 2938/32 2945/33 2944/34
f 2945/33 2946/35 2944/34
f 2944/34 2946/35 2947/36
f 2948/35 2943/33 2944/34
f 2948/35 2944/34 2949/36
f 2950/37 2948/35 2949/36
f 2950/37 2949/36 2951/38
f 2952/39 2950/37 2951/38
f 2952/39 2951/38 2953/40
f 2954/41 2952/39 2953/40
f 2954/41 2953/40 2955/42
f 2956/43 2954/41 2955/42
f 2956/43 2955/42 2957/44
f 2958/2 2956/43 2957/44
f 2958/2 2957/44 2959/9
f 2960/7 2958/2 2959/9
f 2960/7 2959/9 2961/10
f 2962/11 2960/7 2961/10
f 2962/11 2961/10 2963/12
f 2964/14 2962/11 2963/12
f 2964/14 2963/12 2965/15
f 2967/18 2965/23 2966/19
f 2967/17 2964/14 2965/15
f 2968/20 2967/18 2966/19
f 2969/21 2967/18 2968/20
f 2969/22 2970/16 2967/17
f 2970/16 2964/14 2967/17
f 2970/45 2973/47 2971/46
f 2972/48 2970/45 2971/46
f 2970/16 2972/13 2964/14
f 2970/45 2969/49 2973/47
f 2971/46 2973/47 2975/50
f 2969/49 2974/51 2973/47
f 2973/47 2974/51 2976/52
f 2973/47 2976/52 2975/50
f 2974/51 2977/53 2976/52
f 2975/50 2976/52 2978/54
f 2976/52 2977/53 2979/55
f 2976/52 2979/55 2978/54
f 2977/53 2980/56 2979/55
f 2978/54 2979/55 2982/57
f 2979/55 2980/56 2981/58
f 2979/55 2981/58 2982/57
f 2978/54 2982/57 2983/59
f 2983/59 2982/57 2948/35
f 2982/57 2981/58 2943/33
f 2982/57 2943/33 2948/35
f 2984/60 2983/59 2985/61
f 2984/60 2978/54 2983/59
f 2985/61 2983/59 2950/37
f 2983/59 2948/35 2950/37
f 2986/62 2985/61 2952/39
f 2986/63 2984/60 2985/61
f 2985/61 2950/37 2952/39
f 2987/64 2986/62 2954/41
f 2987/65 2988/66 2986/63
f 2988/66 2984/60 2986/63
f 2986/62 2952/39 2954/41
f 2989/67 2988/66 2987/65
f 2989/67 2971/46 2988/66
f 2971/46 2975/50 2988/66
f 2988/66 2975/50 2984/60
f 2990/5 2989/67 2987/65
f 2991/4 2989/67 2990/5
f 2991/4 2972/48 2989/67
f 2972/48 2971/46 2989/67
f 2992/6 2991/4 2990/5
f 2991/8 2992/3 2960/7
f 2972/13 2991/8 2962/11
f 2991/8 2960/7 2962/11
f 2992/3 2990/1 2958/2
f 2992/3 2958/2 2960/7
f 2990/1 2987/64 2956/43
f 2990/1 2956/43 2958/2
f 2987/64 2954/41 2956/43
f 2975/50 2978/54 2984/60
f 2980/56 2993/68 2981/58
f 2981/58 2993/68 2941/31
f 2981/58 2941/31 2943/33
f 2993/68 2980/69 2939/29
f 2993/68 2939/29 2941/31
f 2980/69 2977/70 2994/27
f 2980/69 2994/27 2939/29
f 2939/29 2994/27 2940/28
f 2977/70 2995/25 2994/27
f 2994/27 2995/25 2996/26
f 2994/27 2996/26 2940/28
f 2995/25 2997/24 2996/26
f 2995/25 2968/20 2997/24
f 2968/20 2966/19 2997/24
f 2977/70 2974/71 2995/25
f 2974/71 2968/20 2995/25
f 2974/71 2969/21 2968/20
f 2972/13 2962/11 2964/14
f 2946/35 2998/37 2947/36
f 2947/36 2998/37 2999/38
f 2998/37 3000/39 2999/38
f 2999/38 3000/39 3001/40
f 3000/39 3002/41 3001/40
f 3001/40 3002/41 3003/42
f 3002/41 3004/43 3003/42
f 3003/42 3004/43 3005/44
f 3004/43 2916/2 3005/44
f 3005/44 2916/2 2918/9
f 3002/41 3006/64 3004/43
f 3006/64 2914/1 3004/43
f 3004/43 2914/1 2916/2
f 3008/66 3007/67 3006/65
f 3007/67 2914/5 3006/65
f 3008/66 3006/65 3009/63
f 3009/62 3006/64 3002/41
f 3010/60 3008/66 3009/63
f 3010/60 3009/63 3011/61
f 3011/61 3009/62 3000/39
f 3000/39 3009/62 3002/41
f 3012/59 3010/60 3011/61
f 3012/59 3011/61 2998/37
f 2998/37 3011/61 3000/39
f 3014/57 3013/54 3012/59
f 3013/54 3010/60 3012/59
f 3014/57 3012/59 2946/35
f 2946/35 3012/59 2998/37
f 3016/58 3015/55 3014/57
f 3015/55 3013/54 3014/57
f 3016/58 3014/57 2945/33
f 2945/33 3014/57 2946/35
f 3018/68 3017/56 3016/58
f 3017/56 3015/55 3016/58
f 3018/68 3016/58 2937/31
f 2937/31 3016/58 2945/33
f 3017/69 3018/68 2935/29
f 2935/29 3018/68 2937/31
f 3017/56 3019/53 3015/55
f 3019/70 3017/69 2933/27
f 2933/27 3017/69 2935/29
f 3019/53 3020/52 3015/55
f 3019/53 3021/51 3020/52
f 3021/71 3019/70 2931/25
f 2931/25 3019/70 2933/27
f 3021/51 3022/47 3020/52
f 3021/51 2928/49 3022/47
f 2928/21 3021/71 2927/20
f 2927/20 3021/71 2931/25
f 3022/47 3023/46 3024/50
f 3022/47 2925/45 3023/46
f 2928/49 2925/45 3022/47
f 3020/52 3022/47 3024/50
f 3024/50 3008/66 3010/60
f 3024/50 3023/46 3008/66
f 3013/54 3024/50 3010/60
f 3020/52 3024/50 3013/54
f 3023/46 3007/67 3008/66
f 3023/46 2922/48 3007/67
f 2925/45 2922/48 3023/46
f 3015/55 3020/52 3013/54
f 3007/67 2915/4 2914/5
f 2922/48 2915/4 3007/67
f 2937/31 2945/33 2938/32
f 3026/1 3025/3 3028/2
f 3027/4 3025/6 3026/5
f 3025/3 3027/8 3029/7
f 3028/2 3025/3 3029/7
f 3030/9 3029/7 3031/10
f 3028/2 3029/7 3030/9
f 3029/7 3032/11 3031/10
f 3029/7 3027/8 3032/11
f 3031/10 3032/11 3033/12
f 3027/8 3034/13 3032/11
f 3032/11 3035/14 3033/12
f 3032/11 3034/13 3035/14
f 3033/12 3035/14 3036/15
f 3034/13 3037/16 3035/14
f 3035/14 3038/17 3036/15
f 3035/14 3037/16 3038/17
f 3038/18 3039/20 3041/19
f 3038/18 3040/21 3039/20
f 3037/16 3040/22 3038/17
f 3036/23 3038/18 3041/19
f 3041/19 3039/20 3042/24
f 3039/20 3043/25 3042/24
f 3042/24 3043/25 3044/26
f 3043/25 3045/27 3044/26
f 3044/26 3045/27 3046/28
f 3045/27 3047/29 3046/28
f 3046/28 3047/29 3048/30
f 3047/29 3049/31 3048/30
f 3048/30 3049/31 3050/32
f 3053/31 3051/29 3048/30
f 3051/29 3052/28 3048/30
f 3053/31 3048/30 3054/32
f 3055/33 3053/31 3054/32
f 3055/33 3054/32 3056/34
f 3050/32 3057/33 3056/34
f 3057/33 3058/35 3056/34
f 3056/34 3058/35 3059/36
f 3060/35 3055/33 3056/34
f 3060/35 3056/34 3061/36
f 3062/37 3060/35 3061/36
f 3062/37 3061/36 3063/38
f 3064/39 3062/37 3063/38
f 3064/39 3063/38 3065/40
f 3066/41 3064/39 3065/40
f 3066/41 3065/40 3067/42
f 3068/43 3066/41 3067/42
f 3068/43 3067/42 3069/44
f 3070/2 3068/43 3069/44
f 3070/2 3069/44 3071/9
f 3072/7 3070/2 3071/9
f 3072/7 3071/9 3073/10
f 3074/11 3072/7 3073/10
f 3074/11 3073/10 3075/12
f 3076/14 3074/11 3075/12
f 3076/14 3075/12 3077/15
f 3079/18 3077/23 3078/19
f 3079/17 3076/14 3077/15
f 3080/20 3079/18 3078/19
f 3081/21 3079/18 3080/20
f 3081/22 3082/16 3079/17
f 3082/16 3076/14 3079/17
f 3082/45 3085/47 3083/46
f 3084/48 3082/45 3083/46
f 3082/16 3084/13 3076/14
f 3082/45 3081/49 3085/47
f 3083/46 3085/47 3087/50
f 3081/49 3086/51 3085/47
f 3085/47 3086/51 3088/52
f 3085/47 3088/52 3087/50
f 3086/51 3089/53 3088/52
f 3087/50 3088/52 3090/54
f 3088/52 3089/53 3091/55
f 3088/52 3091/55 3090/54
f 3089/53 3092/56 3091/55
f 3090/54 3091/55 3094/57
f 3091/55 3092/56 3093/58
f 3091/55 3093/58 3094/57
f 3090/54 3094/57 3095/59
f 3095/59 3094/57 3060/35
f 3094/57 3093/58 3055/33
f 3094/57 3055/33 3060/35
f 3096/60 3095/59 3097/61
f 3096/60 3090/54 3095/59
f 3097/61 3095/59 3062/37
f 3095/59 3060/35 3062/37
f 3098/62 3097/61 3064/39
f 3098/63 3096/60 3097/61
f 3097/61 3062/37 3064/39
f 3099/64 3098/62 3066/41
f 3099/65 3100/66 3098/63
f 3100/66 3096/60 3098/63
f 3098/62 3064/39 3066/41
f 3101/67 3100/66 3099/65
f 3101/67 3083/46 3100/66
f 3083/46 3087/50 3100/66
f 3100/66 3087/50 3096/60
f 3102/5 3101/67 3099/65
f 3103/4 3101/67 3102/5
f 3103/4 3084/48 3101/67
f 3084/48 3083/46 3101/67
f 3104/6 3103/4 3102/5
f 3103/8 3104/3 3072/7
f 3084/13 3103/8 3074/11
f 3103/8 3072/7 3074/11
f 3104/3 3102/1 3070/2
f 3104/3 3070/2 3072/7
f 3102/1 3099/64 3068/43
f 3102/1 3068/43 3070/2
f 3099/64 3066/41 3068/43
f 3087/50 3090/54 3096/60
f 3092/56 3105/68 3093/58
f 3093/58 3105/68 3053/31
f 3093/58 3053/31 3055/33
f 3105/68 3092/69 3051/29
f 3105/68 3051/29 3053/31
f 3092/69 3089/70 3106/27
f 3092/69 3106/27 3051/29
f 3051/29 3106/27 3052/28
f 3089/70 3107/25 3106/27
f 3106/27 3107/25 3108/26
f 3106/27 3108/26 3052/28
f 3107/25 3109/24 3108/26
f 3107/25 3080/20 3109/24
f 3080/20 3078/19 3109/24
f 3089/70 3086/71 3107/25
f 3086/71 3080/20 3107/25
f 3086/71 3081/21 3080/20
f 3084/13 3074/11 3076/14
f 3058/35 3110/37 3059/36
f 3059/36 3110/37 3111/38
f 3110/37 3112/39 3111/38
f 3111/38 3112/39 3113/40
f 3112/39 3114/41 3113/40
f 3113/40 3114/41 3115/42
f 3114/41 3116/43 3115/42
f 3115/42 3116/43 3117/44
f 3116/43 3028/2 3117/44
f 3117/44 3028/2 3030/9
f 3114/41 3118/64 3116/43
f 3118/64 3026/1 3116/43
f 3116/43 3026/1 3028/2
f 3120/66 3119/67 3118/65
f 3119/67 3026/5 3118/65
f 3120/66 3118/65 3121/63
f 3121/62 3118/64 3114/41
f 3122/60 3120/66 3121/63
f 3122/60 3121/63 3123/61
f 3123/61 3121/62 3112/39
f 3112/39 3121/62 3114/41
f 3124/59 3122/60 3123/61
f 3124/59 3123/61 3110/37
f 3110/37 3123/61 3112/39
f 3126/57 3125/54 3124/59
f 3125/54 3122/60 3124/59
f 3126/57 3124/59 3058/35
f 3058/35 3124/59 3110/37
f 3128/58 3127/55 3126/57
f 3127/55 3125/54 3126/57
f 3128/58 3126/57 3057/33
f 3057/33 3126/57 3058/35
f 3130/68 3129/56 3128/58
f 3129/56 3127/55 3128/58
f 3130/68 3128/58 3049/31
f 3049/31 3128/58 3057/33
f 3129/69 3130/68 3047/29
f 3047/29 3130/68 3049/31
f 3129/56 3131/53 3127/55
f 3131/70 3129/69 3045/27
f 3045/27 3129/69 3047/29
f 3131/53 3132/52 3127/55
f 3131/53 3133/51 3132/52
f 3133/71 3131/70 3043/25
f 3043/25 3131/70 3045/27
f 3133/51 3134/47 3132/52
f 3133/51 3040/49 3134/47
f 3040/21 3133/71 3039/20
f 3039/20 3133/71 3043/25
f 3134/47 3135/46 3136/50
f 3134/47 3037/45 3135/46
f 3040/49 3037/45 3134/47
f 3132/52 3134/47 3136/50
f 3136/50 3120/66 3122/60
f 3136/50 3135/46 3120/66
f 3125/54 3136/50 3122/60
f 3132/52 3136/50 3125/54
f 3135/46 3119/67 3120/66
f 3135/46 3034/48 3119/67
f 3037/45 3034/48 3135/46
f 3127/55 3132/52 3125/54
f 3119/67 3027/4 3026/5
f 3034/48 3027/4 3119/67
f 3049/31 3057/33 3050/32
f 3138/1 3137/3 3140/2
f 3139/4 3137/6 3138/5
f 3137/3 3139/8 3141/7
f 3140/2 3137/3 3141/7
f 3142/9 3141/7 3143/10
f 3140/2 3141/7 3142/9
f 3141/7 3144/11 3143/10
f 3141/7 3139/8 3144/11
f 3143/10 3144/11 3145/12
f 3139/8 3146/13 3144/11
f 3144/11 3147/14 3145/12
f 3144/11 3146/13 3147/14
f 3145/12 3147/14 3148/15
f 3146/13 3149/16 3147/14
f 3147/14 3150/17 3148/15
f 3147/14 3149/16 3150/17
f 3150/18 3151/20 3153/19
f 3150/18 3152/21 3151/20
f 3149/16 3152/22 3150/17
f 3148/23 3150/18 3153/19
f 3153/19 3151/20 3154/24
f 3151/20 3155/25 3154/24
f 3154/24 3155/25 3156/26
f 3155/25 3157/27 3156/26
f 3156/26 3157/27 3158/28
f 3157/27 3159/29 3158/28
f 3158/28 3159/29 3160/30
f 3159/29 3161/31 3160/30
f 3160/30 3161/31 3162/32
f 3165/31 3163/29 3160/30
f 3163/29 3164/28 3160/30
f 3165/31 3160/30 3166/32
f 3167/33 3165/31 3166/32
f 3167/33 3166/32 3168/34
f 3162/32 3169/33 3168/34
f 3169/33 3170/35 3168/34
f 3168/34 3170/35 3171/36
f 3172/35 3167/33 3168/34
f 3172/35 3168/34 3173/36
f 3174/37 3172/35 3173/36
f 3174/37 3173/36 3175/38
f 3176/39 3174/37 3175/38
f 3176/39 3175/38 3177/40
f 3178/41 3176/39 3177/40
f 3178/41 3177/40 3179/42
f 3180/43 3178/41 3179/42
f 3180/43 3179/42 3181/44
f 3182/2 3180/43 3181/44
f 3182/2 3181/44 3183/9
f 3184/7 3182/2 3183/9
f 3184/7 3183/9 3185/10
f 3186/11 3184/7 3185/10
f 3186/11 3185/10 3187/12
f 3188/14 3186/11 3187/12
f 3188/14 3187/12 3189/15
f 3191/18 3189/23 3190/19
f 3191/17 3188/14 3189/15
f 3192/20 3191/18 3190/19
f 3193/21 3191/18 3192/20
f 3193/22 3194/16 3191/17
f 3194/16 3188/14 3191/17
f 3194/45 3197/47 3195/46
f 3196/48 3194/45 3195/46
f 3194/16 3196/13 3188/14
f 3194/45 3193/49 3197/47
f 3195/46 3197/47 3199/50
f 3193/49 3198/51 3197/47
f 3197/47 3198/51 3200/52
f 3197/47 3200/52 3199/50
f 3198/51 3201/53 3200/52
f 3199/50 3200/52 3202/54
f 3200/52 3201/53 3203/55
f 3200/52 3203/55 3202/54
f 3201/53 3204/56 3203/55
f 3202/54 3203/55 3206/57
f 3203/55 3204/56 3205/58
f 3203/55 3205/58 3206/57
f 3202/54 3206/57 3207/59
f 3207/59 3206/57 3172/35
f 3206/57 3205/58 3167/33
f 3206/57 3167/33 3172/35
f 3208/60 3207/59 3209/61
f 3208/60 3202/54 3207/59
f 3209/61 3207/59 3174/37
f 3207/59 3172/35 3174/37
f 3210/62 3209/61 3176/39
f 3210/63 3208/60 3209/61
f 3209/61 3174/37 3176/39
f 3211/64 3210/62 3178/41
f 3211/65 3212/66 3210/63
f 3212/66 3208/60 3210/63
f 3210/62 3176/39 3178/41
f 3213/67 3212/66 3211/65
f 3213/67 3195/46 3212/66
f 3195/46 3199/50 3212/66
f 3212/66 3199/50 3208/60
f 3214/5 3213/67 3211/65
f 3215/4 3213/67 3214/5
f 3215/4 3196/48 3213/67
f 3196/48 3195/46 3213/67
f 3216/6 3215/4 3214/5
f 3215/8 3216/3 3184/7
f 3196/13 3215/8 3186/11
f 3215/8 3184/7 3186/11
f 3216/3 3214/1 3182/2
f 3216/3 3182/2 3184/7
f 3214/1 3211/64 3180/43
f 3214/1 3180/43 3182/2
f 3211/64 3178/41 3180/43
f 3199/50 3202/54 3208/60
f 3204/56 3217/68 3205/58
f 3205/58 3217/68 3165/31
f 3205/58 3165/31 3167/33
f 3217/68 3204/69 3163/29
f 3217/68 3163/29 3165/31
f 3204/69 3201/70 3218/27
f 3204/69 3218/27 3163/29
f 3163/29 3218/27 3164/28
f 3201/70 3219/25 3218/27
f 3218/27 3219/25 3220/26
f 3218/27 3220/26 3164/28
f 3219/25 3221/24 3220/26
f 3219/25 3192/20 3221/24
f 3192/20 3190/19 3221/24
f 3201/70 3198/71 3219/25
f 3198/71 3192/20 3219/25
f 3198/71 3193/21 3192/20
f 3196/13 3186/11 3188/14
f 3170/35 3222/37 3171/36
f 3171/36 3222/37 3223/38
f 3222/37 3224/39 3223/38
f 3223/38 3224/39 3225/40
f 3224/39 3226/41 3225/40
f 3225/40 3226/41 3227/42
f 3226/41 3228/43 3227/42
f 3227/42 3228/43 3229/44
f 3228/43 3140/2 3229/44
f 3229/44 3140/2 3142/9
f 3226/41 3230/64 3228/43
f 3230/64 3138/1 3228/43
f 3228/43 3138/1 3140/2
f 3232/66 3231/67 3230/65
f 3231/67 3138/5 3230/65
f 3232/66 3230/65 3233/63
f 3233/62 3230/64 3226/41
f 3234/60 3232/66 3233/63
f 3234/60 3233/63 3235/61
f 3235/61 3233/62 3224/39
f 3224/39 3233/62 3226/41
f 3236/59 3234/60 3235/61
f 3236/59 3235/61 3222/37
f 3222/37 3235/61 3224/39
f 3238/57 3237/54 3236/59
f 3237/54 3234/60 3236/59
f 3238/57 3236/59 3170/35
f 3170/35 3236/59 3222/37
f 3240/58 3239/55 3238/57
f 3239/55 3237/54 3238/57
f 3240/58 3238/57 3169/33
f 3169/33 3238/57 3170/35
f 3242/68 3241/56 3240/58
f 3241/56 3239/55 3240/58
f 3242/68 3240/58 3161/31
f 3161/31 3240/58 3169/33
f 3241/69 3242/68 3159/29
f 3159/29 3242/68 3161/31
f 3241/56 3243/53 3239/55
f 3243/70 3241/69 3157/27
f 3157/27 3241/69 3159/29
f 3243/53 3244/52 3239/55
f 3243/53 3245/51 3244/52
f 3245/71 3243/70 3155/25
f 3155/25 3243/70 3157/27
f 3245/51 3246/47 3244/52
f 3245/51 3152/49 3246/47
f 3152/21 3245/71 3151/20
f 3151/20 3245/71 3155/25
f 3246/47 3247/46 3248/50
f 3246/47 3149/45 3247/46
f 3152/49 3149/45 3246/47
f 3244/52 3246/47 3248/50
f 3248/50 3232/66 3234/60
f 3248/50 3247/46 3232/66
f 3237/54 3248/50 3234/60
f 3244/52 3248/50 3237/54
f 3247/46 3231/67 3232/66
f 3247/46 3146/48 3231/67
f 3149/45 3146/48 3247/46
f 3239/55 3244/52 3237/54
f 3231/67 3139/4 3138/5
f 3146/48 3139/4 3231/67
f 3161/31 3169/33 3162/32
f 3250/1 3249/3 3252/2
f 3251/4 3249/6 3250/5
f 3249/3 3251/8 3253/7
f 3252/2 3249/3 3253/7
f 3254/9 3253/7 3255/10
f 3252/2 3253/7 3254/9
f 3253/7 3256/11 3255/10
f 3253/7 3251/8 3256/11
f 3255/10 3256/11 3257/12
f 3251/8 3258/13 3256/11
f 3256/11 3259/14 3257/12
f 3256/11 3258/13 3259/14
f 3257/12 3259/14 3260/15
f 3258/13 3261/16 3259/14
f 3259/14 3262/17 3260/15
f 3259/14 3261/16 3262/17
f 3262/18 3263/20 3265/19
f 3262/18 3264/21 3263/20
f 3261/16 3264/22 3262/17
f 3260/23 3262/18 3265/19
f 3265/19 3263/20 3266/24
f 3263/20 3267/25 3266/24
f 3266/24 3267/25 3268/26
f 3267/25 3269/27 3268/26
f 3268/26 3269/27 3270/28
f 3269/27 3271/29 3270/28
f 3270/28 3271/29 3272/30
f 3271/29 3273/31 3272/30
f 3272/30 3273/31 3274/32
f 3277/31 3275/29 3272/30
f 3275/29 3276/28 3272/30
f 3277/31 3272/30 3278/32
f 3279/33 3277/31 3278/32
f 3279/33 3278/32 3280/34
f 3274/32 3281/33 3280/34
f 3281/33 3282/35 3280/34
f 3280/34 3282/35 3283/36
f 3284/35 3279/33 3280/34
f 3284/35 3280/34 3285/36
f 3286/37 3284/35 3285/36
f 3286/37 3285/36 3287/38
f 3288/39 3286/37 3287/38
f 3288/39 3287/38 3289/40
f 3290/41 3288/39 3289/40
f 3290/41 3289/40 3291/42
f 3292/43 3290/41 3291/42
f 3292/43 3291/42 3293/44
f 3294/2 3292/43 3293/44
f 3294/2 3293/44 3295/9
f 3296/7 3294/2 3295/9
f 3296/7 3295/9 3297/10
f 3298/11 3296/7 3297/10
f 3298/11 3297/10 3299/12
f 3300/14 3298/11 3299/12
f 3300/14 3299/12 3301/15
f 3303/18 3301/23 3302/19
f 3303/17 3300/14 3301/15
f 3304/20 3303/18 3302/19
f 3305/21 3303/18 3304/20
f 3305/22 3306/16 3303/17
f 3306/16 3300/14 3303/17
f 3306/45 3309/47 3307/46
f 3308/48 3306/45 3307/46
f 3306/16 3308/13 3300/14
f 3306/45 3305/49 3309/47
f 3307/46 3309/47 3311/50
f 3305/49 3310/51 3309/47
f 3309/47 3310/51 3312/52
f 3309/47 3312/52 3311/50
f 3310/51 3313/53 3312/52
f 3311/50 3312/52 3314/54
f 3312/52 3313/53 3315/55
f 3312/52 3315/55 3314/54
f 3313/53 3316/56 3315/55
f 3314/54 3315/55 3318/57
f 3315/55 3316/56 3317/58
f 3315/55 3317/58 3318/57
f 3314/54 3318/57 3319/59
f 3319/59 3318/57 3284/35
f 3318/57 3317/58 3279/33
f 3318/57 3279/33 3284/35
f 3320/60 3319/59 3321/61
f 3320/60 3314/54 3319/59
f 3321/61 3319/59 3286/37
f 3319/59 3284/35 3286/37
f 3322/62 3321/61 3288/39
f 3322/63 3320/60 3321/61
f 3321/61 3286/37 3288/39
f 3323/64 3322/62 3290/41
f 3323/65 3324/66 3322/63
f 3324/66 3320/60 3322/63
f 3322/62 3288/39 3290/41
f 3325/67 3324/66 3323/65
f 3325/67 3307/46 3324/66
f 3307/46 3311/50 3324/66
f 3324/66 3311/50 3320/60
f 3326/5 3325/67 3323/65
f 3327/4 3325/67 3326/5
f 3327/4 3308/48 3325/67
f 3308/48 3307/46 3325/67
f 3328/6 3327/4 3326/5
f 3327/8 3328/3 3296/7
f 3308/13 3327/8 3298/11
f 3327/8 3296/7 3298/11
f 3328/3 3326/1 3294/2
f 3328/3 3294/2 3296/7
f 3326/1 3323/64 3292/43
f 3326/1 3292/43 3294/2
f 3323/64 3290/41 3292/43
f 3311/50 3314/54 3320/60
f 3316/56 3329/68 3317/58
f 3317/58 3329/68 3277/31
f 3317/58 3277/31 3279/33
f 3329/68 3316/69 3275/29
f 3329/68 3275/29 3277/31
f 3316/69 3313/70 3330/27
f 3316/69 3330/27 3275/29
f 3275/29 3330/27 3276/28
f 3313/70 3331/25 3330/27
f 3330/27 3331/25 3332/26
f 3330/27 3332/26 3276/28
f 3331/25 3333/24 3332/26
f 3331/25 3304/20 3333/24
f 3304/20 3302/19 3333/24
f 3313/70 3310/71 3331/25
f 3310/71 3304/20 3331/25
f 3310/71 3305/21 3304/20
f 3308/13 3298/11 3300/14
f 3282/35 3334/37 3283/36
f 3283/36 3334/37 3335/38
f 3334/37 3336/39 3335/38
f 3335/38 3336/39 3337/40
f 3336/39 3338/41 3337/40
f 3337/40 3338/41 3339/42
f 3338/41 3340/43 3339/42
f 3339/42 3340/43 3341/44
f 3340/43 3252/2 3341/44
f 3341/44 3252/2 3254/9
f 3338/41 3342/64 3340/43
f 3342/64 3250/1 3340/43
f 3340/43 3250/1 3252/2
f 3344/66 3343/67 3342/65
f 3343/67 3250/5 3342/65
f 3344/66 3342/65 3345/63
f 3345/62 3342/64 3338/41
f 3346/60 3344/66 3345/63
f 3346/60 3345/63 3347/61
f 3347/61 3345/62 3336/39
f 3336/39 3345/62 3338/41
f 3348/59 3346/60 3347/61
f 3348/59 3347/61 3334/37
f 3334/37 3347/61 3336/39
f 3350/57 3349/54 3348/59
f 3349/54 3346/60 3348/59
f 3350/57 3348/59 3282/35
f 3282/35 3348/59 3334/37
f 3352/58 3351/55 3350/57
f 3351/55 3349/54 3350/57
f 3352/58 3350/57 3281/33
f 3281/33 3350/57 3282/35
f 3354/68 3353/56 3352/58
f 3353/56 3351/55 3352/58
f 3354/68 3352/58 3273/31
f 3273/31 3352/58 3281/33
f 3353/69 3354/68 3271/29
f 3271/29 3354/68 3273/31
f 3353/56 3355/53 3351/55
f 3355/70 3353/69 3269/27
f 3269/27 3353/69 3271/29
f 3355/53 3356/52 3351/55
f 3355/53 3357/51 3356/52
f 3357/71 3355/70 3267/25
f 3267/25 3355/70 3269/27
f 3357/51 3358/47 3356/52
f 3357/51 3264/49 3358/47
f 3264/21 3357/71 3263/20
f 3263/20 3357/71 3267/25
f 3358/47 3359/46 3360/50
f 3358/47 3261/45 3359/46
f 3264/49 3261/45 3358/47
f 3356/52 3358/47 3360/50
f 3360/50 3344/66 3346/60
f 3360/50 3359/46 3344/66
f 3349/54 3360/50 3346/60
f 3356/52 3360/50 3349/54
f 3359/46 3343/67 3344/66
f 3359/46 3258/48 3343/67
f 3261/45 3258/48 3359/46
f 3351/55 3356/52 3349/54
f 3343/67 3251/4 3250/5
f 3258/48 3251/4 3343/67
f 3273/31 3281/33 3274/32
