o rosi_tarr_body
v -0.020919 0.661320 -1.237069
v -0.043560 0.367796 -0.885489
v -0.048467 0.592007 -0.894081
v -0.084002 0.328149 -0.805098
v -0.054695 0.475079 -0.854205
v -0.041707 0.357833 -0.902526
v -0.034323 0.486695 -0.986480
v -0.058842 0.333909 -0.859555
v -0.055684 0.373658 -0.857694
v -0.029571 0.652690 -1.130682
v -0.037646 0.630886 -1.014966
v -0.042953 0.497099 -0.963378
v -0.029060 0.585857 -1.097783
v -0.035853 0.519224 -1.014704
v -0.048056 0.507608 -0.921172
v -0.094098 0.476389 -0.650038
v -0.111737 0.301996 -0.678106
v -0.072491 0.544407 -0.756229
v -0.051312 0.545536 -0.907459
v -0.041644 0.588067 -1.022556
v -0.037842 0.619614 -1.109306
v -0.116322 0.339147 -0.676571
v -0.089259 0.372628 -0.794173
v -0.081988 0.495357 -0.773141
v -0.104755 0.443709 -0.661754
v -0.087308 0.430624 -0.780954
v -0.114294 0.385645 -0.666566
v -0.063502 0.522667 -0.842730
v -0.060415 0.570126 -0.825554
v -0.003356 0.396570 -0.959702
v -0.003356 0.305275 -0.885946
v -0.003356 0.274737 -0.810807
v -0.003356 0.236454 -0.673095
v -0.003356 0.548034 -0.620710
v -0.003356 0.597097 -0.733318
v -0.003356 0.630130 -0.816572
v -0.003356 0.654403 -0.889899
v -0.003356 0.691978 -1.031458
v -0.003356 0.702884 -1.150274
v -0.003356 0.687481 -1.297933
v -0.003356 0.590927 -1.146635
v -0.003356 0.518211 -1.062219
v -0.003356 0.434709 -0.977517
v -0.003356 0.453793 -0.945940
v -0.003356 0.460860 -0.917557
v -0.003356 0.441082 -0.889162
v -0.003356 0.406152 -0.896491
v -0.003356 0.397981 -0.919985
v -0.029285 0.376327 -0.927091
v -0.048017 0.315962 -0.881133
v -0.063095 0.286508 -0.810497
v -0.075804 0.263060 -0.679538
v -0.086665 0.515678 -0.642609
v -0.061217 0.563458 -0.746620
v -0.051737 0.595717 -0.817465
v -0.042617 0.621363 -0.881595
v -0.029583 0.663081 -1.015285
v -0.022192 0.685878 -1.143296
v -0.017416 0.674162 -1.268648
v -0.022636 0.583851 -1.125611
v -0.028427 0.515657 -1.046444
v -0.024367 0.463159 -0.982510
v -0.030229 0.471988 -0.953939
v -0.033554 0.484752 -0.920329
v -0.037728 0.455446 -0.872030
v -0.038359 0.392346 -0.875687
v -0.036044 0.382253 -0.903206
v 0.014208 0.661320 -1.237069
v 0.036848 0.367796 -0.885489
v 0.041756 0.592007 -0.894081
v 0.077290 0.328149 -0.805098
v 0.047983 0.475079 -0.854205
v 0.034996 0.357833 -0.902526
v 0.027612 0.486695 -0.986480
v 0.052131 0.333909 -0.859555
v 0.048973 0.373658 -0.857694
v 0.022859 0.652690 -1.130682
v 0.030934 0.630886 -1.014966
v 0.036242 0.497099 -0.963378
v 0.022348 0.585857 -1.097783
v 0.029141 0.519224 -1.014704
v 0.041345 0.507608 -0.921172
v 0.087387 0.476389 -0.650038
v 0.105025 0.301996 -0.678106
v 0.065780 0.544407 -0.756229
v 0.044601 0.545536 -0.907459
v 0.034933 0.588067 -1.022556
v 0.031130 0.619614 -1.109306
v 0.109611 0.339147 -0.676571
v 0.082547 0.372628 -0.794173
v 0.075276 0.495357 -0.773141
v 0.098043 0.443709 -0.661754
v 0.080596 0.430624 -0.780954
v 0.107582 0.385645 -0.666566
v 0.056790 0.522668 -0.842730
v 0.053704 0.570126 -0.825554
v 0.022573 0.376327 -0.927091
v 0.041306 0.315962 -0.881133
v 0.056384 0.286508 -0.810497
v 0.069093 0.263060 -0.679538
v 0.079192 0.515678 -0.642609
v 0.054506 0.563458 -0.746620
v 0.045026 0.595717 -0.817465
v 0.035906 0.621363 -0.881595
v 0.022872 0.663081 -1.015285
v 0.015480 0.685878 -1.143296
v 0.010705 0.674162 -1.268648
v 0.015924 0.583851 -1.125611
v 0.021715 0.515657 -1.046444
v 0.017656 0.463159 -0.982510
v 0.023518 0.471988 -0.953939
v 0.026843 0.484752 -0.920329
v 0.031017 0.455446 -0.872030
v 0.031647 0.392346 -0.875687
v 0.029333 0.382253 -0.903206
v -0.003355 0.543272 -0.571202
v -0.090846 0.512627 -0.571354
v -0.003359 0.224512 -0.511471
v -0.154300 0.415255 -0.543913
v -0.075574 0.247580 -0.503714
v -0.168567 0.327768 -0.519258
v -0.129552 0.295712 -0.510224
v 0.069587 0.245323 -0.503078
v 0.122845 0.291576 -0.509058
v 0.161862 0.321802 -0.517577
v 0.084145 0.508338 -0.570146
v 0.148368 0.408020 -0.541874
v -0.132608 0.463537 -0.557520
v 0.125286 0.458179 -0.556010
v 0.164145 0.364911 -0.529725
v -0.170829 0.371512 -0.531586
v -0.072667 0.967483 -0.066137
v -0.000028 0.958694 -0.064214
v -0.002428 0.954692 0.008252
v -0.074733 0.965289 0.005468
v -0.143781 0.972092 -0.064934
v -0.140387 0.963248 -0.128569
v -0.069982 0.963568 -0.130428
v 0.001676 0.959338 -0.128653
v -0.067305 0.952728 -0.187459
v 0.002568 0.954082 -0.185586
v -0.136103 0.946453 -0.185407
v -0.065267 0.934148 -0.237286
v 0.002528 0.940382 -0.235535
v -0.132002 0.923054 -0.234997
v -0.064261 0.909346 -0.282242
v 0.001774 0.918842 -0.280761
v -0.129054 0.895502 -0.279491
v -0.064684 0.879840 -0.324659
v 0.000523 0.890065 -0.323527
v -0.128229 0.866251 -0.321043
v -0.066303 0.845438 -0.365426
v -0.000856 0.854411 -0.364727
v -0.001992 0.812241 -0.405255
v -0.129592 0.834036 -0.360468
v -0.068884 0.805947 -0.405431
v -0.002792 0.762825 -0.444200
v -0.071909 0.759524 -0.443495
v -0.003165 0.705436 -0.480649
v -0.133205 0.797595 -0.398583
v -0.186412 0.821672 -0.349913
v -0.185706 0.850951 -0.312522
v -0.074862 0.704330 -0.478436
v -0.003289 0.638569 -0.510936
v -0.138159 0.754221 -0.434316
v -0.191013 0.787881 -0.384908
v -0.077467 0.639003 -0.507315
v -0.003340 0.591904 -0.531391
v -0.143541 0.701211 -0.466592
v -0.079448 0.562183 -0.527194
v -0.188176 0.877957 -0.272093
v -0.235181 0.808650 -0.336002
v -0.198025 0.746914 -0.417117
v -0.148597 0.637680 -0.493397
v -0.235811 0.834168 -0.301495
v -0.193102 0.904928 -0.227984
v -0.205964 0.696107 -0.446149
v -0.152569 0.562744 -0.512716
v -0.240803 0.857367 -0.262537
v -0.199061 0.929411 -0.178592
v -0.213611 0.634771 -0.470431
v -0.154287 0.482903 -0.536867
v -0.248079 0.881387 -0.218644
v -0.204631 0.948953 -0.122319
v -0.219746 0.562218 -0.488388
v -0.003356 0.196999 -0.453710
v -0.255973 0.904203 -0.169053
v -0.222493 0.484507 -0.495628
v -0.072176 0.219357 -0.436565
v -0.003356 0.176808 -0.396784
v -0.219981 0.407700 -0.487764
v -0.069727 0.179146 -0.393273
v -0.003356 0.143375 -0.349398
v -0.214004 0.337065 -0.468378
v -0.138111 0.223896 -0.425236
v -0.206358 0.277870 -0.441054
v -0.284300 0.485035 -0.462928
v -0.281004 0.409690 -0.455761
v -0.272958 0.340224 -0.438352
v -0.280429 0.560719 -0.456392
v -0.271969 0.631033 -0.440362
v -0.261498 0.690266 -0.419051
v -0.250633 0.738963 -0.393947
v -0.240991 0.777669 -0.366542
v -0.274316 0.795275 -0.320978
v -0.281824 0.767824 -0.345625
v -0.295107 0.731727 -0.366858
v -0.309508 0.684934 -0.387237
v -0.323128 0.627221 -0.405131
v -0.277237 0.816129 -0.290360
v -0.300175 0.784265 -0.308551
v -0.314372 0.762547 -0.320082
v -0.332554 0.727725 -0.334942
v -0.286108 0.834387 -0.253312
v -0.311345 0.794274 -0.284136
v -0.296446 0.854047 -0.209375
v -0.339493 0.766040 -0.287842
v -0.325432 0.807388 -0.247439
v -0.351134 0.681821 -0.350417
v -0.364083 0.729478 -0.297292
v -0.360116 0.774742 -0.247937
v -0.339657 0.822187 -0.202266
v -0.306635 0.873430 -0.158826
v -0.262819 0.923787 -0.113002
v -0.208494 0.960847 -0.059848
v -0.145216 0.971640 0.005045
v -0.387516 0.682634 -0.308301
v -0.391074 0.734838 -0.252734
v -0.379166 0.785087 -0.199401
v -0.352565 0.837275 -0.149704
v -0.315058 0.890856 -0.101942
v -0.267124 0.936787 -0.051381
v -0.209333 0.962390 0.008133
v -0.368144 0.624800 -0.364728
v -0.334069 0.558362 -0.418911
v -0.339112 0.484027 -0.424610
v -0.381619 0.556628 -0.376095
v -0.408072 0.625233 -0.319145
v -0.335039 0.409888 -0.418263
v -0.387810 0.482963 -0.380873
v -0.419221 0.686064 -0.259755
v -0.424033 0.556997 -0.328097
v -0.414908 0.741655 -0.200091
v -0.443110 0.627678 -0.267390
v -0.395283 0.795920 -0.143474
v -0.446817 0.690798 -0.203645
v -0.362700 0.851256 -0.090840
v -0.434232 0.748934 -0.140407
v -0.319991 0.902947 -0.040030
v -0.407102 0.806083 -0.081395
v -0.267395 0.939848 0.014923
v -0.368256 0.861205 -0.027474
v -0.319712 0.906322 0.025605
v -0.473452 0.631291 -0.208474
v -0.468856 0.695888 -0.140773
v -0.447689 0.755679 -0.074723
v -0.413083 0.813440 -0.015390
v -0.367427 0.864196 0.038597
v -0.461291 0.558936 -0.274025
v -0.431276 0.483320 -0.331918
v -0.382971 0.409466 -0.375416
v -0.324796 0.341668 -0.403147
v -0.262579 0.282172 -0.414164
v -0.198275 0.229509 -0.407638
v -0.133228 0.184414 -0.383939
v -0.067983 0.145957 -0.346450
v -0.067397 0.117524 -0.297226
v -0.003356 0.114587 -0.299535
v -0.067742 0.092695 -0.244911
v -0.003356 0.089344 -0.246609
v -0.068787 0.070317 -0.188817
v -0.003356 0.066545 -0.190033
v -0.070034 0.052646 -0.128423
v -0.003356 0.048700 -0.129227
v -0.070982 0.041935 -0.063207
v -0.003356 0.038320 -0.063607
v -0.071382 0.038320 0.004419
v -0.003356 0.034996 0.004419
v -0.129809 0.152264 -0.339042
v -0.128805 0.125040 -0.291629
v -0.129655 0.101501 -0.240872
v -0.131799 0.080408 -0.185947
v -0.134295 0.063532 -0.126520
v -0.136198 0.052646 -0.062259
v -0.137001 0.048700 0.004419
v -0.190989 0.191375 -0.369978
v -0.251503 0.235220 -0.384967
v -0.311324 0.285093 -0.382543
v -0.370445 0.341944 -0.362725
v -0.425681 0.409595 -0.327369
v -0.469399 0.484769 -0.276900
v -0.493371 0.561908 -0.212990
v -0.497426 0.635118 -0.143005
v -0.483890 0.700387 -0.071940
v -0.454003 0.760556 -0.005593
v -0.411684 0.815855 0.052317
v -0.410833 0.341595 -0.317047
v -0.463067 0.410108 -0.273255
v -0.502065 0.486980 -0.214973
v -0.518211 0.564960 -0.145539
v -0.513358 0.638205 -0.071591
v -0.490552 0.703456 0.000102
v -0.451896 0.762233 0.064431
v -0.353576 0.286207 -0.345801
v -0.296629 0.240059 -0.358418
v -0.241366 0.199052 -0.352532
v -0.186034 0.160981 -0.328611
v -0.184945 0.135838 -0.284075
v -0.186624 0.114518 -0.235546
v -0.189974 0.095591 -0.182199
v -0.193721 0.080408 -0.124025
v -0.196592 0.070317 -0.061012
v -0.197808 0.066545 0.004419
v -0.234823 0.171140 -0.316349
v -0.234526 0.148958 -0.275911
v -0.238138 0.130690 -0.230363
v -0.243321 0.114518 -0.178849
v -0.248647 0.101501 -0.121880
v -0.252686 0.092695 -0.059967
v -0.254384 0.089344 0.004419
v -0.282716 0.206466 -0.332740
v -0.334557 0.242260 -0.326783
v -0.390318 0.285093 -0.303549
v -0.446010 0.340756 -0.265190
v -0.495027 0.410836 -0.212206
v -0.526980 0.489158 -0.146698
v -0.533750 0.567135 -0.072221
v -0.519998 0.640051 0.002920
v -0.487475 0.704260 0.072604
v -0.366193 0.240059 -0.288854
v -0.421939 0.282515 -0.254804
v -0.476025 0.339560 -0.206230
v -0.519502 0.411455 -0.144806
v -0.541848 0.490505 -0.072635
v -0.539614 0.568253 0.004084
v -0.516095 0.640154 0.077678
v -0.315583 0.210108 -0.307809
v -0.274340 0.181772 -0.303449
v -0.276256 0.163436 -0.268481
v -0.283686 0.148958 -0.226751
v -0.291850 0.135838 -0.177170
v -0.299403 0.125040 -0.121030
v -0.305000 0.117524 -0.059623
v -0.307310 0.114587 0.004419
v -0.300566 0.190916 -0.292792
v -0.311223 0.181772 -0.266565
v -0.340515 0.206466 -0.274941
v -0.324124 0.171140 -0.227048
v -0.392742 0.235306 -0.243728
v -0.360306 0.199052 -0.233591
v -0.336386 0.160981 -0.178260
v -0.448829 0.279239 -0.198583
v -0.377752 0.191375 -0.183214
v -0.415413 0.229851 -0.190500
v -0.346817 0.152297 -0.122035
v -0.499232 0.338277 -0.140829
v -0.469625 0.276047 -0.135733
v -0.391713 0.184546 -0.125453
v -0.433010 0.224794 -0.130336
v -0.354224 0.146090 -0.060208
v -0.534434 0.411646 -0.071636
v -0.513983 0.337178 -0.069649
v -0.482968 0.273723 -0.067103
v -0.401048 0.179677 -0.061952
v -0.444339 0.221237 -0.064401
v -0.357172 0.143606 0.004419
v -0.546955 0.491117 0.004336
v -0.539579 0.411700 0.004420
v -0.519261 0.336690 0.004419
v -0.487775 0.272777 0.004419
v -0.404558 0.177732 0.004419
v -0.448436 0.219833 0.004419
v -0.535427 0.568133 0.080496
v -0.542588 0.491088 0.081337
v -0.534691 0.411912 0.080477
v -0.514047 0.337244 0.078488
v -0.482967 0.273723 0.075940
v -0.444339 0.221237 0.073239
v -0.401048 0.179677 0.070790
v -0.354224 0.146090 0.069046
v -0.305000 0.117524 0.068460
v -0.252686 0.092695 0.068805
v -0.196592 0.070317 0.069850
v -0.136198 0.052646 0.071097
v -0.070982 0.041935 0.072045
v -0.003356 0.038320 0.072445
v -0.391713 0.184546 0.134291
v -0.346817 0.152297 0.130872
v -0.299403 0.125040 0.129868
v -0.248647 0.101501 0.130718
v -0.193721 0.080408 0.132862
v -0.134295 0.063532 0.135358
v -0.070034 0.052646 0.137261
v -0.433010 0.224794 0.139174
v -0.469625 0.276047 0.144571
v -0.499348 0.338396 0.149669
v -0.519966 0.411933 0.153656
v -0.528351 0.490228 0.155484
v -0.521373 0.566851 0.154105
v -0.502625 0.638795 0.149739
v -0.475699 0.703049 0.142603
v -0.442281 0.760943 0.132362
v -0.404060 0.813807 0.118679
v -0.361626 0.860979 0.104314
v -0.315571 0.901797 0.092026
v -0.264717 0.933672 0.083051
v -0.207883 0.954012 0.078625
v -0.144947 0.961458 0.078105
v -0.075786 0.954653 0.080851
v -0.004501 0.943614 0.085073
v -0.352268 0.852302 0.166620
v -0.308923 0.890187 0.156299
v -0.260178 0.918957 0.150147
v -0.204882 0.936144 0.148627
v -0.143234 0.941115 0.150987
v -0.075431 0.933239 0.156477
v -0.005228 0.921739 0.162578
v -0.391365 0.807772 0.180649
v -0.426076 0.756921 0.195213
v -0.456262 0.700074 0.207139
v -0.480567 0.636254 0.216158
v -0.497635 0.564486 0.222000
v -0.503851 0.488347 0.223896
v -0.495603 0.411413 0.221077
v -0.476169 0.339704 0.215075
v -0.448828 0.279239 0.207421
v -0.415413 0.229851 0.199338
v -0.377752 0.191375 0.192052
v -0.336385 0.160981 0.187097
v -0.291850 0.135838 0.186008
v -0.243321 0.114518 0.187687
v -0.189974 0.095592 0.191037
v -0.131799 0.080408 0.194784
v -0.421939 0.282515 0.263642
v -0.392742 0.235306 0.252565
v -0.360306 0.199052 0.242429
v -0.324123 0.171140 0.235886
v -0.283686 0.148958 0.235589
v -0.238138 0.130690 0.239201
v -0.186624 0.114518 0.244384
v -0.446159 0.340899 0.274044
v -0.463663 0.410679 0.282159
v -0.471370 0.486218 0.285999
v -0.466195 0.561875 0.283577
v -0.451440 0.633368 0.276195
v -0.430405 0.696415 0.265159
v -0.404391 0.751578 0.251347
v -0.374699 0.799422 0.235640
v -0.340532 0.839988 0.222227
v -0.301090 0.873318 0.215296
v -0.255204 0.897822 0.213600
v -0.201700 0.911914 0.215890
v -0.141243 0.915178 0.221439
v -0.074495 0.907201 0.229517
v -0.005046 0.896137 0.237113
v -0.327597 0.825857 0.267842
v -0.293400 0.853014 0.265890
v -0.251221 0.872383 0.270800
v -0.199708 0.884448 0.278166
v -0.140142 0.888216 0.287208
v -0.073803 0.882693 0.297142
v -0.004390 0.873878 0.305024
v -0.355162 0.790427 0.281063
v -0.378338 0.746325 0.299126
v -0.399365 0.693151 0.315608
v -0.416760 0.630973 0.329110
v -0.429036 0.559857 0.338233
v -0.433188 0.484616 0.341222
v -0.426210 0.410060 0.336320
v -0.410965 0.341711 0.325913
v -0.390317 0.285093 0.312386
v -0.366192 0.240059 0.297691
v -0.340515 0.206466 0.283778
v -0.311223 0.181772 0.275403
v -0.276256 0.163436 0.277319
v -0.234526 0.148958 0.284749
v -0.383394 0.409787 0.384427
v -0.370550 0.342024 0.371606
v -0.353575 0.286207 0.354638
v -0.334557 0.242260 0.335620
v -0.315583 0.210108 0.316646
v -0.300566 0.190916 0.301629
v -0.274339 0.181772 0.312286
v -0.282715 0.206466 0.341578
v -0.296628 0.240059 0.367255
v -0.311323 0.285093 0.391380
v -0.324878 0.341720 0.412047
v -0.335369 0.410095 0.427351
v -0.234823 0.171140 0.325186
v -0.241366 0.199052 0.361369
v -0.251502 0.235221 0.393805
v -0.262578 0.282173 0.423002
v -0.273021 0.340257 0.447271
v -0.281256 0.409823 0.464924
v -0.184945 0.135838 0.292913
v -0.129655 0.101501 0.249710
v -0.068787 0.070317 0.197655
v -0.003356 0.048700 0.138064
v -0.214052 0.337093 0.477310
v -0.220174 0.407812 0.496980
v -0.206358 0.277870 0.449891
v -0.198275 0.229509 0.416475
v -0.190989 0.191375 0.378815
v -0.186034 0.160981 0.337448
v -0.128805 0.125040 0.300466
v -0.067742 0.092695 0.253749
v -0.003356 0.066545 0.198871
v -0.148637 0.333079 0.500518
v -0.143508 0.273119 0.470688
v -0.138111 0.223897 0.434073
v -0.133228 0.184414 0.392776
v -0.129809 0.152264 0.347879
v -0.067397 0.117524 0.306063
v -0.003356 0.089344 0.255447
v -0.152717 0.404775 0.521461
v -0.074877 0.268852 0.484030
v -0.072176 0.219357 0.445402
v -0.069727 0.179147 0.402110
v -0.067983 0.145958 0.355287
v -0.077442 0.329065 0.515248
v -0.003356 0.114587 0.308372
v -0.079481 0.401426 0.536308
v -0.154877 0.483194 0.530840
v -0.080569 0.480992 0.545500
v -0.223371 0.484854 0.505896
v -0.285460 0.485526 0.472981
v -0.340557 0.484760 0.434407
v -0.389514 0.483982 0.390409
v -0.386317 0.559097 0.386856
v -0.338197 0.560261 0.430332
v -0.283811 0.562021 0.468464
v -0.222294 0.563048 0.501056
v -0.154248 0.563322 0.525982
v -0.376513 0.630093 0.375857
v -0.330683 0.631753 0.417392
v -0.278325 0.634657 0.453730
v -0.218493 0.637506 0.484889
v -0.362810 0.691929 0.359502
v -0.320405 0.694393 0.397853
v -0.271019 0.698785 0.431135
v -0.346832 0.744103 0.339366
v -0.308790 0.747852 0.372882
v -0.330201 0.786112 0.317028
v -0.151867 0.639727 0.509090
v -0.213520 0.703342 0.459824
v -0.262973 0.754456 0.401274
v -0.297263 0.791801 0.343648
v -0.316399 0.813271 0.298109
v -0.290556 0.826701 0.308525
v -0.250489 0.840923 0.321322
v -0.255268 0.801725 0.364741
v -0.199866 0.851323 0.334548
v -0.203136 0.810116 0.384129
v -0.140379 0.856223 0.347291
v -0.208145 0.760798 0.426143
v -0.073720 0.853944 0.358637
v -0.142405 0.815194 0.400685
v -0.145456 0.765366 0.446131
v -0.003704 0.848056 0.366063
v -0.074611 0.815183 0.413286
v -0.148774 0.706976 0.482370
v -0.076058 0.766652 0.459883
v -0.003430 0.811762 0.419982
v 0.065855 0.842127 0.367044
v -0.077643 0.708598 0.497224
v -0.003376 0.765076 0.465921
v -0.079129 0.640745 0.524553
v 0.064400 0.867771 0.307907
v 0.067465 0.806616 0.418826
v -0.003353 0.708073 0.503018
v -0.080278 0.562821 0.541113
v -0.003349 0.640421 0.530154
v 0.069161 0.761057 0.462767
v 0.131465 0.834282 0.362356
v -0.003353 0.561788 0.546208
v 0.070871 0.705269 0.498383
v 0.134619 0.799410 0.410649
v -0.003358 0.479004 0.550242
v 0.072401 0.638617 0.524769
v 0.138248 0.755201 0.451312
v -0.003358 0.398901 0.541314
v 0.073556 0.560467 0.541024
v 0.141859 0.700813 0.484441
v -0.003356 0.326383 0.520492
v 0.073840 0.477985 0.545430
v 0.145065 0.635509 0.509465
v -0.003356 0.266352 0.488838
v 0.072758 0.398337 0.536270
v 0.147481 0.558549 0.525808
v -0.003356 0.217072 0.449499
v 0.070727 0.326362 0.515239
v 0.148115 0.477212 0.530705
v -0.003356 0.176808 0.405621
v 0.068166 0.266896 0.484030
v 0.145976 0.398779 0.521388
v -0.003356 0.143375 0.358235
v 0.065465 0.218225 0.445402
v 0.141919 0.327976 0.500500
v 0.063015 0.178632 0.402110
v 0.136797 0.269533 0.470688
v 0.131399 0.221902 0.434073
v 0.216556 0.475966 0.505709
v 0.213405 0.399270 0.496879
v 0.207327 0.330197 0.477285
v 0.199646 0.273308 0.449892
v 0.215454 0.555727 0.500810
v 0.211586 0.631275 0.485306
v 0.206439 0.695335 0.462319
v 0.200580 0.748111 0.432446
v 0.194576 0.789808 0.396282
v 0.189637 0.822644 0.352773
v 0.129282 0.860661 0.306337
v 0.063517 0.890143 0.241216
v 0.063621 0.915840 0.166774
v 0.128195 0.883915 0.242095
v 0.186969 0.848841 0.300860
v 0.239012 0.809257 0.339953
v 0.245893 0.779442 0.377382
v 0.064804 0.938360 0.088984
v 0.128331 0.909413 0.169135
v 0.185990 0.872151 0.240021
v 0.236807 0.833709 0.293318
v 0.067160 0.951201 0.012246
v 0.069261 0.957398 -0.059921
v 0.129524 0.932131 0.092368
v 0.186115 0.896329 0.169731
v 0.131609 0.947046 0.016707
v 0.278235 0.796166 0.325556
v 0.237187 0.855528 0.236897
v 0.187049 0.918167 0.095013
v 0.278140 0.816663 0.285552
v 0.238061 0.877445 0.170111
v 0.282070 0.834720 0.234628
v 0.287124 0.769946 0.355602
v 0.303556 0.785823 0.312656
v 0.312645 0.795661 0.283116
v 0.254955 0.740765 0.407889
v 0.318936 0.765092 0.327984
v 0.263704 0.689725 0.433758
v 0.300172 0.734137 0.379360
v 0.271299 0.626867 0.454139
v 0.312745 0.684874 0.400502
v 0.337329 0.730571 0.345561
v 0.341999 0.768658 0.291568
v 0.276903 0.552733 0.468176
v 0.323540 0.623236 0.417807
v 0.354658 0.682339 0.362139
v 0.278597 0.474588 0.472768
v 0.331257 0.550303 0.430054
v 0.274462 0.399694 0.464811
v 0.322099 0.809054 0.236220
v 0.367523 0.732411 0.305188
v 0.369236 0.621514 0.376299
v 0.333673 0.473421 0.434212
v 0.266289 0.332459 0.447243
v 0.285254 0.853619 0.171824
v 0.390537 0.683679 0.318257
v 0.379376 0.549217 0.386621
v 0.328566 0.399936 0.427251
v 0.239119 0.897718 0.097998
v 0.409312 0.622836 0.329603
v 0.382642 0.472901 0.390254
v 0.188500 0.934456 0.020890
v 0.422121 0.550258 0.338054
v 0.132959 0.955486 -0.054538
v 0.287472 0.872039 0.102404
v 0.240056 0.914603 0.025597
v 0.188828 0.944852 -0.049345
v 0.329243 0.824540 0.176469
v 0.358737 0.777855 0.244680
v 0.391710 0.738428 0.256259
v 0.371575 0.789897 0.185645
v 0.333873 0.840724 0.109089
v 0.288503 0.888659 0.031631
v 0.420749 0.688081 0.267205
v 0.410849 0.747393 0.196786
v 0.380089 0.803368 0.118911
v 0.444005 0.626409 0.276581
v 0.445661 0.694733 0.207331
v 0.239367 0.926458 -0.043735
v 0.335786 0.856213 0.039304
v 0.424140 0.758026 0.130002
v 0.287077 0.901271 -0.037102
v 0.383851 0.816854 0.048929
v 0.334072 0.868679 -0.029408
v 0.473550 0.631443 0.216095
v 0.464048 0.702752 0.140494
v 0.430787 0.769046 0.059135
v 0.382463 0.828075 -0.020617
v 0.459633 0.553009 0.283448
v 0.426366 0.473467 0.341108
v 0.376600 0.400023 0.384351
v 0.318144 0.334197 0.412023
v 0.255867 0.277291 0.423002
v 0.191563 0.227191 0.416476
v 0.126516 0.183535 0.392776
v 0.061271 0.145829 0.355287
v 0.060686 0.117524 0.306063
v 0.061030 0.092695 0.253749
v 0.062075 0.070317 0.197655
v 0.063322 0.052646 0.137261
v 0.064271 0.041935 0.072045
v 0.064670 0.038320 0.004419
v 0.123098 0.152044 0.347880
v 0.122093 0.125040 0.300466
v 0.122944 0.101501 0.249710
v 0.125088 0.080408 0.194784
v 0.127583 0.063532 0.135358
v 0.129486 0.052646 0.071097
v 0.130290 0.048700 0.004419
v 0.184277 0.190433 0.378815
v 0.244791 0.232955 0.393805
v 0.304612 0.280551 0.391381
v 0.363818 0.334938 0.371587
v 0.419450 0.399982 0.336265
v 0.464920 0.475162 0.285923
v 0.492052 0.557051 0.221895
v 0.496262 0.637395 0.148936
v 0.474681 0.711253 0.068552
v 0.430622 0.778341 -0.011894
v 0.346864 0.282000 0.354639
v 0.404242 0.334209 0.325899
v 0.457157 0.400147 0.282124
v 0.498383 0.478030 0.223844
v 0.517233 0.561806 0.153877
v 0.510456 0.643721 0.075894
v 0.476923 0.718364 -0.004400
v 0.289917 0.238057 0.367256
v 0.234655 0.198216 0.361369
v 0.179323 0.160745 0.337449
v 0.178233 0.135838 0.292913
v 0.179912 0.114518 0.244384
v 0.183263 0.095592 0.191037
v 0.187010 0.080408 0.132862
v 0.189880 0.070317 0.069850
v 0.191096 0.066545 0.004419
v 0.228111 0.170931 0.325187
v 0.227814 0.148958 0.284749
v 0.231426 0.130690 0.239201
v 0.236610 0.114518 0.187687
v 0.241935 0.101501 0.130718
v 0.245974 0.092695 0.068805
v 0.247672 0.089344 0.004419
v 0.276004 0.205773 0.341578
v 0.327846 0.240442 0.335620
v 0.383606 0.280551 0.312387
v 0.439539 0.332649 0.274035
v 0.489763 0.400852 0.221057
v 0.524408 0.481531 0.155415
v 0.533031 0.566695 0.079877
v 0.515108 0.648866 0.001007
v 0.308872 0.209495 0.316646
v 0.359481 0.238057 0.297692
v 0.415260 0.277353 0.263642
v 0.469836 0.330900 0.215070
v 0.515235 0.402120 0.153647
v 0.540646 0.485127 0.081177
v 0.538924 0.570572 0.003470
v 0.267628 0.181599 0.312286
v 0.269545 0.163436 0.277319
v 0.276974 0.148958 0.235589
v 0.285138 0.135838 0.186008
v 0.292692 0.125040 0.129868
v 0.298289 0.117524 0.068460
v 0.300598 0.114587 0.004419
v 0.293855 0.190643 0.301629
v 0.304512 0.181599 0.275403
v 0.333803 0.205773 0.283779
v 0.317412 0.170931 0.235886
v 0.386038 0.232970 0.252565
v 0.353595 0.198215 0.242429
v 0.329674 0.160745 0.187097
v 0.442245 0.273554 0.207421
v 0.408733 0.227252 0.199338
v 0.371041 0.190433 0.192052
v 0.340108 0.152050 0.130872
v 0.493572 0.329657 0.149667
v 0.463277 0.270229 0.144571
v 0.426405 0.222107 0.139174
v 0.385015 0.183560 0.134291
v 0.347526 0.145853 0.069046
v 0.531538 0.403970 0.080473
v 0.509186 0.329614 0.078487
v 0.477066 0.268450 0.075940
v 0.437894 0.218737 0.073239
v 0.394388 0.178731 0.070790
v 0.350490 0.143397 0.004419
v 0.547023 0.488079 0.004207
v 0.538059 0.405982 0.004439
v 0.515394 0.330640 0.004424
v 0.482393 0.268414 0.004419
v 0.442200 0.217701 0.004419
v 0.397961 0.176899 0.004419
v 0.534391 0.572291 -0.071769
v 0.543468 0.489650 -0.072419
v 0.534183 0.407734 -0.071553
v 0.510914 0.332603 -0.069629
v 0.478038 0.270316 -0.067103
v 0.438323 0.219559 -0.064402
v 0.394536 0.179015 -0.061952
v 0.509198 0.651273 -0.071690
v 0.347563 0.145925 -0.060208
v 0.470132 0.722209 -0.074268
v 0.298289 0.117524 -0.059623
v 0.423479 0.783802 -0.079166
v 0.245974 0.092695 -0.059967
v 0.375524 0.834752 -0.086045
v 0.189880 0.070317 -0.061012
v 0.327821 0.875794 -0.093569
v 0.129486 0.052646 -0.062259
v 0.281925 0.907666 -0.100399
v 0.064271 0.041935 -0.063207
v 0.063322 0.052646 -0.128423
v 0.127583 0.063532 -0.126520
v 0.187010 0.080408 -0.124025
v 0.062075 0.070317 -0.188817
v 0.125088 0.080408 -0.185947
v 0.061030 0.092695 -0.244911
v 0.241935 0.101501 -0.121880
v 0.183263 0.095591 -0.182199
v 0.122943 0.101501 -0.240872
v 0.060686 0.117524 -0.297226
v 0.292692 0.125040 -0.121030
v 0.236610 0.114518 -0.178849
v 0.179912 0.114518 -0.235546
v 0.122093 0.125040 -0.291629
v 0.061271 0.145829 -0.346450
v 0.123098 0.152044 -0.339042
v 0.063015 0.178632 -0.393273
v 0.178233 0.135838 -0.284075
v 0.231426 0.130689 -0.230363
v 0.179323 0.160745 -0.328611
v 0.126516 0.183535 -0.383939
v 0.065465 0.218224 -0.436565
v 0.227814 0.148958 -0.275911
v 0.228112 0.170933 -0.316349
v 0.184277 0.190433 -0.369978
v 0.131399 0.221902 -0.425236
v 0.191563 0.227191 -0.407638
v 0.234659 0.198224 -0.352532
v 0.267633 0.181607 -0.303449
v 0.199646 0.273308 -0.441054
v 0.244816 0.233002 -0.384967
v 0.207342 0.330142 -0.468166
v 0.072796 0.558529 -0.524876
v 0.147702 0.476265 -0.518754
v 0.070871 0.636206 -0.503008
v 0.276022 0.205807 -0.332740
v 0.255944 0.277439 -0.414164
v 0.213468 0.399049 -0.486914
v 0.146117 0.555986 -0.508225
v 0.068313 0.704502 -0.472201
v 0.290017 0.238247 -0.358418
v 0.266504 0.332698 -0.438023
v 0.216216 0.475123 -0.492973
v 0.142073 0.633181 -0.485542
v 0.065680 0.764124 -0.435976
v 0.304920 0.281142 -0.382543
v 0.274956 0.399946 -0.454442
v 0.213778 0.553457 -0.482015
v 0.136479 0.703333 -0.456027
v 0.063527 0.815781 -0.397858
v 0.318867 0.335290 -0.402740
v 0.278738 0.474561 -0.459359
v 0.207378 0.630759 -0.460545
v 0.130384 0.765406 -0.422226
v 0.329991 0.401491 -0.416634
v 0.275287 0.551922 -0.448712
v 0.198238 0.703736 -0.435066
v 0.334887 0.475322 -0.420542
v 0.266198 0.629590 -0.429720
v 0.330148 0.552362 -0.410781
v 0.124836 0.818364 -0.386682
v 0.188198 0.768656 -0.406350
v 0.253067 0.705128 -0.409604
v 0.317944 0.630324 -0.394769
v 0.062435 0.859491 -0.358313
v 0.062984 0.895270 -0.317805
v 0.064625 0.923341 -0.275467
v 0.066807 0.943926 -0.230428
v 0.068751 0.956362 -0.180626
v 0.069680 0.959985 -0.124001
v 0.131947 0.958784 -0.118055
v 0.129290 0.955211 -0.174380
v 0.186395 0.949011 -0.112397
v 0.125707 0.943036 -0.224048
v 0.182232 0.946271 -0.168648
v 0.235547 0.931644 -0.106640
v 0.122411 0.923206 -0.268788
v 0.177370 0.935971 -0.218482
v 0.229878 0.930395 -0.163254
v 0.120612 0.896663 -0.310328
v 0.274528 0.908435 -0.158021
v 0.173250 0.918801 -0.263155
v 0.223641 0.922943 -0.213713
v 0.121143 0.862138 -0.349386
v 0.318546 0.878281 -0.152722
v 0.171316 0.895452 -0.303927
v 0.218287 0.909542 -0.258489
v 0.266369 0.904170 -0.209727
v 0.179101 0.821783 -0.375166
v 0.364293 0.837825 -0.147129
v 0.172842 0.863816 -0.341147
v 0.215265 0.890444 -0.298059
v 0.258664 0.894848 -0.254713
v 0.307763 0.876862 -0.206409
v 0.238639 0.772095 -0.387357
v 0.410389 0.786384 -0.142524
v 0.225662 0.824049 -0.361974
v 0.216936 0.862872 -0.332520
v 0.252627 0.880446 -0.292178
v 0.296433 0.871296 -0.252642
v 0.350030 0.838233 -0.203644
v 0.455453 0.723279 -0.140188
v 0.392381 0.787045 -0.201812
v 0.333648 0.835468 -0.253090
v 0.285520 0.861342 -0.289432
v 0.252834 0.857657 -0.322429
v 0.493743 0.650894 -0.140372
v 0.434026 0.722062 -0.201294
v 0.370526 0.785354 -0.254756
v 0.316061 0.829019 -0.292970
v 0.519519 0.571610 -0.143328
v 0.469765 0.647677 -0.203215
v 0.407284 0.718944 -0.256337
v 0.529369 0.489526 -0.145799
v 0.494395 0.568286 -0.208696
v 0.519884 0.408739 -0.144529
v 0.277393 0.848557 -0.312378
v 0.345894 0.780876 -0.299084
v 0.293916 0.823413 -0.323720
v 0.439163 0.642821 -0.259984
v 0.504119 0.487395 -0.213031
v 0.496574 0.334844 -0.140760
v 0.263858 0.823175 -0.345773
v 0.316716 0.776209 -0.335387
v 0.281221 0.773947 -0.364257
v 0.376659 0.714312 -0.304066
v 0.300442 0.706925 -0.379925
v 0.341321 0.709772 -0.345067
v 0.403839 0.637526 -0.310446
v 0.363522 0.632967 -0.355181
v 0.461401 0.563571 -0.267847
v 0.379109 0.554664 -0.368151
v 0.422916 0.558715 -0.320752
v 0.470319 0.484104 -0.273892
v 0.385290 0.477329 -0.376737
v 0.430572 0.480502 -0.328156
v 0.495139 0.408509 -0.211511
v 0.379269 0.403430 -0.373696
v 0.423485 0.405511 -0.325829
v 0.462241 0.407336 -0.272084
v 0.473208 0.336707 -0.206056
v 0.365276 0.337307 -0.362295
v 0.442610 0.337902 -0.264897
v 0.406578 0.338140 -0.316662
v 0.464949 0.273440 -0.135734
v 0.347541 0.283299 -0.345801
v 0.384774 0.282792 -0.303549
v 0.416869 0.280442 -0.254804
v 0.444077 0.277070 -0.198583
v 0.427137 0.223511 -0.130336
v 0.328084 0.240899 -0.326783
v 0.359937 0.238932 -0.288854
v 0.386706 0.234251 -0.243728
v 0.409518 0.228759 -0.190500
v 0.385265 0.184041 -0.125453
v 0.308927 0.209601 -0.307809
v 0.333935 0.206025 -0.274941
v 0.353806 0.198622 -0.233592
v 0.371303 0.190935 -0.183214
v 0.340171 0.152170 -0.122035
v 0.329740 0.160871 -0.178260
v 0.293880 0.190690 -0.292792
v 0.317465 0.171032 -0.227048
v 0.285139 0.135838 -0.177170
v 0.304545 0.181662 -0.266565
v 0.269545 0.163436 -0.268482
v 0.276974 0.148958 -0.226751
vt 0.420218 0.938148
vt 0.426288 0.977388
vt 0.411849 0.931594
vt 0.416679 0.900379
vt 0.405646 0.901164
vt 0.378457 0.799020
vt 0.363860 0.797289
vt 0.374659 0.755738
vt 0.363051 0.755472
vt 0.383539 0.831985
vt 0.358318 0.820498
vt 0.402658 0.928867
vt 0.388063 0.895205
vt 0.353164 0.796951
vt 0.354162 0.753883
vt 0.353781 0.828804
vt 0.349686 0.815414
vt 0.349667 0.831898
vt 0.380688 0.883249
vt 0.384514 0.875096
vt 0.388869 0.859972
vt 0.395000 0.803035
vt 0.408810 0.802194
vt 0.397248 0.831355
vt 0.410679 0.829480
vt 0.398447 0.758376
vt 0.389193 0.759105
vt 0.399638 0.857353
vt 0.412398 0.855944
vt 0.344143 0.819883
vt 0.349890 0.842001
vt 0.334658 0.824921
vt 0.348640 0.856498
vt 0.342710 0.796857
vt 0.329121 0.799739
vt 0.323572 0.753816
vt 0.341700 0.754315
vt 0.432956 0.801252
vt 0.415126 0.801101
vt 0.432948 0.756667
vt 0.408995 0.759411
vt 0.433021 0.833103
vt 0.418039 0.829313
vt 0.433111 0.859835
vt 0.420647 0.853949
vt 0.433395 0.908776
vt 0.424717 0.901978
vt 0.433822 0.945402
vt 0.428149 0.943053
vt 0.435059 0.998822
vt 0.430798 0.987951
vt 0.402154 0.939834
vt 0.401573 0.951200
vt 0.385782 0.907000
vt 0.381916 0.916900
vt 0.364729 0.878984
vt 0.374105 0.881163
vt 0.377531 0.871074
vt 0.369600 0.867012
vt 0.381389 0.858750
vt 0.371692 0.857702
vt 0.368563 0.848023
vt 0.376194 0.838442
vt 0.360769 0.845524
vt 0.360505 0.831207
vt 0.355818 0.848948
vt 0.354182 0.836528
vt 0.447072 0.939184
vt 0.455250 0.931680
vt 0.442864 0.976293
vt 0.460883 0.900695
vt 0.449926 0.900149
vt 0.487298 0.798780
vt 0.490876 0.755529
vt 0.501859 0.796971
vt 0.502492 0.755137
vt 0.482357 0.831680
vt 0.507459 0.820109
vt 0.464276 0.928118
vt 0.478166 0.894431
vt 0.512542 0.796589
vt 0.511397 0.753447
vt 0.516057 0.815018
vt 0.512005 0.828375
vt 0.516111 0.831448
vt 0.477153 0.859555
vt 0.481545 0.874508
vt 0.485361 0.882554
vt 0.455310 0.829346
vt 0.457055 0.802138
vt 0.468702 0.831128
vt 0.470822 0.802887
vt 0.467165 0.758397
vt 0.476392 0.759046
vt 0.453749 0.855748
vt 0.466449 0.857034
vt 0.517174 0.855933
vt 0.515910 0.841507
vt 0.531062 0.824502
vt 0.521594 0.819474
vt 0.536588 0.799354
vt 0.522993 0.796471
vt 0.542099 0.753369
vt 0.523912 0.753831
vt 0.450756 0.801077
vt 0.456637 0.759564
vt 0.447968 0.829227
vt 0.445509 0.853834
vt 0.441947 0.901911
vt 0.439399 0.943347
vt 0.438825 0.987244
vt 0.466056 0.949490
vt 0.465124 0.938542
vt 0.484402 0.915590
vt 0.480513 0.906006
vt 0.501030 0.878240
vt 0.491831 0.880445
vt 0.496244 0.866504
vt 0.488425 0.870507
vt 0.494207 0.857279
vt 0.484578 0.858309
vt 0.497333 0.847612
vt 0.489696 0.838081
vt 0.505100 0.845061
vt 0.505313 0.830796
vt 0.510034 0.848431
vt 0.511625 0.836069
vt 0.411398 0.735172
vt 0.432961 0.739522
vt 0.454890 0.734745
vt 0.398234 0.724062
vt 0.468126 0.723486
vt 0.479666 0.713545
vt 0.387087 0.714749
vt 0.338092 0.696570
vt 0.320326 0.700655
vt 0.527618 0.695612
vt 0.545428 0.700054
vt 0.489307 0.705321
vt 0.499023 0.699147
vt 0.510836 0.696940
vt 0.355254 0.698030
vt 0.367316 0.700424
vt 0.377221 0.706504
vt 0.494578 0.678440
vt 0.494555 0.682181
vt 0.339194 0.677808
vt 0.401362 0.674647
vt 0.269309 0.668032
vt 0.194681 0.664569
vt 0.214894 0.675668
vt 0.245951 0.680226
vt 0.095335 0.666937
vt -0.002629 0.671377
vt 0.127566 0.655047
vt 0.047389 0.650322
vt -0.002568 0.654436
vt 0.090989 0.639880
vt 0.037098 0.628642
vt -0.002487 0.631602
vt 0.072821 0.620411
vt 0.030501 0.604717
vt -0.002399 0.607100
vt 0.060928 0.597986
vt 0.026486 0.577798
vt -0.002302 0.579829
vt -0.002191 0.548687
vt 0.053528 0.572258
vt 0.023940 0.547141
vt -0.002065 0.513515
vt 0.022427 0.512453
vt -0.001925 0.474150
vt 0.048838 0.542879
vt 0.077064 0.564230
vt 0.086390 0.587867
vt 0.021512 0.473447
vt -0.001771 0.430982
vt 0.046035 0.509391
vt 0.071260 0.536709
vt 0.021043 0.430574
vt -0.001605 0.384402
vt 0.044297 0.471333
vt 0.020864 0.384289
vt -0.001432 0.336116
vt 0.100797 0.608204
vt 0.096711 0.554758
vt 0.067866 0.504848
vt 0.043345 0.429262
vt 0.020934 0.336298
vt 0.106800 0.575449
vt 0.121843 0.625824
vt 0.065769 0.468188
vt 0.042900 0.383733
vt 0.121961 0.592980
vt 0.152598 0.639746
vt 0.064619 0.427334
vt 0.042889 0.336477
vt 0.143015 0.608549
vt 0.196128 0.648992
vt 0.064067 0.382889
vt 0.022491 0.199167
vt -0.000940 0.198081
vt -0.000800 0.158716
vt 0.170903 0.621053
vt 0.064023 0.336650
vt 0.043237 0.289224
vt 0.023684 0.160178
vt -0.000674 0.123544
vt 0.064397 0.290414
vt 0.043622 0.266465
vt 0.044007 0.243705
vt 0.045259 0.201652
vt 0.025444 0.125517
vt -0.000563 0.092402
vt 0.065266 0.245980
vt 0.047269 0.163625
vt 0.066707 0.205147
vt 0.084331 0.336816
vt 0.084679 0.291614
vt 0.085470 0.248312
vt 0.084356 0.382020
vt 0.084839 0.425332
vt 0.085862 0.464856
vt 0.087761 0.499885
vt 0.090871 0.529711
vt 0.112089 0.544887
vt 0.107339 0.522966
vt 0.105565 0.495562
vt 0.104510 0.462180
vt 0.103975 0.423798
vt 0.122072 0.561821
vt 0.122161 0.536737
vt 0.122222 0.519717
vt 0.122315 0.493628
vt 0.137245 0.575697
vt 0.132175 0.545051
vt 0.157566 0.588448
vt 0.137081 0.523209
vt 0.147481 0.555172
vt 0.122431 0.461079
vt 0.139050 0.495835
vt 0.153500 0.530222
vt 0.167060 0.564964
vt 0.182954 0.598982
vt 0.206567 0.629389
vt 0.246057 0.652650
vt 0.328422 0.665024
vt 0.140343 0.462472
vt 0.156822 0.500448
vt 0.173060 0.537540
vt 0.190537 0.573376
vt 0.213331 0.606209
vt 0.246128 0.632677
vt 0.296010 0.649808
vt 0.122566 0.423223
vt 0.103759 0.381392
vt 0.103810 0.336975
vt 0.122716 0.381215
vt 0.141153 0.424101
vt 0.104076 0.292559
vt 0.122873 0.337130
vt 0.158971 0.465453
vt 0.141671 0.381701
vt 0.176681 0.505736
vt 0.160276 0.425948
vt 0.195436 0.544076
vt 0.179040 0.469113
vt 0.217538 0.579357
vt 0.198478 0.510635
vt 0.246212 0.609129
vt 0.220303 0.548743
vt 0.285712 0.630035
vt 0.246310 0.581858
vt 0.279113 0.606745
vt 0.180481 0.428280
vt 0.200488 0.472608
vt 0.222063 0.514083
vt 0.246421 0.550716
vt 0.275098 0.579827
vt 0.161068 0.382646
vt 0.141937 0.337286
vt 0.123031 0.293045
vt 0.104594 0.250159
vt 0.086776 0.208807
vt 0.069066 0.168524
vt 0.050311 0.130184
vt 0.028209 0.094903
vt 0.032416 0.068052
vt -0.000466 0.065131
vt 0.039183 0.044235
vt -0.000378 0.040629
vt 0.049628 0.022724
vt -0.000297 0.017795
vt 0.097690 0.006892
vt -0.000236 0.000855
vt 0.217304 0.000113
vt 0.248392 -0.003937
vt 0.341612 0.000003
vt 0.496996 -0.001835
vt 0.055210 0.100884
vt 0.062793 0.075278
vt 0.074845 0.053049
vt 0.093152 0.033878
vt 0.129834 0.019308
vt 0.197014 0.010882
vt 0.271662 0.008637
vt 0.072687 0.136720
vt 0.088925 0.173812
vt 0.105404 0.211788
vt 0.123181 0.251037
vt 0.141988 0.292869
vt 0.161416 0.337445
vt 0.181350 0.383846
vt 0.201740 0.430555
vt 0.223256 0.475093
vt 0.246546 0.515544
vt 0.272552 0.549170
vt 0.141772 0.250463
vt 0.161390 0.292240
vt 0.181724 0.337610
vt 0.202510 0.385036
vt 0.224032 0.432230
vt 0.246687 0.476179
vt 0.271039 0.514482
vt 0.123316 0.213181
vt 0.106696 0.178425
vt 0.092247 0.144038
vt 0.078687 0.109296
vt 0.088181 0.085812
vt 0.102733 0.065712
vt 0.123904 0.048436
vt 0.154755 0.035017
vt 0.198349 0.026481
vt 0.248301 0.023639
vt 0.098266 0.119088
vt 0.108502 0.098563
vt 0.123786 0.081280
vt 0.144950 0.066056
vt 0.172926 0.054008
vt 0.208647 0.046254
vt 0.248230 0.043612
vt 0.108666 0.151052
vt 0.123432 0.180632
vt 0.141237 0.212080
vt 0.160908 0.248928
vt 0.181680 0.291371
vt 0.202858 0.337783
vt 0.224540 0.385951
vt 0.246841 0.433011
vt 0.270124 0.475475
vt 0.140182 0.178699
vt 0.159885 0.209404
vt 0.181128 0.246926
vt 0.202847 0.290527
vt 0.224813 0.337962
vt 0.247007 0.386431
vt 0.269654 0.432603
vt 0.123525 0.154543
vt 0.113572 0.129209
vt 0.123675 0.112440
vt 0.138947 0.098812
vt 0.159357 0.086393
vt 0.184819 0.076274
vt 0.215246 0.069544
vt 0.248146 0.067160
vt 0.123586 0.137524
vt 0.133658 0.129373
vt 0.138408 0.151294
vt 0.149036 0.119503
vt 0.157986 0.174376
vt 0.154876 0.144549
vt 0.168683 0.110030
vt 0.179978 0.206072
vt 0.174487 0.137551
vt 0.177881 0.169412
vt 0.192219 0.102002
vt 0.202402 0.244998
vt 0.201450 0.202927
vt 0.196909 0.131381
vt 0.199712 0.164870
vt 0.219261 0.096462
vt 0.224883 0.289972
vt 0.224704 0.243687
vt 0.224235 0.200814
vt 0.221807 0.127120
vt 0.223320 0.161807
vt 0.248049 0.094432
vt 0.247179 0.338145
vt 0.247352 0.289858
vt 0.247518 0.243278
vt 0.247672 0.200111
vt 0.247938 0.125573
vt 0.247812 0.160746
vt 0.269476 0.386318
vt 0.269545 0.338327
vt 0.269818 0.290338
vt 0.270327 0.244059
vt 0.271103 0.201196
vt 0.272296 0.162207
vt 0.274056 0.127546
vt 0.276821 0.096932
vt 0.281027 0.070081
vt 0.287792 0.046900
vt 0.298231 0.027297
vt 0.330749 0.012610
vt 0.403754 0.004179
vt 0.496992 0.001907
vt 0.298922 0.132214
vt 0.303822 0.102913
vt 0.311405 0.077307
vt 0.323456 0.055237
vt 0.341761 0.036543
vt 0.374558 0.022259
vt 0.430085 0.013421
vt 0.295880 0.165655
vt 0.293871 0.203681
vt 0.292618 0.245734
vt 0.291849 0.291253
vt 0.291501 0.338506
vt 0.291512 0.385762
vt 0.291956 0.431291
vt 0.292908 0.473362
vt 0.294647 0.511420
vt 0.297450 0.544908
vt 0.302140 0.574287
vt 0.309540 0.600015
vt 0.321433 0.622281
vt 0.339603 0.641273
vt 0.372297 0.656091
vt 0.427757 0.665835
vt 0.494614 0.669712
vt 0.325676 0.566259
vt 0.335002 0.589896
vt 0.349409 0.610233
vt 0.370455 0.627853
vt 0.401209 0.641775
vt 0.444740 0.651022
vt 0.494669 0.654679
vt 0.319872 0.538738
vt 0.316477 0.506877
vt 0.314381 0.470217
vt 0.313231 0.429363
vt 0.312679 0.384918
vt 0.312635 0.338679
vt 0.313009 0.292443
vt 0.313878 0.248009
vt 0.315319 0.207176
vt 0.317677 0.170553
vt 0.321299 0.138749
vt 0.327299 0.111325
vt 0.336793 0.087841
vt 0.351344 0.067741
vt 0.372515 0.050466
vt 0.403367 0.037046
vt 0.335387 0.210837
vt 0.337537 0.175841
vt 0.340859 0.146067
vt 0.346877 0.121117
vt 0.357113 0.100592
vt 0.372398 0.083310
vt 0.393562 0.068085
vt 0.334082 0.250341
vt 0.333291 0.293643
vt 0.332943 0.338845
vt 0.332968 0.384049
vt 0.333451 0.427361
vt 0.334474 0.466885
vt 0.336373 0.501914
vt 0.339483 0.531740
vt 0.345323 0.556787
vt 0.355412 0.577477
vt 0.370572 0.595009
vt 0.391626 0.610578
vt 0.419515 0.623082
vt 0.455178 0.631418
vt 0.494740 0.634706
vt 0.360700 0.546916
vt 0.370684 0.563849
vt 0.385857 0.577726
vt 0.406177 0.590477
vt 0.431566 0.601011
vt 0.461943 0.608237
vt 0.494824 0.611158
vt 0.355950 0.524995
vt 0.354177 0.497591
vt 0.353122 0.464209
vt 0.352587 0.425827
vt 0.352371 0.383421
vt 0.352422 0.339004
vt 0.352687 0.294588
vt 0.353206 0.252188
vt 0.354015 0.213817
vt 0.355308 0.180454
vt 0.357277 0.153081
vt 0.362183 0.131238
vt 0.372287 0.114469
vt 0.387558 0.100841
vt 0.371643 0.295074
vt 0.371792 0.253066
vt 0.371927 0.215210
vt 0.372044 0.182661
vt 0.372137 0.156572
vt 0.372197 0.139553
vt 0.382270 0.131402
vt 0.387020 0.153324
vt 0.388794 0.180728
vt 0.389848 0.214109
vt 0.390384 0.252492
vt 0.390600 0.294898
vt 0.397648 0.121532
vt 0.403487 0.146578
vt 0.406597 0.176405
vt 0.408497 0.211433
vt 0.409520 0.250957
vt 0.410002 0.294269
vt 0.407969 0.088422
vt 0.421538 0.056037
vt 0.446960 0.028510
vt 0.496965 0.010635
vt 0.429739 0.248955
vt 0.430292 0.293400
vt 0.428590 0.208101
vt 0.426493 0.171442
vt 0.423099 0.139580
vt 0.417295 0.112060
vt 0.433431 0.078303
vt 0.457259 0.048283
vt 0.496913 0.025668
vt 0.451014 0.247027
vt 0.450062 0.204956
vt 0.448324 0.166899
vt 0.445520 0.133410
vt 0.440830 0.104031
vt 0.463858 0.071573
vt 0.496842 0.045641
vt 0.451459 0.292556
vt 0.472846 0.202843
vt 0.471932 0.163836
vt 0.470419 0.129149
vt 0.467873 0.098491
vt 0.473316 0.245716
vt 0.496758 0.069189
vt 0.473495 0.292001
vt 0.451470 0.339812
vt 0.473425 0.339991
vt 0.430336 0.339639
vt 0.410028 0.339474
vt 0.390549 0.339315
vt 0.371485 0.339159
vt 0.371328 0.383244
vt 0.390283 0.383730
vt 0.409680 0.384675
vt 0.429962 0.385875
vt 0.451122 0.387065
vt 0.371178 0.425252
vt 0.389764 0.426130
vt 0.408888 0.427977
vt 0.429092 0.430309
vt 0.371043 0.463108
vt 0.388955 0.464501
vt 0.407583 0.467482
vt 0.370927 0.495657
vt 0.387662 0.497864
vt 0.370834 0.521746
vt 0.450352 0.432584
vt 0.427651 0.471142
vt 0.405434 0.502477
vt 0.385693 0.525238
vt 0.370773 0.538765
vt 0.380787 0.547080
vt 0.396093 0.557201
vt 0.402111 0.532251
vt 0.415672 0.566993
vt 0.421672 0.539569
vt 0.439149 0.575405
vt 0.425293 0.507765
vt 0.466150 0.581386
vt 0.444048 0.546105
vt 0.447090 0.512664
vt 0.494922 0.583887
vt 0.468915 0.550772
vt 0.449100 0.474637
vt 0.470675 0.516111
vt 0.495033 0.552745
vt 0.523710 0.581856
vt 0.471868 0.477122
vt 0.495158 0.517573
vt 0.472643 0.434259
vt 0.527724 0.608774
vt 0.521163 0.551199
vt 0.495299 0.478208
vt 0.473152 0.387980
vt 0.495453 0.435040
vt 0.519651 0.516511
vt 0.550752 0.576316
vt 0.495619 0.388460
vt 0.518736 0.477504
vt 0.546062 0.546937
vt 0.495791 0.340174
vt 0.518266 0.434632
vt 0.543259 0.513449
vt 0.495963 0.291887
vt 0.518088 0.388347
vt 0.541520 0.475391
vt 0.496130 0.245307
vt 0.518157 0.340356
vt 0.540568 0.433320
vt 0.496284 0.202140
vt 0.518430 0.292367
vt 0.540124 0.387791
vt 0.496424 0.162775
vt 0.518939 0.246088
vt 0.540112 0.340535
vt 0.496550 0.127602
vt 0.519715 0.203225
vt 0.540461 0.293282
vt 0.496661 0.096461
vt 0.520908 0.164236
vt 0.541230 0.247763
vt 0.522668 0.129575
vt 0.542482 0.205710
vt 0.544492 0.167683
vt 0.561246 0.340708
vt 0.561621 0.294472
vt 0.562490 0.250038
vt 0.563931 0.209205
vt 0.561291 0.386947
vt 0.561843 0.431392
vt 0.562993 0.472246
vt 0.565089 0.508906
vt 0.568484 0.540767
vt 0.574288 0.568288
vt 0.558152 0.602044
vt 0.534323 0.632064
vt 0.544622 0.651837
vt 0.570045 0.624310
vt 0.583614 0.591925
vt 0.593935 0.558816
vt 0.588095 0.533769
vt 0.561495 0.666927
vt 0.588215 0.643302
vt 0.598021 0.612262
vt 0.604024 0.579507
vt 0.587821 0.676169
vt 0.649954 0.680344
vt 0.617024 0.658088
vt 0.619067 0.629882
vt 0.660831 0.667737
vt 0.609312 0.548945
vt 0.619184 0.597038
vt 0.649821 0.643805
vt 0.619295 0.565879
vt 0.640238 0.612607
vt 0.634469 0.579755
vt 0.604562 0.527024
vt 0.619385 0.540794
vt 0.629399 0.549109
vt 0.584985 0.503943
vt 0.619446 0.523775
vt 0.583086 0.468914
vt 0.602789 0.499620
vt 0.582062 0.429390
vt 0.601734 0.466238
vt 0.619539 0.497686
vt 0.634305 0.527267
vt 0.581580 0.386078
vt 0.601198 0.427856
vt 0.619655 0.465137
vt 0.581555 0.340874
vt 0.600982 0.385450
vt 0.581903 0.295672
vt 0.644705 0.559230
vt 0.636274 0.499893
vt 0.619790 0.427281
vt 0.601033 0.341033
vt 0.582694 0.252370
vt 0.654789 0.592506
vt 0.637567 0.466530
vt 0.619940 0.385273
vt 0.601299 0.296617
vt 0.668126 0.625111
vt 0.638376 0.428159
vt 0.620097 0.341188
vt 0.693352 0.653051
vt 0.638895 0.385759
vt 0.719910 0.671710
vt 0.680178 0.603040
vt 0.703790 0.633447
vt 0.743281 0.656708
vt 0.664284 0.569022
vt 0.650723 0.534280
vt 0.654046 0.504506
vt 0.670284 0.541598
vt 0.687760 0.577434
vt 0.710555 0.610267
vt 0.656195 0.469511
vt 0.673905 0.509794
vt 0.692660 0.548134
vt 0.657500 0.430006
vt 0.676263 0.473171
vt 0.743352 0.636735
vt 0.714762 0.583415
vt 0.695702 0.514693
vt 0.743436 0.613187
vt 0.717527 0.552801
vt 0.743533 0.585916
vt 0.677704 0.432338
vt 0.697712 0.476666
vt 0.719287 0.518141
vt 0.743645 0.554774
vt 0.658291 0.386704
vt 0.639161 0.341344
vt 0.620254 0.297103
vt 0.601818 0.254217
vt 0.583999 0.212865
vt 0.566289 0.172582
vt 0.547534 0.134242
vt 0.525432 0.098961
vt 0.529639 0.072110
vt 0.536404 0.048929
vt 0.546843 0.029326
vt 0.563823 0.014512
vt 0.590213 0.005700
vt 0.652377 0.002539
vt 0.552434 0.104942
vt 0.560016 0.079336
vt 0.572068 0.057266
vt 0.590373 0.038572
vt 0.619285 0.024257
vt 0.663159 0.015323
vt 0.722270 0.012315
vt 0.569911 0.140778
vt 0.586148 0.177870
vt 0.602627 0.215846
vt 0.620404 0.255095
vt 0.639212 0.296927
vt 0.658639 0.341503
vt 0.678574 0.387904
vt 0.698964 0.434613
vt 0.720480 0.479151
vt 0.743770 0.519602
vt 0.620539 0.217239
vt 0.638996 0.254520
vt 0.658614 0.296298
vt 0.678948 0.341668
vt 0.699734 0.389094
vt 0.721255 0.436288
vt 0.743911 0.480237
vt 0.603920 0.182483
vt 0.589471 0.148096
vt 0.575911 0.113354
vt 0.585405 0.089870
vt 0.599956 0.069770
vt 0.621127 0.052494
vt 0.651979 0.039074
vt 0.695572 0.030539
vt 0.745525 0.027697
vt 0.595489 0.123146
vt 0.605725 0.102621
vt 0.621010 0.085338
vt 0.642174 0.070114
vt 0.670149 0.058066
vt 0.705871 0.050312
vt 0.745454 0.047670
vt 0.605889 0.155110
vt 0.620655 0.184690
vt 0.638460 0.216138
vt 0.658132 0.252986
vt 0.678903 0.295429
vt 0.700082 0.341841
vt 0.721764 0.390009
vt 0.744065 0.437069
vt 0.620749 0.158601
vt 0.637406 0.182757
vt 0.657108 0.213462
vt 0.678351 0.250984
vt 0.700071 0.294585
vt 0.722037 0.342020
vt 0.744231 0.390489
vt 0.610795 0.133267
vt 0.620899 0.116498
vt 0.636170 0.102870
vt 0.656581 0.090451
vt 0.682043 0.080332
vt 0.712470 0.073602
vt 0.745370 0.071218
vt 0.620809 0.141582
vt 0.630882 0.133431
vt 0.635632 0.155352
vt 0.646259 0.123560
vt 0.655209 0.178433
vt 0.652099 0.148607
vt 0.665907 0.114088
vt 0.677202 0.210130
vt 0.675105 0.173470
vt 0.671711 0.141609
vt 0.689442 0.106060
vt 0.699626 0.249056
vt 0.698674 0.206985
vt 0.696936 0.168928
vt 0.694132 0.135439
vt 0.716485 0.100520
vt 0.722106 0.294030
vt 0.721928 0.247744
vt 0.721458 0.204872
vt 0.720544 0.165865
vt 0.719031 0.131178
vt 0.745272 0.098489
vt 0.744403 0.342203
vt 0.744575 0.293916
vt 0.744741 0.247336
vt 0.744895 0.204168
vt 0.745036 0.164804
vt 0.745161 0.129631
vt 0.766700 0.390376
vt 0.766769 0.342385
vt 0.767042 0.294396
vt 0.767551 0.248117
vt 0.768326 0.205254
vt 0.769519 0.166265
vt 0.771279 0.131604
vt 0.766878 0.436661
vt 0.774044 0.100990
vt 0.767348 0.479534
vt 0.778251 0.074138
vt 0.768263 0.518540
vt 0.785016 0.050958
vt 0.769775 0.553228
vt 0.795455 0.031354
vt 0.772321 0.583885
vt 0.796899 0.015778
vt 0.776336 0.610803
vt 0.776681 0.004678
vt 0.745616 0.000121
vt 0.896246 0.013410
vt 0.994211 0.008970
vt 0.864016 0.025300
vt 0.838985 0.040601
vt 0.944193 0.030025
vt 0.994151 0.025911
vt 0.900593 0.040468
vt 0.954485 0.051705
vt 0.994069 0.048745
vt 0.820680 0.059294
vt 0.869739 0.054523
vt 0.918762 0.059936
vt 0.961082 0.075631
vt 0.993982 0.073247
vt 0.808628 0.081365
vt 0.848568 0.071798
vt 0.890786 0.072143
vt 0.930654 0.082361
vt 0.965097 0.102549
vt 0.993884 0.100518
vt 0.993773 0.131660
vt 0.938054 0.108089
vt 0.967643 0.133207
vt 0.993648 0.166833
vt 0.905192 0.092480
vt 0.869622 0.087367
vt 0.914518 0.116117
vt 0.942744 0.137468
vt 0.969155 0.167894
vt 0.993507 0.206197
vt 0.884782 0.104899
vt 0.894871 0.125589
vt 0.920322 0.143638
vt 0.945547 0.170957
vt 0.970070 0.206901
vt 0.947286 0.209014
vt 0.923717 0.175499
vt 0.900711 0.150636
vt 0.879494 0.135460
vt 0.925814 0.212159
vt 0.948238 0.251085
vt 0.903821 0.180462
vt 0.993015 0.344232
vt 0.992843 0.392518
vt 0.970649 0.344049
vt 0.926963 0.253013
vt 0.948460 0.273849
vt 0.948683 0.296614
vt 0.970376 0.392038
vt 0.992676 0.439098
vt 0.948694 0.343870
vt 0.959666 0.320331
vt 0.969867 0.438318
vt 0.992522 0.482266
vt 0.884244 0.157381
vt 0.905720 0.215491
vt 0.927515 0.297458
vt 0.948345 0.391123
vt 0.969091 0.481180
vt 0.992382 0.521631
vt 0.886017 0.184786
vt 0.906743 0.255015
vt 0.927560 0.343697
vt 0.947576 0.436642
vt 0.967899 0.520170
vt 0.992256 0.556803
vt 0.887072 0.218167
vt 0.907226 0.298327
vt 0.927185 0.389933
vt 0.946323 0.478695
vt 0.966138 0.554830
vt 0.992145 0.587945
vt 0.887608 0.256549
vt 0.907251 0.343532
vt 0.926316 0.434367
vt 0.944314 0.516722
vt 0.887824 0.298955
vt 0.906903 0.388733
vt 0.924875 0.475200
vt 0.887773 0.343373
vt 0.906112 0.432035
vt 0.887507 0.387788
vt 0.941272 0.550163
vt 0.922517 0.511823
vt 0.904807 0.471540
vt 0.886988 0.430188
vt 0.963374 0.585445
vt 0.959167 0.612296
vt 0.992048 0.615216
vt 0.952400 0.636112
vt 0.991961 0.639718
vt 0.941954 0.657623
vt 0.991879 0.662552
vt 0.893890 0.673455
vt 0.991819 0.679493
vt 0.774266 0.680234
vt 0.743175 0.684284
vt 0.494555 0.682181
vt 0.794562 0.669465
vt 0.861747 0.661039
vt 0.793234 0.653866
vt 0.898431 0.646469
vt 0.836827 0.645331
vt 0.782935 0.634093
vt 0.916738 0.627299
vt 0.867679 0.631911
vt 0.818656 0.626339
vt 0.928790 0.605069
vt 0.806763 0.604073
vt 0.888850 0.614636
vt 0.846632 0.614291
vt 0.936372 0.579463
vt 0.799364 0.578345
vt 0.903401 0.594535
vt 0.867796 0.599067
vt 0.832226 0.593954
vt 0.918895 0.543627
vt 0.794674 0.548966
vt 0.912895 0.571051
vt 0.883081 0.581784
vt 0.852636 0.581535
vt 0.822899 0.570317
vt 0.902658 0.506535
vt 0.791870 0.515478
vt 0.899335 0.536309
vt 0.893317 0.561259
vt 0.867907 0.567908
vt 0.842546 0.560845
vt 0.817095 0.542796
vt 0.790132 0.477420
vt 0.813701 0.510935
vt 0.836707 0.535798
vt 0.857924 0.550974
vt 0.878011 0.551138
vt 0.789180 0.435349
vt 0.811604 0.474275
vt 0.833597 0.505972
vt 0.853174 0.529053
vt 0.788735 0.389820
vt 0.810455 0.433421
vt 0.831698 0.470943
vt 0.788724 0.342564
vt 0.809903 0.388976
vt 0.789073 0.295311
vt 0.867997 0.542824
vt 0.851400 0.501649
vt 0.868057 0.525804
vt 0.830674 0.431419
vt 0.809858 0.342737
vt 0.789842 0.249792
vt 0.882917 0.529296
vt 0.868150 0.499715
vt 0.884886 0.501922
vt 0.850346 0.468267
vt 0.886179 0.468560
vt 0.868267 0.467166
vt 0.849810 0.429885
vt 0.868402 0.429310
vt 0.830192 0.388107
vt 0.868552 0.387302
vt 0.849594 0.387479
vt 0.830167 0.342903
vt 0.868709 0.343217
vt 0.849645 0.343062
vt 0.810233 0.296501
vt 0.868866 0.299132
vt 0.849911 0.298646
vt 0.830514 0.297701
vt 0.811102 0.252067
vt 0.869016 0.257124
vt 0.831306 0.254399
vt 0.850430 0.256246
vt 0.791094 0.207739
vt 0.869151 0.219268
vt 0.851239 0.217875
vt 0.832611 0.214894
vt 0.812543 0.211234
vt 0.793104 0.169712
vt 0.869267 0.186719
vt 0.852532 0.184512
vt 0.834760 0.179899
vt 0.814901 0.174611
vt 0.796146 0.136271
vt 0.869360 0.160630
vt 0.854501 0.157139
vt 0.838083 0.150125
vt 0.818523 0.142807
vt 0.801046 0.106971
vt 0.824523 0.115383
vt 0.869421 0.143611
vt 0.844101 0.125175
vt 0.834017 0.091899
vt 0.859407 0.135296
vt 0.869511 0.118527
vt 0.854337 0.104650
vt 0.032088 0.312484
s 1
f 10/1 1/2 21/3
f 10/1 21/3 11/4
f 11/4 21/3 20/5
f 26/6 23/7 27/8
f 27/8 23/7 22/9
f 5/10 9/11 26/6
f 26/6 9/11 23/7
f 21/3 13/12 20/5
f 20/5 13/12 14/13
f 1/2 13/12 21/3
f 23/7 4/14 22/9
f 22/9 4/14 17/15
f 9/11 2/16 8/17
f 8/17 2/16 6/18
f 7/19 12/20 14/13
f 14/13 12/20 15/21
f 24/22 18/23 28/24
f 28/24 18/23 29/25
f 18/23 24/22 16/26
f 16/26 24/22 25/27
f 26/6 24/22 5/10
f 5/10 24/22 28/24
f 24/22 26/6 25/27
f 25/27 26/6 27/8
f 8/17 4/14 9/11
f 9/11 4/14 23/7
f 19/28 3/29 20/5
f 20/5 3/29 11/4
f 20/5 14/13 19/28
f 19/28 14/13 15/21
f 19/28 15/21 28/24
f 28/24 15/21 5/10
f 28/24 29/25 19/28
f 19/28 29/25 3/29
f 50/30 49/31 31/32
f 31/32 49/31 30/33
f 51/34 50/30 32/35
f 32/35 50/30 31/32
f 33/36 52/37 32/35
f 32/35 52/37 51/34
f 35/38 54/39 34/40
f 34/40 54/39 53/41
f 36/42 55/43 35/38
f 35/38 55/43 54/39
f 37/44 56/45 36/42
f 36/42 56/45 55/43
f 38/46 57/47 37/44
f 37/44 57/47 56/45
f 39/48 58/49 38/46
f 38/46 58/49 57/47
f 40/50 59/51 39/48
f 39/48 59/51 58/49
f 60/52 59/51 41/53
f 41/53 59/51 40/50
f 61/54 60/52 42/55
f 42/55 60/52 41/53
f 43/56 62/57 42/55
f 42/55 62/57 61/54
f 63/58 62/57 44/59
f 44/59 62/57 43/56
f 64/60 63/58 45/61
f 45/61 63/58 44/59
f 46/62 65/63 45/61
f 45/61 65/63 64/60
f 47/64 66/65 46/62
f 46/62 66/65 65/63
f 48/66 67/67 47/64
f 47/64 67/67 66/65
f 30/33 49/31 48/66
f 48/66 49/31 67/67
f 8/17 6/18 50/30
f 50/30 6/18 49/31
f 4/14 8/17 51/34
f 51/34 8/17 50/30
f 17/15 4/14 52/37
f 52/37 4/14 51/34
f 54/39 18/23 53/41
f 53/41 18/23 16/26
f 55/43 29/25 54/39
f 54/39 29/25 18/23
f 56/45 3/29 55/43
f 55/43 3/29 29/25
f 57/47 11/4 56/45
f 56/45 11/4 3/29
f 58/49 10/1 57/47
f 57/47 10/1 11/4
f 59/51 1/2 58/49
f 58/49 1/2 10/1
f 13/12 1/2 60/52
f 60/52 1/2 59/51
f 14/13 13/12 61/54
f 61/54 13/12 60/52
f 7/19 14/13 62/57
f 62/57 14/13 61/54
f 12/20 7/19 63/58
f 63/58 7/19 62/57
f 15/21 12/20 64/60
f 64/60 12/20 63/58
f 65/63 5/10 64/60
f 64/60 5/10 15/21
f 66/65 9/11 65/63
f 65/63 9/11 5/10
f 67/67 2/16 66/65
f 66/65 2/16 9/11
f 49/31 6/18 67/67
f 67/67 6/18 2/16
f 77/68 88/69 68/70
f 87/71 88/69 78/72
f 78/72 88/69 77/68
f 93/73 94/74 90/75
f 90/75 94/74 89/76
f 72/77 93/73 76/78
f 76/78 93/73 90/75
f 88/69 87/71 80/79
f 80/79 87/71 81/80
f 68/70 88/69 80/79
f 90/75 89/76 71/81
f 71/81 89/76 84/82
f 76/78 75/83 69/84
f 69/84 75/83 73/85
f 82/86 79/87 81/80
f 81/80 79/87 74/88
f 96/89 85/90 95/91
f 95/91 85/90 91/92
f 85/90 83/93 91/92
f 91/92 83/93 92/94
f 95/91 91/92 72/77
f 72/77 91/92 93/73
f 91/92 92/94 93/73
f 93/73 92/94 94/74
f 90/75 71/81 76/78
f 76/78 71/81 75/83
f 78/72 70/95 87/71
f 87/71 70/95 86/96
f 87/71 86/96 81/80
f 81/80 86/96 82/86
f 86/96 95/91 82/86
f 82/86 95/91 72/77
f 70/95 96/89 86/96
f 86/96 96/89 95/91
f 30/97 97/98 31/99
f 31/99 97/98 98/100
f 31/99 98/100 32/101
f 32/101 98/100 99/102
f 33/103 32/101 100/104
f 100/104 32/101 99/102
f 35/38 34/40 102/105
f 102/105 34/40 101/106
f 36/42 35/38 103/107
f 103/107 35/38 102/105
f 37/44 36/42 104/108
f 104/108 36/42 103/107
f 38/46 37/44 105/109
f 105/109 37/44 104/108
f 39/48 38/46 106/110
f 106/110 38/46 105/109
f 40/50 39/48 107/111
f 107/111 39/48 106/110
f 40/50 107/111 41/112
f 41/112 107/111 108/113
f 41/112 108/113 42/114
f 42/114 108/113 109/115
f 43/116 42/114 110/117
f 110/117 42/114 109/115
f 43/116 110/117 44/118
f 44/118 110/117 111/119
f 44/118 111/119 45/120
f 45/120 111/119 112/121
f 46/122 45/120 113/123
f 113/123 45/120 112/121
f 47/124 46/122 114/125
f 114/125 46/122 113/123
f 48/126 47/124 115/127
f 115/127 47/124 114/125
f 30/97 48/126 97/98
f 97/98 48/126 115/127
f 97/98 73/85 98/100
f 98/100 73/85 75/83
f 98/100 75/83 99/102
f 99/102 75/83 71/81
f 99/102 71/81 100/104
f 100/104 71/81 84/82
f 102/105 101/106 85/90
f 85/90 101/106 83/93
f 103/107 102/105 96/89
f 96/89 102/105 85/90
f 104/108 103/107 70/95
f 70/95 103/107 96/89
f 105/109 104/108 78/72
f 78/72 104/108 70/95
f 106/110 105/109 77/68
f 77/68 105/109 78/72
f 107/111 106/110 68/70
f 68/70 106/110 77/68
f 107/111 68/70 108/113
f 108/113 68/70 80/79
f 108/113 80/79 109/115
f 109/115 80/79 81/80
f 109/115 81/80 110/117
f 110/117 81/80 74/88
f 110/117 74/88 111/119
f 111/119 74/88 79/87
f 111/119 79/87 112/121
f 112/121 79/87 82/86
f 113/123 112/121 72/77
f 72/77 112/121 82/86
f 114/125 113/123 76/78
f 76/78 113/123 72/77
f 115/127 114/125 69/84
f 69/84 114/125 76/78
f 97/98 115/127 73/85
f 73/85 115/127 69/84
f 53/41 117/128 34/40
f 34/40 117/128 116/129
f 101/106 34/40 126/130
f 126/130 34/40 116/129
f 53/41 16/26 117/128
f 117/128 16/26 128/131
f 101/106 126/130 83/93
f 83/93 126/130 129/132
f 83/93 129/132 92/94
f 92/94 129/132 127/133
f 16/26 25/27 128/131
f 128/131 25/27 119/134
f 52/37 33/36 120/135
f 120/135 33/36 118/136
f 100/104 123/137 33/103
f 33/103 123/137 118/138
f 92/94 127/133 94/74
f 94/74 127/133 130/139
f 94/74 130/139 89/76
f 89/76 130/139 125/140
f 89/76 125/140 84/82
f 84/82 125/140 124/141
f 84/82 124/141 100/104
f 100/104 124/141 123/137
f 17/15 52/37 122/142
f 122/142 52/37 120/135
f 22/9 17/15 121/143
f 121/143 17/15 122/142
f 25/27 27/8 119/134
f 119/134 27/8 131/144
f 27/8 22/9 131/144
f 131/144 22/9 121/143
f 134/145 133/146 132/147
f 135/148 134/145 132/147
f 135/148 132/147 136/149
f 136/149 132/147 137/150
f 132/147 138/151 137/150
f 132/147 133/146 138/151
f 133/146 139/152 138/151
f 138/151 139/152 140/153
f 139/152 141/154 140/153
f 137/150 138/151 142/155
f 138/151 140/153 142/155
f 140/153 141/154 143/156
f 141/154 144/157 143/156
f 142/155 140/153 145/158
f 140/153 143/156 145/158
f 143/156 144/157 146/159
f 144/157 147/160 146/159
f 145/158 143/156 148/161
f 143/156 146/159 148/161
f 146/159 147/160 149/162
f 147/160 150/163 149/162
f 148/161 146/159 151/164
f 146/159 149/162 151/164
f 149/162 150/163 152/165
f 150/163 153/166 152/165
f 152/165 153/166 154/167
f 149/162 152/165 155/168
f 151/164 149/162 155/168
f 156/169 152/165 154/167
f 155/168 152/165 156/169
f 156/169 154/167 157/170
f 158/171 156/169 157/170
f 158/171 157/170 159/172
f 160/173 155/168 156/169
f 160/173 156/169 158/171
f 151/164 155/168 161/174
f 161/174 155/168 160/173
f 148/161 151/164 162/175
f 162/175 151/164 161/174
f 163/176 158/171 159/172
f 163/176 159/172 164/177
f 165/178 160/173 158/171
f 165/178 158/171 163/176
f 166/179 161/174 160/173
f 166/179 160/173 165/178
f 167/180 163/176 164/177
f 167/180 164/177 168/181
f 169/182 165/178 163/176
f 169/182 163/176 167/180
f 170/183 167/180 168/181
f 170/183 168/181 116/184
f 171/185 148/161 162/175
f 145/158 148/161 171/185
f 162/175 161/174 172/186
f 172/186 161/174 166/179
f 173/187 166/179 165/178
f 173/187 165/178 169/182
f 174/188 169/182 167/180
f 174/188 167/180 170/183
f 117/189 170/183 116/184
f 171/185 162/175 175/190
f 175/190 162/175 172/186
f 176/191 145/158 171/185
f 142/155 145/158 176/191
f 177/192 173/187 169/182
f 177/192 169/182 174/188
f 178/193 174/188 170/183
f 178/193 170/183 117/189
f 179/194 171/185 175/190
f 176/191 171/185 179/194
f 180/195 142/155 176/191
f 137/150 142/155 180/195
f 181/196 177/192 174/188
f 181/196 174/188 178/193
f 182/197 178/193 117/189
f 183/198 176/191 179/194
f 180/195 176/191 183/198
f 184/199 137/150 180/195
f 136/149 137/150 184/199
f 185/200 181/196 178/193
f 185/200 178/193 182/197
f 120/201 118/202 186/203
f 187/204 180/195 183/198
f 184/199 180/195 187/204
f 188/205 185/200 182/197
f 188/205 182/197 119/206
f 189/207 120/201 186/203
f 189/207 186/203 190/208
f 191/209 188/205 119/206
f 191/209 131/210 121/211
f 122/212 120/201 189/207
f 192/213 189/207 190/208
f 192/213 190/208 193/214
f 194/215 191/209 121/211
f 194/215 121/211 122/212
f 195/216 122/212 189/207
f 195/216 189/207 192/213
f 196/217 194/215 122/212
f 196/217 122/212 195/216
f 197/218 188/205 191/209
f 198/219 191/209 194/215
f 198/219 197/218 191/209
f 199/220 194/215 196/217
f 199/220 198/219 194/215
f 197/218 200/221 188/205
f 200/221 185/200 188/205
f 200/221 201/222 185/200
f 201/222 181/196 185/200
f 201/222 202/223 181/196
f 202/223 177/192 181/196
f 202/223 203/224 177/192
f 203/224 173/187 177/192
f 203/224 204/225 173/187
f 204/225 166/179 173/187
f 204/225 172/186 166/179
f 205/226 172/186 204/225
f 175/190 172/186 205/226
f 206/227 204/225 203/224
f 206/227 205/226 204/225
f 207/228 203/224 202/223
f 207/228 206/227 203/224
f 208/229 202/223 201/222
f 208/229 207/228 202/223
f 209/230 201/222 200/221
f 209/230 208/229 201/222
f 210/231 175/190 205/226
f 179/194 175/190 210/231
f 211/232 205/226 206/227
f 210/231 205/226 211/232
f 212/233 206/227 207/228
f 212/233 211/232 206/227
f 213/234 207/228 208/229
f 213/234 212/233 207/228
f 214/235 179/194 210/231
f 183/198 179/194 214/235
f 215/236 210/231 211/232
f 215/236 211/232 212/233
f 214/235 210/231 215/236
f 216/237 183/198 214/235
f 187/204 183/198 216/237
f 217/238 215/236 212/233
f 217/238 212/233 213/234
f 218/239 214/235 215/236
f 216/237 214/235 218/239
f 218/239 215/236 217/238
f 219/240 213/234 208/229
f 219/240 208/229 209/230
f 220/241 217/238 213/234
f 220/241 213/234 219/240
f 221/242 218/239 217/238
f 221/242 217/238 220/241
f 222/243 216/237 218/239
f 222/243 218/239 221/242
f 223/244 187/204 216/237
f 223/244 216/237 222/243
f 224/245 187/204 223/244
f 224/245 184/199 187/204
f 225/246 184/199 224/245
f 225/246 136/149 184/199
f 226/247 136/149 225/246
f 226/247 135/148 136/149
f 227/248 220/241 219/240
f 228/249 221/242 220/241
f 228/249 220/241 227/248
f 229/250 222/243 221/242
f 229/250 221/242 228/249
f 230/251 223/244 222/243
f 230/251 222/243 229/250
f 231/252 224/245 223/244
f 231/252 223/244 230/251
f 232/253 225/246 224/245
f 232/253 224/245 231/252
f 233/254 226/247 225/246
f 233/254 225/246 232/253
f 227/248 219/240 234/255
f 234/255 219/240 209/230
f 234/255 209/230 235/256
f 235/256 209/230 200/221
f 235/256 200/221 197/218
f 236/257 235/256 197/218
f 236/257 197/218 198/219
f 237/258 234/255 235/256
f 237/258 235/256 236/257
f 238/259 227/248 234/255
f 238/259 234/255 237/258
f 239/260 236/257 198/219
f 239/260 198/219 199/220
f 240/261 237/258 236/257
f 240/261 236/257 239/260
f 241/262 227/248 238/259
f 241/262 228/249 227/248
f 242/263 238/259 237/258
f 242/263 237/258 240/261
f 243/264 228/249 241/262
f 243/264 229/250 228/249
f 244/265 241/262 238/259
f 244/265 238/259 242/263
f 245/266 229/250 243/264
f 245/266 230/251 229/250
f 246/267 243/264 241/262
f 246/267 241/262 244/265
f 247/268 230/251 245/266
f 247/268 231/252 230/251
f 248/269 245/266 243/264
f 248/269 243/264 246/267
f 249/270 231/252 247/268
f 249/270 232/253 231/252
f 250/271 247/268 245/266
f 250/271 245/266 248/269
f 251/272 232/253 249/270
f 251/272 233/254 232/253
f 252/273 249/270 247/268
f 252/273 247/268 250/271
f 253/274 251/272 249/270
f 253/274 249/270 252/273
f 254/275 246/267 244/265
f 255/276 248/269 246/267
f 255/276 246/267 254/275
f 256/277 250/271 248/269
f 256/277 248/269 255/276
f 257/278 252/273 250/271
f 257/278 250/271 256/277
f 258/279 253/274 252/273
f 258/279 252/273 257/278
f 254/275 244/265 259/280
f 259/280 244/265 242/263
f 259/280 242/263 260/281
f 260/281 242/263 240/261
f 260/281 240/261 261/282
f 261/282 240/261 239/260
f 261/282 239/260 262/283
f 262/283 239/260 199/220
f 262/283 199/220 263/284
f 263/284 199/220 196/217
f 263/284 196/217 264/285
f 264/285 196/217 195/216
f 264/285 195/216 265/286
f 265/286 195/216 192/213
f 265/286 192/213 266/287
f 266/287 192/213 193/214
f 267/288 266/287 193/214
f 268/289 267/288 193/214
f 269/290 267/288 268/289
f 270/291 269/290 268/289
f 271/292 269/290 270/291
f 272/293 271/292 270/291
f 273/294 271/292 272/293
f 274/295 273/294 272/293
f 275/296 273/294 274/295
f 276/297 275/296 274/295
f 277/298 275/296 276/297
f 278/299 277/298 276/297
f 279/300 265/286 266/287
f 267/288 280/301 266/287
f 280/301 279/300 266/287
f 269/290 281/302 267/288
f 281/302 280/301 267/288
f 271/292 282/303 269/290
f 282/303 281/302 269/290
f 273/294 283/304 271/292
f 283/304 282/303 271/292
f 275/296 284/305 273/294
f 284/305 283/304 273/294
f 277/298 285/306 275/296
f 285/306 284/305 275/296
f 286/307 265/286 279/300
f 286/307 264/285 265/286
f 287/308 264/285 286/307
f 287/308 263/284 264/285
f 288/309 263/284 287/308
f 288/309 262/283 263/284
f 289/310 262/283 288/309
f 289/310 261/282 262/283
f 290/311 261/282 289/310
f 290/311 260/281 261/282
f 291/312 260/281 290/311
f 291/312 259/280 260/281
f 292/313 259/280 291/312
f 292/313 254/275 259/280
f 293/314 254/275 292/313
f 293/314 255/276 254/275
f 294/315 255/276 293/314
f 294/315 256/277 255/276
f 295/316 256/277 294/315
f 295/316 257/278 256/277
f 296/317 257/278 295/316
f 296/317 258/279 257/278
f 297/318 290/311 289/310
f 298/319 291/312 290/311
f 298/319 290/311 297/318
f 299/320 292/313 291/312
f 299/320 291/312 298/319
f 300/321 293/314 292/313
f 300/321 292/313 299/320
f 301/322 294/315 293/314
f 301/322 293/314 300/321
f 302/323 295/316 294/315
f 302/323 294/315 301/322
f 303/324 296/317 295/316
f 303/324 295/316 302/323
f 297/318 289/310 304/325
f 304/325 289/310 288/309
f 304/325 288/309 305/326
f 305/326 288/309 287/308
f 305/326 287/308 306/327
f 306/327 287/308 286/307
f 306/327 286/307 307/328
f 307/328 286/307 279/300
f 308/329 307/328 279/300
f 280/301 308/329 279/300
f 309/330 308/329 280/301
f 281/302 309/330 280/301
f 310/331 309/330 281/302
f 282/303 310/331 281/302
f 311/332 310/331 282/303
f 283/304 311/332 282/303
f 312/333 311/332 283/304
f 284/305 312/333 283/304
f 313/334 312/333 284/305
f 285/306 313/334 284/305
f 314/335 306/327 307/328
f 308/329 315/336 307/328
f 315/336 314/335 307/328
f 309/330 316/337 308/329
f 316/337 315/336 308/329
f 310/331 317/338 309/330
f 317/338 316/337 309/330
f 311/332 318/339 310/331
f 318/339 317/338 310/331
f 312/333 319/340 311/332
f 319/340 318/339 311/332
f 313/334 320/341 312/333
f 320/341 319/340 312/333
f 321/342 306/327 314/335
f 321/342 305/326 306/327
f 322/343 305/326 321/342
f 322/343 304/325 305/326
f 323/344 304/325 322/343
f 323/344 297/318 304/325
f 324/345 297/318 323/344
f 324/345 298/319 297/318
f 325/346 298/319 324/345
f 325/346 299/320 298/319
f 326/347 299/320 325/346
f 326/347 300/321 299/320
f 327/348 300/321 326/347
f 327/348 301/322 300/321
f 328/349 301/322 327/348
f 328/349 302/323 301/322
f 329/350 302/323 328/349
f 329/350 303/324 302/323
f 330/351 323/344 322/343
f 331/352 324/345 323/344
f 331/352 323/344 330/351
f 332/353 325/346 324/345
f 332/353 324/345 331/352
f 333/354 326/347 325/346
f 333/354 325/346 332/353
f 334/355 327/348 326/347
f 334/355 326/347 333/354
f 335/356 328/349 327/348
f 335/356 327/348 334/355
f 336/357 329/350 328/349
f 336/357 328/349 335/356
f 330/351 322/343 337/358
f 337/358 322/343 321/342
f 337/358 321/342 338/359
f 338/359 321/342 314/335
f 339/360 338/359 314/335
f 315/336 339/360 314/335
f 340/361 339/360 315/336
f 316/337 340/361 315/336
f 341/362 340/361 316/337
f 317/338 341/362 316/337
f 342/363 341/362 317/338
f 318/339 342/363 317/338
f 343/364 342/363 318/339
f 319/340 343/364 318/339
f 344/365 343/364 319/340
f 320/341 344/365 319/340
f 345/366 337/358 338/359
f 339/360 346/367 338/359
f 346/367 345/366 338/359
f 347/368 337/358 345/366
f 346/367 347/368 345/366
f 347/368 330/351 337/358
f 348/369 346/367 339/360
f 340/361 348/369 339/360
f 349/370 330/351 347/368
f 349/370 331/352 330/351
f 350/371 347/368 346/367
f 348/369 350/371 346/367
f 350/371 349/370 347/368
f 351/372 348/369 340/361
f 341/362 351/372 340/361
f 352/373 331/352 349/370
f 352/373 332/353 331/352
f 353/374 350/371 348/369
f 351/372 353/374 348/369
f 354/375 349/370 350/371
f 354/375 352/373 349/370
f 353/374 354/375 350/371
f 355/376 351/372 341/362
f 342/363 355/376 341/362
f 356/377 332/353 352/373
f 356/377 333/354 332/353
f 357/378 352/373 354/375
f 357/378 356/377 352/373
f 358/379 353/374 351/372
f 355/376 358/379 351/372
f 359/380 354/375 353/374
f 359/380 357/378 354/375
f 358/379 359/380 353/374
f 360/381 355/376 342/363
f 343/364 360/381 342/363
f 361/382 333/354 356/377
f 361/382 334/355 333/354
f 362/383 356/377 357/378
f 362/383 361/382 356/377
f 363/384 357/378 359/380
f 363/384 362/383 357/378
f 364/385 358/379 355/376
f 360/381 364/385 355/376
f 365/386 359/380 358/379
f 365/386 363/384 359/380
f 364/385 365/386 358/379
f 366/387 360/381 343/364
f 344/365 366/387 343/364
f 367/388 334/355 361/382
f 367/388 335/356 334/355
f 368/389 361/382 362/383
f 368/389 367/388 361/382
f 369/390 362/383 363/384
f 369/390 368/389 362/383
f 370/391 363/384 365/386
f 370/391 369/390 363/384
f 371/392 364/385 360/381
f 366/387 371/392 360/381
f 372/393 365/386 364/385
f 372/393 370/391 365/386
f 371/392 372/393 364/385
f 373/394 335/356 367/388
f 373/394 336/357 335/356
f 374/395 367/388 368/389
f 374/395 373/394 367/388
f 375/396 368/389 369/390
f 375/396 374/395 368/389
f 376/397 369/390 370/391
f 376/397 375/396 369/390
f 377/398 370/391 372/393
f 377/398 376/397 370/391
f 378/399 372/393 371/392
f 378/399 377/398 372/393
f 379/400 378/399 371/392
f 379/400 371/392 366/387
f 380/401 379/400 366/387
f 380/401 366/387 344/365
f 381/402 380/401 344/365
f 381/402 344/365 320/341
f 382/403 381/402 320/341
f 382/403 320/341 313/334
f 383/404 382/403 313/334
f 383/404 313/334 285/306
f 384/405 383/404 285/306
f 384/405 285/306 277/298
f 385/406 384/405 277/298
f 385/406 277/298 278/299
f 386/407 385/406 278/299
f 387/408 379/400 380/401
f 388/409 380/401 381/402
f 388/409 387/408 380/401
f 389/410 381/402 382/403
f 389/410 388/409 381/402
f 390/411 382/403 383/404
f 390/411 389/410 382/403
f 391/412 383/404 384/405
f 391/412 390/411 383/404
f 392/413 384/405 385/406
f 392/413 391/412 384/405
f 393/414 385/406 386/407
f 393/414 392/413 385/406
f 387/408 394/415 379/400
f 394/415 378/399 379/400
f 394/415 395/416 378/399
f 395/416 377/398 378/399
f 395/416 396/417 377/398
f 396/417 376/397 377/398
f 396/417 397/418 376/397
f 397/418 375/396 376/397
f 397/418 398/419 375/396
f 398/419 374/395 375/396
f 398/419 399/420 374/395
f 399/420 373/394 374/395
f 399/420 400/421 373/394
f 400/421 336/357 373/394
f 400/421 401/422 336/357
f 401/422 329/350 336/357
f 401/422 402/423 329/350
f 402/423 303/324 329/350
f 402/423 403/424 303/324
f 403/424 296/317 303/324
f 403/424 404/425 296/317
f 404/425 258/279 296/317
f 404/425 405/426 258/279
f 405/426 253/274 258/279
f 405/426 406/427 253/274
f 406/427 251/272 253/274
f 406/427 407/428 251/272
f 407/428 233/254 251/272
f 407/428 408/429 233/254
f 408/429 226/247 233/254
f 408/429 409/430 226/247
f 409/430 135/148 226/247
f 409/430 410/431 135/148
f 410/431 134/145 135/148
f 411/432 404/425 403/424
f 412/433 405/426 404/425
f 411/432 412/433 404/425
f 413/434 406/427 405/426
f 412/433 413/434 405/426
f 414/435 407/428 406/427
f 413/434 414/435 406/427
f 415/436 408/429 407/428
f 414/435 415/436 407/428
f 416/437 409/430 408/429
f 415/436 416/437 408/429
f 417/438 410/431 409/430
f 416/437 417/438 409/430
f 418/439 411/432 403/424
f 418/439 403/424 402/423
f 419/440 418/439 402/423
f 419/440 402/423 401/422
f 420/441 419/440 401/422
f 420/441 401/422 400/421
f 421/442 420/441 400/421
f 421/442 400/421 399/420
f 422/443 421/442 399/420
f 422/443 399/420 398/419
f 423/444 422/443 398/419
f 423/444 398/419 397/418
f 424/445 423/444 397/418
f 424/445 397/418 396/417
f 425/446 424/445 396/417
f 425/446 396/417 395/416
f 426/447 425/446 395/416
f 426/447 395/416 394/415
f 427/448 426/447 394/415
f 427/448 394/415 387/408
f 428/449 427/448 387/408
f 428/449 387/408 388/409
f 429/450 428/449 388/409
f 429/450 388/409 389/410
f 430/451 429/450 389/410
f 430/451 389/410 390/411
f 431/452 430/451 390/411
f 431/452 390/411 391/412
f 432/453 431/452 391/412
f 432/453 391/412 392/413
f 433/454 432/453 392/413
f 433/454 392/413 393/414
f 434/455 426/447 427/448
f 435/456 427/448 428/449
f 435/456 434/455 427/448
f 436/457 428/449 429/450
f 436/457 435/456 428/449
f 437/458 429/450 430/451
f 437/458 436/457 429/450
f 438/459 430/451 431/452
f 438/459 437/458 430/451
f 439/460 431/452 432/453
f 439/460 438/459 431/452
f 440/461 432/453 433/454
f 440/461 439/460 432/453
f 434/455 441/462 426/447
f 441/462 425/446 426/447
f 441/462 442/463 425/446
f 442/463 424/445 425/446
f 442/463 443/464 424/445
f 443/464 423/444 424/445
f 443/464 444/465 423/444
f 444/465 422/443 423/444
f 444/465 445/466 422/443
f 445/466 421/442 422/443
f 445/466 446/467 421/442
f 446/467 420/441 421/442
f 446/467 447/468 420/441
f 447/468 419/440 420/441
f 447/468 448/469 419/440
f 448/469 418/439 419/440
f 448/469 449/470 418/439
f 449/470 411/432 418/439
f 449/470 450/471 411/432
f 450/471 412/433 411/432
f 450/471 451/472 412/433
f 451/472 413/434 412/433
f 451/472 452/473 413/434
f 452/473 414/435 413/434
f 452/473 453/474 414/435
f 453/474 415/436 414/435
f 453/474 454/475 415/436
f 454/475 416/437 415/436
f 454/475 455/476 416/437
f 455/476 417/438 416/437
f 456/477 449/470 448/469
f 457/478 450/471 449/470
f 456/477 457/478 449/470
f 458/479 451/472 450/471
f 457/478 458/479 450/471
f 459/480 452/473 451/472
f 458/479 459/480 451/472
f 460/481 453/474 452/473
f 459/480 460/481 452/473
f 461/482 454/475 453/474
f 460/481 461/482 453/474
f 462/483 455/476 454/475
f 461/482 462/483 454/475
f 463/484 456/477 448/469
f 463/484 448/469 447/468
f 464/485 463/484 447/468
f 464/485 447/468 446/467
f 465/486 464/485 446/467
f 465/486 446/467 445/466
f 466/487 465/486 445/466
f 466/487 445/466 444/465
f 467/488 466/487 444/465
f 467/488 444/465 443/464
f 468/489 467/488 443/464
f 468/489 443/464 442/463
f 469/490 468/489 442/463
f 469/490 442/463 441/462
f 470/491 469/490 441/462
f 470/491 441/462 434/455
f 471/492 470/491 434/455
f 471/492 434/455 435/456
f 472/493 471/492 435/456
f 472/493 435/456 436/457
f 473/494 472/493 436/457
f 473/494 436/457 437/458
f 474/495 473/494 437/458
f 474/495 437/458 438/459
f 475/496 474/495 438/459
f 475/496 438/459 439/460
f 476/497 475/496 439/460
f 476/497 439/460 440/461
f 477/498 469/490 470/491
f 478/499 470/491 471/492
f 478/499 477/498 470/491
f 479/500 471/492 472/493
f 479/500 478/499 471/492
f 480/501 472/493 473/494
f 480/501 479/500 472/493
f 481/502 473/494 474/495
f 481/502 480/501 473/494
f 482/503 474/495 475/496
f 482/503 481/502 474/495
f 483/504 482/503 475/496
f 483/504 475/496 476/497
f 484/505 481/502 482/503
f 483/504 484/505 482/503
f 485/506 480/501 481/502
f 484/505 485/506 481/502
f 486/507 479/500 480/501
f 485/506 486/507 480/501
f 487/508 478/499 479/500
f 486/507 487/508 479/500
f 487/508 488/509 478/499
f 488/509 477/498 478/499
f 489/510 483/504 476/497
f 490/511 484/505 483/504
f 489/510 490/511 483/504
f 491/512 485/506 484/505
f 490/511 491/512 484/505
f 492/513 486/507 485/506
f 491/512 492/513 485/506
f 493/514 487/508 486/507
f 492/513 493/514 486/507
f 494/515 488/509 487/508
f 493/514 494/515 487/508
f 489/510 476/497 495/516
f 495/516 476/497 440/461
f 495/516 440/461 496/517
f 496/517 440/461 433/454
f 496/517 433/454 497/518
f 497/518 433/454 393/414
f 497/518 393/414 498/519
f 498/519 393/414 386/407
f 499/520 493/514 492/513
f 500/521 494/515 493/514
f 499/520 500/521 493/514
f 501/522 499/520 492/513
f 501/522 492/513 491/512
f 502/523 501/522 491/512
f 502/523 491/512 490/511
f 503/524 502/523 490/511
f 503/524 490/511 489/510
f 504/525 503/524 489/510
f 504/525 489/510 495/516
f 504/525 495/516 505/526
f 505/526 495/516 496/517
f 505/526 496/517 506/527
f 506/527 496/517 497/518
f 506/527 497/518 507/528
f 507/528 497/518 498/519
f 508/529 499/520 501/522
f 509/530 501/522 502/523
f 509/530 508/529 501/522
f 510/531 502/523 503/524
f 510/531 509/530 502/523
f 511/532 503/524 504/525
f 511/532 510/531 503/524
f 512/533 504/525 505/526
f 512/533 511/532 504/525
f 513/534 505/526 506/527
f 512/533 505/526 513/534
f 514/535 506/527 507/528
f 513/534 506/527 514/535
f 508/529 515/536 499/520
f 515/536 500/521 499/520
f 516/537 509/530 510/531
f 517/538 510/531 511/532
f 517/538 516/537 510/531
f 518/539 511/532 512/533
f 518/539 517/538 511/532
f 519/540 512/533 513/534
f 519/540 518/539 512/533
f 520/541 508/529 509/530
f 516/537 520/541 509/530
f 521/542 513/534 514/535
f 519/540 513/534 521/542
f 522/543 515/536 508/529
f 520/541 522/543 508/529
f 515/536 523/544 500/521
f 522/543 524/545 515/536
f 524/545 523/544 515/536
f 523/544 525/546 500/521
f 500/521 525/546 494/515
f 525/546 526/547 494/515
f 494/515 526/547 488/509
f 526/547 527/548 488/509
f 488/509 527/548 477/498
f 527/548 528/549 477/498
f 477/498 528/549 469/490
f 528/549 468/489 469/490
f 528/549 529/550 468/489
f 529/550 467/488 468/489
f 527/548 530/551 528/549
f 530/551 529/550 528/549
f 526/547 531/552 527/548
f 531/552 530/551 527/548
f 525/546 532/553 526/547
f 532/553 531/552 526/547
f 523/544 533/554 525/546
f 533/554 532/553 525/546
f 529/550 534/555 467/488
f 534/555 466/487 467/488
f 530/551 535/556 529/550
f 535/556 534/555 529/550
f 531/552 536/557 530/551
f 536/557 535/556 530/551
f 532/553 537/558 531/552
f 537/558 536/557 531/552
f 534/555 538/559 466/487
f 538/559 465/486 466/487
f 535/556 539/560 534/555
f 539/560 538/559 534/555
f 536/557 540/561 535/556
f 540/561 539/560 535/556
f 538/559 541/562 465/486
f 541/562 464/485 465/486
f 539/560 542/563 538/559
f 542/563 541/562 538/559
f 541/562 543/564 464/485
f 543/564 463/484 464/485
f 544/565 537/558 532/553
f 533/554 544/565 532/553
f 537/558 545/566 536/557
f 545/566 540/561 536/557
f 540/561 546/567 539/560
f 546/567 542/563 539/560
f 542/563 547/568 541/562
f 547/568 543/564 541/562
f 543/564 548/569 463/484
f 548/569 456/477 463/484
f 549/570 548/569 543/564
f 548/569 549/570 456/477
f 547/568 549/570 543/564
f 549/570 457/478 456/477
f 549/570 550/571 457/478
f 550/571 549/570 547/568
f 550/571 458/479 457/478
f 551/572 547/568 542/563
f 551/572 550/571 547/568
f 546/567 551/572 542/563
f 550/571 552/573 458/479
f 552/573 550/571 551/572
f 552/573 459/480 458/479
f 553/574 551/572 546/567
f 553/574 552/573 551/572
f 552/573 554/575 459/480
f 554/575 552/573 553/574
f 554/575 460/481 459/480
f 555/576 553/574 546/567
f 555/576 546/567 540/561
f 545/566 555/576 540/561
f 554/575 556/577 460/481
f 556/577 461/482 460/481
f 557/578 554/575 553/574
f 557/578 553/574 555/576
f 556/577 554/575 557/578
f 558/579 555/576 545/566
f 558/579 557/578 555/576
f 556/577 559/580 461/482
f 559/580 462/483 461/482
f 560/581 556/577 557/578
f 560/581 557/578 558/579
f 559/580 556/577 560/581
f 561/582 558/579 545/566
f 561/582 545/566 537/558
f 544/565 561/582 537/558
f 562/583 560/581 558/579
f 562/583 558/579 561/582
f 563/584 559/580 560/581
f 563/584 560/581 562/583
f 559/580 564/585 462/483
f 564/585 559/580 563/584
f 565/586 561/582 544/565
f 565/586 562/583 561/582
f 566/587 563/584 562/583
f 566/587 562/583 565/586
f 567/588 565/586 544/565
f 567/588 544/565 533/554
f 564/585 568/589 462/483
f 462/483 568/589 455/476
f 569/590 564/585 563/584
f 569/590 563/584 566/587
f 570/591 566/587 565/586
f 570/591 565/586 567/588
f 571/592 567/588 533/554
f 571/592 533/554 523/544
f 524/545 571/592 523/544
f 572/593 567/588 571/592
f 572/593 570/591 567/588
f 573/594 566/587 570/591
f 573/594 569/590 566/587
f 574/595 564/585 569/590
f 564/585 574/595 568/589
f 575/596 571/592 524/545
f 575/596 572/593 571/592
f 576/597 570/591 572/593
f 576/597 573/594 570/591
f 577/598 569/590 573/594
f 577/598 574/595 569/590
f 578/599 575/596 524/545
f 578/599 524/545 522/543
f 579/600 572/593 575/596
f 579/600 576/597 572/593
f 580/601 573/594 576/597
f 580/601 577/598 573/594
f 581/602 578/599 522/543
f 581/602 522/543 520/541
f 582/603 575/596 578/599
f 582/603 579/600 575/596
f 583/604 576/597 579/600
f 583/604 580/601 576/597
f 584/605 581/602 520/541
f 584/605 520/541 516/537
f 585/606 578/599 581/602
f 585/606 582/603 578/599
f 586/607 579/600 582/603
f 586/607 583/604 579/600
f 587/608 584/605 516/537
f 587/608 516/537 517/538
f 588/609 581/602 584/605
f 588/609 585/606 581/602
f 589/610 582/603 585/606
f 589/610 586/607 582/603
f 590/611 587/608 517/538
f 590/611 517/538 518/539
f 591/612 584/605 587/608
f 591/612 588/609 584/605
f 592/613 585/606 588/609
f 592/613 589/610 585/606
f 593/614 590/611 518/539
f 593/614 518/539 519/540
f 594/615 587/608 590/611
f 594/615 591/612 587/608
f 595/616 588/609 591/612
f 595/616 592/613 588/609
f 596/617 593/614 519/540
f 596/617 519/540 521/542
f 597/618 590/611 593/614
f 597/618 594/615 590/611
f 598/619 591/612 594/615
f 598/619 595/616 591/612
f 599/620 593/614 596/617
f 599/620 597/618 593/614
f 600/621 594/615 597/618
f 600/621 598/619 594/615
f 601/622 597/618 599/620
f 601/622 600/621 597/618
f 602/623 592/613 595/616
f 603/624 595/616 598/619
f 603/624 602/623 595/616
f 604/625 598/619 600/621
f 604/625 603/624 598/619
f 605/626 600/621 601/622
f 605/626 604/625 600/621
f 602/623 606/627 592/613
f 606/627 589/610 592/613
f 606/627 607/628 589/610
f 607/628 586/607 589/610
f 607/628 608/629 586/607
f 608/629 583/604 586/607
f 608/629 609/630 583/604
f 609/630 580/601 583/604
f 609/630 610/631 580/601
f 610/631 577/598 580/601
f 610/631 611/632 577/598
f 611/632 574/595 577/598
f 574/595 611/632 612/633
f 574/595 612/633 568/589
f 568/589 612/633 613/634
f 568/589 613/634 455/476
f 455/476 613/634 417/438
f 613/634 614/635 417/438
f 417/438 614/635 410/431
f 612/633 615/636 613/634
f 613/634 615/636 614/635
f 611/632 616/637 612/633
f 612/633 616/637 615/636
f 617/638 611/632 610/631
f 611/632 617/638 616/637
f 618/639 610/631 609/630
f 618/639 617/638 610/631
f 614/635 619/640 410/431
f 410/431 619/640 134/145
f 615/636 620/641 614/635
f 614/635 620/641 619/640
f 616/637 621/642 615/636
f 615/636 621/642 620/641
f 617/638 622/643 616/637
f 616/637 622/643 621/642
f 619/640 623/644 134/145
f 134/145 623/644 133/146
f 623/644 624/645 133/146
f 620/641 625/646 619/640
f 619/640 625/646 623/644
f 621/642 626/647 620/641
f 620/641 626/647 625/646
f 625/646 627/648 623/644
f 623/644 627/648 624/645
f 617/638 628/649 622/643
f 628/649 617/638 618/639
f 622/643 629/650 621/642
f 621/642 629/650 626/647
f 626/647 630/651 625/646
f 625/646 630/651 627/648
f 628/649 631/652 622/643
f 622/643 631/652 629/650
f 629/650 632/653 626/647
f 626/647 632/653 630/651
f 631/652 633/654 629/650
f 629/650 633/654 632/653
f 634/655 628/649 618/639
f 628/649 635/656 631/652
f 635/656 628/649 634/655
f 635/656 636/657 631/652
f 631/652 636/657 633/654
f 634/655 618/639 637/658
f 637/658 618/639 609/630
f 637/658 609/630 608/629
f 638/659 635/656 634/655
f 635/656 638/659 636/657
f 639/660 637/658 608/629
f 639/660 608/629 607/628
f 640/661 634/655 637/658
f 638/659 634/655 640/661
f 640/661 637/658 639/660
f 641/662 639/660 607/628
f 641/662 607/628 606/627
f 642/663 640/661 639/660
f 642/663 639/660 641/662
f 643/664 638/659 640/661
f 643/664 640/661 642/663
f 638/659 644/665 636/657
f 638/659 643/664 644/665
f 645/666 641/662 606/627
f 645/666 606/627 602/623
f 646/667 642/663 641/662
f 646/667 641/662 645/666
f 647/668 643/664 642/663
f 647/668 642/663 646/667
f 648/669 645/666 602/623
f 648/669 602/623 603/624
f 649/670 646/667 645/666
f 649/670 645/666 648/669
f 650/671 648/669 603/624
f 650/671 603/624 604/625
f 636/657 644/665 651/672
f 636/657 651/672 633/654
f 643/664 652/673 644/665
f 643/664 647/668 652/673
f 653/674 647/668 646/667
f 653/674 646/667 649/670
f 654/675 649/670 648/669
f 654/675 648/669 650/671
f 655/676 650/671 604/625
f 655/676 604/625 605/626
f 633/654 651/672 656/677
f 633/654 656/677 632/653
f 647/668 657/678 652/673
f 647/668 653/674 657/678
f 658/679 653/674 649/670
f 658/679 649/670 654/675
f 659/680 654/675 650/671
f 659/680 650/671 655/676
f 632/653 656/677 660/681
f 632/653 660/681 630/651
f 653/674 661/682 657/678
f 653/674 658/679 661/682
f 662/683 658/679 654/675
f 662/683 654/675 659/680
f 630/651 660/681 663/684
f 630/651 663/684 627/648
f 658/679 664/685 661/682
f 658/679 662/683 664/685
f 627/648 663/684 665/686
f 627/648 665/686 624/645
f 656/677 666/687 660/681
f 660/681 667/688 663/684
f 660/681 666/687 667/688
f 663/684 668/689 665/686
f 663/684 667/688 668/689
f 656/677 669/690 666/687
f 651/672 669/690 656/677
f 651/672 670/691 669/690
f 644/665 670/691 651/672
f 644/665 652/673 670/691
f 652/673 671/692 670/691
f 652/673 657/678 671/692
f 670/691 672/693 669/690
f 670/691 671/692 672/693
f 669/690 673/694 666/687
f 669/690 672/693 673/694
f 666/687 674/695 667/688
f 666/687 673/694 674/695
f 657/678 675/696 671/692
f 657/678 661/682 675/696
f 671/692 676/697 672/693
f 671/692 675/696 676/697
f 672/693 677/698 673/694
f 672/693 676/697 677/698
f 661/682 678/699 675/696
f 661/682 664/685 678/699
f 675/696 679/700 676/697
f 675/696 678/699 679/700
f 667/688 674/695 680/701
f 667/688 680/701 668/689
f 673/694 681/702 674/695
f 673/694 677/698 681/702
f 676/697 682/703 677/698
f 676/697 679/700 682/703
f 674/695 683/704 680/701
f 674/695 681/702 683/704
f 677/698 684/705 681/702
f 677/698 682/703 684/705
f 681/702 685/706 683/704
f 681/702 684/705 685/706
f 678/699 686/707 679/700
f 679/700 687/708 682/703
f 679/700 686/707 687/708
f 682/703 688/709 684/705
f 682/703 687/708 688/709
f 684/705 689/710 685/706
f 684/705 688/709 689/710
f 678/699 690/711 686/707
f 664/685 690/711 678/699
f 664/685 691/712 690/711
f 662/683 691/712 664/685
f 662/683 692/713 691/712
f 692/713 662/683 659/680
f 692/713 659/680 693/714
f 693/714 659/680 655/676
f 693/714 655/676 694/715
f 694/715 655/676 605/626
f 694/715 605/626 695/716
f 695/716 605/626 601/622
f 695/716 601/622 696/717
f 696/717 601/622 599/620
f 696/717 599/620 697/718
f 697/718 599/620 596/617
f 697/718 596/617 698/719
f 596/617 521/542 698/719
f 698/719 521/542 699/720
f 521/542 514/535 699/720
f 699/720 514/535 700/721
f 514/535 507/528 700/721
f 700/721 507/528 701/722
f 507/528 498/519 701/722
f 701/722 498/519 702/723
f 498/519 386/407 702/723
f 702/723 386/407 703/724
f 386/407 278/299 703/724
f 704/725 696/717 697/718
f 697/718 698/719 705/726
f 704/725 697/718 705/726
f 698/719 699/720 706/727
f 705/726 698/719 706/727
f 699/720 700/721 707/728
f 706/727 699/720 707/728
f 700/721 701/722 708/729
f 707/728 700/721 708/729
f 701/722 702/723 709/730
f 708/729 701/722 709/730
f 702/723 703/724 710/731
f 709/730 702/723 710/731
f 711/732 696/717 704/725
f 711/732 695/716 696/717
f 712/733 695/716 711/732
f 712/733 694/715 695/716
f 713/734 694/715 712/733
f 713/734 693/714 694/715
f 714/735 693/714 713/734
f 714/735 692/713 693/714
f 692/713 714/735 715/736
f 692/713 715/736 691/712
f 691/712 715/736 716/737
f 691/712 716/737 690/711
f 690/711 716/737 717/738
f 690/711 717/738 686/707
f 686/707 717/738 718/739
f 686/707 718/739 687/708
f 687/708 718/739 719/740
f 687/708 719/740 688/709
f 688/709 719/740 720/741
f 688/709 720/741 689/710
f 721/742 714/735 713/734
f 714/735 722/743 715/736
f 714/735 721/742 722/743
f 715/736 723/744 716/737
f 715/736 722/743 723/744
f 716/737 724/745 717/738
f 716/737 723/744 724/745
f 717/738 725/746 718/739
f 717/738 724/745 725/746
f 718/739 726/747 719/740
f 718/739 725/746 726/747
f 719/740 727/748 720/741
f 719/740 726/747 727/748
f 721/742 713/734 728/749
f 728/749 713/734 712/733
f 728/749 712/733 729/750
f 729/750 712/733 711/732
f 729/750 711/732 730/751
f 730/751 711/732 704/725
f 730/751 704/725 731/752
f 704/725 705/726 731/752
f 731/752 705/726 732/753
f 705/726 706/727 732/753
f 732/753 706/727 733/754
f 706/727 707/728 733/754
f 733/754 707/728 734/755
f 707/728 708/729 734/755
f 734/755 708/729 735/756
f 708/729 709/730 735/756
f 735/756 709/730 736/757
f 709/730 710/731 736/757
f 737/758 729/750 730/751
f 730/751 731/752 738/759
f 737/758 730/751 738/759
f 731/752 732/753 739/760
f 738/759 731/752 739/760
f 732/753 733/754 740/761
f 739/760 732/753 740/761
f 733/754 734/755 741/762
f 740/761 733/754 741/762
f 734/755 735/756 742/763
f 741/762 734/755 742/763
f 735/756 736/757 743/764
f 742/763 735/756 743/764
f 744/765 729/750 737/758
f 744/765 728/749 729/750
f 745/766 728/749 744/765
f 745/766 721/742 728/749
f 721/742 745/766 746/767
f 721/742 746/767 722/743
f 722/743 746/767 747/768
f 722/743 747/768 723/744
f 723/744 747/768 748/769
f 723/744 748/769 724/745
f 724/745 748/769 749/770
f 724/745 749/770 725/746
f 725/746 749/770 750/771
f 725/746 750/771 726/747
f 726/747 750/771 751/772
f 726/747 751/772 727/748
f 752/773 745/766 744/765
f 745/766 753/774 746/767
f 745/766 752/773 753/774
f 746/767 754/775 747/768
f 746/767 753/774 754/775
f 747/768 755/776 748/769
f 747/768 754/775 755/776
f 748/769 756/777 749/770
f 748/769 755/776 756/777
f 749/770 757/778 750/771
f 749/770 756/777 757/778
f 750/771 758/779 751/772
f 750/771 757/778 758/779
f 752/773 744/765 759/780
f 759/780 744/765 737/758
f 759/780 737/758 760/781
f 737/758 738/759 760/781
f 760/781 738/759 761/782
f 738/759 739/760 761/782
f 761/782 739/760 762/783
f 739/760 740/761 762/783
f 762/783 740/761 763/784
f 740/761 741/762 763/784
f 763/784 741/762 764/785
f 741/762 742/763 764/785
f 764/785 742/763 765/786
f 742/763 743/764 765/786
f 766/787 752/773 759/780
f 759/780 760/781 767/788
f 766/787 759/780 767/788
f 752/773 766/787 768/789
f 766/787 767/788 768/789
f 752/773 768/789 753/774
f 767/788 760/781 769/790
f 760/781 761/782 769/790
f 753/774 768/789 770/791
f 753/774 770/791 754/775
f 768/789 767/788 771/792
f 767/788 769/790 771/792
f 768/789 771/792 770/791
f 769/790 761/782 772/793
f 761/782 762/783 772/793
f 754/775 770/791 773/794
f 754/775 773/794 755/776
f 770/791 771/792 774/795
f 770/791 774/795 773/794
f 771/792 769/790 775/796
f 769/790 772/793 775/796
f 771/792 775/796 774/795
f 772/793 762/783 776/797
f 762/783 763/784 776/797
f 755/776 773/794 777/798
f 755/776 777/798 756/777
f 773/794 774/795 778/799
f 773/794 778/799 777/798
f 774/795 775/796 779/800
f 774/795 779/800 778/799
f 775/796 772/793 780/801
f 772/793 776/797 780/801
f 775/796 780/801 779/800
f 776/797 763/784 781/802
f 763/784 764/785 781/802
f 756/777 777/798 782/803
f 756/777 782/803 757/778
f 777/798 778/799 783/804
f 777/798 783/804 782/803
f 778/799 779/800 784/805
f 778/799 784/805 783/804
f 779/800 780/801 785/806
f 779/800 785/806 784/805
f 780/801 776/797 786/807
f 776/797 781/802 786/807
f 780/801 786/807 785/806
f 781/802 764/785 787/808
f 764/785 765/786 787/808
f 757/778 782/803 788/809
f 757/778 788/809 758/779
f 782/803 783/804 789/810
f 782/803 789/810 788/809
f 783/804 784/805 790/811
f 783/804 790/811 789/810
f 784/805 785/806 791/812
f 784/805 791/812 790/811
f 785/806 786/807 792/813
f 785/806 792/813 791/812
f 786/807 781/802 793/814
f 786/807 793/814 792/813
f 781/802 787/808 793/814
f 758/779 788/809 794/815
f 788/809 789/810 795/816
f 788/809 795/816 794/815
f 789/810 790/811 796/817
f 789/810 796/817 795/816
f 790/811 791/812 797/818
f 790/811 797/818 796/817
f 791/812 792/813 798/819
f 791/812 798/819 797/818
f 792/813 793/814 799/820
f 792/813 799/820 798/819
f 793/814 787/808 800/821
f 793/814 800/821 799/820
f 758/779 794/815 801/822
f 751/772 758/779 801/822
f 787/808 802/823 800/821
f 787/808 765/786 802/823
f 751/772 801/822 803/824
f 727/748 751/772 803/824
f 765/786 804/825 802/823
f 765/786 743/764 804/825
f 727/748 803/824 805/826
f 720/741 727/748 805/826
f 743/764 806/827 804/825
f 743/764 736/757 806/827
f 720/741 805/826 807/828
f 689/710 720/741 807/828
f 736/757 808/829 806/827
f 736/757 710/731 808/829
f 689/710 807/828 809/830
f 685/706 689/710 809/830
f 710/731 810/831 808/829
f 710/731 703/724 810/831
f 685/706 809/830 811/832
f 683/704 685/706 811/832
f 703/724 812/833 810/831
f 703/724 278/299 812/833
f 278/299 276/834 812/833
f 812/833 276/834 813/835
f 276/834 274/836 813/835
f 810/831 812/833 814/837
f 812/833 813/835 814/837
f 808/829 810/831 815/838
f 810/831 814/837 815/838
f 813/835 274/836 816/839
f 274/836 272/840 816/839
f 814/837 813/835 817/841
f 813/835 816/839 817/841
f 816/839 272/840 818/842
f 272/840 270/843 818/842
f 808/829 815/838 819/844
f 806/827 808/829 819/844
f 815/838 814/837 820/845
f 814/837 817/841 820/845
f 817/841 816/839 821/846
f 816/839 818/842 821/846
f 818/842 270/843 822/847
f 270/843 268/848 822/847
f 806/827 819/844 823/849
f 804/825 806/827 823/849
f 819/844 815/838 824/850
f 815/838 820/845 824/850
f 820/845 817/841 825/851
f 817/841 821/846 825/851
f 821/846 818/842 826/852
f 818/842 822/847 826/852
f 822/847 268/848 827/853
f 268/848 193/854 827/853
f 193/854 190/855 827/853
f 822/847 827/853 828/856
f 826/852 822/847 828/856
f 190/855 829/857 827/853
f 827/853 829/857 828/856
f 190/855 186/858 829/857
f 821/846 826/852 830/859
f 825/851 821/846 830/859
f 820/845 825/851 831/860
f 824/850 820/845 831/860
f 826/852 828/856 832/861
f 830/859 826/852 832/861
f 829/857 833/862 828/856
f 828/856 833/862 832/861
f 186/858 834/863 829/857
f 829/857 834/863 833/862
f 186/858 118/864 834/863
f 825/851 830/859 835/865
f 831/860 825/851 835/865
f 830/859 832/861 836/866
f 835/865 830/859 836/866
f 833/862 837/867 832/861
f 832/861 837/867 836/866
f 834/863 838/868 833/862
f 833/862 838/868 837/867
f 118/864 123/869 834/863
f 834/863 123/869 838/868
f 123/869 124/870 838/868
f 838/868 839/871 837/867
f 838/868 124/870 839/871
f 837/867 840/872 836/866
f 837/867 839/871 840/872
f 835/865 836/866 841/873
f 836/866 840/872 841/873
f 124/870 842/874 839/871
f 124/870 125/875 842/874
f 839/871 843/876 840/872
f 839/871 842/874 843/876
f 116/877 168/878 126/879
f 125/875 844/880 842/874
f 844/880 130/881 127/882
f 168/878 845/883 126/879
f 168/878 164/884 845/883
f 126/879 846/885 129/886
f 126/879 845/883 846/885
f 164/884 847/887 845/883
f 164/884 159/888 847/887
f 840/872 843/876 848/889
f 840/872 848/889 841/873
f 842/874 849/890 843/876
f 842/874 844/880 849/890
f 127/882 850/891 844/880
f 127/882 846/885 850/891
f 845/883 851/892 846/885
f 845/883 847/887 851/892
f 159/888 852/893 847/887
f 159/888 157/894 852/893
f 843/876 853/895 848/889
f 843/876 849/890 853/895
f 844/880 854/896 849/890
f 844/880 850/891 854/896
f 846/885 855/897 850/891
f 846/885 851/892 855/897
f 847/887 856/898 851/892
f 847/887 852/893 856/898
f 157/894 857/899 852/893
f 157/894 154/900 857/899
f 849/890 858/901 853/895
f 849/890 854/896 858/901
f 850/891 859/902 854/896
f 850/891 855/897 859/902
f 851/892 860/903 855/897
f 851/892 856/898 860/903
f 852/893 861/904 856/898
f 852/893 857/899 861/904
f 154/900 862/905 857/899
f 154/900 153/906 862/905
f 854/896 863/907 858/901
f 854/896 859/902 863/907
f 855/897 864/908 859/902
f 855/897 860/903 864/908
f 856/898 865/909 860/903
f 856/898 861/904 865/909
f 857/899 866/910 861/904
f 857/899 862/905 866/910
f 859/902 867/911 863/907
f 859/902 864/908 867/911
f 860/903 868/912 864/908
f 860/903 865/909 868/912
f 861/904 869/913 865/909
f 861/904 866/910 869/913
f 864/908 870/914 867/911
f 864/908 868/912 870/914
f 865/909 871/915 868/912
f 865/909 869/913 871/915
f 868/912 872/916 870/914
f 868/912 871/915 872/916
f 862/905 873/917 866/910
f 866/910 874/918 869/913
f 866/910 873/917 874/918
f 869/913 875/919 871/915
f 869/913 874/918 875/919
f 871/915 876/920 872/916
f 871/915 875/919 876/920
f 862/905 877/921 873/917
f 153/906 877/921 862/905
f 878/922 877/921 153/906
f 150/923 878/922 153/906
f 879/924 878/922 150/923
f 147/925 879/924 150/923
f 880/926 879/924 147/925
f 144/927 880/926 147/925
f 881/928 880/926 144/927
f 141/929 881/928 144/927
f 882/930 881/928 141/929
f 139/931 882/930 141/929
f 624/645 882/930 139/931
f 133/932 624/645 139/931
f 624/645 665/686 882/930
f 665/686 883/933 882/930
f 882/930 883/933 881/928
f 665/686 668/689 883/933
f 881/928 884/934 880/926
f 883/933 884/934 881/928
f 668/689 885/935 883/933
f 883/933 885/935 884/934
f 668/689 680/701 885/935
f 880/926 886/936 879/924
f 884/934 886/936 880/926
f 885/935 887/937 884/934
f 884/934 887/937 886/936
f 680/701 888/938 885/935
f 885/935 888/938 887/937
f 680/701 683/704 888/938
f 683/704 811/832 888/938
f 886/936 889/939 879/924
f 879/924 889/939 878/922
f 887/937 890/940 886/936
f 886/936 890/940 889/939
f 888/938 891/941 887/937
f 888/938 811/832 891/941
f 887/937 891/941 890/940
f 889/939 892/942 878/922
f 878/922 892/942 877/921
f 811/832 893/943 891/941
f 811/832 809/830 893/943
f 890/940 894/944 889/939
f 889/939 894/944 892/942
f 891/941 895/945 890/940
f 891/941 893/943 895/945
f 890/940 895/945 894/944
f 892/942 896/946 877/921
f 877/921 896/946 873/917
f 809/830 897/947 893/943
f 809/830 807/828 897/947
f 894/944 898/948 892/942
f 892/942 898/948 896/946
f 895/945 899/949 894/944
f 894/944 899/949 898/948
f 893/943 900/950 895/945
f 893/943 897/947 900/950
f 895/945 900/950 899/949
f 873/917 896/946 901/951
f 873/917 901/951 874/918
f 807/828 902/952 897/947
f 807/828 805/826 902/952
f 898/948 903/953 896/946
f 896/946 903/953 901/951
f 899/949 904/954 898/948
f 898/948 904/954 903/953
f 900/950 905/955 899/949
f 899/949 905/955 904/954
f 897/947 906/956 900/950
f 897/947 902/952 906/956
f 900/950 906/956 905/955
f 874/918 901/951 907/957
f 874/918 907/957 875/919
f 805/826 908/958 902/952
f 805/826 803/824 908/958
f 901/951 903/953 909/959
f 901/951 909/959 907/957
f 904/954 910/960 903/953
f 903/953 910/960 909/959
f 905/955 911/961 904/954
f 904/954 911/961 910/960
f 906/956 912/962 905/955
f 905/955 912/962 911/961
f 902/952 913/963 906/956
f 902/952 908/958 913/963
f 906/956 913/963 912/962
f 803/824 914/964 908/958
f 803/824 801/822 914/964
f 908/958 915/965 913/963
f 908/958 914/964 915/965
f 913/963 916/966 912/962
f 913/963 915/965 916/966
f 912/962 917/967 911/961
f 912/962 916/966 917/967
f 911/961 918/968 910/960
f 911/961 917/967 918/968
f 801/822 919/969 914/964
f 801/822 794/815 919/969
f 914/964 920/970 915/965
f 914/964 919/969 920/970
f 915/965 921/971 916/966
f 915/965 920/970 921/971
f 916/966 922/972 917/967
f 916/966 921/971 922/972
f 794/815 923/973 919/969
f 794/815 795/816 923/973
f 919/969 924/974 920/970
f 919/969 923/973 924/974
f 920/970 925/975 921/971
f 920/970 924/974 925/975
f 795/816 926/976 923/973
f 795/816 796/817 926/976
f 923/973 927/977 924/974
f 923/973 926/976 927/977
f 796/817 928/978 926/976
f 796/817 797/818 928/978
f 917/967 922/972 929/979
f 917/967 929/979 918/968
f 921/971 930/980 922/972
f 921/971 925/975 930/980
f 922/972 931/981 929/979
f 918/968 929/979 931/981
f 922/972 930/980 931/981
f 924/974 932/982 925/975
f 924/974 927/977 932/982
f 926/976 933/983 927/977
f 926/976 928/978 933/983
f 797/818 934/984 928/978
f 797/818 798/819 934/984
f 935/985 918/968 931/981
f 910/960 918/968 935/985
f 909/959 910/960 935/985
f 935/985 931/981 936/986
f 930/980 936/986 931/981
f 909/959 935/985 937/987
f 937/987 935/985 936/986
f 907/957 909/959 937/987
f 930/980 938/988 936/986
f 925/975 938/988 930/980
f 925/975 932/982 938/988
f 907/957 937/987 939/989
f 875/919 907/957 939/989
f 875/919 939/989 876/920
f 937/987 936/986 940/990
f 938/988 940/990 936/986
f 939/989 937/987 940/990
f 932/982 941/991 938/988
f 938/988 941/991 940/990
f 939/989 940/990 942/992
f 876/920 939/989 942/992
f 941/991 942/992 940/990
f 932/982 943/993 941/991
f 927/977 943/993 932/982
f 927/977 933/983 943/993
f 876/920 942/992 944/994
f 872/916 876/920 944/994
f 941/991 945/995 942/992
f 943/993 945/995 941/991
f 945/995 944/994 942/992
f 933/983 946/996 943/993
f 943/993 946/996 945/995
f 872/916 944/994 947/997
f 870/914 872/916 947/997
f 945/995 948/998 944/994
f 946/996 948/998 945/995
f 948/998 947/997 944/994
f 933/983 949/999 946/996
f 928/978 949/999 933/983
f 928/978 934/984 949/999
f 870/914 947/997 950/1000
f 867/911 870/914 950/1000
f 948/998 951/1001 947/997
f 951/1001 950/1000 947/997
f 946/996 952/1002 948/998
f 949/999 952/1002 946/996
f 952/1002 951/1001 948/998
f 934/984 953/1003 949/999
f 949/999 953/1003 952/1002
f 867/911 950/1000 954/1004
f 863/907 867/911 954/1004
f 952/1002 955/1005 951/1001
f 953/1003 955/1005 952/1002
f 951/1001 956/1006 950/1000
f 956/1006 954/1004 950/1000
f 955/1005 956/1006 951/1001
f 934/984 957/1007 953/1003
f 798/819 957/1007 934/984
f 798/819 799/820 957/1007
f 863/907 954/1004 958/1008
f 858/901 863/907 958/1008
f 956/1006 959/1009 954/1004
f 959/1009 958/1008 954/1004
f 955/1005 960/1010 956/1006
f 960/1010 959/1009 956/1006
f 953/1003 961/1011 955/1005
f 957/1007 961/1011 953/1003
f 961/1011 960/1010 955/1005
f 799/820 962/1012 957/1007
f 957/1007 962/1012 961/1011
f 799/820 800/821 962/1012
f 858/901 958/1008 963/1013
f 853/895 858/901 963/1013
f 959/1009 964/1014 958/1008
f 964/1014 963/1013 958/1008
f 960/1010 965/1015 959/1009
f 965/1015 964/1014 959/1009
f 961/1011 966/1016 960/1010
f 962/1012 966/1016 961/1011
f 966/1016 965/1015 960/1010
f 800/821 967/1017 962/1012
f 962/1012 967/1017 966/1016
f 800/821 802/823 967/1017
f 853/895 963/1013 968/1018
f 848/889 853/895 968/1018
f 964/1014 969/1019 963/1013
f 969/1019 968/1018 963/1013
f 965/1015 970/1020 964/1014
f 970/1020 969/1019 964/1014
f 966/1016 971/1021 965/1015
f 967/1017 971/1021 966/1016
f 971/1021 970/1020 965/1015
f 802/823 972/1022 967/1017
f 967/1017 972/1022 971/1021
f 802/823 804/825 972/1022
f 804/825 823/849 972/1022
f 972/1022 973/1023 971/1021
f 971/1021 973/1023 970/1020
f 972/1022 823/849 973/1023
f 848/889 968/1018 974/1024
f 841/873 848/889 974/1024
f 970/1020 975/1025 969/1019
f 973/1023 975/1025 970/1020
f 823/849 976/1026 973/1023
f 973/1023 976/1026 975/1025
f 823/849 819/844 976/1026
f 819/844 824/850 976/1026
f 969/1019 977/1027 968/1018
f 977/1027 974/1024 968/1018
f 975/1025 977/1027 969/1019
f 978/1028 841/873 974/1024
f 977/1027 978/1028 974/1024
f 978/1028 835/865 841/873
f 831/860 835/865 978/1028
f 976/1026 979/1029 975/1025
f 976/1026 824/850 979/1029
f 975/1025 979/1029 977/1027
f 979/1029 978/1028 977/1027
f 979/1029 831/860 978/1028
f 824/850 831/860 979/1029
f 119/206 182/197 128/1030
f 182/197 117/189 128/1030
f 129/886 846/885 127/882
f 125/875 130/881 844/880
f 191/209 119/206 131/210
