o rosi_tarr_frills
v 0.372831 0.151053 0.091798
v 0.377983 0.146420 0.095712
v 0.367690 0.147780 0.096382
v 0.377765 0.170396 0.082510
v 0.370244 0.171077 0.084816
v 0.380208 0.204736 0.067847
v 0.372689 0.207933 0.071519
v 0.364244 0.173446 0.089773
v 0.368248 0.212140 0.077643
v 0.363148 0.148438 0.102444
v 0.361196 0.177428 0.095957
v 0.368197 0.215973 0.085883
v 0.360748 0.152990 0.107930
v 0.362138 0.181200 0.102606
v 0.367916 0.181325 0.110774
v 0.361003 0.159756 0.110939
v 0.372451 0.218511 0.095874
v 0.380421 0.220137 0.105489
v 0.377557 0.181032 0.118744
v 0.391093 0.220764 0.111811
v 0.389034 0.181130 0.123224
v 0.401347 0.220601 0.114400
v 0.399045 0.181279 0.124183
v 0.409720 0.219156 0.112806
v 0.405840 0.178449 0.121719
v 0.415412 0.216723 0.107161
v 0.435054 0.249275 0.124183
v 0.403752 0.225699 0.114400
v 0.440925 0.245046 0.121719
v 0.414858 0.215555 0.107161
v 0.445408 0.242713 0.116119
v 0.417829 0.214638 0.099597
v 0.410210 0.175868 0.116119
v 0.411901 0.174663 0.108725
v 0.416958 0.212093 0.091047
v 0.447333 0.241916 0.108725
v 0.419234 0.216885 0.091047
v 0.447076 0.243460 0.101383
v 0.419322 0.222638 0.082981
v 0.446527 0.250146 0.095397
v 0.417570 0.230667 0.076156
v 0.443947 0.258752 0.089969
v 0.414555 0.238864 0.070459
v 0.440084 0.266426 0.084852
v 0.410061 0.246429 0.067320
v 0.434983 0.272498 0.082510
v 0.404285 0.253135 0.067847
v 0.430764 0.278360 0.084816
v 0.397727 0.257785 0.071519
v 0.425709 0.282095 0.089773
v 0.391699 0.259381 0.077643
v 0.420566 0.282580 0.095957
v 0.388112 0.257532 0.085883
v 0.388325 0.252483 0.095874
v 0.417516 0.279895 0.102606
v 0.420153 0.275071 0.110774
v 0.436846 0.291756 0.110939
v 0.442985 0.295448 0.107930
v 0.463937 0.298829 0.110919
v 0.448337 0.295833 0.102444
v 0.457074 0.297273 0.116187
v 0.443515 0.289951 0.117578
v 0.472519 0.293244 0.117125
v 0.465491 0.291391 0.122414
v 0.450150 0.283010 0.123468
v 0.473813 0.281382 0.120221
v 0.467340 0.280093 0.125775
v 0.453845 0.273280 0.127345
v 0.460604 0.265147 0.125842
v 0.465423 0.264646 0.120263
v 0.466111 0.262773 0.113355
v 0.473123 0.277811 0.112834
v 0.462934 0.259997 0.107383
v 0.464938 0.268655 0.104642
v 0.462900 0.277957 0.100239
v 0.471946 0.289004 0.109328
v 0.464341 0.294662 0.103667
v 0.457274 0.284674 0.095712
v 0.451109 0.292444 0.096382
v 0.450534 0.286519 0.091798
v 0.453348 0.264193 0.128053
v 0.430411 0.257685 0.123224
v 0.425023 0.267254 0.118744
v 0.397628 0.234660 0.111811
v 0.391821 0.244469 0.105489
v 0.410368 0.174151 0.101383
v 0.412693 0.208667 0.082981
v 0.404013 0.171466 0.095397
v 0.405663 0.205530 0.076156
v 0.394872 0.169536 0.089969
v 0.397792 0.203398 0.070459
v 0.385909 0.169085 0.084852
v 0.389218 0.203149 0.067320
v 0.387009 0.144995 0.100239
v 0.372493 0.135933 0.103667
v 0.381603 0.132403 0.109328
v 0.396524 0.147710 0.104642
v 0.392404 0.136719 0.112834
v 0.403369 0.153416 0.107384
v 0.402468 0.149515 0.113355
v 0.389512 0.134474 0.120221
v 0.400416 0.149198 0.120263
v 0.387346 0.140364 0.125775
v 0.397500 0.152901 0.125842
v 0.386639 0.154598 0.127345
v 0.394673 0.159282 0.128053
v 0.375851 0.153025 0.123468
v 0.376080 0.136541 0.122414
v 0.366080 0.155162 0.117578
v 0.366336 0.140625 0.116187
v 0.368467 0.134291 0.110919
v 0.378033 0.129934 0.117125
v 0.437405 0.104448 0.131934
v 0.445968 0.093399 0.137721
v 0.434863 0.096956 0.138622
v 0.434529 0.138265 0.117342
v 0.428244 0.137951 0.121296
v 0.431524 0.175747 0.112551
v 0.426827 0.177112 0.118926
v 0.424620 0.138525 0.127591
v 0.426059 0.178990 0.126576
v 0.432648 0.094978 0.145692
v 0.424297 0.140536 0.134527
v 0.429803 0.180535 0.134275
v 0.431704 0.099109 0.150979
v 0.427683 0.142683 0.140709
v 0.435479 0.141639 0.146023
v 0.431834 0.108648 0.152099
v 0.437425 0.181284 0.141210
v 0.448107 0.181660 0.146029
v 0.446525 0.140716 0.150021
v 0.459541 0.182223 0.147991
v 0.458115 0.141071 0.151634
v 0.469517 0.182490 0.147012
v 0.467628 0.141780 0.150792
v 0.476707 0.181836 0.142983
v 0.473484 0.139675 0.147203
v 0.480360 0.180560 0.136640
v 0.504468 0.212085 0.150792
v 0.472071 0.187771 0.147012
v 0.509223 0.208231 0.147203
v 0.479780 0.179364 0.136640
v 0.512303 0.206493 0.141372
v 0.480400 0.179779 0.129223
v 0.476600 0.137961 0.141372
v 0.476747 0.137756 0.134549
v 0.476484 0.178876 0.121956
v 0.512563 0.206477 0.134549
v 0.478838 0.183733 0.121956
v 0.510476 0.208951 0.128244
v 0.475817 0.191279 0.115714
v 0.508194 0.216633 0.123463
v 0.471180 0.200951 0.111129
v 0.503730 0.226348 0.119675
v 0.465574 0.210595 0.108615
v 0.497724 0.235222 0.117271
v 0.460172 0.218724 0.108836
v 0.491860 0.241853 0.117342
v 0.455711 0.224890 0.112551
v 0.489138 0.247291 0.121296
v 0.452199 0.228140 0.118926
v 0.486872 0.250025 0.127591
v 0.450090 0.227823 0.126576
v 0.484859 0.249240 0.134527
v 0.450541 0.223845 0.134275
v 0.454413 0.216693 0.141210
v 0.484496 0.245277 0.140709
v 0.489195 0.239283 0.146023
v 0.518433 0.264149 0.151741
v 0.527465 0.270746 0.150594
v 0.565748 0.283529 0.160054
v 0.532021 0.272673 0.145429
v 0.557397 0.279697 0.163812
v 0.533088 0.265350 0.159559
v 0.586583 0.283098 0.170517
v 0.573082 0.276679 0.171331
v 0.542894 0.259320 0.164527
v 0.576233 0.264294 0.165326
v 0.567420 0.260766 0.168597
v 0.542727 0.247028 0.163947
v 0.545099 0.237154 0.159054
v 0.550239 0.237807 0.154538
v 0.548432 0.235689 0.147353
v 0.570990 0.259380 0.156514
v 0.539950 0.231216 0.139563
v 0.548841 0.244410 0.142136
v 0.549358 0.256590 0.141591
v 0.576619 0.275278 0.158756
v 0.560895 0.278254 0.151256
v 0.539536 0.262700 0.137164
v 0.531090 0.269305 0.138316
v 0.524637 0.261728 0.131332
v 0.534578 0.233723 0.159295
v 0.500567 0.220507 0.151634
v 0.495342 0.230474 0.150021
v 0.466520 0.196688 0.147991
v 0.460332 0.207069 0.146029
v 0.473479 0.138320 0.128244
v 0.468997 0.177184 0.115714
v 0.465463 0.136634 0.123463
v 0.458978 0.175677 0.111130
v 0.454502 0.135779 0.119675
v 0.448445 0.175024 0.108615
v 0.443483 0.136563 0.117271
v 0.439196 0.175058 0.108836
v 0.457238 0.088874 0.142140
v 0.445947 0.072077 0.151290
v 0.458527 0.062137 0.158803
v 0.466810 0.094250 0.142587
v 0.467824 0.072574 0.156484
v 0.471945 0.106203 0.139832
v 0.473420 0.098054 0.147669
v 0.466974 0.066859 0.165211
v 0.472794 0.095922 0.154830
v 0.464764 0.074573 0.168729
v 0.470444 0.099857 0.159526
v 0.461401 0.097587 0.164681
v 0.467178 0.108703 0.160081
v 0.451503 0.092583 0.165263
v 0.455452 0.064218 0.171470
v 0.440259 0.097255 0.160212
v 0.442829 0.074252 0.163846
v 0.444495 0.066609 0.159914
v 0.458664 0.052153 0.170505
v 0.505931 0.066631 0.155860
v 0.514880 0.055313 0.163542
v 0.503328 0.059295 0.162113
v 0.502109 0.100470 0.140802
v 0.495821 0.100083 0.144025
v 0.497179 0.138574 0.136377
v 0.493429 0.139296 0.142413
v 0.492387 0.100476 0.149520
v 0.493660 0.140563 0.149418
v 0.500901 0.057403 0.168383
v 0.492254 0.102336 0.155696
v 0.497713 0.142110 0.156106
v 0.499878 0.061053 0.173113
v 0.495641 0.104519 0.161287
v 0.503062 0.103886 0.166244
v 0.500012 0.070077 0.173822
v 0.505578 0.142898 0.161663
v 0.515756 0.143760 0.165846
v 0.513545 0.102963 0.170954
v 0.526528 0.144836 0.167887
v 0.523994 0.104666 0.173261
v 0.536072 0.145401 0.167404
v 0.533074 0.105647 0.173681
v 0.543068 0.144865 0.164819
v 0.539139 0.103467 0.171636
v 0.547056 0.143402 0.159853
v 0.569282 0.175599 0.173681
v 0.538670 0.150678 0.167404
v 0.574209 0.171578 0.171636
v 0.546468 0.142212 0.159853
v 0.578022 0.169439 0.167382
v 0.547626 0.142326 0.153290
v 0.542977 0.101335 0.167382
v 0.544062 0.100525 0.161552
v 0.544023 0.141240 0.146112
v 0.579292 0.168947 0.161552
v 0.546417 0.146093 0.146112
v 0.577985 0.171106 0.155465
v 0.543163 0.153806 0.139934
v 0.576099 0.178694 0.150091
v 0.537952 0.163876 0.135046
v 0.571746 0.188547 0.144914
v 0.531597 0.174045 0.132191
v 0.565380 0.197836 0.141424
v 0.525746 0.182546 0.132704
v 0.559193 0.204844 0.140802
v 0.521662 0.188647 0.136377
v 0.556529 0.210403 0.144025
v 0.519130 0.191478 0.142413
v 0.554515 0.213110 0.149520
v 0.518104 0.190602 0.149418
v 0.552736 0.212220 0.155696
v 0.519246 0.186160 0.156106
v 0.523160 0.178810 0.161663
v 0.552350 0.208165 0.161287
v 0.556499 0.202189 0.166244
v 0.587226 0.228046 0.173704
v 0.595456 0.234137 0.172802
v 0.631896 0.245956 0.184931
v 0.599637 0.235584 0.168252
v 0.623598 0.242775 0.187585
v 0.600612 0.229226 0.182228
v 0.651700 0.245484 0.197694
v 0.638414 0.239926 0.196945
v 0.609178 0.223281 0.188292
v 0.640321 0.226842 0.194232
v 0.631150 0.224018 0.195643
v 0.607753 0.210951 0.188564
v 0.609074 0.200743 0.186221
v 0.614842 0.200836 0.183438
v 0.614485 0.198285 0.177276
v 0.636940 0.221674 0.186447
v 0.607555 0.193681 0.169363
v 0.616936 0.206717 0.171299
v 0.617927 0.219051 0.169460
v 0.643655 0.237571 0.186936
v 0.628233 0.240628 0.177203
v 0.607907 0.225249 0.163062
v 0.598790 0.231945 0.161880
v 0.592593 0.224333 0.155373
v 0.599008 0.197722 0.184722
v 0.565831 0.183902 0.173261
v 0.561626 0.193583 0.170443
v 0.533662 0.159350 0.167887
v 0.528331 0.169396 0.165846
v 0.541495 0.100606 0.155465
v 0.536210 0.139692 0.139934
v 0.533860 0.098681 0.150091
v 0.525478 0.138504 0.135046
v 0.522952 0.097721 0.144914
v 0.514036 0.138251 0.132191
v 0.511486 0.098649 0.141424
v 0.504180 0.138500 0.132704
v 0.526343 0.050660 0.169970
v 0.514593 0.034827 0.177217
v 0.527078 0.025200 0.186965
v 0.535693 0.056218 0.171849
v 0.535626 0.036213 0.186530
v 0.540290 0.068414 0.169743
v 0.540856 0.061228 0.177833
v 0.533546 0.031783 0.194265
v 0.539094 0.060018 0.183997
v 0.530607 0.039482 0.195961
v 0.535977 0.064192 0.186997
v 0.527389 0.061214 0.189506
v 0.532646 0.072554 0.185809
v 0.518278 0.055506 0.189091
v 0.522361 0.028218 0.197114
v 0.507825 0.059388 0.182849
v 0.510324 0.037644 0.187602
v 0.512474 0.030155 0.184837
v 0.526059 0.016609 0.197682
v 0.568419 0.035426 0.204895
v 0.575334 0.025649 0.216971
v 0.564625 0.029596 0.209927
v 0.566764 0.066628 0.183937
v 0.560044 0.066605 0.184278
v 0.563034 0.102393 0.168440
v 0.558352 0.103630 0.172388
v 0.555384 0.067847 0.187392
v 0.557044 0.105867 0.178151
v 0.560662 0.029110 0.213908
v 0.553583 0.070748 0.191853
v 0.559404 0.108410 0.184638
v 0.558207 0.033647 0.216047
v 0.555074 0.074057 0.196931
v 0.560322 0.074492 0.203848
v 0.557606 0.042432 0.214982
v 0.565198 0.110377 0.191319
v 0.572737 0.112644 0.198372
v 0.568375 0.073763 0.213012
v 0.581508 0.114625 0.203807
v 0.575964 0.077764 0.218107
v 0.589689 0.115700 0.207411
v 0.583228 0.080392 0.221184
v 0.596448 0.115127 0.208846
v 0.589109 0.078310 0.223127
v 0.601518 0.113021 0.207249
v 0.616709 0.146208 0.221184
v 0.592178 0.120697 0.207411
v 0.621456 0.142272 0.223127
v 0.600957 0.111896 0.207249
v 0.626248 0.139610 0.222399
v 0.604304 0.110750 0.202637
v 0.593903 0.075617 0.222399
v 0.596736 0.073717 0.218590
v 0.603729 0.108109 0.195416
v 0.629365 0.138205 0.218590
v 0.606042 0.112743 0.195416
v 0.630639 0.139074 0.212660
v 0.605670 0.118668 0.186909
v 0.631482 0.145092 0.205677
v 0.602600 0.127414 0.178343
v 0.630305 0.153275 0.197012
v 0.597851 0.136658 0.170904
v 0.626716 0.161288 0.188708
v 0.592136 0.145078 0.167605
v 0.621504 0.167949 0.183937
v 0.587416 0.151507 0.168440
v 0.618291 0.173739 0.184278
v 0.583783 0.154903 0.172388
v 0.614902 0.177059 0.187392
v 0.581295 0.154781 0.178151
v 0.611361 0.177012 0.191853
v 0.580661 0.151276 0.184638
v 0.582428 0.145096 0.191319
v 0.609028 0.173916 0.196931
v 0.610652 0.169057 0.203513
v 0.640772 0.194245 0.215079
v 0.649024 0.199447 0.215906
v 0.680844 0.211256 0.236466
v 0.654462 0.200082 0.213786
v 0.671836 0.208809 0.235710
v 0.651106 0.196406 0.226464
v 0.697872 0.212127 0.254262
v 0.684208 0.207528 0.250153
v 0.657082 0.192063 0.236355
v 0.685361 0.194631 0.253097
v 0.676652 0.192960 0.251776
v 0.654767 0.181348 0.240553
v 0.656021 0.171369 0.243016
v 0.661841 0.170629 0.242839
v 0.663171 0.167678 0.238632
v 0.684196 0.189324 0.247269
v 0.658852 0.162946 0.231406
v 0.668860 0.174923 0.232787
v 0.672264 0.185845 0.227978
v 0.692873 0.204292 0.245968
v 0.680220 0.205702 0.231007
v 0.664791 0.190360 0.216723
v 0.655758 0.196014 0.209755
v 0.651802 0.188411 0.204618
v 0.646543 0.169040 0.238591
v 0.614468 0.153649 0.217314
v 0.613220 0.162262 0.211317
v 0.588382 0.128445 0.203807
v 0.584948 0.137226 0.198372
v 0.596639 0.072288 0.212660
v 0.598892 0.105086 0.186909
v 0.591997 0.068441 0.206001
v 0.590338 0.102815 0.178343
v 0.584578 0.064819 0.197978
v 0.580460 0.101721 0.170904
v 0.575276 0.065418 0.188708
v 0.570689 0.101928 0.167605
v 0.584139 0.022367 0.228303
v 0.572434 0.008663 0.231002
v 0.582176 0.000727 0.245958
v 0.591011 0.029024 0.233299
v 0.588749 0.012638 0.247418
v 0.594286 0.041406 0.231640
v 0.593349 0.035862 0.239258
v 0.585303 0.009837 0.253208
v 0.590409 0.035532 0.243662
v 0.581836 0.016770 0.252215
v 0.586650 0.039595 0.243984
v 0.578286 0.036820 0.241583
v 0.583114 0.047306 0.239837
v 0.570828 0.031164 0.237094
v 0.574772 0.005923 0.250327
v 0.562993 0.033705 0.226927
v 0.565205 0.013944 0.235707
v 0.568394 0.006161 0.236388
v 0.579437 -0.005607 0.254250
v 0.615565 0.016943 0.276607
v 0.622795 0.007058 0.289159
v 0.611998 0.012232 0.280393
v 0.613658 0.046193 0.254116
v 0.607389 0.046166 0.252747
v 0.611802 0.077572 0.231647
v 0.606518 0.079245 0.232567
v 0.602653 0.047552 0.253993
v 0.603918 0.082152 0.236291
v 0.608104 0.012456 0.282835
v 0.600442 0.050535 0.256897
v 0.604722 0.085366 0.242521
v 0.605471 0.017119 0.283553
v 0.601414 0.053824 0.261407
v 0.606153 0.054500 0.269526
v 0.604535 0.025303 0.281710
v 0.609070 0.087825 0.251005
v 0.616193 0.089833 0.260326
v 0.615192 0.051228 0.281633
v 0.624582 0.091449 0.268656
v 0.623682 0.052999 0.289109
v 0.632691 0.092050 0.274588
v 0.630800 0.055251 0.293408
v 0.639540 0.091119 0.277527
v 0.636136 0.053944 0.295724
v 0.644353 0.089085 0.277079
v 0.660459 0.118550 0.291545
v 0.634954 0.096560 0.274588
v 0.664559 0.114522 0.293958
v 0.643845 0.088074 0.277079
v 0.668214 0.111880 0.293320
v 0.646757 0.087098 0.273364
v 0.640059 0.052431 0.294841
v 0.641751 0.052468 0.290285
v 0.646001 0.084850 0.266949
v 0.670938 0.110916 0.290069
v 0.648099 0.089021 0.266949
v 0.672091 0.112226 0.284705
v 0.648032 0.094242 0.258687
v 0.675085 0.119344 0.279606
v 0.646296 0.101665 0.249373
v 0.674255 0.127386 0.271526
v 0.643006 0.109641 0.240556
v 0.667952 0.133277 0.261031
v 0.638812 0.116932 0.234200
v 0.662918 0.138780 0.254116
v 0.634516 0.122919 0.231647
v 0.659926 0.144218 0.252747
v 0.630212 0.126588 0.232567
v 0.656368 0.147543 0.253993
v 0.626460 0.127219 0.236291
v 0.652553 0.147800 0.256897
v 0.624398 0.124706 0.242521
v 0.624932 0.119527 0.251005
v 0.649987 0.145136 0.261407
v 0.651327 0.140592 0.269314
v 0.679000 0.162804 0.281786
v 0.686988 0.167443 0.283475
v 0.719934 0.178201 0.306859
v 0.692642 0.168156 0.282755
v 0.711436 0.176011 0.305271
v 0.691262 0.165053 0.294813
v 0.737551 0.179013 0.325227
v 0.725593 0.175129 0.321238
v 0.700209 0.161578 0.307169
v 0.726017 0.162645 0.324435
v 0.718866 0.161556 0.323180
v 0.699511 0.151823 0.312598
v 0.700407 0.142327 0.315380
v 0.705264 0.141508 0.315415
v 0.706303 0.139116 0.311751
v 0.724975 0.158304 0.319384
v 0.702316 0.135306 0.305131
v 0.711157 0.146184 0.306141
v 0.713468 0.156204 0.300882
v 0.732820 0.172273 0.317807
v 0.719177 0.173422 0.302100
v 0.704918 0.160121 0.288940
v 0.694579 0.164772 0.280234
v 0.691668 0.158277 0.276374
v 0.692153 0.140616 0.311096
v 0.659903 0.126922 0.287903
v 0.657012 0.135119 0.280131
v 0.630855 0.103962 0.268656
v 0.627386 0.112184 0.260326
v 0.641224 0.051493 0.284470
v 0.641864 0.081972 0.258687
v 0.638267 0.043888 0.280989
v 0.635063 0.079304 0.249373
v 0.630894 0.041440 0.272637
v 0.626962 0.077674 0.240556
v 0.621432 0.044301 0.261385
v 0.618897 0.077213 0.234200
v 0.631857 0.002763 0.301215
v 0.620847 -0.008286 0.302090
v 0.631061 -0.017017 0.317817
v 0.638673 0.008198 0.306704
v 0.637272 -0.006180 0.319563
v 0.641664 0.019456 0.305272
v 0.641259 0.014421 0.312334
v 0.634465 -0.008550 0.324566
v 0.638904 0.014044 0.316202
v 0.631457 -0.002938 0.323595
v 0.635662 0.017289 0.316353
v 0.627898 0.014552 0.313562
v 0.632331 0.023948 0.312276
v 0.620200 0.010482 0.307810
v 0.624753 -0.012730 0.321385
v 0.611095 0.015422 0.295165
v 0.614318 -0.003367 0.305255
v 0.617511 -0.010649 0.306812
v 0.628964 -0.022757 0.325215
v -0.352858 0.134104 0.098457
v -0.359030 0.129471 0.100400
v -0.349569 0.130831 0.104509
v -0.356551 0.118984 0.109742
v -0.347342 0.131489 0.111749
v -0.369055 0.128046 0.101611
v -0.355212 0.117342 0.117928
v -0.346937 0.136041 0.117723
v -0.367038 0.115454 0.111992
v -0.379498 0.130761 0.102539
v -0.354987 0.123676 0.123606
v -0.348194 0.142807 0.120469
v -0.355216 0.138213 0.125002
v -0.378388 0.119770 0.111642
v -0.386867 0.136467 0.102807
v -0.366313 0.112985 0.120537
v -0.366262 0.119592 0.126174
v -0.366402 0.136076 0.127244
v -0.378162 0.117525 0.119572
v -0.378001 0.123415 0.125531
v -0.377866 0.137649 0.127247
v -0.388036 0.132566 0.108731
v -0.387580 0.135952 0.122163
v -0.385666 0.142333 0.125199
v -0.388439 0.132249 0.115927
v -0.391426 0.157202 0.094794
v -0.395350 0.157714 0.101186
v -0.396257 0.158919 0.108717
v -0.394036 0.161500 0.115464
v -0.383422 0.154517 0.091308
v -0.388474 0.164330 0.120079
v -0.372985 0.152587 0.089288
v -0.378727 0.164181 0.122559
v -0.362820 0.152136 0.087500
v -0.366412 0.164083 0.122221
v -0.354364 0.153447 0.088048
v -0.354645 0.164376 0.117978
v -0.346446 0.164251 0.112243
v -0.353878 0.201562 0.102422
v -0.346498 0.199024 0.094456
v -0.364628 0.203188 0.108778
v -0.376809 0.203815 0.111122
v -0.387334 0.203652 0.110094
v -0.394676 0.202207 0.105764
v -0.398126 0.199774 0.098528
v -0.397845 0.197689 0.090592
v -0.394136 0.195144 0.082839
v -0.387396 0.191718 0.076689
v -0.378473 0.188581 0.072641
v -0.369140 0.186449 0.069939
v -0.360010 0.186200 0.069882
v -0.351708 0.187787 0.073422
v -0.348064 0.154128 0.092760
v -0.345872 0.190984 0.079419
v -0.344092 0.156497 0.099453
v -0.343762 0.195191 0.086683
v -0.343313 0.160479 0.106303
v -0.428081 0.275495 0.076321
v -0.433657 0.267725 0.073607
v -0.425991 0.269570 0.072201
v -0.442996 0.277713 0.078706
v -0.440482 0.261008 0.075966
v -0.427520 0.278884 0.082963
v -0.452067 0.272055 0.081464
v -0.443888 0.251706 0.079422
v -0.445066 0.281880 0.085668
v -0.424337 0.278499 0.089935
v -0.454359 0.260862 0.084366
v -0.442928 0.243048 0.082679
v -0.440387 0.280324 0.092945
v -0.419576 0.274807 0.094841
v -0.428096 0.273002 0.098836
v -0.455241 0.276295 0.088609
v -0.450413 0.274442 0.095962
v -0.436331 0.266061 0.102137
v -0.457505 0.264433 0.091086
v -0.453289 0.263144 0.098500
v -0.441119 0.256331 0.104538
v -0.447936 0.245824 0.087226
v -0.446972 0.248198 0.100839
v -0.440890 0.247244 0.105372
v -0.449622 0.247697 0.093960
v -0.425975 0.226511 0.082390
v -0.428698 0.224967 0.089214
v -0.429384 0.225764 0.096823
v -0.427057 0.228097 0.103609
v -0.423436 0.233197 0.076942
v -0.422364 0.232326 0.107911
v -0.419173 0.241803 0.072705
v -0.417670 0.240736 0.108578
v -0.413808 0.249477 0.069194
v -0.411086 0.250305 0.106182
v -0.408216 0.255549 0.068714
v -0.403809 0.258122 0.100326
v -0.398567 0.262946 0.093530
v -0.368818 0.235534 0.097058
v -0.365242 0.240583 0.087726
v -0.375358 0.227520 0.104926
v -0.382959 0.217711 0.108914
v -0.389598 0.208750 0.109281
v -0.397604 0.198606 0.098715
v -0.396278 0.199936 0.082070
v -0.393635 0.205689 0.074449
v -0.389680 0.213718 0.068617
v -0.384917 0.221915 0.064274
v -0.379627 0.229480 0.062839
v -0.374369 0.236186 0.065286
v -0.405024 0.261411 0.072310
v -0.369437 0.240836 0.070958
v -0.401942 0.265146 0.078683
v -0.365833 0.242432 0.078759
v -0.399191 0.265631 0.086241
v -0.427196 0.087499 0.114412
v -0.437211 0.076450 0.116966
v -0.427064 0.080007 0.121565
v -0.419559 0.121316 0.101650
v -0.414979 0.121002 0.107495
v -0.415112 0.158798 0.098156
v -0.412845 0.160163 0.105744
v -0.413696 0.121576 0.114645
v -0.414707 0.162041 0.113203
v -0.427368 0.078029 0.128968
v -0.415735 0.123587 0.121282
v -0.420832 0.163586 0.119184
v -0.428266 0.082160 0.134264
v -0.421011 0.125734 0.125956
v -0.430144 0.124690 0.128323
v -0.428767 0.091699 0.135274
v -0.430349 0.164335 0.123136
v -0.442032 0.164711 0.124062
v -0.441892 0.123767 0.128353
v -0.453456 0.165274 0.122045
v -0.453345 0.124122 0.125955
v -0.462514 0.165541 0.117752
v -0.462014 0.124831 0.121948
v -0.467920 0.164887 0.111531
v -0.466313 0.122726 0.116592
v -0.469215 0.163611 0.104326
v -0.496687 0.195136 0.109500
v -0.464918 0.170822 0.116889
v -0.499949 0.191282 0.104515
v -0.468669 0.162415 0.104522
v -0.500878 0.189544 0.097986
v -0.466746 0.162830 0.097332
v -0.467275 0.121012 0.110051
v -0.465108 0.120807 0.103579
v -0.460605 0.161927 0.091816
v -0.498817 0.189528 0.091477
v -0.462820 0.166784 0.091020
v -0.494722 0.192002 0.086248
v -0.457868 0.174330 0.086166
v -0.490959 0.199684 0.082519
v -0.451954 0.184002 0.083418
v -0.485477 0.209399 0.080462
v -0.445829 0.193646 0.082946
v -0.479013 0.218273 0.080229
v -0.440819 0.201775 0.084980
v -0.473517 0.224904 0.082278
v -0.437876 0.207941 0.089984
v -0.472292 0.230342 0.086919
v -0.436725 0.211191 0.097170
v -0.472286 0.233076 0.093609
v -0.437325 0.210874 0.105083
v -0.472735 0.232291 0.100817
v -0.440351 0.206896 0.112177
v -0.446338 0.199744 0.117395
v -0.474482 0.228328 0.106759
v -0.480701 0.222334 0.110172
v -0.510151 0.247200 0.105674
v -0.518264 0.253798 0.101542
v -0.557492 0.266580 0.097510
v -0.520807 0.255724 0.095142
v -0.550902 0.262748 0.103868
v -0.526586 0.248401 0.108080
v -0.580637 0.266149 0.100318
v -0.568205 0.259730 0.105645
v -0.537493 0.242371 0.109443
v -0.569142 0.247345 0.098929
v -0.561953 0.243817 0.104985
v -0.537141 0.230079 0.108953
v -0.537719 0.220205 0.103546
v -0.541031 0.220858 0.097558
v -0.536902 0.218740 0.091407
v -0.561230 0.242431 0.092407
v -0.526288 0.214267 0.086942
v -0.535525 0.227461 0.086359
v -0.535827 0.239641 0.085672
v -0.567285 0.258329 0.092615
v -0.549952 0.261305 0.090869
v -0.525087 0.245752 0.084823
v -0.517527 0.252356 0.088762
v -0.509094 0.244779 0.084369
v -0.527899 0.216774 0.107328
v -0.493300 0.203558 0.111610
v -0.487837 0.213525 0.111858
v -0.460025 0.179739 0.119686
v -0.453537 0.190120 0.119931
v -0.459901 0.121371 0.098749
v -0.451449 0.160235 0.088471
v -0.450741 0.119685 0.096958
v -0.440470 0.158728 0.087542
v -0.439145 0.118830 0.097097
v -0.429707 0.158075 0.088734
v -0.427962 0.119614 0.098558
v -0.421077 0.158109 0.092068
v -0.449311 0.071925 0.117316
v -0.441776 0.055128 0.129743
v -0.456155 0.045188 0.132564
v -0.458472 0.077301 0.114503
v -0.464122 0.055624 0.127239
v -0.462373 0.089254 0.110174
v -0.466410 0.081105 0.117052
v -0.466270 0.049910 0.135740
v -0.468240 0.078973 0.124003
v -0.465379 0.057624 0.139798
v -0.467615 0.082908 0.129218
v -0.460846 0.080638 0.137124
v -0.464729 0.091754 0.130843
v -0.451727 0.075634 0.141017
v -0.457541 0.047269 0.145525
v -0.439438 0.080306 0.140063
v -0.443085 0.057303 0.142614
v -0.443323 0.049660 0.138351
v -0.460238 0.035204 0.143531
v -0.499776 0.049682 0.113775
v -0.510795 0.038364 0.117982
v -0.499440 0.042346 0.120540
v -0.491091 0.083521 0.100894
v -0.486262 0.083134 0.106053
v -0.484956 0.121625 0.098396
v -0.483466 0.122347 0.105344
v -0.484887 0.083527 0.112385
v -0.486050 0.123614 0.111859
v -0.499274 0.040454 0.127262
v -0.486848 0.085387 0.118242
v -0.492125 0.125161 0.116784
v -0.499910 0.044104 0.132059
v -0.491925 0.087570 0.122360
v -0.500585 0.086937 0.124518
v -0.500275 0.053128 0.132681
v -0.501405 0.125949 0.119356
v -0.512398 0.126811 0.119854
v -0.512043 0.086014 0.125409
v -0.523226 0.127887 0.118135
v -0.522657 0.087717 0.124049
v -0.532045 0.128452 0.114455
v -0.531345 0.088698 0.121376
v -0.537756 0.127916 0.109658
v -0.536362 0.086518 0.117402
v -0.539832 0.126453 0.103637
v -0.565423 0.158650 0.109141
v -0.534490 0.133729 0.113577
v -0.569369 0.154629 0.105552
v -0.539278 0.125263 0.103836
v -0.571520 0.152490 0.100259
v -0.538150 0.125377 0.097267
v -0.538537 0.084386 0.112101
v -0.537588 0.083576 0.106248
v -0.532334 0.124291 0.091729
v -0.570746 0.151998 0.094343
v -0.534587 0.129144 0.090920
v -0.567459 0.154157 0.089056
v -0.529437 0.136857 0.086205
v -0.563868 0.161745 0.084635
v -0.522881 0.146927 0.083365
v -0.558021 0.171598 0.081234
v -0.515935 0.157096 0.082826
v -0.550850 0.180887 0.080100
v -0.510601 0.165597 0.085286
v -0.544817 0.187895 0.081605
v -0.507999 0.171698 0.090123
v -0.543399 0.193454 0.085539
v -0.507655 0.174529 0.096659
v -0.543360 0.196161 0.091391
v -0.509057 0.173653 0.103599
v -0.543773 0.195271 0.097805
v -0.512391 0.169211 0.109508
v -0.517953 0.161861 0.113415
v -0.545299 0.191216 0.103198
v -0.550879 0.185240 0.106461
v -0.582319 0.211097 0.103099
v -0.589760 0.217188 0.099470
v -0.628155 0.229007 0.098572
v -0.592157 0.218635 0.093775
v -0.621242 0.225826 0.103874
v -0.597798 0.212277 0.106598
v -0.651107 0.228535 0.103893
v -0.638349 0.222977 0.107677
v -0.607909 0.206332 0.109411
v -0.639228 0.209893 0.104479
v -0.631073 0.207069 0.108906
v -0.606660 0.194002 0.110149
v -0.607111 0.183794 0.107497
v -0.611600 0.183887 0.102930
v -0.609182 0.181336 0.097250
v -0.633415 0.204725 0.098294
v -0.599985 0.176732 0.092144
v -0.609469 0.189768 0.090797
v -0.609779 0.202102 0.088731
v -0.639900 0.220622 0.096485
v -0.622096 0.223679 0.092536
v -0.598188 0.208300 0.086095
v -0.589207 0.214996 0.088064
v -0.581176 0.207384 0.084033
v -0.597132 0.180773 0.109488
v -0.562033 0.166953 0.109912
v -0.557123 0.176634 0.108681
v -0.529940 0.142401 0.115724
v -0.524233 0.152447 0.115605
v -0.533115 0.083657 0.101386
v -0.522893 0.122743 0.088555
v -0.524113 0.081732 0.098908
v -0.511140 0.121555 0.087580
v -0.512097 0.080772 0.097722
v -0.499407 0.121302 0.088760
v -0.500127 0.081700 0.098311
v -0.490304 0.121551 0.092573
v -0.523755 0.033711 0.120158
v -0.515146 0.017878 0.130949
v -0.530190 0.008251 0.135905
v -0.533190 0.039269 0.118767
v -0.538088 0.019264 0.132607
v -0.536806 0.051465 0.115231
v -0.540072 0.044279 0.122654
v -0.538745 0.014834 0.140590
v -0.540497 0.043069 0.129051
v -0.536551 0.022533 0.143180
v -0.538576 0.047243 0.132928
v -0.531341 0.044265 0.138192
v -0.535040 0.055605 0.132936
v -0.522626 0.038557 0.140879
v -0.529180 0.011269 0.147051
v -0.510679 0.042439 0.138537
v -0.514637 0.020695 0.142166
v -0.515726 0.013206 0.138837
v -0.532852 -0.000340 0.146336
v -0.575158 0.018477 0.138811
v -0.585746 0.008700 0.147840
v -0.573287 0.012647 0.144829
v -0.566518 0.049679 0.119645
v -0.560309 0.049656 0.122236
v -0.557771 0.085444 0.106320
v -0.554699 0.086681 0.111618
v -0.556975 0.050898 0.126742
v -0.555415 0.088918 0.117484
v -0.570903 0.012161 0.149915
v -0.556788 0.053799 0.131549
v -0.559828 0.091461 0.122792
v -0.569315 0.016698 0.152758
v -0.559907 0.057108 0.135825
v -0.567184 0.057544 0.140562
v -0.568389 0.025483 0.151958
v -0.567539 0.093428 0.127122
v -0.577018 0.095695 0.131212
v -0.577860 0.056814 0.146465
v -0.587110 0.097676 0.133364
v -0.586724 0.060815 0.148696
v -0.596027 0.098751 0.133991
v -0.594600 0.063443 0.149137
v -0.602873 0.098178 0.133058
v -0.600792 0.061361 0.148979
v -0.607106 0.096072 0.129842
v -0.626112 0.129259 0.137824
v -0.598370 0.103748 0.133150
v -0.631236 0.125323 0.138049
v -0.606578 0.094947 0.130031
v -0.635500 0.122661 0.135744
v -0.608169 0.093801 0.124560
v -0.605058 0.058668 0.146674
v -0.606437 0.056768 0.142132
v -0.605188 0.091160 0.117958
v -0.637147 0.121256 0.131106
v -0.607365 0.095794 0.117176
v -0.636342 0.122125 0.125094
v -0.604140 0.101719 0.109295
v -0.634776 0.128143 0.118237
v -0.598356 0.110465 0.102270
v -0.630740 0.136326 0.110480
v -0.591373 0.119709 0.096874
v -0.624556 0.144339 0.103877
v -0.584879 0.128129 0.095700
v -0.618039 0.151000 0.101148
v -0.580719 0.134558 0.098081
v -0.615130 0.156790 0.102554
v -0.578634 0.137954 0.103024
v -0.612992 0.160110 0.106630
v -0.578240 0.137832 0.109289
v -0.611167 0.160063 0.112025
v -0.579835 0.134327 0.115609
v -0.583756 0.128147 0.121300
v -0.610687 0.156967 0.117593
v -0.614440 0.152108 0.123239
v -0.646697 0.177296 0.123947
v -0.654742 0.182498 0.121938
v -0.691638 0.194307 0.130535
v -0.659144 0.183133 0.118104
v -0.682904 0.191860 0.132868
v -0.660270 0.179457 0.131171
v -0.713678 0.195178 0.141531
v -0.699429 0.190579 0.142281
v -0.669236 0.175114 0.138460
v -0.701509 0.177682 0.144662
v -0.692866 0.176011 0.146361
v -0.668476 0.164399 0.143194
v -0.670489 0.154420 0.145089
v -0.675906 0.153680 0.142955
v -0.675736 0.150729 0.138546
v -0.698444 0.172375 0.139570
v -0.669230 0.145997 0.133205
v -0.679116 0.157974 0.131122
v -0.680695 0.168896 0.125446
v -0.706170 0.187343 0.135414
v -0.689206 0.188753 0.125608
v -0.669858 0.173411 0.117378
v -0.659002 0.179066 0.113873
v -0.653543 0.171462 0.110374
v -0.660073 0.152091 0.144126
v -0.622695 0.136700 0.134939
v -0.619494 0.145313 0.129717
v -0.593579 0.111496 0.131041
v -0.588511 0.120277 0.127086
v -0.604342 0.055339 0.136583
v -0.597761 0.088137 0.111586
v -0.597723 0.051492 0.131884
v -0.586816 0.085866 0.106414
v -0.588029 0.047870 0.126841
v -0.575005 0.084772 0.102750
v -0.576142 0.048469 0.121259
v -0.564694 0.084979 0.102947
v -0.597863 0.005418 0.155530
v -0.587759 -0.008286 0.162026
v -0.601981 -0.016222 0.172810
v -0.606018 0.012075 0.157910
v -0.608661 -0.004311 0.171963
v -0.608541 0.024457 0.155242
v -0.610233 0.018913 0.162729
v -0.607374 -0.007112 0.178576
v -0.608954 0.018583 0.167867
v -0.603775 -0.000179 0.178813
v -0.605526 0.022646 0.169440
v -0.596842 0.019871 0.170007
v -0.600796 0.030357 0.166732
v -0.588306 0.014215 0.168302
v -0.596489 -0.011026 0.179424
v -0.577496 0.016756 0.161381
v -0.582545 -0.003005 0.168896
v -0.585776 -0.010788 0.168460
v -0.602206 -0.022556 0.181540
v -0.643763 -0.000006 0.190373
v -0.654809 -0.009891 0.199744
v -0.641685 -0.004717 0.195142
v -0.634368 0.029244 0.169850
v -0.628005 0.029217 0.170680
v -0.625029 0.060623 0.149330
v -0.620367 0.062296 0.151981
v -0.623969 0.030603 0.173453
v -0.619178 0.065203 0.156365
v -0.638845 -0.004493 0.198756
v -0.622869 0.033586 0.176933
v -0.622040 0.068417 0.161956
v -0.636610 0.000170 0.200321
v -0.625308 0.036875 0.180849
v -0.632512 0.037551 0.186890
v -0.635106 0.008354 0.198903
v -0.628999 0.070876 0.168472
v -0.638853 0.072884 0.174838
v -0.645110 0.034279 0.195230
v -0.649563 0.074500 0.179843
v -0.655627 0.036050 0.199398
v -0.659199 0.075101 0.182686
v -0.663779 0.038302 0.201038
v -0.666639 0.074170 0.183138
v -0.669584 0.036995 0.201415
v -0.671017 0.072136 0.181090
v -0.691064 0.101601 0.189263
v -0.661329 0.079611 0.181922
v -0.695738 0.097573 0.190148
v -0.670539 0.071125 0.181262
v -0.698963 0.094931 0.188313
v -0.672024 0.070149 0.176781
v -0.672978 0.035482 0.199258
v -0.673031 0.035519 0.194398
v -0.669145 0.067901 0.170999
v -0.700428 0.093967 0.184333
v -0.671120 0.072072 0.170290
v -0.699700 0.095277 0.178895
v -0.668265 0.077293 0.162537
v -0.700795 0.102395 0.173084
v -0.663484 0.084716 0.154357
v -0.697284 0.110437 0.165760
v -0.657408 0.092692 0.147171
v -0.687805 0.116328 0.158012
v -0.651313 0.099983 0.142606
v -0.680731 0.121831 0.153204
v -0.646407 0.105970 0.141654
v -0.677452 0.127269 0.152927
v -0.642667 0.109639 0.143975
v -0.674524 0.130594 0.155302
v -0.640394 0.110270 0.148747
v -0.671915 0.130851 0.159324
v -0.640558 0.107757 0.155308
v -0.643928 0.102578 0.163112
v -0.671024 0.128187 0.164436
v -0.674957 0.123643 0.171425
v -0.705216 0.145855 0.173813
v -0.713305 0.150494 0.172703
v -0.752215 0.161252 0.183579
v -0.718383 0.151207 0.170115
v -0.743681 0.159062 0.184956
v -0.721160 0.148104 0.181930
v -0.775003 0.162064 0.194914
v -0.762400 0.158180 0.195200
v -0.733755 0.144629 0.190536
v -0.763880 0.145696 0.198066
v -0.756725 0.144607 0.199301
v -0.734933 0.134874 0.195881
v -0.736716 0.125378 0.198197
v -0.741300 0.124559 0.196588
v -0.741039 0.122167 0.192789
v -0.761192 0.141355 0.193664
v -0.735049 0.118357 0.187906
v -0.743712 0.129235 0.185869
v -0.744110 0.139255 0.180139
v -0.768043 0.155324 0.189528
v -0.749895 0.156473 0.179356
v -0.732028 0.143172 0.171788
v -0.719355 0.147823 0.167088
v -0.715311 0.141328 0.164439
v -0.727500 0.123667 0.196954
v -0.689310 0.109973 0.186023
v -0.683963 0.118170 0.179685
v -0.655467 0.087013 0.177724
v -0.649387 0.095235 0.171056
v -0.670570 0.034544 0.189104
v -0.662460 0.065023 0.164621
v -0.666610 0.026939 0.186826
v -0.652911 0.062355 0.158153
v -0.656849 0.024491 0.181457
v -0.642308 0.060725 0.152592
v -0.644142 0.027352 0.174064
v -0.632569 0.060264 0.149335
v -0.667412 -0.014186 0.208029
v -0.657345 -0.025235 0.212573
v -0.672273 -0.033966 0.223923
v -0.675681 -0.008751 0.210892
v -0.678708 -0.023129 0.223468
v -0.678013 0.002507 0.208534
v -0.680018 -0.002528 0.215317
v -0.677757 -0.025499 0.229125
v -0.679109 -0.002905 0.219753
v -0.674598 -0.019887 0.229228
v -0.676108 0.000340 0.220991
v -0.667858 -0.002397 0.220988
v -0.671595 0.006999 0.218279
v -0.658669 -0.006467 0.218175
v -0.667541 -0.029679 0.229413
v -0.645827 -0.001527 0.209351
v -0.652269 -0.020316 0.217757
v -0.655801 -0.027598 0.218144
v -0.672799 -0.039705 0.231595
v -0.522223 0.448971 0.098697
v -0.529824 0.447725 0.100637
v -0.520693 0.443396 0.103884
v -0.514635 0.468252 0.091174
v -0.508608 0.464784 0.095252
v -0.494580 0.498632 0.081554
v -0.488159 0.497200 0.087161
v -0.503767 0.463591 0.101752
v -0.483713 0.498286 0.094762
v -0.518186 0.441550 0.110879
v -0.500968 0.465349 0.108956
v -0.483042 0.501433 0.103505
v -0.515472 0.444206 0.117334
v -0.501750 0.469050 0.115641
v -0.508746 0.472253 0.122166
v -0.513269 0.450160 0.121074
v -0.487273 0.505866 0.112696
v -0.495307 0.511606 0.120435
v -0.519133 0.477205 0.127539
v -0.505150 0.518022 0.124248
v -0.529925 0.483537 0.129175
v -0.514087 0.523569 0.124439
v -0.538504 0.489162 0.127773
v -0.521105 0.527013 0.120823
v -0.544889 0.490500 0.123430
v -0.525439 0.528143 0.113750
v -0.527858 0.566427 0.130748
v -0.513219 0.529170 0.124681
v -0.534172 0.566201 0.126425
v -0.525636 0.526855 0.113695
v -0.537502 0.566777 0.119680
v -0.526463 0.527741 0.105610
v -0.548278 0.490714 0.116669
v -0.548281 0.490620 0.108991
v -0.524856 0.525119 0.097182
v -0.537477 0.567198 0.112010
v -0.524052 0.530411 0.097406
v -0.534452 0.568347 0.105232
v -0.518814 0.535287 0.090495
v -0.528749 0.573640 0.100610
v -0.511201 0.541034 0.085536
v -0.520532 0.579380 0.097271
v -0.502795 0.546202 0.081970
v -0.511891 0.583599 0.094373
v -0.494246 0.549999 0.081100
v -0.503890 0.585768 0.094177
v -0.486135 0.552348 0.083914
v -0.497958 0.588251 0.098229
v -0.479372 0.552542 0.089616
v -0.493240 0.588485 0.104694
v -0.475357 0.550496 0.097097
v -0.490556 0.585972 0.111865
v -0.475732 0.546961 0.105548
v -0.481346 0.542893 0.114353
v -0.491390 0.582019 0.118536
v -0.498317 0.579508 0.125081
v -0.502493 0.602838 0.124085
v -0.504531 0.609405 0.120391
v -0.520020 0.624192 0.119166
v -0.507085 0.612783 0.113982
v -0.516917 0.618984 0.125503
v -0.510555 0.605141 0.128726
v -0.531605 0.624485 0.122373
v -0.528480 0.618909 0.128738
v -0.521197 0.603152 0.131867
v -0.539968 0.615321 0.123250
v -0.537041 0.610536 0.129835
v -0.530497 0.597142 0.133294
v -0.539906 0.594193 0.129104
v -0.542503 0.596518 0.122585
v -0.542214 0.595342 0.115493
v -0.539391 0.611937 0.115741
v -0.539608 0.591205 0.110022
v -0.535717 0.599599 0.108262
v -0.527820 0.606214 0.105897
v -0.531377 0.620618 0.114340
v -0.520732 0.620975 0.111438
v -0.518464 0.608606 0.103812
v -0.509504 0.611551 0.107010
v -0.511057 0.606292 0.101818
v -0.535267 0.589266 0.132696
v -0.519315 0.570832 0.132140
v -0.508600 0.575763 0.130483
v -0.502761 0.533246 0.124916
v -0.491089 0.538183 0.121613
v -0.545268 0.489329 0.102209
v -0.521162 0.519868 0.089839
v -0.539621 0.483507 0.097572
v -0.515444 0.513332 0.084350
v -0.531419 0.476823 0.094228
v -0.508815 0.507186 0.080288
v -0.522733 0.471545 0.091342
v -0.501680 0.502246 0.079022
v -0.539314 0.451355 0.102685
v -0.532343 0.435671 0.108193
v -0.543220 0.437470 0.111031
v -0.547201 0.458884 0.105053
v -0.551195 0.447071 0.112443
v -0.550956 0.467582 0.106850
v -0.553675 0.463704 0.112291
v -0.551822 0.443544 0.119937
v -0.553963 0.462303 0.119383
v -0.548682 0.447509 0.126582
v -0.551243 0.463920 0.125936
v -0.541710 0.459474 0.130160
v -0.546410 0.467892 0.129582
v -0.532347 0.452294 0.128751
v -0.540120 0.438118 0.125485
v -0.521520 0.448910 0.125661
v -0.528293 0.436475 0.122324
v -0.531687 0.432097 0.115906
v -0.543488 0.433397 0.119052
v -0.602141 0.438782 0.113774
v -0.612745 0.431726 0.114841
v -0.603555 0.429575 0.119277
v -0.587037 0.471647 0.107107
v -0.582984 0.467863 0.112345
v -0.562577 0.502534 0.108968
v -0.560092 0.501064 0.116282
v -0.581365 0.466349 0.119334
v -0.560273 0.502244 0.124174
v -0.603890 0.426208 0.126149
v -0.581996 0.467930 0.126359
v -0.563896 0.505672 0.131156
v -0.603184 0.429699 0.132208
v -0.585466 0.471694 0.131808
v -0.593929 0.475138 0.134961
v -0.601213 0.439628 0.135160
v -0.571419 0.510547 0.136254
v -0.581012 0.516828 0.138577
v -0.604694 0.480540 0.136104
v -0.590330 0.523708 0.138010
v -0.614642 0.487416 0.134999
v -0.597859 0.529537 0.134890
v -0.621872 0.493463 0.132104
v -0.602852 0.533028 0.129311
v -0.626445 0.494962 0.127099
v -0.604746 0.534001 0.122196
v -0.610503 0.574428 0.135281
v -0.597013 0.535457 0.135126
v -0.615422 0.573864 0.130180
v -0.604935 0.532658 0.122143
v -0.617250 0.574140 0.123614
v -0.603207 0.533359 0.114924
v -0.628240 0.495236 0.120543
v -0.626649 0.495140 0.113903
v -0.598627 0.530387 0.108659
v -0.615629 0.574274 0.116983
v -0.597853 0.535840 0.108875
v -0.610920 0.575188 0.111753
v -0.589657 0.540544 0.104685
v -0.603615 0.580408 0.108830
v -0.579459 0.546128 0.102774
v -0.593728 0.586097 0.107660
v -0.569060 0.551123 0.103069
v -0.583450 0.590177 0.108036
v -0.560386 0.554938 0.105723
v -0.575180 0.592431 0.110420
v -0.554471 0.557617 0.111233
v -0.571487 0.600261 0.117033
v -0.551619 0.558371 0.118650
v -0.570143 0.604526 0.124945
v -0.552174 0.556914 0.126438
v -0.570853 0.602831 0.131984
v -0.556780 0.553822 0.133145
v -0.565630 0.549977 0.137872
v -0.574306 0.598088 0.137069
v -0.582893 0.597512 0.140740
v -0.587580 0.652981 0.146448
v -0.588513 0.666285 0.144384
v -0.603325 0.691712 0.141945
v -0.588726 0.669114 0.138060
v -0.602860 0.698085 0.151461
v -0.596705 0.663395 0.150070
v -0.614562 0.681470 0.139258
v -0.613231 0.681565 0.147111
v -0.606940 0.657221 0.149379
v -0.622233 0.659150 0.135483
v -0.620466 0.655507 0.141873
v -0.614849 0.636492 0.144689
v -0.621914 0.618539 0.135363
v -0.623187 0.617078 0.128326
v -0.621386 0.609631 0.120383
v -0.619938 0.646919 0.126503
v -0.617259 0.598825 0.114137
v -0.613732 0.620097 0.116852
v -0.605770 0.639402 0.119936
v -0.612465 0.671156 0.130778
v -0.601498 0.679470 0.132838
v -0.595899 0.649138 0.122159
v -0.588204 0.659454 0.129326
v -0.587272 0.643178 0.121775
v -0.618329 0.614873 0.139573
v -0.603019 0.579349 0.138247
v -0.593502 0.591398 0.141257
v -0.588000 0.539891 0.138661
v -0.576887 0.545188 0.139730
v -0.622287 0.493762 0.108576
v -0.591910 0.524740 0.104055
v -0.615339 0.487692 0.105553
v -0.583524 0.517838 0.101638
v -0.605577 0.480709 0.104348
v -0.574820 0.511393 0.101460
v -0.595335 0.475177 0.104714
v -0.567502 0.506262 0.103734
v -0.623990 0.433533 0.115310
v -0.620966 0.409173 0.123444
v -0.634804 0.405312 0.125346
v -0.631351 0.445634 0.114612
v -0.640660 0.422921 0.123264
v -0.632991 0.462196 0.113377
v -0.638126 0.454403 0.118873
v -0.643477 0.416166 0.130683
v -0.639931 0.451661 0.125463
v -0.640427 0.422859 0.136064
v -0.637926 0.454148 0.131247
v -0.631103 0.445264 0.137629
v -0.632918 0.461281 0.134272
v -0.623598 0.433403 0.139447
v -0.634623 0.405381 0.138554
v -0.612188 0.431873 0.138386
v -0.620684 0.409382 0.136560
v -0.623139 0.402685 0.130890
v -0.638991 0.394001 0.134144
v -0.684180 0.443824 0.115645
v -0.695474 0.436625 0.118329
v -0.685391 0.434512 0.120774
v -0.668106 0.476521 0.108810
v -0.663912 0.472546 0.113329
v -0.640885 0.507647 0.111823
v -0.639316 0.506123 0.118529
v -0.662332 0.470924 0.119476
v -0.640514 0.507370 0.125467
v -0.685235 0.430985 0.126918
v -0.662983 0.472517 0.125707
v -0.644704 0.510974 0.131241
v -0.684169 0.433836 0.132288
v -0.666259 0.476424 0.130597
v -0.674093 0.480141 0.133554
v -0.681995 0.443385 0.134664
v -0.652036 0.516079 0.134962
v -0.660799 0.522563 0.136856
v -0.683864 0.485871 0.135183
v -0.669340 0.529579 0.136588
v -0.693009 0.493009 0.135554
v -0.676500 0.535474 0.134086
v -0.698851 0.499210 0.134357
v -0.681664 0.538987 0.129959
v -0.704074 0.500808 0.130774
v -0.684298 0.539997 0.124066
v -0.688112 0.580305 0.137358
v -0.675696 0.541475 0.134311
v -0.693676 0.579676 0.133680
v -0.684478 0.538640 0.124016
v -0.696730 0.580024 0.128410
v -0.683571 0.539395 0.117455
v -0.707098 0.501144 0.125512
v -0.706849 0.501051 0.119528
v -0.679363 0.536416 0.111178
v -0.696439 0.580329 0.122437
v -0.678626 0.541943 0.111384
v -0.692581 0.581434 0.117195
v -0.670172 0.546712 0.107332
v -0.685480 0.586863 0.113600
v -0.659223 0.552379 0.105316
v -0.675228 0.592807 0.111090
v -0.647852 0.557464 0.105530
v -0.664140 0.597102 0.110565
v -0.638695 0.561397 0.108621
v -0.655217 0.599539 0.112412
v -0.633104 0.564277 0.113998
v -0.650917 0.602753 0.116960
v -0.631168 0.565250 0.120806
v -0.649312 0.603905 0.123114
v -0.632717 0.563919 0.127646
v -0.650053 0.602126 0.129320
v -0.637853 0.560782 0.133155
v -0.646474 0.556737 0.136516
v -0.653478 0.598448 0.134167
v -0.661386 0.595728 0.137105
v -0.665224 0.642041 0.140869
v -0.666273 0.653652 0.139034
v -0.682674 0.692351 0.143897
v -0.667124 0.657715 0.133938
v -0.680027 0.683693 0.147900
v -0.673846 0.653685 0.146052
v -0.695859 0.708488 0.151344
v -0.692015 0.692845 0.152923
v -0.684018 0.654465 0.148899
v -0.702741 0.680136 0.147946
v -0.699101 0.670896 0.150966
v -0.692050 0.640702 0.147592
v -0.700226 0.630650 0.143527
v -0.703322 0.634578 0.139534
v -0.703412 0.631581 0.133302
v -0.702388 0.672281 0.140448
v -0.700350 0.621827 0.126595
v -0.697004 0.642276 0.128254
v -0.688375 0.655691 0.128168
v -0.694844 0.693787 0.141763
v -0.682196 0.684445 0.136553
v -0.677069 0.654135 0.125388
v -0.667590 0.653327 0.127455
v -0.667313 0.641335 0.121493
v -0.695504 0.620458 0.143929
v -0.680711 0.585440 0.138990
v -0.671306 0.591314 0.138693
v -0.667116 0.546064 0.137210
v -0.656850 0.551633 0.137960
v -0.703341 0.499612 0.114189
v -0.672321 0.530652 0.106731
v -0.697815 0.493389 0.110153
v -0.663105 0.523553 0.104231
v -0.687922 0.486145 0.107542
v -0.653363 0.516869 0.103990
v -0.676979 0.480312 0.106977
v -0.645514 0.511524 0.106716
v -0.707195 0.438597 0.120569
v -0.703320 0.414340 0.127272
v -0.717347 0.410800 0.131335
v -0.714523 0.451144 0.121268
v -0.722742 0.428983 0.131292
v -0.715698 0.467987 0.120795
v -0.719823 0.460421 0.126926
v -0.723872 0.422610 0.138294
v -0.720054 0.457781 0.132982
v -0.719468 0.428844 0.142010
v -0.716701 0.459991 0.137305
v -0.709694 0.450367 0.140880
v -0.711154 0.466666 0.138525
v -0.702928 0.437879 0.141472
v -0.714517 0.410635 0.142591
v -0.692332 0.435848 0.139010
v -0.701074 0.414387 0.138623
v -0.704414 0.408211 0.134038
v -0.719948 0.400094 0.139738
v -0.764392 0.451681 0.143945
v -0.774203 0.444616 0.151478
v -0.763842 0.442946 0.148474
v -0.750046 0.483628 0.130699
v -0.744562 0.479637 0.132586
v -0.721598 0.513749 0.122558
v -0.718259 0.512161 0.127591
v -0.740914 0.478027 0.136839
v -0.717556 0.513349 0.133771
v -0.761252 0.439906 0.152987
v -0.739201 0.479616 0.141949
v -0.719806 0.516883 0.139878
v -0.757917 0.442827 0.156332
v -0.740193 0.483514 0.146945
v -0.745757 0.487328 0.152224
v -0.754505 0.451707 0.157073
v -0.725155 0.521872 0.145320
v -0.731830 0.528114 0.150778
v -0.753362 0.491883 0.158301
v -0.739203 0.534820 0.154361
v -0.758942 0.500022 0.162869
v -0.746104 0.540415 0.156174
v -0.764385 0.505989 0.165366
v -0.752183 0.543779 0.155965
v -0.770507 0.507600 0.165673
v -0.756935 0.544856 0.152979
v -0.754655 0.582226 0.168085
v -0.745366 0.546152 0.156380
v -0.761104 0.581556 0.168300
v -0.757100 0.543562 0.152933
v -0.766172 0.582011 0.166128
v -0.759145 0.544484 0.147573
v -0.775550 0.508003 0.163507
v -0.777830 0.507959 0.158916
v -0.758180 0.541871 0.140344
v -0.768391 0.582590 0.161553
v -0.757502 0.547202 0.140533
v -0.767332 0.584073 0.155692
v -0.751691 0.552113 0.133326
v -0.762826 0.589758 0.149701
v -0.742178 0.557913 0.127090
v -0.755072 0.596142 0.142870
v -0.731356 0.563172 0.122390
v -0.745592 0.600985 0.136898
v -0.721327 0.567158 0.121767
v -0.736516 0.603722 0.134481
v -0.714288 0.569991 0.124601
v -0.730877 0.606855 0.136410
v -0.710608 0.570834 0.129729
v -0.727203 0.607758 0.140670
v -0.710248 0.569304 0.135814
v -0.725621 0.605678 0.145744
v -0.713405 0.565926 0.141667
v -0.719982 0.561619 0.146765
v -0.726839 0.601674 0.150677
v -0.732566 0.598430 0.155910
v -0.737148 0.644189 0.163650
v -0.739451 0.654850 0.163354
v -0.754785 0.690630 0.177368
v -0.742462 0.658833 0.160181
v -0.750219 0.682212 0.178360
v -0.743558 0.654926 0.172413
v -0.766046 0.706573 0.190465
v -0.760279 0.691678 0.189029
v -0.751496 0.655795 0.179737
v -0.771942 0.678470 0.189682
v -0.766774 0.670941 0.190125
v -0.758468 0.643163 0.182593
v -0.767721 0.633220 0.183194
v -0.772355 0.636228 0.181602
v -0.774400 0.633959 0.176811
v -0.773672 0.671996 0.183546
v -0.773288 0.625841 0.170134
v -0.771000 0.645720 0.170971
v -0.764321 0.659390 0.167295
v -0.767502 0.694112 0.182554
v -0.757032 0.684614 0.171479
v -0.755071 0.657620 0.159057
v -0.745289 0.655531 0.155417
v -0.746782 0.645095 0.150256
v -0.762016 0.624215 0.180747
v -0.747760 0.587354 0.165994
v -0.740057 0.593475 0.161558
v -0.737158 0.550672 0.154932
v -0.728179 0.556280 0.151798
v -0.777125 0.506592 0.152955
v -0.753681 0.536492 0.132769
v -0.774108 0.500601 0.146548
v -0.745795 0.529648 0.126079
v -0.768101 0.493473 0.139230
v -0.736514 0.523074 0.120948
v -0.758995 0.487562 0.133152
v -0.727727 0.517695 0.119979
v -0.783881 0.446210 0.159111
v -0.778791 0.423965 0.161993
v -0.790638 0.420251 0.171807
v -0.789224 0.458386 0.163490
v -0.794512 0.438378 0.174207
v -0.789267 0.474725 0.163788
v -0.791412 0.467779 0.170095
v -0.793484 0.432697 0.179968
v -0.789748 0.465140 0.174855
v -0.787731 0.437682 0.180953
v -0.784933 0.466732 0.176659
v -0.776853 0.457351 0.175522
v -0.778476 0.472610 0.174917
v -0.771000 0.446067 0.171984
v -0.783286 0.420611 0.178526
v -0.762591 0.444488 0.165050
v -0.771717 0.424735 0.169001
v -0.777035 0.418779 0.167472
v -0.790586 0.410784 0.178733
v -0.831678 0.462356 0.199453
v -0.841721 0.455261 0.207300
v -0.830934 0.455044 0.203001
v -0.817879 0.492776 0.184611
v -0.812329 0.488993 0.184740
v -0.790928 0.520018 0.168812
v -0.786057 0.518456 0.171129
v -0.808055 0.487439 0.187228
v -0.783412 0.519494 0.175735
v -0.828104 0.452906 0.206239
v -0.805537 0.488869 0.190947
v -0.783989 0.522739 0.182042
v -0.824446 0.456014 0.208356
v -0.805939 0.492483 0.195518
v -0.810826 0.496149 0.202362
v -0.820760 0.464112 0.208341
v -0.788407 0.527353 0.189617
v -0.795503 0.533165 0.197312
v -0.818896 0.498877 0.210475
v -0.803551 0.539364 0.203712
v -0.825652 0.506861 0.216011
v -0.811279 0.544529 0.207711
v -0.831388 0.513683 0.219102
v -0.818030 0.547648 0.208876
v -0.837488 0.515260 0.220186
v -0.822847 0.548643 0.207065
v -0.822862 0.582509 0.221485
v -0.810629 0.549740 0.207893
v -0.829267 0.581835 0.222483
v -0.822993 0.547472 0.207024
v -0.833770 0.582155 0.220876
v -0.824841 0.548296 0.202650
v -0.841957 0.515688 0.218588
v -0.843651 0.515644 0.214574
v -0.823735 0.545909 0.196299
v -0.835413 0.582621 0.216876
v -0.823138 0.550736 0.196466
v -0.833859 0.583941 0.211442
v -0.818020 0.555232 0.189317
v -0.829421 0.591851 0.206535
v -0.810090 0.560679 0.181863
v -0.821906 0.599224 0.200324
v -0.800752 0.565708 0.175317
v -0.812559 0.599926 0.192784
v -0.791728 0.569615 0.171240
v -0.804276 0.602416 0.188411
v -0.784356 0.572331 0.170649
v -0.798548 0.605395 0.188591
v -0.779178 0.573032 0.173051
v -0.794235 0.606218 0.191091
v -0.776854 0.571424 0.177568
v -0.791850 0.604238 0.194772
v -0.778263 0.568067 0.183642
v -0.783798 0.563893 0.190905
v -0.792490 0.600455 0.199276
v -0.798174 0.597299 0.205898
v -0.803611 0.638457 0.214653
v -0.806254 0.648513 0.215163
v -0.823153 0.684563 0.231429
v -0.809493 0.652915 0.213282
v -0.818678 0.676616 0.231553
v -0.811234 0.651003 0.224552
v -0.834839 0.700965 0.244924
v -0.829603 0.688039 0.243310
v -0.820557 0.655225 0.233649
v -0.840629 0.674664 0.244447
v -0.835988 0.668817 0.244663
v -0.827993 0.644797 0.237438
v -0.836756 0.635024 0.238490
v -0.840872 0.637333 0.237323
v -0.842375 0.635476 0.233193
v -0.841788 0.669328 0.239151
v -0.840869 0.628589 0.227148
v -0.838564 0.646538 0.227737
v -0.831817 0.658529 0.223764
v -0.835715 0.689925 0.237938
v -0.824869 0.679277 0.226353
v -0.822385 0.655235 0.215047
v -0.812413 0.650955 0.209919
v -0.813921 0.642486 0.205891
v -0.831376 0.627544 0.235988
v -0.815602 0.589783 0.219128
v -0.806840 0.595785 0.213721
v -0.801742 0.553808 0.204217
v -0.792261 0.558943 0.198218
v -0.842419 0.514345 0.209051
v -0.819779 0.541035 0.188826
v -0.839161 0.508607 0.203055
v -0.813301 0.534821 0.180965
v -0.833955 0.499486 0.196715
v -0.805356 0.528768 0.174031
v -0.825288 0.496598 0.189124
v -0.797466 0.523758 0.169636
v -0.851751 0.455833 0.215289
v -0.846595 0.436988 0.216880
v -0.858957 0.432603 0.227097
v -0.857302 0.466730 0.219867
v -0.862823 0.449460 0.229657
v -0.856889 0.481705 0.220424
v -0.859859 0.475704 0.226047
v -0.862245 0.444729 0.234654
v -0.858717 0.473500 0.230151
v -0.857164 0.448616 0.235271
v -0.854491 0.474585 0.231505
v -0.846894 0.465603 0.229859
v -0.847943 0.479507 0.229704
v -0.840395 0.455810 0.225563
v -0.852751 0.432760 0.232662
v -0.830218 0.456236 0.217176
v -0.840101 0.437947 0.222257
v -0.845335 0.432400 0.221606
v -0.859337 0.424267 0.233204
v -0.391378 0.779786 0.126663
v -0.398767 0.782533 0.127669
v -0.393918 0.773633 0.130551
v -0.373690 0.792660 0.124344
v -0.371154 0.786008 0.127991
v -0.337706 0.807338 0.124256
v -0.333937 0.801920 0.129944
v -0.368896 0.781488 0.134414
v -0.331069 0.799443 0.137914
v -0.394063 0.769737 0.137118
v -0.366968 0.780375 0.142033
v -0.330673 0.800591 0.147102
v -0.391617 0.769497 0.144203
v -0.366955 0.782843 0.149312
v -0.372408 0.788225 0.155829
v -0.387398 0.772645 0.149365
v -0.333939 0.805349 0.156583
v -0.339584 0.813407 0.164598
v -0.379609 0.797006 0.161355
v -0.345764 0.823503 0.168774
v -0.385416 0.807409 0.163681
v -0.350924 0.832848 0.169319
v -0.388564 0.816018 0.163335
v -0.354709 0.839908 0.165897
v -0.392257 0.820931 0.159002
v -0.356613 0.844091 0.158878
v -0.344805 0.875705 0.182732
v -0.347717 0.837211 0.170740
v -0.349558 0.879233 0.177930
v -0.357345 0.843094 0.158554
v -0.350952 0.882306 0.171187
v -0.356182 0.845425 0.150796
v -0.393735 0.823848 0.152222
v -0.392386 0.824911 0.144732
v -0.354440 0.843562 0.142216
v -0.349363 0.883712 0.163803
v -0.351442 0.847651 0.143544
v -0.345035 0.884130 0.157691
v -0.343542 0.850150 0.138223
v -0.336974 0.886455 0.154716
v -0.333575 0.851938 0.135176
v -0.326771 0.887773 0.153302
v -0.323427 0.852665 0.133443
v -0.316931 0.887554 0.152066
v -0.314241 0.851794 0.134082
v -0.309015 0.885548 0.153014
v -0.306729 0.849406 0.137988
v -0.303497 0.884260 0.157982
v -0.301855 0.845433 0.144165
v -0.300448 0.881310 0.164756
v -0.300675 0.840625 0.151387
v -0.300514 0.876876 0.171491
v -0.304125 0.836549 0.158871
v -0.312382 0.834557 0.166139
v -0.304192 0.872958 0.177134
v -0.312486 0.873257 0.182391
v -0.308599 0.911277 0.192425
v -0.307677 0.923714 0.192423
v -0.317364 0.962950 0.201922
v -0.307412 0.930307 0.187530
v -0.317663 0.952847 0.205590
v -0.317028 0.924836 0.200255
v -0.330815 0.982290 0.209823
v -0.330253 0.966383 0.211017
v -0.328389 0.931300 0.203459
v -0.340505 0.965455 0.201558
v -0.340469 0.955305 0.205691
v -0.338540 0.926260 0.201032
v -0.346511 0.925132 0.193919
v -0.346861 0.930709 0.188411
v -0.345566 0.929040 0.180657
v -0.339382 0.959430 0.191970
v -0.343173 0.920032 0.172619
v -0.337478 0.933999 0.176530
v -0.328149 0.940368 0.178039
v -0.329417 0.970634 0.196801
v -0.317697 0.958352 0.191934
v -0.318123 0.935670 0.176234
v -0.308924 0.930740 0.179757
v -0.310952 0.923195 0.171410
v -0.344381 0.913477 0.194847
v -0.335751 0.875078 0.185697
v -0.324017 0.874297 0.185998
v -0.336995 0.835415 0.172661
v -0.324181 0.834301 0.171426
v -0.389450 0.823431 0.138002
v -0.352289 0.838224 0.134346
v -0.387732 0.817123 0.132216
v -0.349337 0.830463 0.128189
v -0.384010 0.808128 0.127928
v -0.345709 0.822335 0.123566
v -0.378857 0.799631 0.124616
v -0.341637 0.814543 0.121937
v -0.405271 0.790253 0.129738
v -0.408469 0.772909 0.132070
v -0.417211 0.779769 0.134387
v -0.408498 0.800240 0.133123
v -0.419266 0.791638 0.137311
v -0.407552 0.809062 0.136542
v -0.412831 0.806535 0.140733
v -0.422989 0.787983 0.143741
v -0.415103 0.804493 0.147282
v -0.419556 0.788548 0.151338
v -0.413200 0.803396 0.154229
v -0.408229 0.794071 0.158076
v -0.407771 0.803533 0.159054
v -0.403769 0.783423 0.155813
v -0.416964 0.776480 0.148810
v -0.395829 0.775339 0.152890
v -0.407287 0.769283 0.146289
v -0.411187 0.768484 0.138798
v -0.421013 0.775394 0.141230
v -0.463614 0.813802 0.137424
v -0.474983 0.814440 0.138164
v -0.469737 0.806781 0.141745
v -0.435962 0.831457 0.134841
v -0.435432 0.825460 0.139401
v -0.398700 0.842120 0.146118
v -0.398586 0.838519 0.153142
v -0.436129 0.822336 0.145978
v -0.399664 0.838462 0.161032
v -0.472746 0.803379 0.148038
v -0.437158 0.822914 0.153108
v -0.402503 0.842230 0.168195
v -0.471744 0.804772 0.154378
v -0.439183 0.827006 0.158973
v -0.445159 0.833818 0.162137
v -0.466514 0.810720 0.158244
v -0.407673 0.849509 0.173489
v -0.413487 0.859412 0.176183
v -0.451600 0.843615 0.163655
v -0.418300 0.870053 0.176196
v -0.455383 0.853716 0.163742
v -0.421600 0.879224 0.173662
v -0.457234 0.862159 0.162001
v -0.423318 0.885481 0.168493
v -0.459534 0.866524 0.157055
v -0.423211 0.888273 0.161602
v -0.413152 0.922882 0.181541
v -0.418349 0.883691 0.175103
v -0.416686 0.925586 0.176049
v -0.423945 0.887263 0.161277
v -0.416945 0.927647 0.169556
v -0.420850 0.887993 0.154536
v -0.459730 0.868649 0.150590
v -0.457203 0.868710 0.144247
v -0.417091 0.884077 0.148253
v -0.414297 0.927875 0.163267
v -0.414108 0.888182 0.149576
v -0.408924 0.927005 0.158752
v -0.404315 0.888516 0.147089
v -0.399910 0.928096 0.157518
v -0.392840 0.888274 0.147161
v -0.388790 0.928075 0.158304
v -0.381835 0.887165 0.149289
v -0.378280 0.926345 0.160333
v -0.373234 0.885638 0.153343
v -0.370626 0.923827 0.163803
v -0.367997 0.884163 0.159728
v -0.366759 0.923648 0.169843
v -0.366566 0.882339 0.167336
v -0.366198 0.922755 0.176977
v -0.369091 0.880296 0.174585
v -0.368836 0.920618 0.183395
v -0.375605 0.879044 0.180118
v -0.385722 0.879578 0.183220
v -0.374391 0.918635 0.187694
v -0.383253 0.920362 0.189579
v -0.377366 0.957984 0.197642
v -0.375236 0.969071 0.197029
v -0.384086 1.009312 0.202126
v -0.373436 0.974047 0.192084
v -0.385498 1.000516 0.205946
v -0.385491 0.972090 0.202151
v -0.397302 1.029037 0.207110
v -0.397326 1.013821 0.208529
v -0.396352 0.978814 0.202717
v -0.406160 1.011544 0.198482
v -0.406766 1.002055 0.202068
v -0.405986 0.973728 0.198278
v -0.412932 0.971888 0.190237
v -0.412648 0.976857 0.185327
v -0.410716 0.974339 0.178442
v -0.404430 1.004726 0.189895
v -0.407743 0.964696 0.171552
v -0.401724 0.978222 0.176339
v -0.391869 0.983550 0.179643
v -0.394790 1.016420 0.195900
v -0.382986 1.003040 0.193325
v -0.381157 0.976825 0.179593
v -0.372887 0.971732 0.184641
v -0.373550 0.962582 0.177008
v -0.411554 0.960811 0.191403
v -0.405171 0.922827 0.186000
v -0.394419 0.922238 0.189002
v -0.409378 0.882303 0.180151
v -0.397776 0.880961 0.183147
v -0.453127 0.866072 0.139157
v -0.412985 0.876597 0.143245
v -0.450361 0.858591 0.135154
v -0.408419 0.866875 0.140255
v -0.446343 0.848858 0.132791
v -0.403812 0.857014 0.139546
v -0.440734 0.839068 0.132648
v -0.400273 0.848581 0.141357
v -0.483249 0.822034 0.138958
v -0.492595 0.800831 0.144367
v -0.505211 0.805657 0.146420
v -0.484346 0.835047 0.139003
v -0.502745 0.822031 0.145298
v -0.479004 0.848236 0.138757
v -0.487399 0.844430 0.143297
v -0.509170 0.817461 0.151819
v -0.491222 0.842398 0.149367
v -0.504893 0.820000 0.157781
v -0.489562 0.842348 0.155350
v -0.488440 0.831307 0.161423
v -0.483031 0.844530 0.159144
v -0.487353 0.818214 0.162490
v -0.507439 0.803677 0.159308
v -0.478766 0.810795 0.161131
v -0.494688 0.798897 0.157174
v -0.498541 0.795995 0.150889
v -0.514486 0.798494 0.154555
v -0.530614 0.861093 0.133848
v -0.542845 0.861798 0.136231
v -0.536465 0.854016 0.137813
v -0.502263 0.878034 0.131113
v -0.501545 0.871951 0.134956
v -0.463458 0.886696 0.143474
v -0.464017 0.883658 0.149828
v -0.502160 0.868900 0.140694
v -0.465767 0.884292 0.156715
v -0.538981 0.850354 0.143467
v -0.503063 0.869605 0.147050
v -0.468822 0.888582 0.162676
v -0.537742 0.851221 0.149243
v -0.504776 0.873761 0.152406
v -0.509823 0.880175 0.155591
v -0.532399 0.856833 0.152622
v -0.473529 0.896016 0.166669
v -0.478534 0.905563 0.169025
v -0.514868 0.888969 0.157947
v -0.482746 0.915712 0.169391
v -0.518359 0.898588 0.159483
v -0.485869 0.924538 0.167478
v -0.520419 0.906806 0.159029
v -0.488019 0.930627 0.163698
v -0.523503 0.911344 0.155425
v -0.488757 0.933639 0.157939
v -0.477515 0.966339 0.178047
v -0.482676 0.928963 0.168894
v -0.481865 0.969150 0.173882
v -0.489475 0.932640 0.157620
v -0.483374 0.971716 0.168560
v -0.487184 0.933728 0.151457
v -0.524958 0.913961 0.150127
v -0.523687 0.914631 0.144313
v -0.483716 0.930058 0.145143
v -0.481912 0.972656 0.162831
v -0.480784 0.934124 0.146442
v -0.477202 0.972344 0.158261
v -0.470823 0.934244 0.144100
v -0.468224 0.973674 0.156362
v -0.458720 0.933555 0.144118
v -0.456528 0.973714 0.155884
v -0.446901 0.931897 0.146234
v -0.445150 0.971747 0.157110
v -0.437977 0.930044 0.150751
v -0.436819 0.969037 0.160123
v -0.432955 0.928828 0.156995
v -0.432616 0.968902 0.165511
v -0.432124 0.927692 0.163966
v -0.431871 0.968198 0.171852
v -0.435257 0.926416 0.170240
v -0.434367 0.966245 0.177501
v -0.441981 0.925650 0.174575
v -0.451677 0.926215 0.176355
v -0.439716 0.964254 0.181246
v -0.448163 0.965554 0.182924
v -0.442966 1.004822 0.192494
v -0.441053 1.014818 0.192087
v -0.451270 1.053393 0.199717
v -0.439757 1.019238 0.187653
v -0.451504 1.044446 0.202660
v -0.450884 1.017817 0.197905
v -0.464785 1.071694 0.206923
v -0.463557 1.057147 0.207150
v -0.461592 1.023602 0.199784
v -0.473742 1.053619 0.200229
v -0.472876 1.044183 0.202422
v -0.471064 1.017613 0.196462
v -0.478856 1.014786 0.190909
v -0.479979 1.020063 0.187283
v -0.479389 1.018738 0.180934
v -0.473373 1.048496 0.192168
v -0.477087 1.010566 0.173620
v -0.471169 1.024231 0.177591
v -0.460889 1.029780 0.179569
v -0.463508 1.060879 0.196245
v -0.450891 1.047690 0.191590
v -0.449250 1.022696 0.177734
v -0.439734 1.016873 0.180789
v -0.440683 1.008051 0.173566
v -0.476625 1.004416 0.190561
v -0.469342 0.966561 0.181211
v -0.458791 0.966677 0.182806
v -0.473947 0.927894 0.173291
v -0.462965 0.927099 0.175927
v -0.520348 0.912425 0.139135
v -0.479361 0.922413 0.140315
v -0.517597 0.905136 0.134476
v -0.474096 0.912265 0.137302
v -0.513028 0.895339 0.130839
v -0.468638 0.901829 0.136599
v -0.507229 0.885709 0.129592
v -0.464774 0.893009 0.138873
v -0.551782 0.869472 0.138833
v -0.559990 0.848245 0.142830
v -0.573003 0.853090 0.147106
v -0.553028 0.882494 0.140291
v -0.570408 0.869229 0.148033
v -0.547370 0.895332 0.140864
v -0.554944 0.891214 0.146077
v -0.575139 0.864150 0.154281
v -0.557269 0.888529 0.151761
v -0.569600 0.865863 0.158766
v -0.554301 0.887783 0.156446
v -0.552710 0.876593 0.159823
v -0.547144 0.889527 0.158560
v -0.552159 0.863712 0.159614
v -0.572676 0.849861 0.158362
v -0.544168 0.856606 0.156735
v -0.560136 0.845433 0.154111
v -0.564763 0.843209 0.148774
v -0.580620 0.845607 0.154967
v -0.599556 0.905704 0.156835
v -0.611298 0.905051 0.164203
v -0.603532 0.898249 0.160393
v -0.571295 0.922842 0.147695
v -0.569360 0.916985 0.148925
v -0.531334 0.932026 0.148457
v -0.530099 0.928290 0.153323
v -0.568023 0.913355 0.152924
v -0.530130 0.927976 0.159614
v -0.603527 0.893880 0.164667
v -0.566585 0.912781 0.158442
v -0.531656 0.931086 0.166033
v -0.599993 0.893881 0.168610
v -0.566040 0.915210 0.164238
v -0.569464 0.919942 0.169920
v -0.593557 0.898596 0.170458
v -0.535080 0.937059 0.171823
v -0.539111 0.944712 0.177751
v -0.574366 0.925866 0.177084
v -0.543209 0.953354 0.181879
v -0.576269 0.934711 0.181999
v -0.547062 0.961107 0.184114
v -0.578806 0.941910 0.185108
v -0.550788 0.966941 0.184032
v -0.583373 0.946332 0.185209
v -0.553836 0.970669 0.180934
v -0.539177 0.997151 0.202675
v -0.544070 0.965273 0.185440
v -0.544996 0.999852 0.202221
v -0.554508 0.969732 0.180636
v -0.548740 1.003091 0.199765
v -0.554883 0.972286 0.175425
v -0.587084 0.949596 0.182768
v -0.588192 0.951419 0.178110
v -0.553831 0.970752 0.167993
v -0.549563 1.005324 0.195233
v -0.551064 0.974612 0.169219
v -0.546984 1.006800 0.189890
v -0.542754 0.976569 0.163598
v -0.539822 1.010423 0.185697
v -0.531099 0.977214 0.159394
v -0.529532 1.013524 0.181271
v -0.518833 0.976562 0.156694
v -0.518086 1.011993 0.176500
v -0.508510 0.974742 0.157662
v -0.508767 1.009969 0.175413
v -0.501843 0.973041 0.161530
v -0.503016 1.009390 0.178335
v -0.499286 0.971125 0.166982
v -0.500274 1.007684 0.182956
v -0.500724 0.968849 0.172649
v -0.500688 1.004506 0.187653
v -0.505890 0.966902 0.177454
v -0.514227 0.966057 0.181067
v -0.504261 1.001199 0.191624
v -0.511548 1.001288 0.195883
v -0.508285 1.039038 0.208768
v -0.507805 1.048583 0.209635
v -0.519601 1.082974 0.225842
v -0.508654 1.053759 0.206909
v -0.517569 1.073693 0.226045
v -0.515339 1.049709 0.217686
v -0.532932 1.099429 0.238592
v -0.529416 1.084970 0.236131
v -0.525250 1.053939 0.224073
v -0.541403 1.080870 0.234601
v -0.538706 1.072472 0.234593
v -0.534641 1.047976 0.225037
v -0.544162 1.045300 0.224006
v -0.547023 1.050222 0.222491
v -0.548224 1.050310 0.217489
v -0.542839 1.077822 0.227895
v -0.547354 1.044557 0.210279
v -0.542331 1.058249 0.213247
v -0.532967 1.065240 0.211541
v -0.533811 1.091502 0.229601
v -0.521533 1.079976 0.219119
v -0.521746 1.059573 0.204222
v -0.510781 1.053223 0.201647
v -0.513156 1.046516 0.195250
v -0.540420 1.035770 0.221082
v -0.530929 0.998731 0.202441
v -0.521349 1.002054 0.200610
v -0.534927 0.964884 0.185551
v -0.524361 0.965232 0.184290
v -0.587079 0.950844 0.172117
v -0.550867 0.965255 0.160001
v -0.585884 0.945484 0.165008
v -0.545810 0.956714 0.152873
v -0.582632 0.937669 0.157133
v -0.539754 0.947429 0.147420
v -0.577008 0.929842 0.150381
v -0.534389 0.938730 0.146190
v -0.619593 0.910600 0.172362
v -0.625235 0.890822 0.172728
v -0.637435 0.893590 0.182978
v -0.619919 0.921409 0.177683
v -0.634146 0.908434 0.186287
v -0.613262 0.931954 0.179425
v -0.619075 0.927634 0.184875
v -0.636532 0.902923 0.191534
v -0.619649 0.924327 0.189454
v -0.629779 0.903453 0.193499
v -0.615085 0.922608 0.191874
v -0.611815 0.912613 0.190398
v -0.606607 0.923439 0.191205
v -0.610998 0.901895 0.185947
v -0.632277 0.889007 0.190125
v -0.603929 0.896896 0.178415
v -0.620280 0.886589 0.180110
v -0.626998 0.885158 0.177664
v -0.642073 0.885821 0.189602
v -0.661029 0.941488 0.207959
v -0.672961 0.940910 0.215751
v -0.664340 0.935273 0.210563
v -0.633334 0.956717 0.196959
v -0.630822 0.951230 0.196575
v -0.596039 0.966292 0.188913
v -0.592986 0.962195 0.191273
v -0.628555 0.947572 0.198943
v -0.591147 0.960971 0.196162
v -0.663582 0.931605 0.213539
v -0.626287 0.946673 0.203125
v -0.591429 0.962919 0.202852
v -0.659580 0.931690 0.216184
v -0.625389 0.948658 0.208456
v -0.629168 0.953042 0.215430
v -0.652981 0.935600 0.217234
v -0.594633 0.967753 0.210712
v -0.599640 0.974897 0.218688
v -0.636377 0.958193 0.224317
v -0.605069 0.983018 0.225393
v -0.640638 0.966415 0.230598
v -0.610226 0.990494 0.229596
v -0.643816 0.973770 0.234274
v -0.614890 0.996258 0.230743
v -0.648485 0.978058 0.235093
v -0.618245 0.999779 0.228766
v -0.607733 1.028259 0.250605
v -0.607547 0.994241 0.230783
v -0.613590 1.030527 0.250782
v -0.618845 0.998939 0.228500
v -0.616859 1.032524 0.248565
v -0.619276 1.001167 0.224245
v -0.651546 0.981168 0.233090
v -0.651336 0.983376 0.228456
v -0.618160 0.999637 0.217723
v -0.617469 1.034973 0.244913
v -0.615687 1.003097 0.218819
v -0.614696 1.036412 0.240175
v -0.608169 1.005028 0.213114
v -0.608093 1.041524 0.237080
v -0.597812 1.006320 0.207517
v -0.597989 1.043239 0.232321
v -0.586595 1.006446 0.202845
v -0.586422 1.038948 0.225812
v -0.576554 1.005511 0.200344
v -0.577036 1.035447 0.221915
v -0.569048 1.003990 0.200879
v -0.570972 1.034899 0.223106
v -0.564784 1.001567 0.203775
v -0.567409 1.033026 0.226048
v -0.564286 0.998464 0.208069
v -0.566840 1.029732 0.229477
v -0.567978 0.995649 0.213247
v -0.575743 0.994122 0.219085
v -0.569737 1.026407 0.233126
v -0.577127 1.026087 0.238631
v -0.575697 1.060472 0.251928
v -0.575922 1.069567 0.253444
v -0.590147 1.104654 0.271601
v -0.577359 1.075003 0.251955
v -0.587785 1.095942 0.271052
v -0.584117 1.073015 0.261953
v -0.603975 1.121667 0.284724
v -0.600629 1.109088 0.282263
v -0.595517 1.080459 0.270246
v -0.612079 1.104555 0.281268
v -0.609576 1.097851 0.281201
v -0.605285 1.076533 0.272352
v -0.614389 1.073748 0.271840
v -0.617006 1.077744 0.270674
v -0.617864 1.077833 0.266406
v -0.613107 1.102098 0.275565
v -0.616622 1.072742 0.259955
v -0.611876 1.084901 0.262466
v -0.602616 1.090416 0.260253
v -0.604437 1.114497 0.276821
v -0.591683 1.101889 0.265794
v -0.591171 1.083419 0.252335
v -0.579804 1.075404 0.248155
v -0.582219 1.070152 0.243057
v -0.610705 1.065632 0.269013
v -0.599277 1.030568 0.249905
v -0.588339 1.030444 0.245894
v -0.597626 0.993415 0.228692
v -0.586333 0.993479 0.224586
v -0.650301 0.982123 0.223249
v -0.615447 0.994848 0.209888
v -0.649847 0.975991 0.217343
v -0.611082 0.987759 0.201635
v -0.646880 0.968120 0.210155
v -0.605584 0.979897 0.194428
v -0.639162 0.962608 0.201696
v -0.600173 0.972507 0.189874
v -0.681719 0.945207 0.224562
v -0.686197 0.928938 0.223470
v -0.699076 0.931485 0.234200
v -0.682749 0.954165 0.230428
v -0.696293 0.944490 0.237892
v -0.676956 0.963842 0.232059
v -0.682470 0.960387 0.237039
v -0.698590 0.940535 0.242141
v -0.683184 0.957684 0.240985
v -0.692584 0.940318 0.243762
v -0.679123 0.956130 0.242795
v -0.675602 0.946956 0.240700
v -0.671272 0.956699 0.241713
v -0.673760 0.937971 0.235235
v -0.694776 0.927519 0.240084
v -0.664754 0.934113 0.226091
v -0.681420 0.925353 0.229121
v -0.687976 0.924107 0.227670
v -0.703514 0.924874 0.239991
v 0.524435 0.414113 0.117184
v 0.531779 0.412866 0.119941
v 0.522348 0.408538 0.122173
v 0.517713 0.433394 0.108878
v 0.511277 0.429926 0.112275
v 0.498827 0.463773 0.097128
v 0.491832 0.462341 0.102001
v 0.505756 0.428733 0.118208
v 0.486584 0.463427 0.109072
v 0.519093 0.406691 0.128853
v 0.502187 0.430490 0.125063
v 0.484963 0.466575 0.117689
v 0.515691 0.409347 0.134973
v 0.502236 0.434191 0.131793
v 0.508479 0.437394 0.139043
v 0.513094 0.415302 0.138450
v 0.488167 0.471008 0.127288
v 0.495309 0.476747 0.135856
v 0.518217 0.442347 0.145517
v 0.504677 0.483164 0.140720
v 0.528767 0.448677 0.148320
v 0.513540 0.488710 0.141885
v 0.537448 0.454302 0.147862
v 0.520910 0.492155 0.139055
v 0.544268 0.455642 0.144242
v 0.525990 0.493284 0.132498
v 0.526541 0.531568 0.149658
v 0.512651 0.494311 0.142031
v 0.533288 0.531342 0.146050
v 0.526191 0.491996 0.132465
v 0.537334 0.531918 0.139708
v 0.527896 0.492883 0.124518
v 0.548375 0.455854 0.137890
v 0.549215 0.455760 0.130258
v 0.527218 0.490261 0.115965
v 0.538146 0.532339 0.132081
v 0.526394 0.495553 0.116100
v 0.535878 0.533488 0.125014
v 0.521940 0.500428 0.108659
v 0.530713 0.538781 0.119798
v 0.514914 0.506175 0.102899
v 0.522909 0.544521 0.115582
v 0.506947 0.511343 0.098437
v 0.514636 0.548741 0.111758
v 0.498545 0.515140 0.096640
v 0.506704 0.550909 0.110691
v 0.490175 0.517489 0.098552
v 0.500365 0.553393 0.114072
v 0.482830 0.517683 0.103483
v 0.494970 0.553627 0.119984
v 0.478023 0.515637 0.110481
v 0.491520 0.551114 0.126819
v 0.477474 0.512102 0.118923
v 0.482094 0.508034 0.128287
v 0.491622 0.547161 0.133541
v 0.497794 0.544650 0.140803
v 0.502053 0.567979 0.140269
v 0.504482 0.574546 0.136819
v 0.520012 0.589333 0.137291
v 0.507720 0.577924 0.130726
v 0.516237 0.584125 0.143252
v 0.509561 0.570282 0.145761
v 0.531179 0.589626 0.141741
v 0.527378 0.584050 0.147728
v 0.519797 0.568293 0.150044
v 0.539396 0.580462 0.143526
v 0.535769 0.575677 0.149752
v 0.528886 0.562283 0.152477
v 0.538696 0.559334 0.149338
v 0.541988 0.561659 0.143142
v 0.542475 0.560483 0.136060
v 0.539641 0.577078 0.135999
v 0.540481 0.556346 0.130337
v 0.536805 0.564740 0.128164
v 0.529214 0.571355 0.124952
v 0.531828 0.585759 0.133732
v 0.521563 0.586116 0.129686
v 0.520140 0.573747 0.121858
v 0.510885 0.576692 0.124060
v 0.512995 0.571433 0.119068
v 0.533693 0.554407 0.152403
v 0.517896 0.535973 0.150110
v 0.507426 0.540905 0.147294
v 0.502230 0.498387 0.141123
v 0.490987 0.503324 0.136568
v 0.546959 0.454470 0.123189
v 0.524346 0.485010 0.108263
v 0.541852 0.448647 0.117963
v 0.519262 0.478474 0.102183
v 0.534063 0.441965 0.113745
v 0.513115 0.472328 0.097422
v 0.525744 0.436687 0.109929
v 0.506160 0.467388 0.095386
v 0.540989 0.416497 0.123012
v 0.533459 0.400813 0.127727
v 0.543962 0.402611 0.131734
v 0.548571 0.424025 0.126226
v 0.551734 0.412212 0.134008
v 0.552108 0.432723 0.128422
v 0.554217 0.428845 0.134127
v 0.551540 0.408686 0.141526
v 0.553729 0.427445 0.141208
v 0.547695 0.412650 0.147788
v 0.550311 0.429061 0.147425
v 0.540374 0.424616 0.150585
v 0.545109 0.433033 0.150523
v 0.531220 0.417435 0.148163
v 0.539303 0.403260 0.145764
v 0.520795 0.414051 0.143911
v 0.527892 0.401617 0.141332
v 0.531965 0.397238 0.135322
v 0.543353 0.398538 0.139737
v 0.602232 0.403923 0.140888
v 0.612656 0.396867 0.143105
v 0.603037 0.394716 0.146512
v 0.587945 0.436788 0.132613
v 0.583345 0.433004 0.137378
v 0.563428 0.467675 0.131795
v 0.560160 0.466205 0.138794
v 0.580973 0.431490 0.144148
v 0.559479 0.467385 0.146659
v 0.602620 0.391349 0.153379
v 0.580834 0.433071 0.151201
v 0.562319 0.470812 0.153994
v 0.601257 0.394840 0.159326
v 0.583689 0.436835 0.156996
v 0.591758 0.440279 0.161052
v 0.598976 0.404769 0.162044
v 0.569241 0.475688 0.159883
v 0.578523 0.481969 0.163238
v 0.602334 0.445681 0.163363
v 0.587848 0.488849 0.163691
v 0.612343 0.452557 0.163349
v 0.595672 0.494678 0.161410
v 0.619846 0.458604 0.161260
v 0.601243 0.498169 0.156409
v 0.624937 0.460102 0.156784
v 0.603902 0.499142 0.149543
v 0.608198 0.539569 0.163178
v 0.594806 0.500598 0.161553
v 0.613644 0.539005 0.158644
v 0.604097 0.497799 0.149511
v 0.616177 0.539281 0.152317
v 0.603166 0.498500 0.142148
v 0.627436 0.460377 0.150463
v 0.626579 0.460281 0.143690
v 0.599296 0.495528 0.135420
v 0.615289 0.539415 0.145549
v 0.598504 0.500981 0.135550
v 0.611178 0.540329 0.139836
v 0.590813 0.505685 0.130491
v 0.604236 0.545549 0.136134
v 0.580885 0.511269 0.127479
v 0.594535 0.551238 0.133892
v 0.570516 0.516264 0.126639
v 0.584278 0.555318 0.133145
v 0.561604 0.520079 0.128330
v 0.575798 0.557572 0.134614
v 0.555123 0.522758 0.133163
v 0.571405 0.565402 0.140784
v 0.551479 0.523512 0.140224
v 0.569206 0.569667 0.148502
v 0.551182 0.522055 0.148026
v 0.569144 0.567972 0.155576
v 0.555028 0.518963 0.155195
v 0.563310 0.515118 0.160859
v 0.572021 0.563229 0.161008
v 0.580158 0.562653 0.165594
v 0.584193 0.618122 0.171779
v 0.585346 0.631426 0.169829
v 0.600336 0.656854 0.169020
v 0.586248 0.634255 0.163566
v 0.598835 0.663226 0.178428
v 0.592869 0.628536 0.176374
v 0.611799 0.646611 0.167574
v 0.609619 0.646706 0.175236
v 0.603118 0.622362 0.176804
v 0.619836 0.624291 0.164658
v 0.617382 0.620648 0.170818
v 0.611492 0.601633 0.173004
v 0.619532 0.583680 0.164505
v 0.621565 0.582219 0.157648
v 0.620641 0.574772 0.149556
v 0.618534 0.612060 0.155482
v 0.617219 0.563966 0.142898
v 0.613418 0.585238 0.145211
v 0.605167 0.604543 0.147409
v 0.610640 0.636297 0.158916
v 0.599513 0.644611 0.159768
v 0.595113 0.614279 0.148542
v 0.586682 0.624595 0.154827
v 0.586578 0.608319 0.147219
v 0.615509 0.580014 0.168299
v 0.600435 0.544490 0.165310
v 0.590647 0.556539 0.167265
v 0.585461 0.505032 0.164084
v 0.574297 0.510329 0.163934
v 0.622825 0.458903 0.137918
v 0.593122 0.489881 0.130111
v 0.616248 0.452833 0.134156
v 0.585049 0.482979 0.126793
v 0.606675 0.445850 0.131893
v 0.576417 0.476534 0.125667
v 0.596455 0.440318 0.131140
v 0.568894 0.471403 0.127130
v 0.623783 0.398674 0.144797
v 0.619890 0.374314 0.152553
v 0.633437 0.370453 0.155953
v 0.631176 0.410775 0.144906
v 0.639486 0.388062 0.154523
v 0.632941 0.427337 0.143858
v 0.637446 0.419544 0.149881
v 0.641476 0.381307 0.162205
v 0.638521 0.416802 0.156629
v 0.637858 0.388000 0.167221
v 0.635898 0.419289 0.162160
v 0.628418 0.410405 0.167760
v 0.630589 0.426422 0.164621
v 0.620760 0.398544 0.168748
v 0.631817 0.370522 0.169063
v 0.609534 0.397014 0.166448
v 0.618179 0.374523 0.165560
v 0.621237 0.367826 0.160192
v 0.636639 0.359142 0.165156
v 0.683577 0.408965 0.151696
v 0.694511 0.401766 0.155596
v 0.684221 0.399653 0.156927
v 0.668344 0.441662 0.143149
v 0.663682 0.437687 0.147183
v 0.640958 0.472788 0.143174
v 0.638667 0.471264 0.149669
v 0.661441 0.436065 0.153121
v 0.639100 0.472511 0.156697
v 0.683396 0.396126 0.163017
v 0.661409 0.437658 0.159386
v 0.642635 0.476115 0.162893
v 0.681751 0.398977 0.168239
v 0.664132 0.441565 0.164603
v 0.671597 0.445282 0.168398
v 0.679331 0.408526 0.170363
v 0.649517 0.481220 0.167391
v 0.658022 0.487704 0.170230
v 0.681132 0.451012 0.171083
v 0.666541 0.494720 0.170896
v 0.690182 0.458150 0.172449
v 0.673931 0.500615 0.169189
v 0.696119 0.464351 0.171897
v 0.679515 0.504128 0.165650
v 0.701702 0.465949 0.168905
v 0.682775 0.505138 0.160080
v 0.685117 0.545446 0.173709
v 0.673107 0.506616 0.169325
v 0.691049 0.544817 0.170659
v 0.682960 0.503781 0.160050
v 0.694660 0.545165 0.165753
v 0.682775 0.504536 0.153429
v 0.705282 0.466285 0.164004
v 0.705688 0.466192 0.158029
v 0.679276 0.501557 0.146730
v 0.695022 0.545470 0.159785
v 0.678521 0.507084 0.146854
v 0.691759 0.546575 0.154153
v 0.670560 0.511853 0.141904
v 0.685093 0.552004 0.149805
v 0.659895 0.517520 0.138707
v 0.675176 0.557948 0.146191
v 0.648569 0.522605 0.137679
v 0.664211 0.562243 0.144460
v 0.639129 0.526538 0.139753
v 0.655139 0.564680 0.145323
v 0.632985 0.529418 0.144487
v 0.650369 0.567894 0.149375
v 0.630318 0.530391 0.151044
v 0.648103 0.569046 0.155318
v 0.631112 0.529060 0.158012
v 0.648162 0.567267 0.161567
v 0.635617 0.525923 0.164049
v 0.643819 0.521878 0.168330
v 0.651038 0.563589 0.166759
v 0.658578 0.560869 0.170542
v 0.661983 0.607182 0.174702
v 0.663226 0.618793 0.172992
v 0.678999 0.657492 0.179615
v 0.664627 0.622856 0.168019
v 0.675931 0.648834 0.183306
v 0.669988 0.618826 0.180794
v 0.691293 0.673629 0.188456
v 0.687299 0.657986 0.189606
v 0.679789 0.619606 0.184734
v 0.698504 0.645277 0.185829
v 0.694556 0.636037 0.188434
v 0.687915 0.605843 0.184311
v 0.696486 0.595791 0.181161
v 0.699999 0.599719 0.177530
v 0.700768 0.596722 0.171345
v 0.698971 0.637422 0.178337
v 0.698456 0.586968 0.164344
v 0.694949 0.607417 0.165629
v 0.686381 0.620832 0.164602
v 0.691328 0.658928 0.178821
v 0.679324 0.649586 0.172262
v 0.675445 0.619276 0.160605
v 0.665798 0.618468 0.161626
v 0.666173 0.606476 0.155669
v 0.691749 0.585599 0.181047
v 0.677582 0.550581 0.174524
v 0.668266 0.556455 0.173202
v 0.664263 0.511205 0.171271
v 0.653976 0.516774 0.170896
v 0.702782 0.464753 0.152338
v 0.672761 0.495793 0.141542
v 0.697729 0.458530 0.147724
v 0.663873 0.488694 0.138052
v 0.688181 0.451286 0.144050
v 0.654215 0.482010 0.136749
v 0.677364 0.445453 0.142294
v 0.646115 0.476665 0.138602
v 0.705917 0.403738 0.159101
v 0.701334 0.379481 0.165341
v 0.714834 0.375941 0.170910
v 0.713126 0.416285 0.160595
v 0.720203 0.394124 0.171456
v 0.714346 0.433128 0.160253
v 0.717777 0.425562 0.166797
v 0.720562 0.387751 0.178539
v 0.717345 0.422922 0.172842
v 0.715778 0.393985 0.181752
v 0.713541 0.425132 0.176774
v 0.706186 0.415508 0.179563
v 0.707895 0.431807 0.177382
v 0.699397 0.403020 0.179414
v 0.710794 0.375776 0.181790
v 0.689132 0.400989 0.175810
v 0.697864 0.379528 0.176379
v 0.701684 0.373352 0.172186
v 0.716503 0.365235 0.179547
v 0.760223 0.416822 0.188576
v 0.769154 0.409757 0.197134
v 0.759183 0.408087 0.193018
v 0.747408 0.448769 0.173845
v 0.741750 0.444778 0.175122
v 0.720018 0.478890 0.162649
v 0.716149 0.477302 0.167288
v 0.737661 0.443168 0.178951
v 0.714777 0.478490 0.173354
v 0.756116 0.405047 0.197221
v 0.735400 0.444757 0.183845
v 0.716347 0.482024 0.179670
v 0.752436 0.407968 0.200183
v 0.735842 0.448655 0.188918
v 0.740797 0.452469 0.194773
v 0.748964 0.416848 0.200547
v 0.721071 0.487013 0.185663
v 0.727111 0.493255 0.191817
v 0.747693 0.457024 0.201644
v 0.734049 0.499961 0.196182
v 0.752742 0.465163 0.206793
v 0.740711 0.505556 0.198738
v 0.757880 0.471130 0.209869
v 0.746777 0.508920 0.199193
v 0.763932 0.472741 0.210841
v 0.751826 0.509997 0.196743
v 0.747912 0.547366 0.211510
v 0.739955 0.511293 0.198862
v 0.754299 0.546697 0.212428
v 0.751994 0.508703 0.196715
v 0.759573 0.547152 0.210821
v 0.754613 0.509625 0.191610
v 0.769182 0.473144 0.209239
v 0.771948 0.473100 0.204923
v 0.754442 0.507012 0.184319
v 0.762278 0.547731 0.206515
v 0.753747 0.512343 0.184433
v 0.761865 0.549214 0.200574
v 0.748756 0.517254 0.176635
v 0.758039 0.554899 0.194127
v 0.739981 0.523054 0.169398
v 0.751077 0.561283 0.186491
v 0.729736 0.528313 0.163546
v 0.742305 0.566126 0.179520
v 0.719835 0.532299 0.161833
v 0.733546 0.568863 0.176127
v 0.712529 0.535132 0.163883
v 0.727730 0.571996 0.177431
v 0.708311 0.535975 0.168579
v 0.723614 0.572899 0.181265
v 0.707290 0.534445 0.174587
v 0.721488 0.570819 0.186136
v 0.709789 0.531067 0.180750
v 0.715771 0.526760 0.186535
v 0.722160 0.566815 0.191171
v 0.727283 0.563570 0.196998
v 0.730993 0.609330 0.205192
v 0.733315 0.619991 0.205149
v 0.747028 0.655771 0.220752
v 0.736654 0.623974 0.202323
v 0.742382 0.647354 0.221240
v 0.736409 0.620067 0.214601
v 0.756794 0.671714 0.234999
v 0.751218 0.656819 0.232942
v 0.743501 0.620935 0.222748
v 0.762740 0.643611 0.234863
v 0.757554 0.636082 0.234741
v 0.750119 0.608304 0.226347
v 0.759252 0.598361 0.227954
v 0.764031 0.601369 0.226877
v 0.766587 0.599100 0.222337
v 0.765129 0.637137 0.228952
v 0.766210 0.590982 0.215579
v 0.763845 0.610861 0.216161
v 0.757607 0.624531 0.211779
v 0.759104 0.659253 0.227293
v 0.749904 0.649755 0.215143
v 0.749310 0.622761 0.202581
v 0.739984 0.620672 0.197896
v 0.742031 0.610236 0.192928
v 0.753848 0.589356 0.224899
v 0.741286 0.552495 0.208679
v 0.734113 0.558616 0.203430
v 0.731954 0.515813 0.196527
v 0.723370 0.521421 0.192433
v 0.771898 0.471733 0.198921
v 0.750796 0.501633 0.176299
v 0.769597 0.465742 0.192223
v 0.743686 0.494789 0.168788
v 0.764425 0.458614 0.184293
v 0.735021 0.488215 0.162676
v 0.756036 0.452703 0.177259
v 0.726392 0.482836 0.160754
v 0.777942 0.411351 0.205777
v 0.772568 0.389106 0.208086
v 0.783274 0.385392 0.219134
v 0.782775 0.423527 0.210712
v 0.786863 0.403519 0.221942
v 0.782786 0.439866 0.211014
v 0.784230 0.432920 0.217518
v 0.785213 0.397838 0.227557
v 0.782057 0.430281 0.222067
v 0.779386 0.402823 0.227909
v 0.777074 0.431873 0.223336
v 0.769166 0.422492 0.221324
v 0.770845 0.437751 0.220899
v 0.763733 0.411208 0.217169
v 0.775233 0.385752 0.225011
v 0.756131 0.409629 0.209358
v 0.764772 0.389876 0.214282
v 0.770225 0.383920 0.213341
v 0.782466 0.375925 0.226014
v 0.821054 0.427497 0.251092
v 0.830181 0.420402 0.259987
v 0.819927 0.420185 0.254538
v 0.808956 0.457917 0.234833
v 0.803425 0.454134 0.234356
v 0.783889 0.485159 0.216190
v 0.778794 0.483597 0.217961
v 0.798905 0.452580 0.236364
v 0.775662 0.484635 0.222251
v 0.816761 0.418047 0.257448
v 0.795997 0.454010 0.239786
v 0.775549 0.487880 0.228583
v 0.812894 0.421155 0.259153
v 0.795898 0.457624 0.244373
v 0.800009 0.461290 0.251709
v 0.809231 0.429253 0.258736
v 0.779114 0.492494 0.236595
v 0.785328 0.498305 0.245018
v 0.807146 0.464018 0.260654
v 0.792630 0.504505 0.252258
v 0.813258 0.472002 0.266894
v 0.799876 0.509670 0.257076
v 0.818622 0.478824 0.270593
v 0.806459 0.512789 0.258971
v 0.824567 0.480401 0.272335
v 0.811445 0.513784 0.257695
v 0.809887 0.547650 0.272031
v 0.799210 0.514881 0.257186
v 0.816145 0.546976 0.273722
v 0.811594 0.512613 0.257671
v 0.820797 0.547296 0.272615
v 0.813909 0.513437 0.253525
v 0.829184 0.480829 0.271234
v 0.831306 0.480785 0.267429
v 0.813502 0.511050 0.247090
v 0.822866 0.547762 0.268818
v 0.812891 0.515877 0.247191
v 0.821914 0.549082 0.263247
v 0.808583 0.520373 0.239527
v 0.818038 0.556992 0.257885
v 0.801513 0.525820 0.231252
v 0.811245 0.564365 0.250892
v 0.792945 0.530849 0.223727
v 0.802776 0.565067 0.242377
v 0.784419 0.534756 0.218690
v 0.795020 0.567557 0.237127
v 0.777156 0.537472 0.217298
v 0.789306 0.570536 0.236682
v 0.771747 0.538173 0.219121
v 0.784746 0.571359 0.238695
v 0.768944 0.536565 0.223357
v 0.781974 0.569379 0.242095
v 0.769682 0.533208 0.229550
v 0.774391 0.529034 0.237372
v 0.782118 0.565596 0.246642
v 0.787046 0.562440 0.253844
v 0.791496 0.603598 0.263140
v 0.794068 0.613654 0.263935
v 0.809092 0.649704 0.281947
v 0.797492 0.618056 0.262419
v 0.804630 0.641757 0.281582
v 0.797994 0.616144 0.273811
v 0.819237 0.666105 0.296637
v 0.814207 0.653179 0.294461
v 0.806269 0.620366 0.283871
v 0.825044 0.639805 0.296794
v 0.820407 0.633958 0.296502
v 0.813247 0.609938 0.288448
v 0.821844 0.600165 0.290450
v 0.826062 0.602474 0.289739
v 0.828007 0.600617 0.285797
v 0.826773 0.634469 0.291656
v 0.827170 0.593730 0.279624
v 0.824813 0.611679 0.279959
v 0.818540 0.623670 0.275273
v 0.820869 0.655066 0.289788
v 0.811351 0.644418 0.277089
v 0.810116 0.620376 0.265580
v 0.800762 0.616096 0.259394
v 0.802700 0.607627 0.255555
v 0.816769 0.592685 0.287376
v 0.802928 0.554924 0.268896
v 0.794807 0.560926 0.262565
v 0.790777 0.518949 0.252563
v 0.782007 0.524084 0.245565
v 0.830684 0.479486 0.261804
v 0.810385 0.506176 0.239230
v 0.828100 0.473748 0.255489
v 0.804803 0.499962 0.230710
v 0.823616 0.464627 0.248619
v 0.797661 0.493909 0.222950
v 0.815829 0.461739 0.240128
v 0.790298 0.488899 0.217721
v 0.839280 0.420974 0.269023
v 0.833981 0.402129 0.270042
v 0.845155 0.397744 0.281547
v 0.844298 0.431871 0.274179
v 0.848719 0.414601 0.284513
v 0.843827 0.446846 0.274687
v 0.846166 0.440844 0.280601
v 0.847599 0.409870 0.289417
v 0.844583 0.438641 0.284556
v 0.842481 0.413757 0.289476
v 0.840234 0.439726 0.285441
v 0.832863 0.430744 0.282976
v 0.833922 0.444648 0.282937
v 0.826871 0.420951 0.277997
v 0.838378 0.397901 0.286402
v 0.817669 0.421377 0.268550
v 0.826939 0.403088 0.274679
v 0.832213 0.397541 0.274602
v 0.844867 0.389408 0.287658
v 0.460714 0.714047 0.116913
v 0.467440 0.718067 0.118239
v 0.464190 0.708381 0.120817
v 0.441076 0.723547 0.114076
v 0.439662 0.716474 0.117536
v 0.403049 0.731462 0.112784
v 0.400127 0.725338 0.118250
v 0.438035 0.711494 0.123808
v 0.397473 0.722227 0.126071
v 0.464806 0.704447 0.127333
v 0.436070 0.709900 0.131331
v 0.396548 0.723102 0.135251
v 0.462193 0.703627 0.134314
v 0.435348 0.712182 0.138636
v 0.439495 0.718332 0.145428
v 0.457290 0.705856 0.139349
v 0.398553 0.728185 0.144912
v 0.402349 0.736973 0.153243
v 0.444778 0.728161 0.151342
v 0.406437 0.747937 0.157786
v 0.448510 0.739396 0.154026
v 0.409789 0.758050 0.158650
v 0.450052 0.748439 0.153912
v 0.412348 0.765745 0.155469
v 0.452942 0.754025 0.149790
v 0.413710 0.770341 0.148584
v 0.395505 0.798816 0.172369
v 0.405794 0.761731 0.160003
v 0.399706 0.803240 0.167801
v 0.414621 0.769499 0.148276
v 0.400759 0.806647 0.161156
v 0.413332 0.771734 0.140509
v 0.454107 0.757295 0.143110
v 0.452856 0.758243 0.135588
v 0.412266 0.769756 0.131844
v 0.399206 0.807887 0.153736
v 0.408529 0.773208 0.133109
v 0.395095 0.807635 0.147466
v 0.400502 0.774337 0.127518
v 0.386857 0.808520 0.144212
v 0.390491 0.774351 0.124110
v 0.376642 0.807994 0.142420
v 0.380449 0.773261 0.121995
v 0.367057 0.806020 0.140801
v 0.371557 0.770728 0.122266
v 0.359608 0.802595 0.141415
v 0.364470 0.766942 0.125847
v 0.354243 0.800231 0.146149
v 0.360181 0.762029 0.131779
v 0.351541 0.796644 0.152761
v 0.359638 0.756946 0.138886
v 0.352171 0.792164 0.159435
v 0.363501 0.753415 0.146445
v 0.371717 0.752810 0.154002
v 0.356295 0.788866 0.165166
v 0.364203 0.790559 0.170744
v 0.353113 0.827041 0.181110
v 0.349946 0.839102 0.181233
v 0.351993 0.879249 0.191605
v 0.348662 0.845634 0.176419
v 0.353992 0.869296 0.195152
v 0.358651 0.841745 0.189435
v 0.361413 0.900546 0.200271
v 0.363709 0.884780 0.201237
v 0.368526 0.850096 0.193160
v 0.374291 0.885912 0.192171
v 0.375953 0.875844 0.196168
v 0.379504 0.847027 0.191063
v 0.387796 0.847503 0.184250
v 0.387323 0.853158 0.178833
v 0.386632 0.851436 0.171013
v 0.374626 0.879973 0.182470
v 0.386205 0.842304 0.162773
v 0.377929 0.854928 0.166640
v 0.367550 0.859471 0.167869
v 0.362624 0.889089 0.187055
v 0.353514 0.874985 0.181580
v 0.358617 0.853070 0.165616
v 0.350347 0.846486 0.168717
v 0.354010 0.839600 0.160357
v 0.387789 0.835639 0.184945
v 0.386616 0.796500 0.174972
v 0.375216 0.793601 0.174808
v 0.395515 0.757984 0.161484
v 0.383170 0.754591 0.159738
v 0.450480 0.756389 0.128731
v 0.411405 0.764273 0.123829
v 0.450146 0.749988 0.122802
v 0.410134 0.756229 0.117463
v 0.448277 0.740554 0.118257
v 0.408212 0.747670 0.112598
v 0.444876 0.731331 0.114638
v 0.405685 0.739304 0.110712
v 0.472354 0.726795 0.120658
v 0.478566 0.710275 0.122888
v 0.485827 0.718559 0.125631
v 0.473589 0.737133 0.124295
v 0.485584 0.730544 0.128785
v 0.470933 0.745569 0.127788
v 0.476430 0.743958 0.132148
v 0.489677 0.727497 0.135307
v 0.478800 0.742233 0.138753
v 0.485929 0.727281 0.142772
v 0.476881 0.740671 0.145606
v 0.473553 0.730527 0.149137
v 0.471349 0.739728 0.150218
v 0.471187 0.719293 0.146565
v 0.485666 0.714996 0.139990
v 0.464959 0.709964 0.143232
v 0.477556 0.706215 0.137003
v 0.481801 0.706284 0.129659
v 0.490114 0.714811 0.132559
v 0.525131 0.760369 0.130903
v 0.536161 0.763042 0.132092
v 0.532270 0.754490 0.135367
v 0.494841 0.772769 0.127479
v 0.495247 0.766687 0.131937
v 0.455882 0.776279 0.137440
v 0.456173 0.772579 0.144407
v 0.496265 0.763611 0.138495
v 0.456961 0.772564 0.152331
v 0.535620 0.751566 0.141727
v 0.496916 0.764226 0.145667
v 0.458810 0.776642 0.159647
v 0.534156 0.752628 0.148041
v 0.497952 0.768500 0.151658
v 0.502474 0.776219 0.155138
v 0.527797 0.757453 0.151778
v 0.462378 0.784631 0.165231
v 0.466195 0.795369 0.168276
v 0.506968 0.786988 0.157031
v 0.468989 0.806702 0.168613
v 0.508846 0.797604 0.157396
v 0.470655 0.816368 0.166327
v 0.509192 0.806276 0.155836
v 0.471392 0.822933 0.161310
v 0.510836 0.811081 0.151040
v 0.471025 0.825796 0.154457
v 0.454135 0.857609 0.174437
v 0.466597 0.820143 0.167699
v 0.457313 0.861016 0.169121
v 0.471941 0.824942 0.154147
v 0.457425 0.863217 0.162670
v 0.469008 0.825231 0.147302
v 0.510873 0.813334 0.144616
v 0.508605 0.813061 0.138181
v 0.466251 0.820825 0.140828
v 0.455006 0.863086 0.156286
v 0.462526 0.824293 0.142086
v 0.450046 0.861347 0.151555
v 0.452931 0.822898 0.139227
v 0.441034 0.860810 0.149987
v 0.441696 0.820579 0.138851
v 0.430082 0.858760 0.150341
v 0.431007 0.817453 0.140536
v 0.419997 0.855114 0.151939
v 0.422687 0.814313 0.144234
v 0.412808 0.851184 0.155078
v 0.417581 0.811788 0.150392
v 0.408825 0.850188 0.160960
v 0.416235 0.809584 0.157914
v 0.408181 0.849066 0.168055
v 0.418828 0.807890 0.165228
v 0.410932 0.847317 0.174542
v 0.425259 0.807730 0.170994
v 0.434992 0.810027 0.174491
v 0.416598 0.846289 0.179027
v 0.424925 0.849556 0.181276
v 0.412011 0.885322 0.189590
v 0.407926 0.895849 0.189038
v 0.409124 0.936919 0.194993
v 0.405428 0.900514 0.184092
v 0.411974 0.928450 0.198752
v 0.417271 0.900574 0.194592
v 0.418347 0.958610 0.200740
v 0.421086 0.943625 0.201963
v 0.426701 0.909142 0.195666
v 0.430540 0.943185 0.192237
v 0.432733 0.933894 0.195721
v 0.437252 0.905974 0.191539
v 0.444699 0.905582 0.183749
v 0.443693 0.910514 0.178897
v 0.442498 0.907824 0.171910
v 0.430387 0.936337 0.183502
v 0.441576 0.897939 0.164786
v 0.433030 0.910054 0.169511
v 0.422260 0.913442 0.172498
v 0.418573 0.945970 0.189280
v 0.409499 0.930726 0.186076
v 0.412957 0.904890 0.171947
v 0.405576 0.898284 0.176604
v 0.408164 0.889559 0.168885
v 0.445318 0.894418 0.184718
v 0.446143 0.856021 0.178582
v 0.435577 0.853434 0.181157
v 0.457853 0.817053 0.172377
v 0.446589 0.813572 0.174904
v 0.505262 0.809829 0.132903
v 0.463755 0.812824 0.135568
v 0.504046 0.802052 0.128699
v 0.461142 0.802497 0.132278
v 0.501952 0.791799 0.126058
v 0.458434 0.791980 0.131264
v 0.498226 0.781160 0.125570
v 0.456423 0.783012 0.132828
v 0.542875 0.771990 0.133303
v 0.555721 0.752729 0.138796
v 0.567168 0.759719 0.141398
v 0.541585 0.784983 0.133558
v 0.561807 0.775394 0.140393
v 0.533947 0.796988 0.133276
v 0.542726 0.794677 0.138088
v 0.568719 0.771937 0.147098
v 0.546636 0.793252 0.144276
v 0.563840 0.773540 0.152923
v 0.544800 0.792784 0.150189
v 0.545487 0.781605 0.156070
v 0.537849 0.793671 0.153754
v 0.546760 0.768513 0.156925
v 0.569256 0.757922 0.154336
v 0.539720 0.759689 0.155138
v 0.557670 0.750954 0.151648
v 0.562209 0.748922 0.145480
v 0.577292 0.754196 0.149794
v 0.582502 0.819078 0.130537
v 0.594308 0.821939 0.133401
v 0.589397 0.813101 0.134634
v 0.551660 0.830652 0.126924
v 0.551923 0.824464 0.130658
v 0.511510 0.831894 0.137883
v 0.512385 0.828883 0.144215
v 0.552877 0.821464 0.136376
v 0.513743 0.829688 0.151172
v 0.592332 0.809844 0.140334
v 0.553409 0.822195 0.142770
v 0.515752 0.834341 0.157302
v 0.590750 0.810358 0.146068
v 0.554145 0.826486 0.148242
v 0.557824 0.833643 0.151703
v 0.584359 0.814842 0.149310
v 0.518883 0.842426 0.161569
v 0.521982 0.852672 0.164241
v 0.561100 0.843158 0.154366
v 0.524262 0.863407 0.164901
v 0.562726 0.853218 0.156159
v 0.525795 0.872690 0.163225
v 0.563273 0.861681 0.155892
v 0.526937 0.879140 0.159609
v 0.565607 0.866772 0.152469
v 0.527320 0.882349 0.153922
v 0.509609 0.912068 0.174001
v 0.521802 0.876434 0.164572
v 0.513522 0.915703 0.170044
v 0.528219 0.881504 0.153619
v 0.514728 0.918603 0.164818
v 0.525990 0.882279 0.147386
v 0.566751 0.869713 0.147266
v 0.565588 0.870257 0.141416
v 0.523474 0.878168 0.140895
v 0.513326 0.919377 0.159049
v 0.519808 0.881608 0.142133
v 0.508917 0.918306 0.154296
v 0.510081 0.879968 0.139408
v 0.499921 0.918024 0.152068
v 0.498312 0.877098 0.138948
v 0.488437 0.915955 0.151138
v 0.486924 0.873284 0.140583
v 0.477570 0.911934 0.151897
v 0.478330 0.869757 0.144727
v 0.469768 0.907701 0.154549
v 0.473392 0.867528 0.150755
v 0.465470 0.906700 0.159768
v 0.472533 0.866123 0.157673
v 0.464638 0.905748 0.166066
v 0.475619 0.865311 0.164047
v 0.467245 0.904168 0.171782
v 0.482212 0.865691 0.168629
v 0.491573 0.867968 0.170791
v 0.472728 0.903107 0.175705
v 0.480734 0.905882 0.177726
v 0.468145 0.943362 0.187594
v 0.464463 0.952852 0.187241
v 0.467218 0.992481 0.195759
v 0.462545 0.957051 0.182818
v 0.468969 0.983669 0.198594
v 0.473370 0.957467 0.193475
v 0.476914 1.012783 0.203720
v 0.478343 0.998252 0.203711
v 0.482774 0.965058 0.195841
v 0.489241 0.996765 0.197145
v 0.490027 0.987286 0.199180
v 0.493290 0.960951 0.192812
v 0.501660 0.959693 0.187529
v 0.501934 0.965157 0.184018
v 0.501821 0.963872 0.177634
v 0.490098 0.991820 0.189010
v 0.501307 0.955564 0.170131
v 0.492865 0.967849 0.174047
v 0.481684 0.971404 0.175696
v 0.478007 1.002128 0.192862
v 0.468173 0.986966 0.187550
v 0.471599 0.962367 0.173320
v 0.463197 0.954856 0.175929
v 0.465992 0.946497 0.168634
v 0.501364 0.949099 0.186961
v 0.501424 0.910744 0.176848
v 0.490977 0.908915 0.178034
v 0.513262 0.873714 0.168614
v 0.502520 0.870890 0.170812
v 0.562893 0.867585 0.136084
v 0.520757 0.869956 0.135805
v 0.561681 0.860011 0.131229
v 0.517536 0.859084 0.132459
v 0.559102 0.849622 0.127291
v 0.514095 0.847848 0.131410
v 0.555199 0.839128 0.125696
v 0.511820 0.838431 0.133418
v 0.601602 0.831053 0.136446
v 0.613384 0.811589 0.140484
v 0.625138 0.818626 0.145323
v 0.600407 0.844054 0.138119
v 0.619620 0.834006 0.146358
v 0.592492 0.855640 0.138638
v 0.600498 0.852861 0.144087
v 0.624970 0.829747 0.152718
v 0.603068 0.850530 0.149822
v 0.619055 0.830339 0.157007
v 0.600119 0.849166 0.154379
v 0.600469 0.837808 0.157547
v 0.592693 0.849543 0.156236
v 0.602277 0.825048 0.157150
v 0.625001 0.815170 0.156516
v 0.595818 0.816670 0.153872
v 0.613635 0.808628 0.151724
v 0.618777 0.807385 0.146543
v 0.633702 0.812494 0.153376
v 0.641318 0.874978 0.156752
v 0.652712 0.876319 0.164560
v 0.646454 0.868298 0.160365
v 0.610758 0.886889 0.146746
v 0.609878 0.880755 0.147825
v 0.569792 0.888664 0.146078
v 0.569084 0.884671 0.150844
v 0.609081 0.876865 0.151722
v 0.568946 0.884244 0.157126
v 0.647090 0.863917 0.164579
v 0.607574 0.875931 0.157172
v 0.569651 0.887451 0.163639
v 0.643476 0.863200 0.168382
v 0.606390 0.878106 0.162973
v 0.608691 0.883267 0.168844
v 0.636228 0.866634 0.170040
v 0.571722 0.893830 0.169635
v 0.574081 0.901968 0.175813
v 0.612175 0.889839 0.176269
v 0.576389 0.911127 0.180208
v 0.612262 0.898783 0.181368
v 0.578686 0.919404 0.182690
v 0.613335 0.906260 0.184665
v 0.581290 0.925818 0.182828
v 0.617016 0.911433 0.185000
v 0.583718 0.930096 0.179898
v 0.563721 0.953049 0.201395
v 0.574941 0.922933 0.183953
v 0.568965 0.956768 0.201202
v 0.584559 0.929302 0.179615
v 0.572143 0.960680 0.198935
v 0.584650 0.931984 0.174455
v 0.620155 0.915363 0.182747
v 0.621080 0.917448 0.178159
v 0.584161 0.930433 0.166969
v 0.572708 0.963115 0.194468
v 0.580696 0.933702 0.168137
v 0.570096 0.964203 0.189048
v 0.572375 0.934231 0.162223
v 0.562549 0.966551 0.184628
v 0.560956 0.932837 0.157580
v 0.552032 0.967824 0.179847
v 0.549116 0.930028 0.154399
v 0.541233 0.964338 0.174617
v 0.539269 0.926348 0.154942
v 0.532482 0.960681 0.173143
v 0.532888 0.923392 0.158527
v 0.526831 0.959013 0.175832
v 0.530528 0.920937 0.163851
v 0.524282 0.956747 0.180322
v 0.532152 0.918848 0.169539
v 0.525099 0.953605 0.184989
v 0.537412 0.917774 0.174515
v 0.545628 0.918382 0.178437
v 0.529069 0.950922 0.189052
v 0.536061 0.952246 0.193592
v 0.525531 0.988518 0.206827
v 0.523293 0.997800 0.207798
v 0.528054 1.033431 0.224892
v 0.523284 1.003096 0.205173
v 0.527737 1.023933 0.224897
v 0.530204 1.000112 0.216148
v 0.537706 1.051775 0.238361
v 0.536968 1.036969 0.235579
v 0.538947 1.005942 0.222969
v 0.549548 1.035140 0.234462
v 0.548424 1.026394 0.234241
v 0.549224 1.001760 0.224219
v 0.559104 1.000874 0.223523
v 0.561074 1.006263 0.222184
v 0.562418 1.006665 0.217233
v 0.551752 1.032536 0.227778
v 0.562867 1.000993 0.209922
v 0.555335 1.013488 0.212870
v 0.544924 1.018698 0.210892
v 0.540333 1.044317 0.229309
v 0.530738 1.030966 0.218211
v 0.535189 1.011238 0.203071
v 0.525660 1.003058 0.199991
v 0.529442 0.997020 0.193605
v 0.557264 0.990884 0.220334
v 0.555337 0.953113 0.200863
v 0.545384 0.954681 0.198705
v 0.566023 0.920891 0.183704
v 0.555622 0.919344 0.182039
v 0.620305 0.916800 0.172121
v 0.582533 0.924649 0.158798
v 0.620360 0.911453 0.164902
v 0.579371 0.915474 0.151370
v 0.618866 0.903336 0.156808
v 0.575304 0.905355 0.145567
v 0.615004 0.894755 0.149742
v 0.571657 0.895854 0.144017
v 0.659563 0.883116 0.173106
v 0.668690 0.864684 0.173436
v 0.679808 0.869414 0.184185
v 0.657728 0.893698 0.178575
v 0.673760 0.883349 0.187556
v 0.649208 0.902826 0.180193
v 0.655510 0.899524 0.185808
v 0.676919 0.878259 0.192819
v 0.656511 0.896286 0.190363
v 0.670116 0.877517 0.194528
v 0.652253 0.893721 0.192582
v 0.650909 0.883330 0.190851
v 0.643794 0.893016 0.191596
v 0.652214 0.872731 0.186234
v 0.675318 0.863832 0.191067
v 0.646446 0.866684 0.178370
v 0.664326 0.859478 0.180564
v 0.671276 0.859338 0.178362
v 0.685542 0.862485 0.190883
v 0.693393 0.920292 0.210678
v 0.704946 0.921731 0.218918
v 0.697684 0.914729 0.213328
v 0.663803 0.930464 0.198811
v 0.662345 0.924622 0.198259
v 0.625701 0.933281 0.189450
v 0.623361 0.928653 0.191637
v 0.660698 0.920568 0.200490
v 0.621602 0.927021 0.196434
v 0.697500 0.910927 0.216224
v 0.658483 0.919190 0.204569
v 0.621286 0.928854 0.203154
v 0.693456 0.910233 0.218714
v 0.657050 0.920874 0.209886
v 0.659716 0.925732 0.217057
v 0.686223 0.912861 0.219557
v 0.623274 0.934032 0.211195
v 0.626611 0.941807 0.219450
v 0.665547 0.931928 0.226283
v 0.630229 0.950643 0.226465
v 0.668015 0.940660 0.232830
v 0.633788 0.958846 0.230961
v 0.669669 0.948395 0.236721
v 0.637282 0.965335 0.232362
v 0.673448 0.953441 0.237776
v 0.640009 0.969444 0.230562
v 0.623721 0.995112 0.252343
v 0.630431 0.962021 0.232092
v 0.629058 0.998399 0.252777
v 0.640761 0.968732 0.230309
v 0.631986 1.000999 0.250714
v 0.640932 0.971085 0.226103
v 0.675963 0.957093 0.235933
v 0.675521 0.959317 0.231323
v 0.640347 0.969507 0.219523
v 0.632271 1.003590 0.247121
v 0.637249 0.972439 0.220567
v 0.629454 1.004596 0.242298
v 0.629714 0.973089 0.214601
v 0.622147 1.008487 0.239015
v 0.619501 0.972593 0.208624
v 0.612076 1.008436 0.233891
v 0.608623 0.970776 0.203523
v 0.601722 1.002250 0.226884
v 0.599015 0.968087 0.200622
v 0.593275 0.997184 0.222581
v 0.591896 0.965221 0.200846
v 0.587373 0.995523 0.223528
v 0.588042 0.962010 0.203544
v 0.584107 0.992978 0.226306
v 0.587964 0.958783 0.207775
v 0.584024 0.989568 0.229667
v 0.591919 0.956582 0.213055
v 0.599618 0.956372 0.219169
v 0.587345 0.986752 0.233383
v 0.594468 0.987667 0.239165
v 0.586336 1.020955 0.252840
v 0.584849 1.029909 0.254481
v 0.591801 1.066627 0.273627
v 0.585326 1.035543 0.253119
v 0.591083 1.057643 0.272875
v 0.591972 1.034616 0.263345
v 0.601827 1.085602 0.287495
v 0.600914 1.072675 0.284744
v 0.601524 1.043837 0.272169
v 0.613025 1.070312 0.284135
v 0.611786 1.063268 0.283884
v 0.611762 1.041704 0.274600
v 0.621233 1.040626 0.274406
v 0.623120 1.045052 0.273394
v 0.624099 1.045380 0.269164
v 0.614686 1.068195 0.278444
v 0.624035 1.040275 0.262605
v 0.617071 1.051322 0.265086
v 0.607048 1.055110 0.262587
v 0.603867 1.078791 0.279524
v 0.594020 1.064301 0.267848
v 0.597356 1.046313 0.254143
v 0.587793 1.036455 0.249422
v 0.591303 1.031829 0.244354
v 0.619189 1.032034 0.271334
v 0.615017 0.995864 0.251347
v 0.604434 0.993840 0.246913
v 0.620907 0.959453 0.229608
v 0.609945 0.957551 0.225068
v 0.674918 0.958001 0.226065
v 0.638831 0.964461 0.211528
v 0.675797 0.952006 0.220067
v 0.636126 0.956863 0.203021
v 0.674570 0.943871 0.212668
v 0.632410 0.948280 0.195505
v 0.668290 0.937220 0.203846
v 0.628599 0.940123 0.190650
v 0.712456 0.927370 0.228117
v 0.719852 0.912206 0.226990
v 0.731662 0.916831 0.238242
v 0.711630 0.936248 0.234133
v 0.726431 0.929041 0.241992
v 0.704119 0.944681 0.235664
v 0.709988 0.942185 0.240809
v 0.729256 0.925485 0.246275
v 0.711039 0.939579 0.244744
v 0.723334 0.924151 0.247659
v 0.707266 0.937280 0.246375
v 0.705549 0.927662 0.244027
v 0.699487 0.936437 0.244997
v 0.705568 0.918602 0.238379
v 0.727947 0.912037 0.243903
v 0.697746 0.913357 0.228844
v 0.715608 0.907704 0.232404
v 0.722329 0.907695 0.231193
v 0.737018 0.911021 0.244115
vt 0.625000 0.312500
vt 0.562500 0.250000
vt 0.625000 0.250000
vt 0.875000 0.562500
vt 0.812500 0.500000
vt 0.875000 0.500000
vt 0.562500 0.187500
vt 0.625000 0.187500
vt 0.500000 0.187500
vt 0.500000 0.125000
vt 0.562500 0.125000
vt 0.500000 0.062500
vt 0.625000 0.125000
vt 0.562500 0.062500
vt 0.500000 0.000000
vt 0.625000 0.062500
vt 0.562500 0.000000
vt 0.562500 1.000000
vt 0.500000 0.937500
vt 0.562500 0.937500
vt 0.625000 1.000000
vt 0.625000 0.000000
vt 0.500000 1.000000
vt 0.500000 0.875000
vt 0.562500 0.875000
vt 0.500000 0.812500
vt 0.562500 0.812500
vt 0.500000 0.750000
vt 0.562500 0.750000
vt 0.500000 0.687500
vt 0.562500 0.687500
vt 0.500000 0.625000
vt 0.562500 0.625000
vt 0.500000 0.562500
vt 0.562500 0.562500
vt 0.500000 0.500000
vt 0.562500 0.500000
vt 0.500000 0.437500
vt 0.562500 0.437500
vt 0.500000 0.375000
vt 0.562500 0.375000
vt 0.500000 0.312500
vt 0.562500 0.312500
vt 0.500000 0.250000
vt 0.875000 0.687500
vt 0.812500 0.625000
vt 0.812500 0.687500
vt 0.875000 0.625000
vt 0.875000 0.750000
vt 0.750000 0.625000
vt 0.812500 0.750000
vt 0.750000 0.687500
vt 0.750000 0.750000
vt 0.687500 0.625000
vt 0.687500 0.687500
vt 0.687500 0.750000
vt 0.625000 0.625000
vt 0.625000 0.687500
vt 0.625000 0.562500
vt 0.687500 0.562500
vt 0.625000 0.500000
vt 0.625000 0.437500
vt 0.687500 0.500000
vt 0.625000 0.375000
vt 0.750000 0.500000
vt 0.750000 0.562500
vt 0.812500 0.562500
vt 0.625000 0.750000
vt 0.625000 0.812500
vt 0.625000 0.875000
vt 0.625000 0.937500
s 1
f 2/1 1/3 4/2
f 3/4 1/6 2/5
f 1/3 3/8 5/7
f 4/2 1/3 5/7
f 6/9 5/7 7/10
f 4/2 5/7 6/9
f 5/7 8/11 7/10
f 5/7 3/8 8/11
f 7/10 8/11 9/12
f 3/8 10/13 8/11
f 8/11 11/14 9/12
f 8/11 10/13 11/14
f 9/12 11/14 12/15
f 10/13 13/16 11/14
f 11/14 14/17 12/15
f 11/14 13/16 14/17
f 14/18 15/20 17/19
f 14/18 16/21 15/20
f 13/16 16/22 14/17
f 12/23 14/18 17/19
f 17/19 15/20 18/24
f 15/20 19/25 18/24
f 18/24 19/25 20/26
f 19/25 21/27 20/26
f 20/26 21/27 22/28
f 21/27 23/29 22/28
f 22/28 23/29 24/30
f 23/29 25/31 24/30
f 24/30 25/31 26/32
f 29/31 27/29 24/30
f 27/29 28/28 24/30
f 29/31 24/30 30/32
f 31/33 29/31 30/32
f 31/33 30/32 32/34
f 26/32 33/33 32/34
f 33/33 34/35 32/34
f 32/34 34/35 35/36
f 36/35 31/33 32/34
f 36/35 32/34 37/36
f 38/37 36/35 37/36
f 38/37 37/36 39/38
f 40/39 38/37 39/38
f 40/39 39/38 41/40
f 42/41 40/39 41/40
f 42/41 41/40 43/42
f 44/43 42/41 43/42
f 44/43 43/42 45/44
f 46/2 44/43 45/44
f 46/2 45/44 47/9
f 48/7 46/2 47/9
f 48/7 47/9 49/10
f 50/11 48/7 49/10
f 50/11 49/10 51/12
f 52/14 50/11 51/12
f 52/14 51/12 53/15
f 55/18 53/23 54/19
f 55/17 52/14 53/15
f 56/20 55/18 54/19
f 57/21 55/18 56/20
f 57/22 58/16 55/17
f 58/16 52/14 55/17
f 58/45 61/47 59/46
f 60/48 58/45 59/46
f 58/16 60/13 52/14
f 58/45 57/49 61/47
f 59/46 61/47 63/50
f 57/49 62/51 61/47
f 61/47 62/51 64/52
f 61/47 64/52 63/50
f 62/51 65/53 64/52
f 63/50 64/52 66/54
f 64/52 65/53 67/55
f 64/52 67/55 66/54
f 65/53 68/56 67/55
f 66/54 67/55 70/57
f 67/55 68/56 69/58
f 67/55 69/58 70/57
f 66/54 70/57 71/59
f 71/59 70/57 36/35
f 70/57 69/58 31/33
f 70/57 31/33 36/35
f 72/60 71/59 73/61
f 72/60 66/54 71/59
f 73/61 71/59 38/37
f 71/59 36/35 38/37
f 74/62 73/61 40/39
f 74/63 72/60 73/61
f 73/61 38/37 40/39
f 75/64 74/62 42/41
f 75/65 76/66 74/63
f 76/66 72/60 74/63
f 74/62 40/39 42/41
f 77/67 76/66 75/65
f 77/67 59/46 76/66
f 59/46 63/50 76/66
f 76/66 63/50 72/60
f 78/5 77/67 75/65
f 79/4 77/67 78/5
f 79/4 60/48 77/67
f 60/48 59/46 77/67
f 80/6 79/4 78/5
f 79/8 80/3 48/7
f 60/13 79/8 50/11
f 79/8 48/7 50/11
f 80/3 78/1 46/2
f 80/3 46/2 48/7
f 78/1 75/64 44/43
f 78/1 44/43 46/2
f 75/64 42/41 44/43
f 63/50 66/54 72/60
f 68/56 81/68 69/58
f 69/58 81/68 29/31
f 69/58 29/31 31/33
f 81/68 68/69 27/29
f 81/68 27/29 29/31
f 68/69 65/70 82/27
f 68/69 82/27 27/29
f 27/29 82/27 28/28
f 65/70 83/25 82/27
f 82/27 83/25 84/26
f 82/27 84/26 28/28
f 83/25 85/24 84/26
f 83/25 56/20 85/24
f 56/20 54/19 85/24
f 65/70 62/71 83/25
f 62/71 56/20 83/25
f 62/71 57/21 56/20
f 60/13 50/11 52/14
f 34/35 86/37 35/36
f 35/36 86/37 87/38
f 86/37 88/39 87/38
f 87/38 88/39 89/40
f 88/39 90/41 89/40
f 89/40 90/41 91/42
f 90/41 92/43 91/42
f 91/42 92/43 93/44
f 92/43 4/2 93/44
f 93/44 4/2 6/9
f 90/41 94/64 92/43
f 94/64 2/1 92/43
f 92/43 2/1 4/2
f 96/66 95/67 94/65
f 95/67 2/5 94/65
f 96/66 94/65 97/63
f 97/62 94/64 90/41
f 98/60 96/66 97/63
f 98/60 97/63 99/61
f 99/61 97/62 88/39
f 88/39 97/62 90/41
f 100/59 98/60 99/61
f 100/59 99/61 86/37
f 86/37 99/61 88/39
f 102/57 101/54 100/59
f 101/54 98/60 100/59
f 102/57 100/59 34/35
f 34/35 100/59 86/37
f 104/58 103/55 102/57
f 103/55 101/54 102/57
f 104/58 102/57 33/33
f 33/33 102/57 34/35
f 106/68 105/56 104/58
f 105/56 103/55 104/58
f 106/68 104/58 25/31
f 25/31 104/58 33/33
f 105/69 106/68 23/29
f 23/29 106/68 25/31
f 105/56 107/53 103/55
f 107/70 105/69 21/27
f 21/27 105/69 23/29
f 107/53 108/52 103/55
f 107/53 109/51 108/52
f 109/71 107/70 19/25
f 19/25 107/70 21/27
f 109/51 110/47 108/52
f 109/51 16/49 110/47
f 16/21 109/71 15/20
f 15/20 109/71 19/25
f 110/47 111/46 112/50
f 110/47 13/45 111/46
f 16/49 13/45 110/47
f 108/52 110/47 112/50
f 112/50 96/66 98/60
f 112/50 111/46 96/66
f 101/54 112/50 98/60
f 108/52 112/50 101/54
f 111/46 95/67 96/66
f 111/46 10/48 95/67
f 13/45 10/48 111/46
f 103/55 108/52 101/54
f 95/67 3/4 2/5
f 10/48 3/4 95/67
f 25/31 33/33 26/32
f 114/1 113/3 116/2
f 115/4 113/6 114/5
f 113/3 115/8 117/7
f 116/2 113/3 117/7
f 118/9 117/7 119/10
f 116/2 117/7 118/9
f 117/7 120/11 119/10
f 117/7 115/8 120/11
f 119/10 120/11 121/12
f 115/8 122/13 120/11
f 120/11 123/14 121/12
f 120/11 122/13 123/14
f 121/12 123/14 124/15
f 122/13 125/16 123/14
f 123/14 126/17 124/15
f 123/14 125/16 126/17
f 126/18 127/20 129/19
f 126/18 128/21 127/20
f 125/16 128/22 126/17
f 124/23 126/18 129/19
f 129/19 127/20 130/24
f 127/20 131/25 130/24
f 130/24 131/25 132/26
f 131/25 133/27 132/26
f 132/26 133/27 134/28
f 133/27 135/29 134/28
f 134/28 135/29 136/30
f 135/29 137/31 136/30
f 136/30 137/31 138/32
f 141/31 139/29 136/30
f 139/29 140/28 136/30
f 141/31 136/30 142/32
f 143/33 141/31 142/32
f 143/33 142/32 144/34
f 138/32 145/33 144/34
f 145/33 146/35 144/34
f 144/34 146/35 147/36
f 148/35 143/33 144/34
f 148/35 144/34 149/36
f 150/37 148/35 149/36
f 150/37 149/36 151/38
f 152/39 150/37 151/38
f 152/39 151/38 153/40
f 154/41 152/39 153/40
f 154/41 153/40 155/42
f 156/43 154/41 155/42
f 156/43 155/42 157/44
f 158/2 156/43 157/44
f 158/2 157/44 159/9
f 160/7 158/2 159/9
f 160/7 159/9 161/10
f 162/11 160/7 161/10
f 162/11 161/10 163/12
f 164/14 162/11 163/12
f 164/14 163/12 165/15
f 167/18 165/23 166/19
f 167/17 164/14 165/15
f 168/20 167/18 166/19
f 169/21 167/18 168/20
f 169/22 170/16 167/17
f 170/16 164/14 167/17
f 170/45 173/47 171/46
f 172/48 170/45 171/46
f 170/16 172/13 164/14
f 170/45 169/49 173/47
f 171/46 173/47 175/50
f 169/49 174/51 173/47
f 173/47 174/51 176/52
f 173/47 176/52 175/50
f 174/51 177/53 176/52
f 175/50 176/52 178/54
f 176/52 177/53 179/55
f 176/52 179/55 178/54
f 177/53 180/56 179/55
f 178/54 179/55 182/57
f 179/55 180/56 181/58
f 179/55 181/58 182/57
f 178/54 182/57 183/59
f 183/59 182/57 148/35
f 182/57 181/58 143/33
f 182/57 143/33 148/35
f 184/60 183/59 185/61
f 184/60 178/54 183/59
f 185/61 183/59 150/37
f 183/59 148/35 150/37
f 186/62 185/61 152/39
f 186/63 184/60 185/61
f 185/61 150/37 152/39
f 187/64 186/62 154/41
f 187/65 188/66 186/63
f 188/66 184/60 186/63
f 186/62 152/39 154/41
f 189/67 188/66 187/65
f 189/67 171/46 188/66
f 171/46 175/50 188/66
f 188/66 175/50 184/60
f 190/5 189/67 187/65
f 191/4 189/67 190/5
f 191/4 172/48 189/67
f 172/48 171/46 189/67
f 192/6 191/4 190/5
f 191/8 192/3 160/7
f 172/13 191/8 162/11
f 191/8 160/7 162/11
f 192/3 190/1 158/2
f 192/3 158/2 160/7
f 190/1 187/64 156/43
f 190/1 156/43 158/2
f 187/64 154/41 156/43
f 175/50 178/54 184/60
f 180/56 193/68 181/58
f 181/58 193/68 141/31
f 181/58 141/31 143/33
f 193/68 180/69 139/29
f 193/68 139/29 141/31
f 180/69 177/70 194/27
f 180/69 194/27 139/29
f 139/29 194/27 140/28
f 177/70 195/25 194/27
f 194/27 195/25 196/26
f 194/27 196/26 140/28
f 195/25 197/24 196/26
f 195/25 168/20 197/24
f 168/20 166/19 197/24
f 177/70 174/71 195/25
f 174/71 168/20 195/25
f 174/71 169/21 168/20
f 172/13 162/11 164/14
f 146/35 198/37 147/36
f 147/36 198/37 199/38
f 198/37 200/39 199/38
f 199/38 200/39 201/40
f 200/39 202/41 201/40
f 201/40 202/41 203/42
f 202/41 204/43 203/42
f 203/42 204/43 205/44
f 204/43 116/2 205/44
f 205/44 116/2 118/9
f 202/41 206/64 204/43
f 206/64 114/1 204/43
f 204/43 114/1 116/2
f 208/66 207/67 206/65
f 207/67 114/5 206/65
f 208/66 206/65 209/63
f 209/62 206/64 202/41
f 210/60 208/66 209/63
f 210/60 209/63 211/61
f 211/61 209/62 200/39
f 200/39 209/62 202/41
f 212/59 210/60 211/61
f 212/59 211/61 198/37
f 198/37 211/61 200/39
f 214/57 213/54 212/59
f 213/54 210/60 212/59
f 214/57 212/59 146/35
f 146/35 212/59 198/37
f 216/58 215/55 214/57
f 215/55 213/54 214/57
f 216/58 214/57 145/33
f 145/33 214/57 146/35
f 218/68 217/56 216/58
f 217/56 215/55 216/58
f 218/68 216/58 137/31
f 137/31 216/58 145/33
f 217/69 218/68 135/29
f 135/29 218/68 137/31
f 217/56 219/53 215/55
f 219/70 217/69 133/27
f 133/27 217/69 135/29
f 219/53 220/52 215/55
f 219/53 221/51 220/52
f 221/71 219/70 131/25
f 131/25 219/70 133/27
f 221/51 222/47 220/52
f 221/51 128/49 222/47
f 128/21 221/71 127/20
f 127/20 221/71 131/25
f 222/47 223/46 224/50
f 222/47 125/45 223/46
f 128/49 125/45 222/47
f 220/52 222/47 224/50
f 224/50 208/66 210/60
f 224/50 223/46 208/66
f 213/54 224/50 210/60
f 220/52 224/50 213/54
f 223/46 207/67 208/66
f 223/46 122/48 207/67
f 125/45 122/48 223/46
f 215/55 220/52 213/54
f 207/67 115/4 114/5
f 122/48 115/4 207/67
f 137/31 145/33 138/32
f 226/1 225/3 228/2
f 227/4 225/6 226/5
f 225/3 227/8 229/7
f 228/2 225/3 229/7
f 230/9 229/7 231/10
f 228/2 229/7 230/9
f 229/7 232/11 231/10
f 229/7 227/8 232/11
f 231/10 232/11 233/12
f 227/8 234/13 232/11
f 232/11 235/14 233/12
f 232/11 234/13 235/14
f 233/12 235/14 236/15
f 234/13 237/16 235/14
f 235/14 238/17 236/15
f 235/14 237/16 238/17
f 238/18 239/20 241/19
f 238/18 240/21 239/20
f 237/16 240/22 238/17
f 236/23 238/18 241/19
f 241/19 239/20 242/24
f 239/20 243/25 242/24
f 242/24 243/25 244/26
f 243/25 245/27 244/26
f 244/26 245/27 246/28
f 245/27 247/29 246/28
f 246/28 247/29 248/30
f 247/29 249/31 248/30
f 248/30 249/31 250/32
f 253/31 251/29 248/30
f 251/29 252/28 248/30
f 253/31 248/30 254/32
f 255/33 253/31 254/32
f 255/33 254/32 256/34
f 250/32 257/33 256/34
f 257/33 258/35 256/34
f 256/34 258/35 259/36
f 260/35 255/33 256/34
f 260/35 256/34 261/36
f 262/37 260/35 261/36
f 262/37 261/36 263/38
f 264/39 262/37 263/38
f 264/39 263/38 265/40
f 266/41 264/39 265/40
f 266/41 265/40 267/42
f 268/43 266/41 267/42
f 268/43 267/42 269/44
f 270/2 268/43 269/44
f 270/2 269/44 271/9
f 272/7 270/2 271/9
f 272/7 271/9 273/10
f 274/11 272/7 273/10
f 274/11 273/10 275/12
f 276/14 274/11 275/12
f 276/14 275/12 277/15
f 279/18 277/23 278/19
f 279/17 276/14 277/15
f 280/20 279/18 278/19
f 281/21 279/18 280/20
f 281/22 282/16 279/17
f 282/16 276/14 279/17
f 282/45 285/47 283/46
f 284/48 282/45 283/46
f 282/16 284/13 276/14
f 282/45 281/49 285/47
f 283/46 285/47 287/50
f 281/49 286/51 285/47
f 285/47 286/51 288/52
f 285/47 288/52 287/50
f 286/51 289/53 288/52
f 287/50 288/52 290/54
f 288/52 289/53 291/55
f 288/52 291/55 290/54
f 289/53 292/56 291/55
f 290/54 291/55 294/57
f 291/55 292/56 293/58
f 291/55 293/58 294/57
f 290/54 294/57 295/59
f 295/59 294/57 260/35
f 294/57 293/58 255/33
f 294/57 255/33 260/35
f 296/60 295/59 297/61
f 296/60 290/54 295/59
f 297/61 295/59 262/37
f 295/59 260/35 262/37
f 298/62 297/61 264/39
f 298/63 296/60 297/61
f 297/61 262/37 264/39
f 299/64 298/62 266/41
f 299/65 300/66 298/63
f 300/66 296/60 298/63
f 298/62 264/39 266/41
f 301/67 300/66 299/65
f 301/67 283/46 300/66
f 283/46 287/50 300/66
f 300/66 287/50 296/60
f 302/5 301/67 299/65
f 303/4 301/67 302/5
f 303/4 284/48 301/67
f 284/48 283/46 301/67
f 304/6 303/4 302/5
f 303/8 304/3 272/7
f 284/13 303/8 274/11
f 303/8 272/7 274/11
f 304/3 302/1 270/2
f 304/3 270/2 272/7
f 302/1 299/64 268/43
f 302/1 268/43 270/2
f 299/64 266/41 268/43
f 287/50 290/54 296/60
f 292/56 305/68 293/58
f 293/58 305/68 253/31
f 293/58 253/31 255/33
f 305/68 292/69 251/29
f 305/68 251/29 253/31
f 292/69 289/70 306/27
f 292/69 306/27 251/29
f 251/29 306/27 252/28
f 289/70 307/25 306/27
f 306/27 307/25 308/26
f 306/27 308/26 252/28
f 307/25 309/24 308/26
f 307/25 280/20 309/24
f 280/20 278/19 309/24
f 289/70 286/71 307/25
f 286/71 280/20 307/25
f 286/71 281/21 280/20
f 284/13 274/11 276/14
f 258/35 310/37 259/36
f 259/36 310/37 311/38
f 310/37 312/39 311/38
f 311/38 312/39 313/40
f 312/39 314/41 313/40
f 313/40 314/41 315/42
f 314/41 316/43 315/42
f 315/42 316/43 317/44
f 316/43 228/2 317/44
f 317/44 228/2 230/9
f 314/41 318/64 316/43
f 318/64 226/1 316/43
f 316/43 226/1 228/2
f 320/66 319/67 318/65
f 319/67 226/5 318/65
f 320/66 318/65 321/63
f 321/62 318/64 314/41
f 322/60 320/66 321/63
f 322/60 321/63 323/61
f 323/61 321/62 312/39
f 312/39 321/62 314/41
f 324/59 322/60 323/61
f 324/59 323/61 310/37
f 310/37 323/61 312/39
f 326/57 325/54 324/59
f 325/54 322/60 324/59
f 326/57 324/59 258/35
f 258/35 324/59 310/37
f 328/58 327/55 326/57
f 327/55 325/54 326/57
f 328/58 326/57 257/33
f 257/33 326/57 258/35
f 330/68 329/56 328/58
f 329/56 327/55 328/58
f 330/68 328/58 249/31
f 249/31 328/58 257/33
f 329/69 330/68 247/29
f 247/29 330/68 249/31
f 329/56 331/53 327/55
f 331/70 329/69 245/27
f 245/27 329/69 247/29
f 331/53 332/52 327/55
f 331/53 333/51 332/52
f 333/71 331/70 243/25
f 243/25 331/70 245/27
f 333/51 334/47 332/52
f 333/51 240/49 334/47
f 240/21 333/71 239/20
f 239/20 333/71 243/25
f 334/47 335/46 336/50
f 334/47 237/45 335/46
f 240/49 237/45 334/47
f 332/52 334/47 336/50
f 336/50 320/66 322/60
f 336/50 335/46 320/66
f 325/54 336/50 322/60
f 332/52 336/50 325/54
f 335/46 319/67 320/66
f 335/46 234/48 319/67
f 237/45 234/48 335/46
f 327/55 332/52 325/54
f 319/67 227/4 226/5
f 234/48 227/4 319/67
f 249/31 257/33 250/32
f 338/1 337/3 340/2
f 339/4 337/6 338/5
f 337/3 339/8 341/7
f 340/2 337/3 341/7
f 342/9 341/7 343/10
f 340/2 341/7 342/9
f 341/7 344/11 343/10
f 341/7 339/8 344/11
f 343/10 344/11 345/12
f 339/8 346/13 344/11
f 344/11 347/14 345/12
f 344/11 346/13 347/14
f 345/12 347/14 348/15
f 346/13 349/16 347/14
f 347/14 350/17 348/15
f 347/14 349/16 350/17
f 350/18 351/20 353/19
f 350/18 352/21 351/20
f 349/16 352/22 350/17
f 348/23 350/18 353/19
f 353/19 351/20 354/24
f 351/20 355/25 354/24
f 354/24 355/25 356/26
f 355/25 357/27 356/26
f 356/26 357/27 358/28
f 357/27 359/29 358/28
f 358/28 359/29 360/30
f 359/29 361/31 360/30
f 360/30 361/31 362/32
f 365/31 363/29 360/30
f 363/29 364/28 360/30
f 365/31 360/30 366/32
f 367/33 365/31 366/32
f 367/33 366/32 368/34
f 362/32 369/33 368/34
f 369/33 370/35 368/34
f 368/34 370/35 371/36
f 372/35 367/33 368/34
f 372/35 368/34 373/36
f 374/37 372/35 373/36
f 374/37 373/36 375/38
f 376/39 374/37 375/38
f 376/39 375/38 377/40
f 378/41 376/39 377/40
f 378/41 377/40 379/42
f 380/43 378/41 379/42
f 380/43 379/42 381/44
f 382/2 380/43 381/44
f 382/2 381/44 383/9
f 384/7 382/2 383/9
f 384/7 383/9 385/10
f 386/11 384/7 385/10
f 386/11 385/10 387/12
f 388/14 386/11 387/12
f 388/14 387/12 389/15
f 391/18 389/23 390/19
f 391/17 388/14 389/15
f 392/20 391/18 390/19
f 393/21 391/18 392/20
f 393/22 394/16 391/17
f 394/16 388/14 391/17
f 394/45 397/47 395/46
f 396/48 394/45 395/46
f 394/16 396/13 388/14
f 394/45 393/49 397/47
f 395/46 397/47 399/50
f 393/49 398/51 397/47
f 397/47 398/51 400/52
f 397/47 400/52 399/50
f 398/51 401/53 400/52
f 399/50 400/52 402/54
f 400/52 401/53 403/55
f 400/52 403/55 402/54
f 401/53 404/56 403/55
f 402/54 403/55 406/57
f 403/55 404/56 405/58
f 403/55 405/58 406/57
f 402/54 406/57 407/59
f 407/59 406/57 372/35
f 406/57 405/58 367/33
f 406/57 367/33 372/35
f 408/60 407/59 409/61
f 408/60 402/54 407/59
f 409/61 407/59 374/37
f 407/59 372/35 374/37
f 410/62 409/61 376/39
f 410/63 408/60 409/61
f 409/61 374/37 376/39
f 411/64 410/62 378/41
f 411/65 412/66 410/63
f 412/66 408/60 410/63
f 410/62 376/39 378/41
f 413/67 412/66 411/65
f 413/67 395/46 412/66
f 395/46 399/50 412/66
f 412/66 399/50 408/60
f 414/5 413/67 411/65
f 415/4 413/67 414/5
f 415/4 396/48 413/67
f 396/48 395/46 413/67
f 416/6 415/4 414/5
f 415/8 416/3 384/7
f 396/13 415/8 386/11
f 415/8 384/7 386/11
f 416/3 414/1 382/2
f 416/3 382/2 384/7
f 414/1 411/64 380/43
f 414/1 380/43 382/2
f 411/64 378/41 380/43
f 399/50 402/54 408/60
f 404/56 417/68 405/58
f 405/58 417/68 365/31
f 405/58 365/31 367/33
f 417/68 404/69 363/29
f 417/68 363/29 365/31
f 404/69 401/70 418/27
f 404/69 418/27 363/29
f 363/29 418/27 364/28
f 401/70 419/25 418/27
f 418/27 419/25 420/26
f 418/27 420/26 364/28
f 419/25 421/24 420/26
f 419/25 392/20 421/24
f 392/20 390/19 421/24
f 401/70 398/71 419/25
f 398/71 392/20 419/25
f 398/71 393/21 392/20
f 396/13 386/11 388/14
f 370/35 422/37 371/36
f 371/36 422/37 423/38
f 422/37 424/39 423/38
f 423/38 424/39 425/40
f 424/39 426/41 425/40
f 425/40 426/41 427/42
f 426/41 428/43 427/42
f 427/42 428/43 429/44
f 428/43 340/2 429/44
f 429/44 340/2 342/9
f 426/41 430/64 428/43
f 430/64 338/1 428/43
f 428/43 338/1 340/2
f 432/66 431/67 430/65
f 431/67 338/5 430/65
f 432/66 430/65 433/63
f 433/62 430/64 426/41
f 434/60 432/66 433/63
f 434/60 433/63 435/61
f 435/61 433/62 424/39
f 424/39 433/62 426/41
f 436/59 434/60 435/61
f 436/59 435/61 422/37
f 422/37 435/61 424/39
f 438/57 437/54 436/59
f 437/54 434/60 436/59
f 438/57 436/59 370/35
f 370/35 436/59 422/37
f 440/58 439/55 438/57
f 439/55 437/54 438/57
f 440/58 438/57 369/33
f 369/33 438/57 370/35
f 442/68 441/56 440/58
f 441/56 439/55 440/58
f 442/68 440/58 361/31
f 361/31 440/58 369/33
f 441/69 442/68 359/29
f 359/29 442/68 361/31
f 441/56 443/53 439/55
f 443/70 441/69 357/27
f 357/27 441/69 359/29
f 443/53 444/52 439/55
f 443/53 445/51 444/52
f 445/71 443/70 355/25
f 355/25 443/70 357/27
f 445/51 446/47 444/52
f 445/51 352/49 446/47
f 352/21 445/71 351/20
f 351/20 445/71 355/25
f 446/47 447/46 448/50
f 446/47 349/45 447/46
f 352/49 349/45 446/47
f 444/52 446/47 448/50
f 448/50 432/66 434/60
f 448/50 447/46 432/66
f 437/54 448/50 434/60
f 444/52 448/50 437/54
f 447/46 431/67 432/66
f 447/46 346/48 431/67
f 349/45 346/48 447/46
f 439/55 444/52 437/54
f 431/67 339/4 338/5
f 346/48 339/4 431/67
f 361/31 369/33 362/32
f 450/1 449/3 452/2
f 451/4 449/6 450/5
f 449/3 451/8 453/7
f 452/2 449/3 453/7
f 454/9 453/7 455/10
f 452/2 453/7 454/9
f 453/7 456/11 455/10
f 453/7 451/8 456/11
f 455/10 456/11 457/12
f 451/8 458/13 456/11
f 456/11 459/14 457/12
f 456/11 458/13 459/14
f 457/12 459/14 460/15
f 458/13 461/16 459/14
f 459/14 462/17 460/15
f 459/14 461/16 462/17
f 462/18 463/20 465/19
f 462/18 464/21 463/20
f 461/16 464/22 462/17
f 460/23 462/18 465/19
f 465/19 463/20 466/24
f 463/20 467/25 466/24
f 466/24 467/25 468/26
f 467/25 469/27 468/26
f 468/26 469/27 470/28
f 469/27 471/29 470/28
f 470/28 471/29 472/30
f 471/29 473/31 472/30
f 472/30 473/31 474/32
f 477/31 475/29 472/30
f 475/29 476/28 472/30
f 477/31 472/30 478/32
f 479/33 477/31 478/32
f 479/33 478/32 480/34
f 474/32 481/33 480/34
f 481/33 482/35 480/34
f 480/34 482/35 483/36
f 484/35 479/33 480/34
f 484/35 480/34 485/36
f 486/37 484/35 485/36
f 486/37 485/36 487/38
f 488/39 486/37 487/38
f 488/39 487/38 489/40
f 490/41 488/39 489/40
f 490/41 489/40 491/42
f 492/43 490/41 491/42
f 492/43 491/42 493/44
f 494/2 492/43 493/44
f 494/2 493/44 495/9
f 496/7 494/2 495/9
f 496/7 495/9 497/10
f 498/11 496/7 497/10
f 498/11 497/10 499/12
f 500/14 498/11 499/12
f 500/14 499/12 501/15
f 503/18 501/23 502/19
f 503/17 500/14 501/15
f 504/20 503/18 502/19
f 505/21 503/18 504/20
f 505/22 506/16 503/17
f 506/16 500/14 503/17
f 506/45 509/47 507/46
f 508/48 506/45 507/46
f 506/16 508/13 500/14
f 506/45 505/49 509/47
f 507/46 509/47 511/50
f 505/49 510/51 509/47
f 509/47 510/51 512/52
f 509/47 512/52 511/50
f 510/51 513/53 512/52
f 511/50 512/52 514/54
f 512/52 513/53 515/55
f 512/52 515/55 514/54
f 513/53 516/56 515/55
f 514/54 515/55 518/57
f 515/55 516/56 517/58
f 515/55 517/58 518/57
f 514/54 518/57 519/59
f 519/59 518/57 484/35
f 518/57 517/58 479/33
f 518/57 479/33 484/35
f 520/60 519/59 521/61
f 520/60 514/54 519/59
f 521/61 519/59 486/37
f 519/59 484/35 486/37
f 522/62 521/61 488/39
f 522/63 520/60 521/61
f 521/61 486/37 488/39
f 523/64 522/62 490/41
f 523/65 524/66 522/63
f 524/66 520/60 522/63
f 522/62 488/39 490/41
f 525/67 524/66 523/65
f 525/67 507/46 524/66
f 507/46 511/50 524/66
f 524/66 511/50 520/60
f 526/5 525/67 523/65
f 527/4 525/67 526/5
f 527/4 508/48 525/67
f 508/48 507/46 525/67
f 528/6 527/4 526/5
f 527/8 528/3 496/7
f 508/13 527/8 498/11
f 527/8 496/7 498/11
f 528/3 526/1 494/2
f 528/3 494/2 496/7
f 526/1 523/64 492/43
f 526/1 492/43 494/2
f 523/64 490/41 492/43
f 511/50 514/54 520/60
f 516/56 529/68 517/58
f 517/58 529/68 477/31
f 517/58 477/31 479/33
f 529/68 516/69 475/29
f 529/68 475/29 477/31
f 516/69 513/70 530/27
f 516/69 530/27 475/29
f 475/29 530/27 476/28
f 513/70 531/25 530/27
f 530/27 531/25 532/26
f 530/27 532/26 476/28
f 531/25 533/24 532/26
f 531/25 504/20 533/24
f 504/20 502/19 533/24
f 513/70 510/71 531/25
f 510/71 504/20 531/25
f 510/71 505/21 504/20
f 508/13 498/11 500/14
f 482/35 534/37 483/36
f 483/36 534/37 535/38
f 534/37 536/39 535/38
f 535/38 536/39 537/40
f 536/39 538/41 537/40
f 537/40 538/41 539/42
f 538/41 540/43 539/42
f 539/42 540/43 541/44
f 540/43 452/2 541/44
f 541/44 452/2 454/9
f 538/41 542/64 540/43
f 542/64 450/1 540/43
f 540/43 450/1 452/2
f 544/66 543/67 542/65
f 543/67 450/5 542/65
f 544/66 542/65 545/63
f 545/62 542/64 538/41
f 546/60 544/66 545/63
f 546/60 545/63 547/61
f 547/61 545/62 536/39
f 536/39 545/62 538/41
f 548/59 546/60 547/61
f 548/59 547/61 534/37
f 534/37 547/61 536/39
f 550/57 549/54 548/59
f 549/54 546/60 548/59
f 550/57 548/59 482/35
f 482/35 548/59 534/37
f 552/58 551/55 550/57
f 551/55 549/54 550/57
f 552/58 550/57 481/33
f 481/33 550/57 482/35
f 554/68 553/56 552/58
f 553/56 551/55 552/58
f 554/68 552/58 473/31
f 473/31 552/58 481/33
f 553/69 554/68 471/29
f 471/29 554/68 473/31
f 553/56 555/53 551/55
f 555/70 553/69 469/27
f 469/27 553/69 471/29
f 555/53 556/52 551/55
f 555/53 557/51 556/52
f 557/71 555/70 467/25
f 467/25 555/70 469/27
f 557/51 558/47 556/52
f 557/51 464/49 558/47
f 464/21 557/71 463/20
f 463/20 557/71 467/25
f 558/47 559/46 560/50
f 558/47 461/45 559/46
f 464/49 461/45 558/47
f 556/52 558/47 560/50
f 560/50 544/66 546/60
f 560/50 559/46 544/66
f 549/54 560/50 546/60
f 556/52 560/50 549/54
f 559/46 543/67 544/66
f 559/46 458/48 543/67
f 461/45 458/48 559/46
f 551/55 556/52 549/54
f 543/67 451/4 450/5
f 458/48 451/4 543/67
f 473/31 481/33 474/32
f 563/4 562/5 561/6
f 564/67 562/5 563/4
f 565/48 564/67 563/4
f 564/67 566/65 562/5
f 567/46 564/67 565/48
f 568/45 567/46 565/48
f 569/66 566/65 564/67
f 567/46 569/66 564/67
f 569/66 570/63 566/65
f 571/47 567/46 568/45
f 572/49 571/47 568/45
f 573/51 571/47 572/49
f 574/60 570/63 569/66
f 574/60 575/61 570/63
f 576/50 569/66 567/46
f 571/47 576/50 567/46
f 576/50 574/60 569/66
f 573/51 577/52 571/47
f 577/52 576/50 571/47
f 578/53 577/52 573/51
f 579/54 574/60 576/50
f 577/52 579/54 576/50
f 578/53 580/55 577/52
f 580/55 579/54 577/52
f 581/56 580/55 578/53
f 579/54 582/59 574/60
f 582/59 575/61 574/60
f 581/56 583/58 580/55
f 584/68 583/58 581/56
f 580/55 585/57 579/54
f 585/57 582/59 579/54
f 583/58 585/57 580/55
f 582/59 586/37 575/61
f 585/57 587/35 582/59
f 587/35 586/37 582/59
f 583/58 588/33 585/57
f 588/33 587/35 585/57
f 584/68 589/31 583/58
f 589/31 588/33 583/58
f 586/37 590/39 575/61
f 575/61 590/39 570/62
f 591/29 589/31 584/68
f 581/69 591/29 584/68
f 590/39 592/41 570/62
f 570/62 592/41 566/64
f 593/27 591/29 581/69
f 578/70 593/27 581/69
f 592/41 594/43 566/64
f 566/64 594/43 562/1
f 595/25 593/27 578/70
f 573/71 595/25 578/70
f 594/43 596/2 562/1
f 562/1 596/2 561/3
f 597/20 595/25 573/71
f 572/21 597/20 573/71
f 598/18 597/20 572/21
f 598/18 599/19 597/20
f 600/23 599/19 598/18
f 599/19 601/24 597/20
f 597/20 601/24 595/25
f 601/24 602/26 595/25
f 595/25 602/26 593/27
f 602/26 603/28 593/27
f 593/27 603/28 591/29
f 603/28 604/30 591/29
f 591/29 604/30 589/31
f 604/30 605/32 589/31
f 589/31 605/32 588/33
f 605/32 606/34 588/33
f 588/33 606/34 587/35
f 606/34 607/36 587/35
f 587/35 607/36 586/37
f 607/36 608/38 586/37
f 586/37 608/38 590/39
f 608/38 609/40 590/39
f 590/39 609/40 592/41
f 609/40 610/42 592/41
f 592/41 610/42 594/43
f 610/42 611/44 594/43
f 594/43 611/44 596/2
f 611/44 612/9 596/2
f 596/2 612/9 613/7
f 596/2 613/7 561/3
f 612/9 614/10 613/7
f 561/3 613/7 563/8
f 613/7 614/10 615/11
f 613/7 615/11 563/8
f 614/10 616/12 615/11
f 563/8 615/11 565/13
f 615/11 616/12 617/14
f 615/11 617/14 565/13
f 616/12 600/15 617/14
f 565/13 617/14 568/16
f 617/14 600/15 598/17
f 617/14 598/17 568/16
f 568/16 598/17 572/22
f 620/6 619/5 618/4
f 618/4 619/5 621/67
f 619/5 622/65 621/67
f 618/4 621/67 623/48
f 621/67 622/65 624/66
f 622/65 625/63 624/66
f 623/48 621/67 626/46
f 621/67 624/66 626/46
f 623/48 626/46 627/45
f 624/66 625/63 628/60
f 625/63 629/61 628/60
f 627/45 626/46 630/47
f 627/45 630/47 631/49
f 631/49 630/47 632/51
f 626/46 624/66 633/50
f 626/46 633/50 630/47
f 624/66 628/60 633/50
f 630/47 634/52 632/51
f 630/47 633/50 634/52
f 632/51 634/52 635/53
f 633/50 628/60 636/54
f 633/50 636/54 634/52
f 634/52 637/55 635/53
f 634/52 636/54 637/55
f 635/53 637/55 638/56
f 628/60 639/59 636/54
f 628/60 629/61 639/59
f 637/55 640/58 638/56
f 638/56 640/58 641/68
f 636/54 642/57 637/55
f 636/54 639/59 642/57
f 637/55 642/57 640/58
f 629/61 643/37 639/59
f 639/59 644/35 642/57
f 639/59 643/37 644/35
f 642/57 645/33 640/58
f 642/57 644/35 645/33
f 640/58 646/31 641/68
f 640/58 645/33 646/31
f 629/61 647/39 643/37
f 625/62 647/39 629/61
f 641/68 646/31 648/29
f 641/68 648/29 638/69
f 625/62 649/41 647/39
f 622/64 649/41 625/62
f 638/69 648/29 650/27
f 638/69 650/27 635/70
f 622/64 651/43 649/41
f 619/1 651/43 622/64
f 635/70 650/27 652/25
f 635/70 652/25 632/71
f 619/1 653/2 651/43
f 620/3 653/2 619/1
f 632/71 652/25 654/20
f 632/71 654/20 631/21
f 631/21 654/20 655/18
f 654/20 656/19 655/18
f 655/18 656/19 657/23
f 654/20 658/24 656/19
f 652/25 658/24 654/20
f 652/25 659/26 658/24
f 650/27 659/26 652/25
f 650/27 660/28 659/26
f 648/29 660/28 650/27
f 648/29 604/30 660/28
f 646/31 604/30 648/29
f 646/31 661/32 604/30
f 645/33 661/32 646/31
f 645/33 606/34 661/32
f 644/35 606/34 645/33
f 644/35 662/36 606/34
f 643/37 662/36 644/35
f 643/37 663/38 662/36
f 647/39 663/38 643/37
f 647/39 664/40 663/38
f 649/41 664/40 647/39
f 649/41 665/42 664/40
f 651/43 665/42 649/41
f 651/43 666/44 665/42
f 653/2 666/44 651/43
f 653/2 667/9 666/44
f 668/7 667/9 653/2
f 620/3 668/7 653/2
f 668/7 669/10 667/9
f 618/8 668/7 620/3
f 670/11 669/10 668/7
f 618/8 670/11 668/7
f 670/11 671/12 669/10
f 623/13 670/11 618/8
f 672/14 671/12 670/11
f 623/13 672/14 670/11
f 672/14 657/15 671/12
f 627/16 672/14 623/13
f 655/17 657/15 672/14
f 627/16 655/17 672/14
f 631/22 655/17 627/16
f 674/1 676/2 673/3
f 675/4 674/5 673/6
f 673/3 677/7 675/8
f 676/2 677/7 673/3
f 678/9 679/10 677/7
f 676/2 678/9 677/7
f 677/7 679/10 680/11
f 677/7 680/11 675/8
f 679/10 681/12 680/11
f 675/8 680/11 682/13
f 680/11 681/12 683/14
f 680/11 683/14 682/13
f 681/12 684/15 683/14
f 682/13 683/14 685/16
f 683/14 684/15 686/17
f 683/14 686/17 685/16
f 686/18 689/19 687/20
f 686/18 687/20 688/21
f 685/16 686/17 688/22
f 684/23 689/19 686/18
f 689/19 690/24 687/20
f 687/20 690/24 691/25
f 690/24 692/26 691/25
f 691/25 692/26 693/27
f 692/26 694/28 693/27
f 693/27 694/28 695/29
f 694/28 696/30 695/29
f 695/29 696/30 697/31
f 696/30 698/32 697/31
f 701/31 696/30 699/29
f 699/29 696/30 700/28
f 701/31 702/32 696/30
f 703/33 702/32 701/31
f 703/33 704/34 702/32
f 698/32 704/34 705/33
f 705/33 704/34 706/35
f 704/34 707/36 706/35
f 708/35 704/34 703/33
f 708/35 709/36 704/34
f 710/37 709/36 708/35
f 710/37 711/38 709/36
f 712/39 711/38 710/37
f 712/39 713/40 711/38
f 714/41 713/40 712/39
f 714/41 715/42 713/40
f 716/43 715/42 714/41
f 716/43 717/44 715/42
f 718/2 717/44 716/43
f 718/2 719/9 717/44
f 720/7 719/9 718/2
f 720/7 721/10 719/9
f 722/11 721/10 720/7
f 722/11 723/12 721/10
f 724/14 723/12 722/11
f 724/14 725/15 723/12
f 727/18 726/19 725/23
f 727/17 725/15 724/14
f 728/20 726/19 727/18
f 729/21 728/20 727/18
f 729/22 727/17 730/16
f 730/16 727/17 724/14
f 730/45 731/46 733/47
f 732/48 731/46 730/45
f 730/16 724/14 732/13
f 730/45 733/47 729/49
f 731/46 735/50 733/47
f 729/49 733/47 734/51
f 733/47 736/52 734/51
f 733/47 735/50 736/52
f 734/51 736/52 737/53
f 735/50 738/54 736/52
f 736/52 739/55 737/53
f 736/52 738/54 739/55
f 737/53 739/55 740/56
f 738/54 742/57 739/55
f 739/55 741/58 740/56
f 739/55 742/57 741/58
f 738/54 743/59 742/57
f 743/59 708/35 742/57
f 742/57 703/33 741/58
f 742/57 708/35 703/33
f 744/60 745/61 743/59
f 744/60 743/59 738/54
f 745/61 710/37 743/59
f 743/59 710/37 708/35
f 746/62 712/39 745/61
f 746/63 745/61 744/60
f 745/61 712/39 710/37
f 747/64 714/41 746/62
f 747/65 746/63 748/66
f 748/66 746/63 744/60
f 746/62 714/41 712/39
f 749/67 747/65 748/66
f 749/67 748/66 731/46
f 731/46 748/66 735/50
f 748/66 744/60 735/50
f 750/5 747/65 749/67
f 751/4 750/5 749/67
f 751/4 749/67 732/48
f 732/48 749/67 731/46
f 752/6 750/5 751/4
f 751/8 720/7 752/3
f 732/13 722/11 751/8
f 751/8 722/11 720/7
f 752/3 718/2 750/1
f 752/3 720/7 718/2
f 750/1 716/43 747/64
f 750/1 718/2 716/43
f 747/64 716/43 714/41
f 735/50 744/60 738/54
f 740/56 741/58 753/68
f 741/58 701/31 753/68
f 741/58 703/33 701/31
f 753/68 699/29 740/69
f 753/68 701/31 699/29
f 740/69 754/27 737/70
f 740/69 699/29 754/27
f 699/29 700/28 754/27
f 737/70 754/27 755/25
f 754/27 756/26 755/25
f 754/27 700/28 756/26
f 755/25 756/26 757/24
f 755/25 757/24 728/20
f 728/20 757/24 726/19
f 737/70 755/25 734/71
f 734/71 755/25 728/20
f 734/71 728/20 729/21
f 732/13 724/14 722/11
f 706/35 707/36 758/37
f 707/36 759/38 758/37
f 758/37 759/38 760/39
f 759/38 761/40 760/39
f 760/39 761/40 762/41
f 761/40 763/42 762/41
f 762/41 763/42 764/43
f 763/42 765/44 764/43
f 764/43 765/44 676/2
f 765/44 678/9 676/2
f 762/41 764/43 766/64
f 766/64 764/43 674/1
f 764/43 676/2 674/1
f 768/66 766/65 767/67
f 767/67 766/65 674/5
f 768/66 769/63 766/65
f 769/62 762/41 766/64
f 770/60 769/63 768/66
f 770/60 771/61 769/63
f 771/61 760/39 769/62
f 760/39 762/41 769/62
f 772/59 771/61 770/60
f 772/59 758/37 771/61
f 758/37 760/39 771/61
f 774/57 772/59 773/54
f 773/54 772/59 770/60
f 774/57 706/35 772/59
f 706/35 758/37 772/59
f 776/58 774/57 775/55
f 775/55 774/57 773/54
f 776/58 705/33 774/57
f 705/33 706/35 774/57
f 778/68 776/58 777/56
f 777/56 776/58 775/55
f 778/68 697/31 776/58
f 697/31 705/33 776/58
f 777/69 695/29 778/68
f 695/29 697/31 778/68
f 777/56 775/55 779/53
f 779/70 693/27 777/69
f 693/27 695/29 777/69
f 779/53 775/55 780/52
f 779/53 780/52 781/51
f 781/71 691/25 779/70
f 691/25 693/27 779/70
f 781/51 780/52 782/47
f 781/51 782/47 688/49
f 688/21 687/20 781/71
f 687/20 691/25 781/71
f 782/47 784/50 783/46
f 782/47 783/46 685/45
f 688/49 782/47 685/45
f 780/52 784/50 782/47
f 784/50 770/60 768/66
f 784/50 768/66 783/46
f 773/54 770/60 784/50
f 780/52 773/54 784/50
f 783/46 768/66 767/67
f 783/46 767/67 682/48
f 685/45 783/46 682/48
f 775/55 773/54 780/52
f 767/67 674/5 675/4
f 682/48 767/67 675/4
f 697/31 698/32 705/33
f 786/1 788/2 785/3
f 787/4 786/5 785/6
f 785/3 789/7 787/8
f 788/2 789/7 785/3
f 790/9 791/10 789/7
f 788/2 790/9 789/7
f 789/7 791/10 792/11
f 789/7 792/11 787/8
f 791/10 793/12 792/11
f 787/8 792/11 794/13
f 792/11 793/12 795/14
f 792/11 795/14 794/13
f 793/12 796/15 795/14
f 794/13 795/14 797/16
f 795/14 796/15 798/17
f 795/14 798/17 797/16
f 798/18 801/19 799/20
f 798/18 799/20 800/21
f 797/16 798/17 800/22
f 796/23 801/19 798/18
f 801/19 802/24 799/20
f 799/20 802/24 803/25
f 802/24 804/26 803/25
f 803/25 804/26 805/27
f 804/26 806/28 805/27
f 805/27 806/28 807/29
f 806/28 808/30 807/29
f 807/29 808/30 809/31
f 808/30 810/32 809/31
f 813/31 808/30 811/29
f 811/29 808/30 812/28
f 813/31 814/32 808/30
f 815/33 814/32 813/31
f 815/33 816/34 814/32
f 810/32 816/34 817/33
f 817/33 816/34 818/35
f 816/34 819/36 818/35
f 820/35 816/34 815/33
f 820/35 821/36 816/34
f 822/37 821/36 820/35
f 822/37 823/38 821/36
f 824/39 823/38 822/37
f 824/39 825/40 823/38
f 826/41 825/40 824/39
f 826/41 827/42 825/40
f 828/43 827/42 826/41
f 828/43 829/44 827/42
f 830/2 829/44 828/43
f 830/2 831/9 829/44
f 832/7 831/9 830/2
f 832/7 833/10 831/9
f 834/11 833/10 832/7
f 834/11 835/12 833/10
f 836/14 835/12 834/11
f 836/14 837/15 835/12
f 839/18 838/19 837/23
f 839/17 837/15 836/14
f 840/20 838/19 839/18
f 841/21 840/20 839/18
f 841/22 839/17 842/16
f 842/16 839/17 836/14
f 842/45 843/46 845/47
f 844/48 843/46 842/45
f 842/16 836/14 844/13
f 842/45 845/47 841/49
f 843/46 847/50 845/47
f 841/49 845/47 846/51
f 845/47 848/52 846/51
f 845/47 847/50 848/52
f 846/51 848/52 849/53
f 847/50 850/54 848/52
f 848/52 851/55 849/53
f 848/52 850/54 851/55
f 849/53 851/55 852/56
f 850/54 854/57 851/55
f 851/55 853/58 852/56
f 851/55 854/57 853/58
f 850/54 855/59 854/57
f 855/59 820/35 854/57
f 854/57 815/33 853/58
f 854/57 820/35 815/33
f 856/60 857/61 855/59
f 856/60 855/59 850/54
f 857/61 822/37 855/59
f 855/59 822/37 820/35
f 858/62 824/39 857/61
f 858/63 857/61 856/60
f 857/61 824/39 822/37
f 859/64 826/41 858/62
f 859/65 858/63 860/66
f 860/66 858/63 856/60
f 858/62 826/41 824/39
f 861/67 859/65 860/66
f 861/67 860/66 843/46
f 843/46 860/66 847/50
f 860/66 856/60 847/50
f 862/5 859/65 861/67
f 863/4 862/5 861/67
f 863/4 861/67 844/48
f 844/48 861/67 843/46
f 864/6 862/5 863/4
f 863/8 832/7 864/3
f 844/13 834/11 863/8
f 863/8 834/11 832/7
f 864/3 830/2 862/1
f 864/3 832/7 830/2
f 862/1 828/43 859/64
f 862/1 830/2 828/43
f 859/64 828/43 826/41
f 847/50 856/60 850/54
f 852/56 853/58 865/68
f 853/58 813/31 865/68
f 853/58 815/33 813/31
f 865/68 811/29 852/69
f 865/68 813/31 811/29
f 852/69 866/27 849/70
f 852/69 811/29 866/27
f 811/29 812/28 866/27
f 849/70 866/27 867/25
f 866/27 868/26 867/25
f 866/27 812/28 868/26
f 867/25 868/26 869/24
f 867/25 869/24 840/20
f 840/20 869/24 838/19
f 849/70 867/25 846/71
f 846/71 867/25 840/20
f 846/71 840/20 841/21
f 844/13 836/14 834/11
f 818/35 819/36 870/37
f 819/36 871/38 870/37
f 870/37 871/38 872/39
f 871/38 873/40 872/39
f 872/39 873/40 874/41
f 873/40 875/42 874/41
f 874/41 875/42 876/43
f 875/42 877/44 876/43
f 876/43 877/44 788/2
f 877/44 790/9 788/2
f 874/41 876/43 878/64
f 878/64 876/43 786/1
f 876/43 788/2 786/1
f 880/66 878/65 879/67
f 879/67 878/65 786/5
f 880/66 881/63 878/65
f 881/62 874/41 878/64
f 882/60 881/63 880/66
f 882/60 883/61 881/63
f 883/61 872/39 881/62
f 872/39 874/41 881/62
f 884/59 883/61 882/60
f 884/59 870/37 883/61
f 870/37 872/39 883/61
f 886/57 884/59 885/54
f 885/54 884/59 882/60
f 886/57 818/35 884/59
f 818/35 870/37 884/59
f 888/58 886/57 887/55
f 887/55 886/57 885/54
f 888/58 817/33 886/57
f 817/33 818/35 886/57
f 890/68 888/58 889/56
f 889/56 888/58 887/55
f 890/68 809/31 888/58
f 809/31 817/33 888/58
f 889/69 807/29 890/68
f 807/29 809/31 890/68
f 889/56 887/55 891/53
f 891/70 805/27 889/69
f 805/27 807/29 889/69
f 891/53 887/55 892/52
f 891/53 892/52 893/51
f 893/71 803/25 891/70
f 803/25 805/27 891/70
f 893/51 892/52 894/47
f 893/51 894/47 800/49
f 800/21 799/20 893/71
f 799/20 803/25 893/71
f 894/47 896/50 895/46
f 894/47 895/46 797/45
f 800/49 894/47 797/45
f 892/52 896/50 894/47
f 896/50 882/60 880/66
f 896/50 880/66 895/46
f 885/54 882/60 896/50
f 892/52 885/54 896/50
f 895/46 880/66 879/67
f 895/46 879/67 794/48
f 797/45 895/46 794/48
f 887/55 885/54 892/52
f 879/67 786/5 787/4
f 794/48 879/67 787/4
f 809/31 810/32 817/33
f 898/1 900/2 897/3
f 899/4 898/5 897/6
f 897/3 901/7 899/8
f 900/2 901/7 897/3
f 902/9 903/10 901/7
f 900/2 902/9 901/7
f 901/7 903/10 904/11
f 901/7 904/11 899/8
f 903/10 905/12 904/11
f 899/8 904/11 906/13
f 904/11 905/12 907/14
f 904/11 907/14 906/13
f 905/12 908/15 907/14
f 906/13 907/14 909/16
f 907/14 908/15 910/17
f 907/14 910/17 909/16
f 910/18 913/19 911/20
f 910/18 911/20 912/21
f 909/16 910/17 912/22
f 908/23 913/19 910/18
f 913/19 914/24 911/20
f 911/20 914/24 915/25
f 914/24 916/26 915/25
f 915/25 916/26 917/27
f 916/26 918/28 917/27
f 917/27 918/28 919/29
f 918/28 920/30 919/29
f 919/29 920/30 921/31
f 920/30 922/32 921/31
f 925/31 920/30 923/29
f 923/29 920/30 924/28
f 925/31 926/32 920/30
f 927/33 926/32 925/31
f 927/33 928/34 926/32
f 922/32 928/34 929/33
f 929/33 928/34 930/35
f 928/34 931/36 930/35
f 932/35 928/34 927/33
f 932/35 933/36 928/34
f 934/37 933/36 932/35
f 934/37 935/38 933/36
f 936/39 935/38 934/37
f 936/39 937/40 935/38
f 938/41 937/40 936/39
f 938/41 939/42 937/40
f 940/43 939/42 938/41
f 940/43 941/44 939/42
f 942/2 941/44 940/43
f 942/2 943/9 941/44
f 944/7 943/9 942/2
f 944/7 945/10 943/9
f 946/11 945/10 944/7
f 946/11 947/12 945/10
f 948/14 947/12 946/11
f 948/14 949/15 947/12
f 951/18 950/19 949/23
f 951/17 949/15 948/14
f 952/20 950/19 951/18
f 953/21 952/20 951/18
f 953/22 951/17 954/16
f 954/16 951/17 948/14
f 954/45 955/46 957/47
f 956/48 955/46 954/45
f 954/16 948/14 956/13
f 954/45 957/47 953/49
f 955/46 959/50 957/47
f 953/49 957/47 958/51
f 957/47 960/52 958/51
f 957/47 959/50 960/52
f 958/51 960/52 961/53
f 959/50 962/54 960/52
f 960/52 963/55 961/53
f 960/52 962/54 963/55
f 961/53 963/55 964/56
f 962/54 966/57 963/55
f 963/55 965/58 964/56
f 963/55 966/57 965/58
f 962/54 967/59 966/57
f 967/59 932/35 966/57
f 966/57 927/33 965/58
f 966/57 932/35 927/33
f 968/60 969/61 967/59
f 968/60 967/59 962/54
f 969/61 934/37 967/59
f 967/59 934/37 932/35
f 970/62 936/39 969/61
f 970/63 969/61 968/60
f 969/61 936/39 934/37
f 971/64 938/41 970/62
f 971/65 970/63 972/66
f 972/66 970/63 968/60
f 970/62 938/41 936/39
f 973/67 971/65 972/66
f 973/67 972/66 955/46
f 955/46 972/66 959/50
f 972/66 968/60 959/50
f 974/5 971/65 973/67
f 975/4 974/5 973/67
f 975/4 973/67 956/48
f 956/48 973/67 955/46
f 976/6 974/5 975/4
f 975/8 944/7 976/3
f 956/13 946/11 975/8
f 975/8 946/11 944/7
f 976/3 942/2 974/1
f 976/3 944/7 942/2
f 974/1 940/43 971/64
f 974/1 942/2 940/43
f 971/64 940/43 938/41
f 959/50 968/60 962/54
f 964/56 965/58 977/68
f 965/58 925/31 977/68
f 965/58 927/33 925/31
f 977/68 923/29 964/69
f 977/68 925/31 923/29
f 964/69 978/27 961/70
f 964/69 923/29 978/27
f 923/29 924/28 978/27
f 961/70 978/27 979/25
f 978/27 980/26 979/25
f 978/27 924/28 980/26
f 979/25 980/26 981/24
f 979/25 981/24 952/20
f 952/20 981/24 950/19
f 961/70 979/25 958/71
f 958/71 979/25 952/20
f 958/71 952/20 953/21
f 956/13 948/14 946/11
f 930/35 931/36 982/37
f 931/36 983/38 982/37
f 982/37 983/38 984/39
f 983/38 985/40 984/39
f 984/39 985/40 986/41
f 985/40 987/42 986/41
f 986/41 987/42 988/43
f 987/42 989/44 988/43
f 988/43 989/44 900/2
f 989/44 902/9 900/2
f 986/41 988/43 990/64
f 990/64 988/43 898/1
f 988/43 900/2 898/1
f 992/66 990/65 991/67
f 991/67 990/65 898/5
f 992/66 993/63 990/65
f 993/62 986/41 990/64
f 994/60 993/63 992/66
f 994/60 995/61 993/63
f 995/61 984/39 993/62
f 984/39 986/41 993/62
f 996/59 995/61 994/60
f 996/59 982/37 995/61
f 982/37 984/39 995/61
f 998/57 996/59 997/54
f 997/54 996/59 994/60
f 998/57 930/35 996/59
f 930/35 982/37 996/59
f 1000/58 998/57 999/55
f 999/55 998/57 997/54
f 1000/58 929/33 998/57
f 929/33 930/35 998/57
f 1002/68 1000/58 1001/56
f 1001/56 1000/58 999/55
f 1002/68 921/31 1000/58
f 921/31 929/33 1000/58
f 1001/69 919/29 1002/68
f 919/29 921/31 1002/68
f 1001/56 999/55 1003/53
f 1003/70 917/27 1001/69
f 917/27 919/29 1001/69
f 1003/53 999/55 1004/52
f 1003/53 1004/52 1005/51
f 1005/71 915/25 1003/70
f 915/25 917/27 1003/70
f 1005/51 1004/52 1006/47
f 1005/51 1006/47 912/49
f 912/21 911/20 1005/71
f 911/20 915/25 1005/71
f 1006/47 1008/50 1007/46
f 1006/47 1007/46 909/45
f 912/49 1006/47 909/45
f 1004/52 1008/50 1006/47
f 1008/50 994/60 992/66
f 1008/50 992/66 1007/46
f 997/54 994/60 1008/50
f 1004/52 997/54 1008/50
f 1007/46 992/66 991/67
f 1007/46 991/67 906/48
f 909/45 1007/46 906/48
f 999/55 997/54 1004/52
f 991/67 898/5 899/4
f 906/48 991/67 899/4
f 921/31 922/32 929/33
f 1010/1 1012/2 1009/3
f 1011/4 1010/5 1009/6
f 1009/3 1013/7 1011/8
f 1012/2 1013/7 1009/3
f 1014/9 1015/10 1013/7
f 1012/2 1014/9 1013/7
f 1013/7 1015/10 1016/11
f 1013/7 1016/11 1011/8
f 1015/10 1017/12 1016/11
f 1011/8 1016/11 1018/13
f 1016/11 1017/12 1019/14
f 1016/11 1019/14 1018/13
f 1017/12 1020/15 1019/14
f 1018/13 1019/14 1021/16
f 1019/14 1020/15 1022/17
f 1019/14 1022/17 1021/16
f 1022/18 1025/19 1023/20
f 1022/18 1023/20 1024/21
f 1021/16 1022/17 1024/22
f 1020/23 1025/19 1022/18
f 1025/19 1026/24 1023/20
f 1023/20 1026/24 1027/25
f 1026/24 1028/26 1027/25
f 1027/25 1028/26 1029/27
f 1028/26 1030/28 1029/27
f 1029/27 1030/28 1031/29
f 1030/28 1032/30 1031/29
f 1031/29 1032/30 1033/31
f 1032/30 1034/32 1033/31
f 1037/31 1032/30 1035/29
f 1035/29 1032/30 1036/28
f 1037/31 1038/32 1032/30
f 1039/33 1038/32 1037/31
f 1039/33 1040/34 1038/32
f 1034/32 1040/34 1041/33
f 1041/33 1040/34 1042/35
f 1040/34 1043/36 1042/35
f 1044/35 1040/34 1039/33
f 1044/35 1045/36 1040/34
f 1046/37 1045/36 1044/35
f 1046/37 1047/38 1045/36
f 1048/39 1047/38 1046/37
f 1048/39 1049/40 1047/38
f 1050/41 1049/40 1048/39
f 1050/41 1051/42 1049/40
f 1052/43 1051/42 1050/41
f 1052/43 1053/44 1051/42
f 1054/2 1053/44 1052/43
f 1054/2 1055/9 1053/44
f 1056/7 1055/9 1054/2
f 1056/7 1057/10 1055/9
f 1058/11 1057/10 1056/7
f 1058/11 1059/12 1057/10
f 1060/14 1059/12 1058/11
f 1060/14 1061/15 1059/12
f 1063/18 1062/19 1061/23
f 1063/17 1061/15 1060/14
f 1064/20 1062/19 1063/18
f 1065/21 1064/20 1063/18
f 1065/22 1063/17 1066/16
f 1066/16 1063/17 1060/14
f 1066/45 1067/46 1069/47
f 1068/48 1067/46 1066/45
f 1066/16 1060/14 1068/13
f 1066/45 1069/47 1065/49
f 1067/46 1071/50 1069/47
f 1065/49 1069/47 1070/51
f 1069/47 1072/52 1070/51
f 1069/47 1071/50 1072/52
f 1070/51 1072/52 1073/53
f 1071/50 1074/54 1072/52
f 1072/52 1075/55 1073/53
f 1072/52 1074/54 1075/55
f 1073/53 1075/55 1076/56
f 1074/54 1078/57 1075/55
f 1075/55 1077/58 1076/56
f 1075/55 1078/57 1077/58
f 1074/54 1079/59 1078/57
f 1079/59 1044/35 1078/57
f 1078/57 1039/33 1077/58
f 1078/57 1044/35 1039/33
f 1080/60 1081/61 1079/59
f 1080/60 1079/59 1074/54
f 1081/61 1046/37 1079/59
f 1079/59 1046/37 1044/35
f 1082/62 1048/39 1081/61
f 1082/63 1081/61 1080/60
f 1081/61 1048/39 1046/37
f 1083/64 1050/41 1082/62
f 1083/65 1082/63 1084/66
f 1084/66 1082/63 1080/60
f 1082/62 1050/41 1048/39
f 1085/67 1083/65 1084/66
f 1085/67 1084/66 1067/46
f 1067/46 1084/66 1071/50
f 1084/66 1080/60 1071/50
f 1086/5 1083/65 1085/67
f 1087/4 1086/5 1085/67
f 1087/4 1085/67 1068/48
f 1068/48 1085/67 1067/46
f 1088/6 1086/5 1087/4
f 1087/8 1056/7 1088/3
f 1068/13 1058/11 1087/8
f 1087/8 1058/11 1056/7
f 1088/3 1054/2 1086/1
f 1088/3 1056/7 1054/2
f 1086/1 1052/43 1083/64
f 1086/1 1054/2 1052/43
f 1083/64 1052/43 1050/41
f 1071/50 1080/60 1074/54
f 1076/56 1077/58 1089/68
f 1077/58 1037/31 1089/68
f 1077/58 1039/33 1037/31
f 1089/68 1035/29 1076/69
f 1089/68 1037/31 1035/29
f 1076/69 1090/27 1073/70
f 1076/69 1035/29 1090/27
f 1035/29 1036/28 1090/27
f 1073/70 1090/27 1091/25
f 1090/27 1092/26 1091/25
f 1090/27 1036/28 1092/26
f 1091/25 1092/26 1093/24
f 1091/25 1093/24 1064/20
f 1064/20 1093/24 1062/19
f 1073/70 1091/25 1070/71
f 1070/71 1091/25 1064/20
f 1070/71 1064/20 1065/21
f 1068/13 1060/14 1058/11
f 1042/35 1043/36 1094/37
f 1043/36 1095/38 1094/37
f 1094/37 1095/38 1096/39
f 1095/38 1097/40 1096/39
f 1096/39 1097/40 1098/41
f 1097/40 1099/42 1098/41
f 1098/41 1099/42 1100/43
f 1099/42 1101/44 1100/43
f 1100/43 1101/44 1012/2
f 1101/44 1014/9 1012/2
f 1098/41 1100/43 1102/64
f 1102/64 1100/43 1010/1
f 1100/43 1012/2 1010/1
f 1104/66 1102/65 1103/67
f 1103/67 1102/65 1010/5
f 1104/66 1105/63 1102/65
f 1105/62 1098/41 1102/64
f 1106/60 1105/63 1104/66
f 1106/60 1107/61 1105/63
f 1107/61 1096/39 1105/62
f 1096/39 1098/41 1105/62
f 1108/59 1107/61 1106/60
f 1108/59 1094/37 1107/61
f 1094/37 1096/39 1107/61
f 1110/57 1108/59 1109/54
f 1109/54 1108/59 1106/60
f 1110/57 1042/35 1108/59
f 1042/35 1094/37 1108/59
f 1112/58 1110/57 1111/55
f 1111/55 1110/57 1109/54
f 1112/58 1041/33 1110/57
f 1041/33 1042/35 1110/57
f 1114/68 1112/58 1113/56
f 1113/56 1112/58 1111/55
f 1114/68 1033/31 1112/58
f 1033/31 1041/33 1112/58
f 1113/69 1031/29 1114/68
f 1031/29 1033/31 1114/68
f 1113/56 1111/55 1115/53
f 1115/70 1029/27 1113/69
f 1029/27 1031/29 1113/69
f 1115/53 1111/55 1116/52
f 1115/53 1116/52 1117/51
f 1117/71 1027/25 1115/70
f 1027/25 1029/27 1115/70
f 1117/51 1116/52 1118/47
f 1117/51 1118/47 1024/49
f 1024/21 1023/20 1117/71
f 1023/20 1027/25 1117/71
f 1118/47 1120/50 1119/46
f 1118/47 1119/46 1021/45
f 1024/49 1118/47 1021/45
f 1116/52 1120/50 1118/47
f 1120/50 1106/60 1104/66
f 1120/50 1104/66 1119/46
f 1109/54 1106/60 1120/50
f 1116/52 1109/54 1120/50
f 1119/46 1104/66 1103/67
f 1119/46 1103/67 1018/48
f 1021/45 1119/46 1018/48
f 1111/55 1109/54 1116/52
f 1103/67 1010/5 1011/4
f 1018/48 1103/67 1011/4
f 1033/31 1034/32 1041/33
f 1122/1 1124/2 1121/3
f 1123/4 1122/5 1121/6
f 1121/3 1125/7 1123/8
f 1124/2 1125/7 1121/3
f 1126/9 1127/10 1125/7
f 1124/2 1126/9 1125/7
f 1125/7 1127/10 1128/11
f 1125/7 1128/11 1123/8
f 1127/10 1129/12 1128/11
f 1123/8 1128/11 1130/13
f 1128/11 1129/12 1131/14
f 1128/11 1131/14 1130/13
f 1129/12 1132/15 1131/14
f 1130/13 1131/14 1133/16
f 1131/14 1132/15 1134/17
f 1131/14 1134/17 1133/16
f 1134/18 1137/19 1135/20
f 1134/18 1135/20 1136/21
f 1133/16 1134/17 1136/22
f 1132/23 1137/19 1134/18
f 1137/19 1138/24 1135/20
f 1135/20 1138/24 1139/25
f 1138/24 1140/26 1139/25
f 1139/25 1140/26 1141/27
f 1140/26 1142/28 1141/27
f 1141/27 1142/28 1143/29
f 1142/28 1144/30 1143/29
f 1143/29 1144/30 1145/31
f 1144/30 1146/32 1145/31
f 1149/31 1144/30 1147/29
f 1147/29 1144/30 1148/28
f 1149/31 1150/32 1144/30
f 1151/33 1150/32 1149/31
f 1151/33 1152/34 1150/32
f 1146/32 1152/34 1153/33
f 1153/33 1152/34 1154/35
f 1152/34 1155/36 1154/35
f 1156/35 1152/34 1151/33
f 1156/35 1157/36 1152/34
f 1158/37 1157/36 1156/35
f 1158/37 1159/38 1157/36
f 1160/39 1159/38 1158/37
f 1160/39 1161/40 1159/38
f 1162/41 1161/40 1160/39
f 1162/41 1163/42 1161/40
f 1164/43 1163/42 1162/41
f 1164/43 1165/44 1163/42
f 1166/2 1165/44 1164/43
f 1166/2 1167/9 1165/44
f 1168/7 1167/9 1166/2
f 1168/7 1169/10 1167/9
f 1170/11 1169/10 1168/7
f 1170/11 1171/12 1169/10
f 1172/14 1171/12 1170/11
f 1172/14 1173/15 1171/12
f 1175/18 1174/19 1173/23
f 1175/17 1173/15 1172/14
f 1176/20 1174/19 1175/18
f 1177/21 1176/20 1175/18
f 1177/22 1175/17 1178/16
f 1178/16 1175/17 1172/14
f 1178/45 1179/46 1181/47
f 1180/48 1179/46 1178/45
f 1178/16 1172/14 1180/13
f 1178/45 1181/47 1177/49
f 1179/46 1183/50 1181/47
f 1177/49 1181/47 1182/51
f 1181/47 1184/52 1182/51
f 1181/47 1183/50 1184/52
f 1182/51 1184/52 1185/53
f 1183/50 1186/54 1184/52
f 1184/52 1187/55 1185/53
f 1184/52 1186/54 1187/55
f 1185/53 1187/55 1188/56
f 1186/54 1190/57 1187/55
f 1187/55 1189/58 1188/56
f 1187/55 1190/57 1189/58
f 1186/54 1191/59 1190/57
f 1191/59 1156/35 1190/57
f 1190/57 1151/33 1189/58
f 1190/57 1156/35 1151/33
f 1192/60 1193/61 1191/59
f 1192/60 1191/59 1186/54
f 1193/61 1158/37 1191/59
f 1191/59 1158/37 1156/35
f 1194/62 1160/39 1193/61
f 1194/63 1193/61 1192/60
f 1193/61 1160/39 1158/37
f 1195/64 1162/41 1194/62
f 1195/65 1194/63 1196/66
f 1196/66 1194/63 1192/60
f 1194/62 1162/41 1160/39
f 1197/67 1195/65 1196/66
f 1197/67 1196/66 1179/46
f 1179/46 1196/66 1183/50
f 1196/66 1192/60 1183/50
f 1198/5 1195/65 1197/67
f 1199/4 1198/5 1197/67
f 1199/4 1197/67 1180/48
f 1180/48 1197/67 1179/46
f 1200/6 1198/5 1199/4
f 1199/8 1168/7 1200/3
f 1180/13 1170/11 1199/8
f 1199/8 1170/11 1168/7
f 1200/3 1166/2 1198/1
f 1200/3 1168/7 1166/2
f 1198/1 1164/43 1195/64
f 1198/1 1166/2 1164/43
f 1195/64 1164/43 1162/41
f 1183/50 1192/60 1186/54
f 1188/56 1189/58 1201/68
f 1189/58 1149/31 1201/68
f 1189/58 1151/33 1149/31
f 1201/68 1147/29 1188/69
f 1201/68 1149/31 1147/29
f 1188/69 1202/27 1185/70
f 1188/69 1147/29 1202/27
f 1147/29 1148/28 1202/27
f 1185/70 1202/27 1203/25
f 1202/27 1204/26 1203/25
f 1202/27 1148/28 1204/26
f 1203/25 1204/26 1205/24
f 1203/25 1205/24 1176/20
f 1176/20 1205/24 1174/19
f 1185/70 1203/25 1182/71
f 1182/71 1203/25 1176/20
f 1182/71 1176/20 1177/21
f 1180/13 1172/14 1170/11
f 1154/35 1155/36 1206/37
f 1155/36 1207/38 1206/37
f 1206/37 1207/38 1208/39
f 1207/38 1209/40 1208/39
f 1208/39 1209/40 1210/41
f 1209/40 1211/42 1210/41
f 1210/41 1211/42 1212/43
f 1211/42 1213/44 1212/43
f 1212/43 1213/44 1124/2
f 1213/44 1126/9 1124/2
f 1210/41 1212/43 1214/64
f 1214/64 1212/43 1122/1
f 1212/43 1124/2 1122/1
f 1216/66 1214/65 1215/67
f 1215/67 1214/65 1122/5
f 1216/66 1217/63 1214/65
f 1217/62 1210/41 1214/64
f 1218/60 1217/63 1216/66
f 1218/60 1219/61 1217/63
f 1219/61 1208/39 1217/62
f 1208/39 1210/41 1217/62
f 1220/59 1219/61 1218/60
f 1220/59 1206/37 1219/61
f 1206/37 1208/39 1219/61
f 1222/57 1220/59 1221/54
f 1221/54 1220/59 1218/60
f 1222/57 1154/35 1220/59
f 1154/35 1206/37 1220/59
f 1224/58 1222/57 1223/55
f 1223/55 1222/57 1221/54
f 1224/58 1153/33 1222/57
f 1153/33 1154/35 1222/57
f 1226/68 1224/58 1225/56
f 1225/56 1224/58 1223/55
f 1226/68 1145/31 1224/58
f 1145/31 1153/33 1224/58
f 1225/69 1143/29 1226/68
f 1143/29 1145/31 1226/68
f 1225/56 1223/55 1227/53
f 1227/70 1141/27 1225/69
f 1141/27 1143/29 1225/69
f 1227/53 1223/55 1228/52
f 1227/53 1228/52 1229/51
f 1229/71 1139/25 1227/70
f 1139/25 1141/27 1227/70
f 1229/51 1228/52 1230/47
f 1229/51 1230/47 1136/49
f 1136/21 1135/20 1229/71
f 1135/20 1139/25 1229/71
f 1230/47 1232/50 1231/46
f 1230/47 1231/46 1133/45
f 1136/49 1230/47 1133/45
f 1228/52 1232/50 1230/47
f 1232/50 1218/60 1216/66
f 1232/50 1216/66 1231/46
f 1221/54 1218/60 1232/50
f 1228/52 1221/54 1232/50
f 1231/46 1216/66 1215/67
f 1231/46 1215/67 1130/48
f 1133/45 1231/46 1130/48
f 1223/55 1221/54 1228/52
f 1215/67 1122/5 1123/4
f 1130/48 1215/67 1123/4
f 1145/31 1146/32 1153/33
f 1234/1 1236/2 1233/3
f 1235/4 1234/5 1233/6
f 1233/3 1237/7 1235/8
f 1236/2 1237/7 1233/3
f 1238/9 1239/10 1237/7
f 1236/2 1238/9 1237/7
f 1237/7 1239/10 1240/11
f 1237/7 1240/11 1235/8
f 1239/10 1241/12 1240/11
f 1235/8 1240/11 1242/13
f 1240/11 1241/12 1243/14
f 1240/11 1243/14 1242/13
f 1241/12 1244/15 1243/14
f 1242/13 1243/14 1245/16
f 1243/14 1244/15 1246/17
f 1243/14 1246/17 1245/16
f 1246/18 1249/19 1247/20
f 1246/18 1247/20 1248/21
f 1245/16 1246/17 1248/22
f 1244/23 1249/19 1246/18
f 1249/19 1250/24 1247/20
f 1247/20 1250/24 1251/25
f 1250/24 1252/26 1251/25
f 1251/25 1252/26 1253/27
f 1252/26 1254/28 1253/27
f 1253/27 1254/28 1255/29
f 1254/28 1256/30 1255/29
f 1255/29 1256/30 1257/31
f 1256/30 1258/32 1257/31
f 1261/31 1256/30 1259/29
f 1259/29 1256/30 1260/28
f 1261/31 1262/32 1256/30
f 1263/33 1262/32 1261/31
f 1263/33 1264/34 1262/32
f 1258/32 1264/34 1265/33
f 1265/33 1264/34 1266/35
f 1264/34 1267/36 1266/35
f 1268/35 1264/34 1263/33
f 1268/35 1269/36 1264/34
f 1270/37 1269/36 1268/35
f 1270/37 1271/38 1269/36
f 1272/39 1271/38 1270/37
f 1272/39 1273/40 1271/38
f 1274/41 1273/40 1272/39
f 1274/41 1275/42 1273/40
f 1276/43 1275/42 1274/41
f 1276/43 1277/44 1275/42
f 1278/2 1277/44 1276/43
f 1278/2 1279/9 1277/44
f 1280/7 1279/9 1278/2
f 1280/7 1281/10 1279/9
f 1282/11 1281/10 1280/7
f 1282/11 1283/12 1281/10
f 1284/14 1283/12 1282/11
f 1284/14 1285/15 1283/12
f 1287/18 1286/19 1285/23
f 1287/17 1285/15 1284/14
f 1288/20 1286/19 1287/18
f 1289/21 1288/20 1287/18
f 1289/22 1287/17 1290/16
f 1290/16 1287/17 1284/14
f 1290/45 1291/46 1293/47
f 1292/48 1291/46 1290/45
f 1290/16 1284/14 1292/13
f 1290/45 1293/47 1289/49
f 1291/46 1295/50 1293/47
f 1289/49 1293/47 1294/51
f 1293/47 1296/52 1294/51
f 1293/47 1295/50 1296/52
f 1294/51 1296/52 1297/53
f 1295/50 1298/54 1296/52
f 1296/52 1299/55 1297/53
f 1296/52 1298/54 1299/55
f 1297/53 1299/55 1300/56
f 1298/54 1302/57 1299/55
f 1299/55 1301/58 1300/56
f 1299/55 1302/57 1301/58
f 1298/54 1303/59 1302/57
f 1303/59 1268/35 1302/57
f 1302/57 1263/33 1301/58
f 1302/57 1268/35 1263/33
f 1304/60 1305/61 1303/59
f 1304/60 1303/59 1298/54
f 1305/61 1270/37 1303/59
f 1303/59 1270/37 1268/35
f 1306/62 1272/39 1305/61
f 1306/63 1305/61 1304/60
f 1305/61 1272/39 1270/37
f 1307/64 1274/41 1306/62
f 1307/65 1306/63 1308/66
f 1308/66 1306/63 1304/60
f 1306/62 1274/41 1272/39
f 1309/67 1307/65 1308/66
f 1309/67 1308/66 1291/46
f 1291/46 1308/66 1295/50
f 1308/66 1304/60 1295/50
f 1310/5 1307/65 1309/67
f 1311/4 1310/5 1309/67
f 1311/4 1309/67 1292/48
f 1292/48 1309/67 1291/46
f 1312/6 1310/5 1311/4
f 1311/8 1280/7 1312/3
f 1292/13 1282/11 1311/8
f 1311/8 1282/11 1280/7
f 1312/3 1278/2 1310/1
f 1312/3 1280/7 1278/2
f 1310/1 1276/43 1307/64
f 1310/1 1278/2 1276/43
f 1307/64 1276/43 1274/41
f 1295/50 1304/60 1298/54
f 1300/56 1301/58 1313/68
f 1301/58 1261/31 1313/68
f 1301/58 1263/33 1261/31
f 1313/68 1259/29 1300/69
f 1313/68 1261/31 1259/29
f 1300/69 1314/27 1297/70
f 1300/69 1259/29 1314/27
f 1259/29 1260/28 1314/27
f 1297/70 1314/27 1315/25
f 1314/27 1316/26 1315/25
f 1314/27 1260/28 1316/26
f 1315/25 1316/26 1317/24
f 1315/25 1317/24 1288/20
f 1288/20 1317/24 1286/19
f 1297/70 1315/25 1294/71
f 1294/71 1315/25 1288/20
f 1294/71 1288/20 1289/21
f 1292/13 1284/14 1282/11
f 1266/35 1267/36 1318/37
f 1267/36 1319/38 1318/37
f 1318/37 1319/38 1320/39
f 1319/38 1321/40 1320/39
f 1320/39 1321/40 1322/41
f 1321/40 1323/42 1322/41
f 1322/41 1323/42 1324/43
f 1323/42 1325/44 1324/43
f 1324/43 1325/44 1236/2
f 1325/44 1238/9 1236/2
f 1322/41 1324/43 1326/64
f 1326/64 1324/43 1234/1
f 1324/43 1236/2 1234/1
f 1328/66 1326/65 1327/67
f 1327/67 1326/65 1234/5
f 1328/66 1329/63 1326/65
f 1329/62 1322/41 1326/64
f 1330/60 1329/63 1328/66
f 1330/60 1331/61 1329/63
f 1331/61 1320/39 1329/62
f 1320/39 1322/41 1329/62
f 1332/59 1331/61 1330/60
f 1332/59 1318/37 1331/61
f 1318/37 1320/39 1331/61
f 1334/57 1332/59 1333/54
f 1333/54 1332/59 1330/60
f 1334/57 1266/35 1332/59
f 1266/35 1318/37 1332/59
f 1336/58 1334/57 1335/55
f 1335/55 1334/57 1333/54
f 1336/58 1265/33 1334/57
f 1265/33 1266/35 1334/57
f 1338/68 1336/58 1337/56
f 1337/56 1336/58 1335/55
f 1338/68 1257/31 1336/58
f 1257/31 1265/33 1336/58
f 1337/69 1255/29 1338/68
f 1255/29 1257/31 1338/68
f 1337/56 1335/55 1339/53
f 1339/70 1253/27 1337/69
f 1253/27 1255/29 1337/69
f 1339/53 1335/55 1340/52
f 1339/53 1340/52 1341/51
f 1341/71 1251/25 1339/70
f 1251/25 1253/27 1339/70
f 1341/51 1340/52 1342/47
f 1341/51 1342/47 1248/49
f 1248/21 1247/20 1341/71
f 1247/20 1251/25 1341/71
f 1342/47 1344/50 1343/46
f 1342/47 1343/46 1245/45
f 1248/49 1342/47 1245/45
f 1340/52 1344/50 1342/47
f 1344/50 1330/60 1328/66
f 1344/50 1328/66 1343/46
f 1333/54 1330/60 1344/50
f 1340/52 1333/54 1344/50
f 1343/46 1328/66 1327/67
f 1343/46 1327/67 1242/48
f 1245/45 1343/46 1242/48
f 1335/55 1333/54 1340/52
f 1327/67 1234/5 1235/4
f 1242/48 1327/67 1235/4
f 1257/31 1258/32 1265/33
f 1346/1 1348/2 1345/3
f 1347/4 1346/5 1345/6
f 1345/3 1349/7 1347/8
f 1348/2 1349/7 1345/3
f 1350/9 1351/10 1349/7
f 1348/2 1350/9 1349/7
f 1349/7 1351/10 1352/11
f 1349/7 1352/11 1347/8
f 1351/10 1353/12 1352/11
f 1347/8 1352/11 1354/13
f 1352/11 1353/12 1355/14
f 1352/11 1355/14 1354/13
f 1353/12 1356/15 1355/14
f 1354/13 1355/14 1357/16
f 1355/14 1356/15 1358/17
f 1355/14 1358/17 1357/16
f 1358/18 1361/19 1359/20
f 1358/18 1359/20 1360/21
f 1357/16 1358/17 1360/22
f 1356/23 1361/19 1358/18
f 1361/19 1362/24 1359/20
f 1359/20 1362/24 1363/25
f 1362/24 1364/26 1363/25
f 1363/25 1364/26 1365/27
f 1364/26 1366/28 1365/27
f 1365/27 1366/28 1367/29
f 1366/28 1368/30 1367/29
f 1367/29 1368/30 1369/31
f 1368/30 1370/32 1369/31
f 1373/31 1368/30 1371/29
f 1371/29 1368/30 1372/28
f 1373/31 1374/32 1368/30
f 1375/33 1374/32 1373/31
f 1375/33 1376/34 1374/32
f 1370/32 1376/34 1377/33
f 1377/33 1376/34 1378/35
f 1376/34 1379/36 1378/35
f 1380/35 1376/34 1375/33
f 1380/35 1381/36 1376/34
f 1382/37 1381/36 1380/35
f 1382/37 1383/38 1381/36
f 1384/39 1383/38 1382/37
f 1384/39 1385/40 1383/38
f 1386/41 1385/40 1384/39
f 1386/41 1387/42 1385/40
f 1388/43 1387/42 1386/41
f 1388/43 1389/44 1387/42
f 1390/2 1389/44 1388/43
f 1390/2 1391/9 1389/44
f 1392/7 1391/9 1390/2
f 1392/7 1393/10 1391/9
f 1394/11 1393/10 1392/7
f 1394/11 1395/12 1393/10
f 1396/14 1395/12 1394/11
f 1396/14 1397/15 1395/12
f 1399/18 1398/19 1397/23
f 1399/17 1397/15 1396/14
f 1400/20 1398/19 1399/18
f 1401/21 1400/20 1399/18
f 1401/22 1399/17 1402/16
f 1402/16 1399/17 1396/14
f 1402/45 1403/46 1405/47
f 1404/48 1403/46 1402/45
f 1402/16 1396/14 1404/13
f 1402/45 1405/47 1401/49
f 1403/46 1407/50 1405/47
f 1401/49 1405/47 1406/51
f 1405/47 1408/52 1406/51
f 1405/47 1407/50 1408/52
f 1406/51 1408/52 1409/53
f 1407/50 1410/54 1408/52
f 1408/52 1411/55 1409/53
f 1408/52 1410/54 1411/55
f 1409/53 1411/55 1412/56
f 1410/54 1414/57 1411/55
f 1411/55 1413/58 1412/56
f 1411/55 1414/57 1413/58
f 1410/54 1415/59 1414/57
f 1415/59 1380/35 1414/57
f 1414/57 1375/33 1413/58
f 1414/57 1380/35 1375/33
f 1416/60 1417/61 1415/59
f 1416/60 1415/59 1410/54
f 1417/61 1382/37 1415/59
f 1415/59 1382/37 1380/35
f 1418/62 1384/39 1417/61
f 1418/63 1417/61 1416/60
f 1417/61 1384/39 1382/37
f 1419/64 1386/41 1418/62
f 1419/65 1418/63 1420/66
f 1420/66 1418/63 1416/60
f 1418/62 1386/41 1384/39
f 1421/67 1419/65 1420/66
f 1421/67 1420/66 1403/46
f 1403/46 1420/66 1407/50
f 1420/66 1416/60 1407/50
f 1422/5 1419/65 1421/67
f 1423/4 1422/5 1421/67
f 1423/4 1421/67 1404/48
f 1404/48 1421/67 1403/46
f 1424/6 1422/5 1423/4
f 1423/8 1392/7 1424/3
f 1404/13 1394/11 1423/8
f 1423/8 1394/11 1392/7
f 1424/3 1390/2 1422/1
f 1424/3 1392/7 1390/2
f 1422/1 1388/43 1419/64
f 1422/1 1390/2 1388/43
f 1419/64 1388/43 1386/41
f 1407/50 1416/60 1410/54
f 1412/56 1413/58 1425/68
f 1413/58 1373/31 1425/68
f 1413/58 1375/33 1373/31
f 1425/68 1371/29 1412/69
f 1425/68 1373/31 1371/29
f 1412/69 1426/27 1409/70
f 1412/69 1371/29 1426/27
f 1371/29 1372/28 1426/27
f 1409/70 1426/27 1427/25
f 1426/27 1428/26 1427/25
f 1426/27 1372/28 1428/26
f 1427/25 1428/26 1429/24
f 1427/25 1429/24 1400/20
f 1400/20 1429/24 1398/19
f 1409/70 1427/25 1406/71
f 1406/71 1427/25 1400/20
f 1406/71 1400/20 1401/21
f 1404/13 1396/14 1394/11
f 1378/35 1379/36 1430/37
f 1379/36 1431/38 1430/37
f 1430/37 1431/38 1432/39
f 1431/38 1433/40 1432/39
f 1432/39 1433/40 1434/41
f 1433/40 1435/42 1434/41
f 1434/41 1435/42 1436/43
f 1435/42 1437/44 1436/43
f 1436/43 1437/44 1348/2
f 1437/44 1350/9 1348/2
f 1434/41 1436/43 1438/64
f 1438/64 1436/43 1346/1
f 1436/43 1348/2 1346/1
f 1440/66 1438/65 1439/67
f 1439/67 1438/65 1346/5
f 1440/66 1441/63 1438/65
f 1441/62 1434/41 1438/64
f 1442/60 1441/63 1440/66
f 1442/60 1443/61 1441/63
f 1443/61 1432/39 1441/62
f 1432/39 1434/41 1441/62
f 1444/59 1443/61 1442/60
f 1444/59 1430/37 1443/61
f 1430/37 1432/39 1443/61
f 1446/57 1444/59 1445/54
f 1445/54 1444/59 1442/60
f 1446/57 1378/35 1444/59
f 1378/35 1430/37 1444/59
f 1448/58 1446/57 1447/55
f 1447/55 1446/57 1445/54
f 1448/58 1377/33 1446/57
f 1377/33 1378/35 1446/57
f 1450/68 1448/58 1449/56
f 1449/56 1448/58 1447/55
f 1450/68 1369/31 1448/58
f 1369/31 1377/33 1448/58
f 1449/69 1367/29 1450/68
f 1367/29 1369/31 1450/68
f 1449/56 1447/55 1451/53
f 1451/70 1365/27 1449/69
f 1365/27 1367/29 1449/69
f 1451/53 1447/55 1452/52
f 1451/53 1452/52 1453/51
f 1453/71 1363/25 1451/70
f 1363/25 1365/27 1451/70
f 1453/51 1452/52 1454/47
f 1453/51 1454/47 1360/49
f 1360/21 1359/20 1453/71
f 1359/20 1363/25 1453/71
f 1454/47 1456/50 1455/46
f 1454/47 1455/46 1357/45
f 1360/49 1454/47 1357/45
f 1452/52 1456/50 1454/47
f 1456/50 1442/60 1440/66
f 1456/50 1440/66 1455/46
f 1445/54 1442/60 1456/50
f 1452/52 1445/54 1456/50
f 1455/46 1440/66 1439/67
f 1455/46 1439/67 1354/48
f 1357/45 1455/46 1354/48
f 1447/55 1445/54 1452/52
f 1439/67 1346/5 1347/4
f 1354/48 1439/67 1347/4
f 1369/31 1370/32 1377/33
f 1458/1 1460/2 1457/3
f 1459/4 1458/5 1457/6
f 1457/3 1461/7 1459/8
f 1460/2 1461/7 1457/3
f 1462/9 1463/10 1461/7
f 1460/2 1462/9 1461/7
f 1461/7 1463/10 1464/11
f 1461/7 1464/11 1459/8
f 1463/10 1465/12 1464/11
f 1459/8 1464/11 1466/13
f 1464/11 1465/12 1467/14
f 1464/11 1467/14 1466/13
f 1465/12 1468/15 1467/14
f 1466/13 1467/14 1469/16
f 1467/14 1468/15 1470/17
f 1467/14 1470/17 1469/16
f 1470/18 1473/19 1471/20
f 1470/18 1471/20 1472/21
f 1469/16 1470/17 1472/22
f 1468/23 1473/19 1470/18
f 1473/19 1474/24 1471/20
f 1471/20 1474/24 1475/25
f 1474/24 1476/26 1475/25
f 1475/25 1476/26 1477/27
f 1476/26 1478/28 1477/27
f 1477/27 1478/28 1479/29
f 1478/28 1480/30 1479/29
f 1479/29 1480/30 1481/31
f 1480/30 1482/32 1481/31
f 1485/31 1480/30 1483/29
f 1483/29 1480/30 1484/28
f 1485/31 1486/32 1480/30
f 1487/33 1486/32 1485/31
f 1487/33 1488/34 1486/32
f 1482/32 1488/34 1489/33
f 1489/33 1488/34 1490/35
f 1488/34 1491/36 1490/35
f 1492/35 1488/34 1487/33
f 1492/35 1493/36 1488/34
f 1494/37 1493/36 1492/35
f 1494/37 1495/38 1493/36
f 1496/39 1495/38 1494/37
f 1496/39 1497/40 1495/38
f 1498/41 1497/40 1496/39
f 1498/41 1499/42 1497/40
f 1500/43 1499/42 1498/41
f 1500/43 1501/44 1499/42
f 1502/2 1501/44 1500/43
f 1502/2 1503/9 1501/44
f 1504/7 1503/9 1502/2
f 1504/7 1505/10 1503/9
f 1506/11 1505/10 1504/7
f 1506/11 1507/12 1505/10
f 1508/14 1507/12 1506/11
f 1508/14 1509/15 1507/12
f 1511/18 1510/19 1509/23
f 1511/17 1509/15 1508/14
f 1512/20 1510/19 1511/18
f 1513/21 1512/20 1511/18
f 1513/22 1511/17 1514/16
f 1514/16 1511/17 1508/14
f 1514/45 1515/46 1517/47
f 1516/48 1515/46 1514/45
f 1514/16 1508/14 1516/13
f 1514/45 1517/47 1513/49
f 1515/46 1519/50 1517/47
f 1513/49 1517/47 1518/51
f 1517/47 1520/52 1518/51
f 1517/47 1519/50 1520/52
f 1518/51 1520/52 1521/53
f 1519/50 1522/54 1520/52
f 1520/52 1523/55 1521/53
f 1520/52 1522/54 1523/55
f 1521/53 1523/55 1524/56
f 1522/54 1526/57 1523/55
f 1523/55 1525/58 1524/56
f 1523/55 1526/57 1525/58
f 1522/54 1527/59 1526/57
f 1527/59 1492/35 1526/57
f 1526/57 1487/33 1525/58
f 1526/57 1492/35 1487/33
f 1528/60 1529/61 1527/59
f 1528/60 1527/59 1522/54
f 1529/61 1494/37 1527/59
f 1527/59 1494/37 1492/35
f 1530/62 1496/39 1529/61
f 1530/63 1529/61 1528/60
f 1529/61 1496/39 1494/37
f 1531/64 1498/41 1530/62
f 1531/65 1530/63 1532/66
f 1532/66 1530/63 1528/60
f 1530/62 1498/41 1496/39
f 1533/67 1531/65 1532/66
f 1533/67 1532/66 1515/46
f 1515/46 1532/66 1519/50
f 1532/66 1528/60 1519/50
f 1534/5 1531/65 1533/67
f 1535/4 1534/5 1533/67
f 1535/4 1533/67 1516/48
f 1516/48 1533/67 1515/46
f 1536/6 1534/5 1535/4
f 1535/8 1504/7 1536/3
f 1516/13 1506/11 1535/8
f 1535/8 1506/11 1504/7
f 1536/3 1502/2 1534/1
f 1536/3 1504/7 1502/2
f 1534/1 1500/43 1531/64
f 1534/1 1502/2 1500/43
f 1531/64 1500/43 1498/41
f 1519/50 1528/60 1522/54
f 1524/56 1525/58 1537/68
f 1525/58 1485/31 1537/68
f 1525/58 1487/33 1485/31
f 1537/68 1483/29 1524/69
f 1537/68 1485/31 1483/29
f 1524/69 1538/27 1521/70
f 1524/69 1483/29 1538/27
f 1483/29 1484/28 1538/27
f 1521/70 1538/27 1539/25
f 1538/27 1540/26 1539/25
f 1538/27 1484/28 1540/26
f 1539/25 1540/26 1541/24
f 1539/25 1541/24 1512/20
f 1512/20 1541/24 1510/19
f 1521/70 1539/25 1518/71
f 1518/71 1539/25 1512/20
f 1518/71 1512/20 1513/21
f 1516/13 1508/14 1506/11
f 1490/35 1491/36 1542/37
f 1491/36 1543/38 1542/37
f 1542/37 1543/38 1544/39
f 1543/38 1545/40 1544/39
f 1544/39 1545/40 1546/41
f 1545/40 1547/42 1546/41
f 1546/41 1547/42 1548/43
f 1547/42 1549/44 1548/43
f 1548/43 1549/44 1460/2
f 1549/44 1462/9 1460/2
f 1546/41 1548/43 1550/64
f 1550/64 1548/43 1458/1
f 1548/43 1460/2 1458/1
f 1552/66 1550/65 1551/67
f 1551/67 1550/65 1458/5
f 1552/66 1553/63 1550/65
f 1553/62 1546/41 1550/64
f 1554/60 1553/63 1552/66
f 1554/60 1555/61 1553/63
f 1555/61 1544/39 1553/62
f 1544/39 1546/41 1553/62
f 1556/59 1555/61 1554/60
f 1556/59 1542/37 1555/61
f 1542/37 1544/39 1555/61
f 1558/57 1556/59 1557/54
f 1557/54 1556/59 1554/60
f 1558/57 1490/35 1556/59
f 1490/35 1542/37 1556/59
f 1560/58 1558/57 1559/55
f 1559/55 1558/57 1557/54
f 1560/58 1489/33 1558/57
f 1489/33 1490/35 1558/57
f 1562/68 1560/58 1561/56
f 1561/56 1560/58 1559/55
f 1562/68 1481/31 1560/58
f 1481/31 1489/33 1560/58
f 1561/69 1479/29 1562/68
f 1479/29 1481/31 1562/68
f 1561/56 1559/55 1563/53
f 1563/70 1477/27 1561/69
f 1477/27 1479/29 1561/69
f 1563/53 1559/55 1564/52
f 1563/53 1564/52 1565/51
f 1565/71 1475/25 1563/70
f 1475/25 1477/27 1563/70
f 1565/51 1564/52 1566/47
f 1565/51 1566/47 1472/49
f 1472/21 1471/20 1565/71
f 1471/20 1475/25 1565/71
f 1566/47 1568/50 1567/46
f 1566/47 1567/46 1469/45
f 1472/49 1566/47 1469/45
f 1564/52 1568/50 1566/47
f 1568/50 1554/60 1552/66
f 1568/50 1552/66 1567/46
f 1557/54 1554/60 1568/50
f 1564/52 1557/54 1568/50
f 1567/46 1552/66 1551/67
f 1567/46 1551/67 1466/48
f 1469/45 1567/46 1466/48
f 1559/55 1557/54 1564/52
f 1551/67 1458/5 1459/4
f 1466/48 1551/67 1459/4
f 1481/31 1482/32 1489/33
f 1570/1 1572/2 1569/3
f 1571/4 1570/5 1569/6
f 1569/3 1573/7 1571/8
f 1572/2 1573/7 1569/3
f 1574/9 1575/10 1573/7
f 1572/2 1574/9 1573/7
f 1573/7 1575/10 1576/11
f 1573/7 1576/11 1571/8
f 1575/10 1577/12 1576/11
f 1571/8 1576/11 1578/13
f 1576/11 1577/12 1579/14
f 1576/11 1579/14 1578/13
f 1577/12 1580/15 1579/14
f 1578/13 1579/14 1581/16
f 1579/14 1580/15 1582/17
f 1579/14 1582/17 1581/16
f 1582/18 1585/19 1583/20
f 1582/18 1583/20 1584/21
f 1581/16 1582/17 1584/22
f 1580/23 1585/19 1582/18
f 1585/19 1586/24 1583/20
f 1583/20 1586/24 1587/25
f 1586/24 1588/26 1587/25
f 1587/25 1588/26 1589/27
f 1588/26 1590/28 1589/27
f 1589/27 1590/28 1591/29
f 1590/28 1592/30 1591/29
f 1591/29 1592/30 1593/31
f 1592/30 1594/32 1593/31
f 1597/31 1592/30 1595/29
f 1595/29 1592/30 1596/28
f 1597/31 1598/32 1592/30
f 1599/33 1598/32 1597/31
f 1599/33 1600/34 1598/32
f 1594/32 1600/34 1601/33
f 1601/33 1600/34 1602/35
f 1600/34 1603/36 1602/35
f 1604/35 1600/34 1599/33
f 1604/35 1605/36 1600/34
f 1606/37 1605/36 1604/35
f 1606/37 1607/38 1605/36
f 1608/39 1607/38 1606/37
f 1608/39 1609/40 1607/38
f 1610/41 1609/40 1608/39
f 1610/41 1611/42 1609/40
f 1612/43 1611/42 1610/41
f 1612/43 1613/44 1611/42
f 1614/2 1613/44 1612/43
f 1614/2 1615/9 1613/44
f 1616/7 1615/9 1614/2
f 1616/7 1617/10 1615/9
f 1618/11 1617/10 1616/7
f 1618/11 1619/12 1617/10
f 1620/14 1619/12 1618/11
f 1620/14 1621/15 1619/12
f 1623/18 1622/19 1621/23
f 1623/17 1621/15 1620/14
f 1624/20 1622/19 1623/18
f 1625/21 1624/20 1623/18
f 1625/22 1623/17 1626/16
f 1626/16 1623/17 1620/14
f 1626/45 1627/46 1629/47
f 1628/48 1627/46 1626/45
f 1626/16 1620/14 1628/13
f 1626/45 1629/47 1625/49
f 1627/46 1631/50 1629/47
f 1625/49 1629/47 1630/51
f 1629/47 1632/52 1630/51
f 1629/47 1631/50 1632/52
f 1630/51 1632/52 1633/53
f 1631/50 1634/54 1632/52
f 1632/52 1635/55 1633/53
f 1632/52 1634/54 1635/55
f 1633/53 1635/55 1636/56
f 1634/54 1638/57 1635/55
f 1635/55 1637/58 1636/56
f 1635/55 1638/57 1637/58
f 1634/54 1639/59 1638/57
f 1639/59 1604/35 1638/57
f 1638/57 1599/33 1637/58
f 1638/57 1604/35 1599/33
f 1640/60 1641/61 1639/59
f 1640/60 1639/59 1634/54
f 1641/61 1606/37 1639/59
f 1639/59 1606/37 1604/35
f 1642/62 1608/39 1641/61
f 1642/63 1641/61 1640/60
f 1641/61 1608/39 1606/37
f 1643/64 1610/41 1642/62
f 1643/65 1642/63 1644/66
f 1644/66 1642/63 1640/60
f 1642/62 1610/41 1608/39
f 1645/67 1643/65 1644/66
f 1645/67 1644/66 1627/46
f 1627/46 1644/66 1631/50
f 1644/66 1640/60 1631/50
f 1646/5 1643/65 1645/67
f 1647/4 1646/5 1645/67
f 1647/4 1645/67 1628/48
f 1628/48 1645/67 1627/46
f 1648/6 1646/5 1647/4
f 1647/8 1616/7 1648/3
f 1628/13 1618/11 1647/8
f 1647/8 1618/11 1616/7
f 1648/3 1614/2 1646/1
f 1648/3 1616/7 1614/2
f 1646/1 1612/43 1643/64
f 1646/1 1614/2 1612/43
f 1643/64 1612/43 1610/41
f 1631/50 1640/60 1634/54
f 1636/56 1637/58 1649/68
f 1637/58 1597/31 1649/68
f 1637/58 1599/33 1597/31
f 1649/68 1595/29 1636/69
f 1649/68 1597/31 1595/29
f 1636/69 1650/27 1633/70
f 1636/69 1595/29 1650/27
f 1595/29 1596/28 1650/27
f 1633/70 1650/27 1651/25
f 1650/27 1652/26 1651/25
f 1650/27 1596/28 1652/26
f 1651/25 1652/26 1653/24
f 1651/25 1653/24 1624/20
f 1624/20 1653/24 1622/19
f 1633/70 1651/25 1630/71
f 1630/71 1651/25 1624/20
f 1630/71 1624/20 1625/21
f 1628/13 1620/14 1618/11
f 1602/35 1603/36 1654/37
f 1603/36 1655/38 1654/37
f 1654/37 1655/38 1656/39
f 1655/38 1657/40 1656/39
f 1656/39 1657/40 1658/41
f 1657/40 1659/42 1658/41
f 1658/41 1659/42 1660/43
f 1659/42 1661/44 1660/43
f 1660/43 1661/44 1572/2
f 1661/44 1574/9 1572/2
f 1658/41 1660/43 1662/64
f 1662/64 1660/43 1570/1
f 1660/43 1572/2 1570/1
f 1664/66 1662/65 1663/67
f 1663/67 1662/65 1570/5
f 1664/66 1665/63 1662/65
f 1665/62 1658/41 1662/64
f 1666/60 1665/63 1664/66
f 1666/60 1667/61 1665/63
f 1667/61 1656/39 1665/62
f 1656/39 1658/41 1665/62
f 1668/59 1667/61 1666/60
f 1668/59 1654/37 1667/61
f 1654/37 1656/39 1667/61
f 1670/57 1668/59 1669/54
f 1669/54 1668/59 1666/60
f 1670/57 1602/35 1668/59
f 1602/35 1654/37 1668/59
f 1672/58 1670/57 1671/55
f 1671/55 1670/57 1669/54
f 1672/58 1601/33 1670/57
f 1601/33 1602/35 1670/57
f 1674/68 1672/58 1673/56
f 1673/56 1672/58 1671/55
f 1674/68 1593/31 1672/58
f 1593/31 1601/33 1672/58
f 1673/69 1591/29 1674/68
f 1591/29 1593/31 1674/68
f 1673/56 1671/55 1675/53
f 1675/70 1589/27 1673/69
f 1589/27 1591/29 1673/69
f 1675/53 1671/55 1676/52
f 1675/53 1676/52 1677/51
f 1677/71 1587/25 1675/70
f 1587/25 1589/27 1675/70
f 1677/51 1676/52 1678/47
f 1677/51 1678/47 1584/49
f 1584/21 1583/20 1677/71
f 1583/20 1587/25 1677/71
f 1678/47 1680/50 1679/46
f 1678/47 1679/46 1581/45
f 1584/49 1678/47 1581/45
f 1676/52 1680/50 1678/47
f 1680/50 1666/60 1664/66
f 1680/50 1664/66 1679/46
f 1669/54 1666/60 1680/50
f 1676/52 1669/54 1680/50
f 1679/46 1664/66 1663/67
f 1679/46 1663/67 1578/48
f 1581/45 1679/46 1578/48
f 1671/55 1669/54 1676/52
f 1663/67 1570/5 1571/4
f 1578/48 1663/67 1571/4
f 1593/31 1594/32 1601/33
f 1682/1 1684/2 1681/3
f 1683/4 1682/5 1681/6
f 1681/3 1685/7 1683/8
f 1684/2 1685/7 1681/3
f 1686/9 1687/10 1685/7
f 1684/2 1686/9 1685/7
f 1685/7 1687/10 1688/11
f 1685/7 1688/11 1683/8
f 1687/10 1689/12 1688/11
f 1683/8 1688/11 1690/13
f 1688/11 1689/12 1691/14
f 1688/11 1691/14 1690/13
f 1689/12 1692/15 1691/14
f 1690/13 1691/14 1693/16
f 1691/14 1692/15 1694/17
f 1691/14 1694/17 1693/16
f 1694/18 1697/19 1695/20
f 1694/18 1695/20 1696/21
f 1693/16 1694/17 1696/22
f 1692/23 1697/19 1694/18
f 1697/19 1698/24 1695/20
f 1695/20 1698/24 1699/25
f 1698/24 1700/26 1699/25
f 1699/25 1700/26 1701/27
f 1700/26 1702/28 1701/27
f 1701/27 1702/28 1703/29
f 1702/28 1704/30 1703/29
f 1703/29 1704/30 1705/31
f 1704/30 1706/32 1705/31
f 1709/31 1704/30 1707/29
f 1707/29 1704/30 1708/28
f 1709/31 1710/32 1704/30
f 1711/33 1710/32 1709/31
f 1711/33 1712/34 1710/32
f 1706/32 1712/34 1713/33
f 1713/33 1712/34 1714/35
f 1712/34 1715/36 1714/35
f 1716/35 1712/34 1711/33
f 1716/35 1717/36 1712/34
f 1718/37 1717/36 1716/35
f 1718/37 1719/38 1717/36
f 1720/39 1719/38 1718/37
f 1720/39 1721/40 1719/38
f 1722/41 1721/40 1720/39
f 1722/41 1723/42 1721/40
f 1724/43 1723/42 1722/41
f 1724/43 1725/44 1723/42
f 1726/2 1725/44 1724/43
f 1726/2 1727/9 1725/44
f 1728/7 1727/9 1726/2
f 1728/7 1729/10 1727/9
f 1730/11 1729/10 1728/7
f 1730/11 1731/12 1729/10
f 1732/14 1731/12 1730/11
f 1732/14 1733/15 1731/12
f 1735/18 1734/19 1733/23
f 1735/17 1733/15 1732/14
f 1736/20 1734/19 1735/18
f 1737/21 1736/20 1735/18
f 1737/22 1735/17 1738/16
f 1738/16 1735/17 1732/14
f 1738/45 1739/46 1741/47
f 1740/48 1739/46 1738/45
f 1738/16 1732/14 1740/13
f 1738/45 1741/47 1737/49
f 1739/46 1743/50 1741/47
f 1737/49 1741/47 1742/51
f 1741/47 1744/52 1742/51
f 1741/47 1743/50 1744/52
f 1742/51 1744/52 1745/53
f 1743/50 1746/54 1744/52
f 1744/52 1747/55 1745/53
f 1744/52 1746/54 1747/55
f 1745/53 1747/55 1748/56
f 1746/54 1750/57 1747/55
f 1747/55 1749/58 1748/56
f 1747/55 1750/57 1749/58
f 1746/54 1751/59 1750/57
f 1751/59 1716/35 1750/57
f 1750/57 1711/33 1749/58
f 1750/57 1716/35 1711/33
f 1752/60 1753/61 1751/59
f 1752/60 1751/59 1746/54
f 1753/61 1718/37 1751/59
f 1751/59 1718/37 1716/35
f 1754/62 1720/39 1753/61
f 1754/63 1753/61 1752/60
f 1753/61 1720/39 1718/37
f 1755/64 1722/41 1754/62
f 1755/65 1754/63 1756/66
f 1756/66 1754/63 1752/60
f 1754/62 1722/41 1720/39
f 1757/67 1755/65 1756/66
f 1757/67 1756/66 1739/46
f 1739/46 1756/66 1743/50
f 1756/66 1752/60 1743/50
f 1758/5 1755/65 1757/67
f 1759/4 1758/5 1757/67
f 1759/4 1757/67 1740/48
f 1740/48 1757/67 1739/46
f 1760/6 1758/5 1759/4
f 1759/8 1728/7 1760/3
f 1740/13 1730/11 1759/8
f 1759/8 1730/11 1728/7
f 1760/3 1726/2 1758/1
f 1760/3 1728/7 1726/2
f 1758/1 1724/43 1755/64
f 1758/1 1726/2 1724/43
f 1755/64 1724/43 1722/41
f 1743/50 1752/60 1746/54
f 1748/56 1749/58 1761/68
f 1749/58 1709/31 1761/68
f 1749/58 1711/33 1709/31
f 1761/68 1707/29 1748/69
f 1761/68 1709/31 1707/29
f 1748/69 1762/27 1745/70
f 1748/69 1707/29 1762/27
f 1707/29 1708/28 1762/27
f 1745/70 1762/27 1763/25
f 1762/27 1764/26 1763/25
f 1762/27 1708/28 1764/26
f 1763/25 1764/26 1765/24
f 1763/25 1765/24 1736/20
f 1736/20 1765/24 1734/19
f 1745/70 1763/25 1742/71
f 1742/71 1763/25 1736/20
f 1742/71 1736/20 1737/21
f 1740/13 1732/14 1730/11
f 1714/35 1715/36 1766/37
f 1715/36 1767/38 1766/37
f 1766/37 1767/38 1768/39
f 1767/38 1769/40 1768/39
f 1768/39 1769/40 1770/41
f 1769/40 1771/42 1770/41
f 1770/41 1771/42 1772/43
f 1771/42 1773/44 1772/43
f 1772/43 1773/44 1684/2
f 1773/44 1686/9 1684/2
f 1770/41 1772/43 1774/64
f 1774/64 1772/43 1682/1
f 1772/43 1684/2 1682/1
f 1776/66 1774/65 1775/67
f 1775/67 1774/65 1682/5
f 1776/66 1777/63 1774/65
f 1777/62 1770/41 1774/64
f 1778/60 1777/63 1776/66
f 1778/60 1779/61 1777/63
f 1779/61 1768/39 1777/62
f 1768/39 1770/41 1777/62
f 1780/59 1779/61 1778/60
f 1780/59 1766/37 1779/61
f 1766/37 1768/39 1779/61
f 1782/57 1780/59 1781/54
f 1781/54 1780/59 1778/60
f 1782/57 1714/35 1780/59
f 1714/35 1766/37 1780/59
f 1784/58 1782/57 1783/55
f 1783/55 1782/57 1781/54
f 1784/58 1713/33 1782/57
f 1713/33 1714/35 1782/57
f 1786/68 1784/58 1785/56
f 1785/56 1784/58 1783/55
f 1786/68 1705/31 1784/58
f 1705/31 1713/33 1784/58
f 1785/69 1703/29 1786/68
f 1703/29 1705/31 1786/68
f 1785/56 1783/55 1787/53
f 1787/70 1701/27 1785/69
f 1701/27 1703/29 1785/69
f 1787/53 1783/55 1788/52
f 1787/53 1788/52 1789/51
f 1789/71 1699/25 1787/70
f 1699/25 1701/27 1787/70
f 1789/51 1788/52 1790/47
f 1789/51 1790/47 1696/49
f 1696/21 1695/20 1789/71
f 1695/20 1699/25 1789/71
f 1790/47 1792/50 1791/46
f 1790/47 1791/46 1693/45
f 1696/49 1790/47 1693/45
f 1788/52 1792/50 1790/47
f 1792/50 1778/60 1776/66
f 1792/50 1776/66 1791/46
f 1781/54 1778/60 1792/50
f 1788/52 1781/54 1792/50
f 1791/46 1776/66 1775/67
f 1791/46 1775/67 1690/48
f 1693/45 1791/46 1690/48
f 1783/55 1781/54 1788/52
f 1775/67 1682/5 1683/4
f 1690/48 1775/67 1683/4
f 1705/31 1706/32 1713/33
f 1794/1 1796/2 1793/3
f 1795/4 1794/5 1793/6
f 1793/3 1797/7 1795/8
f 1796/2 1797/7 1793/3
f 1798/9 1799/10 1797/7
f 1796/2 1798/9 1797/7
f 1797/7 1799/10 1800/11
f 1797/7 1800/11 1795/8
f 1799/10 1801/12 1800/11
f 1795/8 1800/11 1802/13
f 1800/11 1801/12 1803/14
f 1800/11 1803/14 1802/13
f 1801/12 1804/15 1803/14
f 1802/13 1803/14 1805/16
f 1803/14 1804/15 1806/17
f 1803/14 1806/17 1805/16
f 1806/18 1809/19 1807/20
f 1806/18 1807/20 1808/21
f 1805/16 1806/17 1808/22
f 1804/23 1809/19 1806/18
f 1809/19 1810/24 1807/20
f 1807/20 1810/24 1811/25
f 1810/24 1812/26 1811/25
f 1811/25 1812/26 1813/27
f 1812/26 1814/28 1813/27
f 1813/27 1814/28 1815/29
f 1814/28 1816/30 1815/29
f 1815/29 1816/30 1817/31
f 1816/30 1818/32 1817/31
f 1821/31 1816/30 1819/29
f 1819/29 1816/30 1820/28
f 1821/31 1822/32 1816/30
f 1823/33 1822/32 1821/31
f 1823/33 1824/34 1822/32
f 1818/32 1824/34 1825/33
f 1825/33 1824/34 1826/35
f 1824/34 1827/36 1826/35
f 1828/35 1824/34 1823/33
f 1828/35 1829/36 1824/34
f 1830/37 1829/36 1828/35
f 1830/37 1831/38 1829/36
f 1832/39 1831/38 1830/37
f 1832/39 1833/40 1831/38
f 1834/41 1833/40 1832/39
f 1834/41 1835/42 1833/40
f 1836/43 1835/42 1834/41
f 1836/43 1837/44 1835/42
f 1838/2 1837/44 1836/43
f 1838/2 1839/9 1837/44
f 1840/7 1839/9 1838/2
f 1840/7 1841/10 1839/9
f 1842/11 1841/10 1840/7
f 1842/11 1843/12 1841/10
f 1844/14 1843/12 1842/11
f 1844/14 1845/15 1843/12
f 1847/18 1846/19 1845/23
f 1847/17 1845/15 1844/14
f 1848/20 1846/19 1847/18
f 1849/21 1848/20 1847/18
f 1849/22 1847/17 1850/16
f 1850/16 1847/17 1844/14
f 1850/45 1851/46 1853/47
f 1852/48 1851/46 1850/45
f 1850/16 1844/14 1852/13
f 1850/45 1853/47 1849/49
f 1851/46 1855/50 1853/47
f 1849/49 1853/47 1854/51
f 1853/47 1856/52 1854/51
f 1853/47 1855/50 1856/52
f 1854/51 1856/52 1857/53
f 1855/50 1858/54 1856/52
f 1856/52 1859/55 1857/53
f 1856/52 1858/54 1859/55
f 1857/53 1859/55 1860/56
f 1858/54 1862/57 1859/55
f 1859/55 1861/58 1860/56
f 1859/55 1862/57 1861/58
f 1858/54 1863/59 1862/57
f 1863/59 1828/35 1862/57
f 1862/57 1823/33 1861/58
f 1862/57 1828/35 1823/33
f 1864/60 1865/61 1863/59
f 1864/60 1863/59 1858/54
f 1865/61 1830/37 1863/59
f 1863/59 1830/37 1828/35
f 1866/62 1832/39 1865/61
f 1866/63 1865/61 1864/60
f 1865/61 1832/39 1830/37
f 1867/64 1834/41 1866/62
f 1867/65 1866/63 1868/66
f 1868/66 1866/63 1864/60
f 1866/62 1834/41 1832/39
f 1869/67 1867/65 1868/66
f 1869/67 1868/66 1851/46
f 1851/46 1868/66 1855/50
f 1868/66 1864/60 1855/50
f 1870/5 1867/65 1869/67
f 1871/4 1870/5 1869/67
f 1871/4 1869/67 1852/48
f 1852/48 1869/67 1851/46
f 1872/6 1870/5 1871/4
f 1871/8 1840/7 1872/3
f 1852/13 1842/11 1871/8
f 1871/8 1842/11 1840/7
f 1872/3 1838/2 1870/1
f 1872/3 1840/7 1838/2
f 1870/1 1836/43 1867/64
f 1870/1 1838/2 1836/43
f 1867/64 1836/43 1834/41
f 1855/50 1864/60 1858/54
f 1860/56 1861/58 1873/68
f 1861/58 1821/31 1873/68
f 1861/58 1823/33 1821/31
f 1873/68 1819/29 1860/69
f 1873/68 1821/31 1819/29
f 1860/69 1874/27 1857/70
f 1860/69 1819/29 1874/27
f 1819/29 1820/28 1874/27
f 1857/70 1874/27 1875/25
f 1874/27 1876/26 1875/25
f 1874/27 1820/28 1876/26
f 1875/25 1876/26 1877/24
f 1875/25 1877/24 1848/20
f 1848/20 1877/24 1846/19
f 1857/70 1875/25 1854/71
f 1854/71 1875/25 1848/20
f 1854/71 1848/20 1849/21
f 1852/13 1844/14 1842/11
f 1826/35 1827/36 1878/37
f 1827/36 1879/38 1878/37
f 1878/37 1879/38 1880/39
f 1879/38 1881/40 1880/39
f 1880/39 1881/40 1882/41
f 1881/40 1883/42 1882/41
f 1882/41 1883/42 1884/43
f 1883/42 1885/44 1884/43
f 1884/43 1885/44 1796/2
f 1885/44 1798/9 1796/2
f 1882/41 1884/43 1886/64
f 1886/64 1884/43 1794/1
f 1884/43 1796/2 1794/1
f 1888/66 1886/65 1887/67
f 1887/67 1886/65 1794/5
f 1888/66 1889/63 1886/65
f 1889/62 1882/41 1886/64
f 1890/60 1889/63 1888/66
f 1890/60 1891/61 1889/63
f 1891/61 1880/39 1889/62
f 1880/39 1882/41 1889/62
f 1892/59 1891/61 1890/60
f 1892/59 1878/37 1891/61
f 1878/37 1880/39 1891/61
f 1894/57 1892/59 1893/54
f 1893/54 1892/59 1890/60
f 1894/57 1826/35 1892/59
f 1826/35 1878/37 1892/59
f 1896/58 1894/57 1895/55
f 1895/55 1894/57 1893/54
f 1896/58 1825/33 1894/57
f 1825/33 1826/35 1894/57
f 1898/68 1896/58 1897/56
f 1897/56 1896/58 1895/55
f 1898/68 1817/31 1896/58
f 1817/31 1825/33 1896/58
f 1897/69 1815/29 1898/68
f 1815/29 1817/31 1898/68
f 1897/56 1895/55 1899/53
f 1899/70 1813/27 1897/69
f 1813/27 1815/29 1897/69
f 1899/53 1895/55 1900/52
f 1899/53 1900/52 1901/51
f 1901/71 1811/25 1899/70
f 1811/25 1813/27 1899/70
f 1901/51 1900/52 1902/47
f 1901/51 1902/47 1808/49
f 1808/21 1807/20 1901/71
f 1807/20 1811/25 1901/71
f 1902/47 1904/50 1903/46
f 1902/47 1903/46 1805/45
f 1808/49 1902/47 1805/45
f 1900/52 1904/50 1902/47
f 1904/50 1890/60 1888/66
f 1904/50 1888/66 1903/46
f 1893/54 1890/60 1904/50
f 1900/52 1893/54 1904/50
f 1903/46 1888/66 1887/67
f 1903/46 1887/67 1802/48
f 1805/45 1903/46 1802/48
f 1895/55 1893/54 1900/52
f 1887/67 1794/5 1795/4
f 1802/48 1887/67 1795/4
f 1817/31 1818/32 1825/33
f 1906/1 1908/2 1905/3
f 1907/4 1906/5 1905/6
f 1905/3 1909/7 1907/8
f 1908/2 1909/7 1905/3
f 1910/9 1911/10 1909/7
f 1908/2 1910/9 1909/7
f 1909/7 1911/10 1912/11
f 1909/7 1912/11 1907/8
f 1911/10 1913/12 1912/11
f 1907/8 1912/11 1914/13
f 1912/11 1913/12 1915/14
f 1912/11 1915/14 1914/13
f 1913/12 1916/15 1915/14
f 1914/13 1915/14 1917/16
f 1915/14 1916/15 1918/17
f 1915/14 1918/17 1917/16
f 1918/18 1921/19 1919/20
f 1918/18 1919/20 1920/21
f 1917/16 1918/17 1920/22
f 1916/23 1921/19 1918/18
f 1921/19 1922/24 1919/20
f 1919/20 1922/24 1923/25
f 1922/24 1924/26 1923/25
f 1923/25 1924/26 1925/27
f 1924/26 1926/28 1925/27
f 1925/27 1926/28 1927/29
f 1926/28 1928/30 1927/29
f 1927/29 1928/30 1929/31
f 1928/30 1930/32 1929/31
f 1933/31 1928/30 1931/29
f 1931/29 1928/30 1932/28
f 1933/31 1934/32 1928/30
f 1935/33 1934/32 1933/31
f 1935/33 1936/34 1934/32
f 1930/32 1936/34 1937/33
f 1937/33 1936/34 1938/35
f 1936/34 1939/36 1938/35
f 1940/35 1936/34 1935/33
f 1940/35 1941/36 1936/34
f 1942/37 1941/36 1940/35
f 1942/37 1943/38 1941/36
f 1944/39 1943/38 1942/37
f 1944/39 1945/40 1943/38
f 1946/41 1945/40 1944/39
f 1946/41 1947/42 1945/40
f 1948/43 1947/42 1946/41
f 1948/43 1949/44 1947/42
f 1950/2 1949/44 1948/43
f 1950/2 1951/9 1949/44
f 1952/7 1951/9 1950/2
f 1952/7 1953/10 1951/9
f 1954/11 1953/10 1952/7
f 1954/11 1955/12 1953/10
f 1956/14 1955/12 1954/11
f 1956/14 1957/15 1955/12
f 1959/18 1958/19 1957/23
f 1959/17 1957/15 1956/14
f 1960/20 1958/19 1959/18
f 1961/21 1960/20 1959/18
f 1961/22 1959/17 1962/16
f 1962/16 1959/17 1956/14
f 1962/45 1963/46 1965/47
f 1964/48 1963/46 1962/45
f 1962/16 1956/14 1964/13
f 1962/45 1965/47 1961/49
f 1963/46 1967/50 1965/47
f 1961/49 1965/47 1966/51
f 1965/47 1968/52 1966/51
f 1965/47 1967/50 1968/52
f 1966/51 1968/52 1969/53
f 1967/50 1970/54 1968/52
f 1968/52 1971/55 1969/53
f 1968/52 1970/54 1971/55
f 1969/53 1971/55 1972/56
f 1970/54 1974/57 1971/55
f 1971/55 1973/58 1972/56
f 1971/55 1974/57 1973/58
f 1970/54 1975/59 1974/57
f 1975/59 1940/35 1974/57
f 1974/57 1935/33 1973/58
f 1974/57 1940/35 1935/33
f 1976/60 1977/61 1975/59
f 1976/60 1975/59 1970/54
f 1977/61 1942/37 1975/59
f 1975/59 1942/37 1940/35
f 1978/62 1944/39 1977/61
f 1978/63 1977/61 1976/60
f 1977/61 1944/39 1942/37
f 1979/64 1946/41 1978/62
f 1979/65 1978/63 1980/66
f 1980/66 1978/63 1976/60
f 1978/62 1946/41 1944/39
f 1981/67 1979/65 1980/66
f 1981/67 1980/66 1963/46
f 1963/46 1980/66 1967/50
f 1980/66 1976/60 1967/50
f 1982/5 1979/65 1981/67
f 1983/4 1982/5 1981/67
f 1983/4 1981/67 1964/48
f 1964/48 1981/67 1963/46
f 1984/6 1982/5 1983/4
f 1983/8 1952/7 1984/3
f 1964/13 1954/11 1983/8
f 1983/8 1954/11 1952/7
f 1984/3 1950/2 1982/1
f 1984/3 1952/7 1950/2
f 1982/1 1948/43 1979/64
f 1982/1 1950/2 1948/43
f 1979/64 1948/43 1946/41
f 1967/50 1976/60 1970/54
f 1972/56 1973/58 1985/68
f 1973/58 1933/31 1985/68
f 1973/58 1935/33 1933/31
f 1985/68 1931/29 1972/69
f 1985/68 1933/31 1931/29
f 1972/69 1986/27 1969/70
f 1972/69 1931/29 1986/27
f 1931/29 1932/28 1986/27
f 1969/70 1986/27 1987/25
f 1986/27 1988/26 1987/25
f 1986/27 1932/28 1988/26
f 1987/25 1988/26 1989/24
f 1987/25 1989/24 1960/20
f 1960/20 1989/24 1958/19
f 1969/70 1987/25 1966/71
f 1966/71 1987/25 1960/20
f 1966/71 1960/20 1961/21
f 1964/13 1956/14 1954/11
f 1938/35 1939/36 1990/37
f 1939/36 1991/38 1990/37
f 1990/37 1991/38 1992/39
f 1991/38 1993/40 1992/39
f 1992/39 1993/40 1994/41
f 1993/40 1995/42 1994/41
f 1994/41 1995/42 1996/43
f 1995/42 1997/44 1996/43
f 1996/43 1997/44 1908/2
f 1997/44 1910/9 1908/2
f 1994/41 1996/43 1998/64
f 1998/64 1996/43 1906/1
f 1996/43 1908/2 1906/1
f 2000/66 1998/65 1999/67
f 1999/67 1998/65 1906/5
f 2000/66 2001/63 1998/65
f 2001/62 1994/41 1998/64
f 2002/60 2001/63 2000/66
f 2002/60 2003/61 2001/63
f 2003/61 1992/39 2001/62
f 1992/39 1994/41 2001/62
f 2004/59 2003/61 2002/60
f 2004/59 1990/37 2003/61
f 1990/37 1992/39 2003/61
f 2006/57 2004/59 2005/54
f 2005/54 2004/59 2002/60
f 2006/57 1938/35 2004/59
f 1938/35 1990/37 2004/59
f 2008/58 2006/57 2007/55
f 2007/55 2006/57 2005/54
f 2008/58 1937/33 2006/57
f 1937/33 1938/35 2006/57
f 2010/68 2008/58 2009/56
f 2009/56 2008/58 2007/55
f 2010/68 1929/31 2008/58
f 1929/31 1937/33 2008/58
f 2009/69 1927/29 2010/68
f 1927/29 1929/31 2010/68
f 2009/56 2007/55 2011/53
f 2011/70 1925/27 2009/69
f 1925/27 1927/29 2009/69
f 2011/53 2007/55 2012/52
f 2011/53 2012/52 2013/51
f 2013/71 1923/25 2011/70
f 1923/25 1925/27 2011/70
f 2013/51 2012/52 2014/47
f 2013/51 2014/47 1920/49
f 1920/21 1919/20 2013/71
f 1919/20 1923/25 2013/71
f 2014/47 2016/50 2015/46
f 2014/47 2015/46 1917/45
f 1920/49 2014/47 1917/45
f 2012/52 2016/50 2014/47
f 2016/50 2002/60 2000/66
f 2016/50 2000/66 2015/46
f 2005/54 2002/60 2016/50
f 2012/52 2005/54 2016/50
f 2015/46 2000/66 1999/67
f 2015/46 1999/67 1914/48
f 1917/45 2015/46 1914/48
f 2007/55 2005/54 2012/52
f 1999/67 1906/5 1907/4
f 1914/48 1999/67 1907/4
f 1929/31 1930/32 1937/33
f 2018/1 2020/2 2017/3
f 2019/4 2018/5 2017/6
f 2017/3 2021/7 2019/8
f 2020/2 2021/7 2017/3
f 2022/9 2023/10 2021/7
f 2020/2 2022/9 2021/7
f 2021/7 2023/10 2024/11
f 2021/7 2024/11 2019/8
f 2023/10 2025/12 2024/11
f 2019/8 2024/11 2026/13
f 2024/11 2025/12 2027/14
f 2024/11 2027/14 2026/13
f 2025/12 2028/15 2027/14
f 2026/13 2027/14 2029/16
f 2027/14 2028/15 2030/17
f 2027/14 2030/17 2029/16
f 2030/18 2033/19 2031/20
f 2030/18 2031/20 2032/21
f 2029/16 2030/17 2032/22
f 2028/23 2033/19 2030/18
f 2033/19 2034/24 2031/20
f 2031/20 2034/24 2035/25
f 2034/24 2036/26 2035/25
f 2035/25 2036/26 2037/27
f 2036/26 2038/28 2037/27
f 2037/27 2038/28 2039/29
f 2038/28 2040/30 2039/29
f 2039/29 2040/30 2041/31
f 2040/30 2042/32 2041/31
f 2045/31 2040/30 2043/29
f 2043/29 2040/30 2044/28
f 2045/31 2046/32 2040/30
f 2047/33 2046/32 2045/31
f 2047/33 2048/34 2046/32
f 2042/32 2048/34 2049/33
f 2049/33 2048/34 2050/35
f 2048/34 2051/36 2050/35
f 2052/35 2048/34 2047/33
f 2052/35 2053/36 2048/34
f 2054/37 2053/36 2052/35
f 2054/37 2055/38 2053/36
f 2056/39 2055/38 2054/37
f 2056/39 2057/40 2055/38
f 2058/41 2057/40 2056/39
f 2058/41 2059/42 2057/40
f 2060/43 2059/42 2058/41
f 2060/43 2061/44 2059/42
f 2062/2 2061/44 2060/43
f 2062/2 2063/9 2061/44
f 2064/7 2063/9 2062/2
f 2064/7 2065/10 2063/9
f 2066/11 2065/10 2064/7
f 2066/11 2067/12 2065/10
f 2068/14 2067/12 2066/11
f 2068/14 2069/15 2067/12
f 2071/18 2070/19 2069/23
f 2071/17 2069/15 2068/14
f 2072/20 2070/19 2071/18
f 2073/21 2072/20 2071/18
f 2073/22 2071/17 2074/16
f 2074/16 2071/17 2068/14
f 2074/45 2075/46 2077/47
f 2076/48 2075/46 2074/45
f 2074/16 2068/14 2076/13
f 2074/45 2077/47 2073/49
f 2075/46 2079/50 2077/47
f 2073/49 2077/47 2078/51
f 2077/47 2080/52 2078/51
f 2077/47 2079/50 2080/52
f 2078/51 2080/52 2081/53
f 2079/50 2082/54 2080/52
f 2080/52 2083/55 2081/53
f 2080/52 2082/54 2083/55
f 2081/53 2083/55 2084/56
f 2082/54 2086/57 2083/55
f 2083/55 2085/58 2084/56
f 2083/55 2086/57 2085/58
f 2082/54 2087/59 2086/57
f 2087/59 2052/35 2086/57
f 2086/57 2047/33 2085/58
f 2086/57 2052/35 2047/33
f 2088/60 2089/61 2087/59
f 2088/60 2087/59 2082/54
f 2089/61 2054/37 2087/59
f 2087/59 2054/37 2052/35
f 2090/62 2056/39 2089/61
f 2090/63 2089/61 2088/60
f 2089/61 2056/39 2054/37
f 2091/64 2058/41 2090/62
f 2091/65 2090/63 2092/66
f 2092/66 2090/63 2088/60
f 2090/62 2058/41 2056/39
f 2093/67 2091/65 2092/66
f 2093/67 2092/66 2075/46
f 2075/46 2092/66 2079/50
f 2092/66 2088/60 2079/50
f 2094/5 2091/65 2093/67
f 2095/4 2094/5 2093/67
f 2095/4 2093/67 2076/48
f 2076/48 2093/67 2075/46
f 2096/6 2094/5 2095/4
f 2095/8 2064/7 2096/3
f 2076/13 2066/11 2095/8
f 2095/8 2066/11 2064/7
f 2096/3 2062/2 2094/1
f 2096/3 2064/7 2062/2
f 2094/1 2060/43 2091/64
f 2094/1 2062/2 2060/43
f 2091/64 2060/43 2058/41
f 2079/50 2088/60 2082/54
f 2084/56 2085/58 2097/68
f 2085/58 2045/31 2097/68
f 2085/58 2047/33 2045/31
f 2097/68 2043/29 2084/69
f 2097/68 2045/31 2043/29
f 2084/69 2098/27 2081/70
f 2084/69 2043/29 2098/27
f 2043/29 2044/28 2098/27
f 2081/70 2098/27 2099/25
f 2098/27 2100/26 2099/25
f 2098/27 2044/28 2100/26
f 2099/25 2100/26 2101/24
f 2099/25 2101/24 2072/20
f 2072/20 2101/24 2070/19
f 2081/70 2099/25 2078/71
f 2078/71 2099/25 2072/20
f 2078/71 2072/20 2073/21
f 2076/13 2068/14 2066/11
f 2050/35 2051/36 2102/37
f 2051/36 2103/38 2102/37
f 2102/37 2103/38 2104/39
f 2103/38 2105/40 2104/39
f 2104/39 2105/40 2106/41
f 2105/40 2107/42 2106/41
f 2106/41 2107/42 2108/43
f 2107/42 2109/44 2108/43
f 2108/43 2109/44 2020/2
f 2109/44 2022/9 2020/2
f 2106/41 2108/43 2110/64
f 2110/64 2108/43 2018/1
f 2108/43 2020/2 2018/1
f 2112/66 2110/65 2111/67
f 2111/67 2110/65 2018/5
f 2112/66 2113/63 2110/65
f 2113/62 2106/41 2110/64
f 2114/60 2113/63 2112/66
f 2114/60 2115/61 2113/63
f 2115/61 2104/39 2113/62
f 2104/39 2106/41 2113/62
f 2116/59 2115/61 2114/60
f 2116/59 2102/37 2115/61
f 2102/37 2104/39 2115/61
f 2118/57 2116/59 2117/54
f 2117/54 2116/59 2114/60
f 2118/57 2050/35 2116/59
f 2050/35 2102/37 2116/59
f 2120/58 2118/57 2119/55
f 2119/55 2118/57 2117/54
f 2120/58 2049/33 2118/57
f 2049/33 2050/35 2118/57
f 2122/68 2120/58 2121/56
f 2121/56 2120/58 2119/55
f 2122/68 2041/31 2120/58
f 2041/31 2049/33 2120/58
f 2121/69 2039/29 2122/68
f 2039/29 2041/31 2122/68
f 2121/56 2119/55 2123/53
f 2123/70 2037/27 2121/69
f 2037/27 2039/29 2121/69
f 2123/53 2119/55 2124/52
f 2123/53 2124/52 2125/51
f 2125/71 2035/25 2123/70
f 2035/25 2037/27 2123/70
f 2125/51 2124/52 2126/47
f 2125/51 2126/47 2032/49
f 2032/21 2031/20 2125/71
f 2031/20 2035/25 2125/71
f 2126/47 2128/50 2127/46
f 2126/47 2127/46 2029/45
f 2032/49 2126/47 2029/45
f 2124/52 2128/50 2126/47
f 2128/50 2114/60 2112/66
f 2128/50 2112/66 2127/46
f 2117/54 2114/60 2128/50
f 2124/52 2117/54 2128/50
f 2127/46 2112/66 2111/67
f 2127/46 2111/67 2026/48
f 2029/45 2127/46 2026/48
f 2119/55 2117/54 2124/52
f 2111/67 2018/5 2019/4
f 2026/48 2111/67 2019/4
f 2041/31 2042/32 2049/33
f 2130/1 2132/2 2129/3
f 2131/4 2130/5 2129/6
f 2129/3 2133/7 2131/8
f 2132/2 2133/7 2129/3
f 2134/9 2135/10 2133/7
f 2132/2 2134/9 2133/7
f 2133/7 2135/10 2136/11
f 2133/7 2136/11 2131/8
f 2135/10 2137/12 2136/11
f 2131/8 2136/11 2138/13
f 2136/11 2137/12 2139/14
f 2136/11 2139/14 2138/13
f 2137/12 2140/15 2139/14
f 2138/13 2139/14 2141/16
f 2139/14 2140/15 2142/17
f 2139/14 2142/17 2141/16
f 2142/18 2145/19 2143/20
f 2142/18 2143/20 2144/21
f 2141/16 2142/17 2144/22
f 2140/23 2145/19 2142/18
f 2145/19 2146/24 2143/20
f 2143/20 2146/24 2147/25
f 2146/24 2148/26 2147/25
f 2147/25 2148/26 2149/27
f 2148/26 2150/28 2149/27
f 2149/27 2150/28 2151/29
f 2150/28 2152/30 2151/29
f 2151/29 2152/30 2153/31
f 2152/30 2154/32 2153/31
f 2157/31 2152/30 2155/29
f 2155/29 2152/30 2156/28
f 2157/31 2158/32 2152/30
f 2159/33 2158/32 2157/31
f 2159/33 2160/34 2158/32
f 2154/32 2160/34 2161/33
f 2161/33 2160/34 2162/35
f 2160/34 2163/36 2162/35
f 2164/35 2160/34 2159/33
f 2164/35 2165/36 2160/34
f 2166/37 2165/36 2164/35
f 2166/37 2167/38 2165/36
f 2168/39 2167/38 2166/37
f 2168/39 2169/40 2167/38
f 2170/41 2169/40 2168/39
f 2170/41 2171/42 2169/40
f 2172/43 2171/42 2170/41
f 2172/43 2173/44 2171/42
f 2174/2 2173/44 2172/43
f 2174/2 2175/9 2173/44
f 2176/7 2175/9 2174/2
f 2176/7 2177/10 2175/9
f 2178/11 2177/10 2176/7
f 2178/11 2179/12 2177/10
f 2180/14 2179/12 2178/11
f 2180/14 2181/15 2179/12
f 2183/18 2182/19 2181/23
f 2183/17 2181/15 2180/14
f 2184/20 2182/19 2183/18
f 2185/21 2184/20 2183/18
f 2185/22 2183/17 2186/16
f 2186/16 2183/17 2180/14
f 2186/45 2187/46 2189/47
f 2188/48 2187/46 2186/45
f 2186/16 2180/14 2188/13
f 2186/45 2189/47 2185/49
f 2187/46 2191/50 2189/47
f 2185/49 2189/47 2190/51
f 2189/47 2192/52 2190/51
f 2189/47 2191/50 2192/52
f 2190/51 2192/52 2193/53
f 2191/50 2194/54 2192/52
f 2192/52 2195/55 2193/53
f 2192/52 2194/54 2195/55
f 2193/53 2195/55 2196/56
f 2194/54 2198/57 2195/55
f 2195/55 2197/58 2196/56
f 2195/55 2198/57 2197/58
f 2194/54 2199/59 2198/57
f 2199/59 2164/35 2198/57
f 2198/57 2159/33 2197/58
f 2198/57 2164/35 2159/33
f 2200/60 2201/61 2199/59
f 2200/60 2199/59 2194/54
f 2201/61 2166/37 2199/59
f 2199/59 2166/37 2164/35
f 2202/62 2168/39 2201/61
f 2202/63 2201/61 2200/60
f 2201/61 2168/39 2166/37
f 2203/64 2170/41 2202/62
f 2203/65 2202/63 2204/66
f 2204/66 2202/63 2200/60
f 2202/62 2170/41 2168/39
f 2205/67 2203/65 2204/66
f 2205/67 2204/66 2187/46
f 2187/46 2204/66 2191/50
f 2204/66 2200/60 2191/50
f 2206/5 2203/65 2205/67
f 2207/4 2206/5 2205/67
f 2207/4 2205/67 2188/48
f 2188/48 2205/67 2187/46
f 2208/6 2206/5 2207/4
f 2207/8 2176/7 2208/3
f 2188/13 2178/11 2207/8
f 2207/8 2178/11 2176/7
f 2208/3 2174/2 2206/1
f 2208/3 2176/7 2174/2
f 2206/1 2172/43 2203/64
f 2206/1 2174/2 2172/43
f 2203/64 2172/43 2170/41
f 2191/50 2200/60 2194/54
f 2196/56 2197/58 2209/68
f 2197/58 2157/31 2209/68
f 2197/58 2159/33 2157/31
f 2209/68 2155/29 2196/69
f 2209/68 2157/31 2155/29
f 2196/69 2210/27 2193/70
f 2196/69 2155/29 2210/27
f 2155/29 2156/28 2210/27
f 2193/70 2210/27 2211/25
f 2210/27 2212/26 2211/25
f 2210/27 2156/28 2212/26
f 2211/25 2212/26 2213/24
f 2211/25 2213/24 2184/20
f 2184/20 2213/24 2182/19
f 2193/70 2211/25 2190/71
f 2190/71 2211/25 2184/20
f 2190/71 2184/20 2185/21
f 2188/13 2180/14 2178/11
f 2162/35 2163/36 2214/37
f 2163/36 2215/38 2214/37
f 2214/37 2215/38 2216/39
f 2215/38 2217/40 2216/39
f 2216/39 2217/40 2218/41
f 2217/40 2219/42 2218/41
f 2218/41 2219/42 2220/43
f 2219/42 2221/44 2220/43
f 2220/43 2221/44 2132/2
f 2221/44 2134/9 2132/2
f 2218/41 2220/43 2222/64
f 2222/64 2220/43 2130/1
f 2220/43 2132/2 2130/1
f 2224/66 2222/65 2223/67
f 2223/67 2222/65 2130/5
f 2224/66 2225/63 2222/65
f 2225/62 2218/41 2222/64
f 2226/60 2225/63 2224/66
f 2226/60 2227/61 2225/63
f 2227/61 2216/39 2225/62
f 2216/39 2218/41 2225/62
f 2228/59 2227/61 2226/60
f 2228/59 2214/37 2227/61
f 2214/37 2216/39 2227/61
f 2230/57 2228/59 2229/54
f 2229/54 2228/59 2226/60
f 2230/57 2162/35 2228/59
f 2162/35 2214/37 2228/59
f 2232/58 2230/57 2231/55
f 2231/55 2230/57 2229/54
f 2232/58 2161/33 2230/57
f 2161/33 2162/35 2230/57
f 2234/68 2232/58 2233/56
f 2233/56 2232/58 2231/55
f 2234/68 2153/31 2232/58
f 2153/31 2161/33 2232/58
f 2233/69 2151/29 2234/68
f 2151/29 2153/31 2234/68
f 2233/56 2231/55 2235/53
f 2235/70 2149/27 2233/69
f 2149/27 2151/29 2233/69
f 2235/53 2231/55 2236/52
f 2235/53 2236/52 2237/51
f 2237/71 2147/25 2235/70
f 2147/25 2149/27 2235/70
f 2237/51 2236/52 2238/47
f 2237/51 2238/47 2144/49
f 2144/21 2143/20 2237/71
f 2143/20 2147/25 2237/71
f 2238/47 2240/50 2239/46
f 2238/47 2239/46 2141/45
f 2144/49 2238/47 2141/45
f 2236/52 2240/50 2238/47
f 2240/50 2226/60 2224/66
f 2240/50 2224/66 2239/46
f 2229/54 2226/60 2240/50
f 2236/52 2229/54 2240/50
f 2239/46 2224/66 2223/67
f 2239/46 2223/67 2138/48
f 2141/45 2239/46 2138/48
f 2231/55 2229/54 2236/52
f 2223/67 2130/5 2131/4
f 2138/48 2223/67 2131/4
f 2153/31 2154/32 2161/33
f 2242/1 2241/3 2244/2
f 2243/4 2241/6 2242/5
f 2241/3 2243/8 2245/7
f 2244/2 2241/3 2245/7
f 2246/9 2245/7 2247/10
f 2244/2 2245/7 2246/9
f 2245/7 2248/11 2247/10
f 2245/7 2243/8 2248/11
f 2247/10 2248/11 2249/12
f 2243/8 2250/13 2248/11
f 2248/11 2251/14 2249/12
f 2248/11 2250/13 2251/14
f 2249/12 2251/14 2252/15
f 2250/13 2253/16 2251/14
f 2251/14 2254/17 2252/15
f 2251/14 2253/16 2254/17
f 2254/18 2255/20 2257/19
f 2254/18 2256/21 2255/20
f 2253/16 2256/22 2254/17
f 2252/23 2254/18 2257/19
f 2257/19 2255/20 2258/24
f 2255/20 2259/25 2258/24
f 2258/24 2259/25 2260/26
f 2259/25 2261/27 2260/26
f 2260/26 2261/27 2262/28
f 2261/27 2263/29 2262/28
f 2262/28 2263/29 2264/30
f 2263/29 2265/31 2264/30
f 2264/30 2265/31 2266/32
f 2269/31 2267/29 2264/30
f 2267/29 2268/28 2264/30
f 2269/31 2264/30 2270/32
f 2271/33 2269/31 2270/32
f 2271/33 2270/32 2272/34
f 2266/32 2273/33 2272/34
f 2273/33 2274/35 2272/34
f 2272/34 2274/35 2275/36
f 2276/35 2271/33 2272/34
f 2276/35 2272/34 2277/36
f 2278/37 2276/35 2277/36
f 2278/37 2277/36 2279/38
f 2280/39 2278/37 2279/38
f 2280/39 2279/38 2281/40
f 2282/41 2280/39 2281/40
f 2282/41 2281/40 2283/42
f 2284/43 2282/41 2283/42
f 2284/43 2283/42 2285/44
f 2286/2 2284/43 2285/44
f 2286/2 2285/44 2287/9
f 2288/7 2286/2 2287/9
f 2288/7 2287/9 2289/10
f 2290/11 2288/7 2289/10
f 2290/11 2289/10 2291/12
f 2292/14 2290/11 2291/12
f 2292/14 2291/12 2293/15
f 2295/18 2293/23 2294/19
f 2295/17 2292/14 2293/15
f 2296/20 2295/18 2294/19
f 2297/21 2295/18 2296/20
f 2297/22 2298/16 2295/17
f 2298/16 2292/14 2295/17
f 2298/45 2301/47 2299/46
f 2300/48 2298/45 2299/46
f 2298/16 2300/13 2292/14
f 2298/45 2297/49 2301/47
f 2299/46 2301/47 2303/50
f 2297/49 2302/51 2301/47
f 2301/47 2302/51 2304/52
f 2301/47 2304/52 2303/50
f 2302/51 2305/53 2304/52
f 2303/50 2304/52 2306/54
f 2304/52 2305/53 2307/55
f 2304/52 2307/55 2306/54
f 2305/53 2308/56 2307/55
f 2306/54 2307/55 2310/57
f 2307/55 2308/56 2309/58
f 2307/55 2309/58 2310/57
f 2306/54 2310/57 2311/59
f 2311/59 2310/57 2276/35
f 2310/57 2309/58 2271/33
f 2310/57 2271/33 2276/35
f 2312/60 2311/59 2313/61
f 2312/60 2306/54 2311/59
f 2313/61 2311/59 2278/37
f 2311/59 2276/35 2278/37
f 2314/62 2313/61 2280/39
f 2314/63 2312/60 2313/61
f 2313/61 2278/37 2280/39
f 2315/64 2314/62 2282/41
f 2315/65 2316/66 2314/63
f 2316/66 2312/60 2314/63
f 2314/62 2280/39 2282/41
f 2317/67 2316/66 2315/65
f 2317/67 2299/46 2316/66
f 2299/46 2303/50 2316/66
f 2316/66 2303/50 2312/60
f 2318/5 2317/67 2315/65
f 2319/4 2317/67 2318/5
f 2319/4 2300/48 2317/67
f 2300/48 2299/46 2317/67
f 2320/6 2319/4 2318/5
f 2319/8 2320/3 2288/7
f 2300/13 2319/8 2290/11
f 2319/8 2288/7 2290/11
f 2320/3 2318/1 2286/2
f 2320/3 2286/2 2288/7
f 2318/1 2315/64 2284/43
f 2318/1 2284/43 2286/2
f 2315/64 2282/41 2284/43
f 2303/50 2306/54 2312/60
f 2308/56 2321/68 2309/58
f 2309/58 2321/68 2269/31
f 2309/58 2269/31 2271/33
f 2321/68 2308/69 2267/29
f 2321/68 2267/29 2269/31
f 2308/69 2305/70 2322/27
f 2308/69 2322/27 2267/29
f 2267/29 2322/27 2268/28
f 2305/70 2323/25 2322/27
f 2322/27 2323/25 2324/26
f 2322/27 2324/26 2268/28
f 2323/25 2325/24 2324/26
f 2323/25 2296/20 2325/24
f 2296/20 2294/19 2325/24
f 2305/70 2302/71 2323/25
f 2302/71 2296/20 2323/25
f 2302/71 2297/21 2296/20
f 2300/13 2290/11 2292/14
f 2274/35 2326/37 2275/36
f 2275/36 2326/37 2327/38
f 2326/37 2328/39 2327/38
f 2327/38 2328/39 2329/40
f 2328/39 2330/41 2329/40
f 2329/40 2330/41 2331/42
f 2330/41 2332/43 2331/42
f 2331/42 2332/43 2333/44
f 2332/43 2244/2 2333/44
f 2333/44 2244/2 2246/9
f 2330/41 2334/64 2332/43
f 2334/64 2242/1 2332/43
f 2332/43 2242/1 2244/2
f 2336/66 2335/67 2334/65
f 2335/67 2242/5 2334/65
f 2336/66 2334/65 2337/63
f 2337/62 2334/64 2330/41
f 2338/60 2336/66 2337/63
f 2338/60 2337/63 2339/61
f 2339/61 2337/62 2328/39
f 2328/39 2337/62 2330/41
f 2340/59 2338/60 2339/61
f 2340/59 2339/61 2326/37
f 2326/37 2339/61 2328/39
f 2342/57 2341/54 2340/59
f 2341/54 2338/60 2340/59
f 2342/57 2340/59 2274/35
f 2274/35 2340/59 2326/37
f 2344/58 2343/55 2342/57
f 2343/55 2341/54 2342/57
f 2344/58 2342/57 2273/33
f 2273/33 2342/57 2274/35
f 2346/68 2345/56 2344/58
f 2345/56 2343/55 2344/58
f 2346/68 2344/58 2265/31
f 2265/31 2344/58 2273/33
f 2345/69 2346/68 2263/29
f 2263/29 2346/68 2265/31
f 2345/56 2347/53 2343/55
f 2347/70 2345/69 2261/27
f 2261/27 2345/69 2263/29
f 2347/53 2348/52 2343/55
f 2347/53 2349/51 2348/52
f 2349/71 2347/70 2259/25
f 2259/25 2347/70 2261/27
f 2349/51 2350/47 2348/52
f 2349/51 2256/49 2350/47
f 2256/21 2349/71 2255/20
f 2255/20 2349/71 2259/25
f 2350/47 2351/46 2352/50
f 2350/47 2253/45 2351/46
f 2256/49 2253/45 2350/47
f 2348/52 2350/47 2352/50
f 2352/50 2336/66 2338/60
f 2352/50 2351/46 2336/66
f 2341/54 2352/50 2338/60
f 2348/52 2352/50 2341/54
f 2351/46 2335/67 2336/66
f 2351/46 2250/48 2335/67
f 2253/45 2250/48 2351/46
f 2343/55 2348/52 2341/54
f 2335/67 2243/4 2242/5
f 2250/48 2243/4 2335/67
f 2265/31 2273/33 2266/32
f 2354/1 2353/3 2356/2
f 2355/4 2353/6 2354/5
f 2353/3 2355/8 2357/7
f 2356/2 2353/3 2357/7
f 2358/9 2357/7 2359/10
f 2356/2 2357/7 2358/9
f 2357/7 2360/11 2359/10
f 2357/7 2355/8 2360/11
f 2359/10 2360/11 2361/12
f 2355/8 2362/13 2360/11
f 2360/11 2363/14 2361/12
f 2360/11 2362/13 2363/14
f 2361/12 2363/14 2364/15
f 2362/13 2365/16 2363/14
f 2363/14 2366/17 2364/15
f 2363/14 2365/16 2366/17
f 2366/18 2367/20 2369/19
f 2366/18 2368/21 2367/20
f 2365/16 2368/22 2366/17
f 2364/23 2366/18 2369/19
f 2369/19 2367/20 2370/24
f 2367/20 2371/25 2370/24
f 2370/24 2371/25 2372/26
f 2371/25 2373/27 2372/26
f 2372/26 2373/27 2374/28
f 2373/27 2375/29 2374/28
f 2374/28 2375/29 2376/30
f 2375/29 2377/31 2376/30
f 2376/30 2377/31 2378/32
f 2381/31 2379/29 2376/30
f 2379/29 2380/28 2376/30
f 2381/31 2376/30 2382/32
f 2383/33 2381/31 2382/32
f 2383/33 2382/32 2384/34
f 2378/32 2385/33 2384/34
f 2385/33 2386/35 2384/34
f 2384/34 2386/35 2387/36
f 2388/35 2383/33 2384/34
f 2388/35 2384/34 2389/36
f 2390/37 2388/35 2389/36
f 2390/37 2389/36 2391/38
f 2392/39 2390/37 2391/38
f 2392/39 2391/38 2393/40
f 2394/41 2392/39 2393/40
f 2394/41 2393/40 2395/42
f 2396/43 2394/41 2395/42
f 2396/43 2395/42 2397/44
f 2398/2 2396/43 2397/44
f 2398/2 2397/44 2399/9
f 2400/7 2398/2 2399/9
f 2400/7 2399/9 2401/10
f 2402/11 2400/7 2401/10
f 2402/11 2401/10 2403/12
f 2404/14 2402/11 2403/12
f 2404/14 2403/12 2405/15
f 2407/18 2405/23 2406/19
f 2407/17 2404/14 2405/15
f 2408/20 2407/18 2406/19
f 2409/21 2407/18 2408/20
f 2409/22 2410/16 2407/17
f 2410/16 2404/14 2407/17
f 2410/45 2413/47 2411/46
f 2412/48 2410/45 2411/46
f 2410/16 2412/13 2404/14
f 2410/45 2409/49 2413/47
f 2411/46 2413/47 2415/50
f 2409/49 2414/51 2413/47
f 2413/47 2414/51 2416/52
f 2413/47 2416/52 2415/50
f 2414/51 2417/53 2416/52
f 2415/50 2416/52 2418/54
f 2416/52 2417/53 2419/55
f 2416/52 2419/55 2418/54
f 2417/53 2420/56 2419/55
f 2418/54 2419/55 2422/57
f 2419/55 2420/56 2421/58
f 2419/55 2421/58 2422/57
f 2418/54 2422/57 2423/59
f 2423/59 2422/57 2388/35
f 2422/57 2421/58 2383/33
f 2422/57 2383/33 2388/35
f 2424/60 2423/59 2425/61
f 2424/60 2418/54 2423/59
f 2425/61 2423/59 2390/37
f 2423/59 2388/35 2390/37
f 2426/62 2425/61 2392/39
f 2426/63 2424/60 2425/61
f 2425/61 2390/37 2392/39
f 2427/64 2426/62 2394/41
f 2427/65 2428/66 2426/63
f 2428/66 2424/60 2426/63
f 2426/62 2392/39 2394/41
f 2429/67 2428/66 2427/65
f 2429/67 2411/46 2428/66
f 2411/46 2415/50 2428/66
f 2428/66 2415/50 2424/60
f 2430/5 2429/67 2427/65
f 2431/4 2429/67 2430/5
f 2431/4 2412/48 2429/67
f 2412/48 2411/46 2429/67
f 2432/6 2431/4 2430/5
f 2431/8 2432/3 2400/7
f 2412/13 2431/8 2402/11
f 2431/8 2400/7 2402/11
f 2432/3 2430/1 2398/2
f 2432/3 2398/2 2400/7
f 2430/1 2427/64 2396/43
f 2430/1 2396/43 2398/2
f 2427/64 2394/41 2396/43
f 2415/50 2418/54 2424/60
f 2420/56 2433/68 2421/58
f 2421/58 2433/68 2381/31
f 2421/58 2381/31 2383/33
f 2433/68 2420/69 2379/29
f 2433/68 2379/29 2381/31
f 2420/69 2417/70 2434/27
f 2420/69 2434/27 2379/29
f 2379/29 2434/27 2380/28
f 2417/70 2435/25 2434/27
f 2434/27 2435/25 2436/26
f 2434/27 2436/26 2380/28
f 2435/25 2437/24 2436/26
f 2435/25 2408/20 2437/24
f 2408/20 2406/19 2437/24
f 2417/70 2414/71 2435/25
f 2414/71 2408/20 2435/25
f 2414/71 2409/21 2408/20
f 2412/13 2402/11 2404/14
f 2386/35 2438/37 2387/36
f 2387/36 2438/37 2439/38
f 2438/37 2440/39 2439/38
f 2439/38 2440/39 2441/40
f 2440/39 2442/41 2441/40
f 2441/40 2442/41 2443/42
f 2442/41 2444/43 2443/42
f 2443/42 2444/43 2445/44
f 2444/43 2356/2 2445/44
f 2445/44 2356/2 2358/9
f 2442/41 2446/64 2444/43
f 2446/64 2354/1 2444/43
f 2444/43 2354/1 2356/2
f 2448/66 2447/67 2446/65
f 2447/67 2354/5 2446/65
f 2448/66 2446/65 2449/63
f 2449/62 2446/64 2442/41
f 2450/60 2448/66 2449/63
f 2450/60 2449/63 2451/61
f 2451/61 2449/62 2440/39
f 2440/39 2449/62 2442/41
f 2452/59 2450/60 2451/61
f 2452/59 2451/61 2438/37
f 2438/37 2451/61 2440/39
f 2454/57 2453/54 2452/59
f 2453/54 2450/60 2452/59
f 2454/57 2452/59 2386/35
f 2386/35 2452/59 2438/37
f 2456/58 2455/55 2454/57
f 2455/55 2453/54 2454/57
f 2456/58 2454/57 2385/33
f 2385/33 2454/57 2386/35
f 2458/68 2457/56 2456/58
f 2457/56 2455/55 2456/58
f 2458/68 2456/58 2377/31
f 2377/31 2456/58 2385/33
f 2457/69 2458/68 2375/29
f 2375/29 2458/68 2377/31
f 2457/56 2459/53 2455/55
f 2459/70 2457/69 2373/27
f 2373/27 2457/69 2375/29
f 2459/53 2460/52 2455/55
f 2459/53 2461/51 2460/52
f 2461/71 2459/70 2371/25
f 2371/25 2459/70 2373/27
f 2461/51 2462/47 2460/52
f 2461/51 2368/49 2462/47
f 2368/21 2461/71 2367/20
f 2367/20 2461/71 2371/25
f 2462/47 2463/46 2464/50
f 2462/47 2365/45 2463/46
f 2368/49 2365/45 2462/47
f 2460/52 2462/47 2464/50
f 2464/50 2448/66 2450/60
f 2464/50 2463/46 2448/66
f 2453/54 2464/50 2450/60
f 2460/52 2464/50 2453/54
f 2463/46 2447/67 2448/66
f 2463/46 2362/48 2447/67
f 2365/45 2362/48 2463/46
f 2455/55 2460/52 2453/54
f 2447/67 2355/4 2354/5
f 2362/48 2355/4 2447/67
f 2377/31 2385/33 2378/32
f 2466/1 2465/3 2468/2
f 2467/4 2465/6 2466/5
f 2465/3 2467/8 2469/7
f 2468/2 2465/3 2469/7
f 2470/9 2469/7 2471/10
f 2468/2 2469/7 2470/9
f 2469/7 2472/11 2471/10
f 2469/7 2467/8 2472/11
f 2471/10 2472/11 2473/12
f 2467/8 2474/13 2472/11
f 2472/11 2475/14 2473/12
f 2472/11 2474/13 2475/14
f 2473/12 2475/14 2476/15
f 2474/13 2477/16 2475/14
f 2475/14 2478/17 2476/15
f 2475/14 2477/16 2478/17
f 2478/18 2479/20 2481/19
f 2478/18 2480/21 2479/20
f 2477/16 2480/22 2478/17
f 2476/23 2478/18 2481/19
f 2481/19 2479/20 2482/24
f 2479/20 2483/25 2482/24
f 2482/24 2483/25 2484/26
f 2483/25 2485/27 2484/26
f 2484/26 2485/27 2486/28
f 2485/27 2487/29 2486/28
f 2486/28 2487/29 2488/30
f 2487/29 2489/31 2488/30
f 2488/30 2489/31 2490/32
f 2493/31 2491/29 2488/30
f 2491/29 2492/28 2488/30
f 2493/31 2488/30 2494/32
f 2495/33 2493/31 2494/32
f 2495/33 2494/32 2496/34
f 2490/32 2497/33 2496/34
f 2497/33 2498/35 2496/34
f 2496/34 2498/35 2499/36
f 2500/35 2495/33 2496/34
f 2500/35 2496/34 2501/36
f 2502/37 2500/35 2501/36
f 2502/37 2501/36 2503/38
f 2504/39 2502/37 2503/38
f 2504/39 2503/38 2505/40
f 2506/41 2504/39 2505/40
f 2506/41 2505/40 2507/42
f 2508/43 2506/41 2507/42
f 2508/43 2507/42 2509/44
f 2510/2 2508/43 2509/44
f 2510/2 2509/44 2511/9
f 2512/7 2510/2 2511/9
f 2512/7 2511/9 2513/10
f 2514/11 2512/7 2513/10
f 2514/11 2513/10 2515/12
f 2516/14 2514/11 2515/12
f 2516/14 2515/12 2517/15
f 2519/18 2517/23 2518/19
f 2519/17 2516/14 2517/15
f 2520/20 2519/18 2518/19
f 2521/21 2519/18 2520/20
f 2521/22 2522/16 2519/17
f 2522/16 2516/14 2519/17
f 2522/45 2525/47 2523/46
f 2524/48 2522/45 2523/46
f 2522/16 2524/13 2516/14
f 2522/45 2521/49 2525/47
f 2523/46 2525/47 2527/50
f 2521/49 2526/51 2525/47
f 2525/47 2526/51 2528/52
f 2525/47 2528/52 2527/50
f 2526/51 2529/53 2528/52
f 2527/50 2528/52 2530/54
f 2528/52 2529/53 2531/55
f 2528/52 2531/55 2530/54
f 2529/53 2532/56 2531/55
f 2530/54 2531/55 2534/57
f 2531/55 2532/56 2533/58
f 2531/55 2533/58 2534/57
f 2530/54 2534/57 2535/59
f 2535/59 2534/57 2500/35
f 2534/57 2533/58 2495/33
f 2534/57 2495/33 2500/35
f 2536/60 2535/59 2537/61
f 2536/60 2530/54 2535/59
f 2537/61 2535/59 2502/37
f 2535/59 2500/35 2502/37
f 2538/62 2537/61 2504/39
f 2538/63 2536/60 2537/61
f 2537/61 2502/37 2504/39
f 2539/64 2538/62 2506/41
f 2539/65 2540/66 2538/63
f 2540/66 2536/60 2538/63
f 2538/62 2504/39 2506/41
f 2541/67 2540/66 2539/65
f 2541/67 2523/46 2540/66
f 2523/46 2527/50 2540/66
f 2540/66 2527/50 2536/60
f 2542/5 2541/67 2539/65
f 2543/4 2541/67 2542/5
f 2543/4 2524/48 2541/67
f 2524/48 2523/46 2541/67
f 2544/6 2543/4 2542/5
f 2543/8 2544/3 2512/7
f 2524/13 2543/8 2514/11
f 2543/8 2512/7 2514/11
f 2544/3 2542/1 2510/2
f 2544/3 2510/2 2512/7
f 2542/1 2539/64 2508/43
f 2542/1 2508/43 2510/2
f 2539/64 2506/41 2508/43
f 2527/50 2530/54 2536/60
f 2532/56 2545/68 2533/58
f 2533/58 2545/68 2493/31
f 2533/58 2493/31 2495/33
f 2545/68 2532/69 2491/29
f 2545/68 2491/29 2493/31
f 2532/69 2529/70 2546/27
f 2532/69 2546/27 2491/29
f 2491/29 2546/27 2492/28
f 2529/70 2547/25 2546/27
f 2546/27 2547/25 2548/26
f 2546/27 2548/26 2492/28
f 2547/25 2549/24 2548/26
f 2547/25 2520/20 2549/24
f 2520/20 2518/19 2549/24
f 2529/70 2526/71 2547/25
f 2526/71 2520/20 2547/25
f 2526/71 2521/21 2520/20
f 2524/13 2514/11 2516/14
f 2498/35 2550/37 2499/36
f 2499/36 2550/37 2551/38
f 2550/37 2552/39 2551/38
f 2551/38 2552/39 2553/40
f 2552/39 2554/41 2553/40
f 2553/40 2554/41 2555/42
f 2554/41 2556/43 2555/42
f 2555/42 2556/43 2557/44
f 2556/43 2468/2 2557/44
f 2557/44 2468/2 2470/9
f 2554/41 2558/64 2556/43
f 2558/64 2466/1 2556/43
f 2556/43 2466/1 2468/2
f 2560/66 2559/67 2558/65
f 2559/67 2466/5 2558/65
f 2560/66 2558/65 2561/63
f 2561/62 2558/64 2554/41
f 2562/60 2560/66 2561/63
f 2562/60 2561/63 2563/61
f 2563/61 2561/62 2552/39
f 2552/39 2561/62 2554/41
f 2564/59 2562/60 2563/61
f 2564/59 2563/61 2550/37
f 2550/37 2563/61 2552/39
f 2566/57 2565/54 2564/59
f 2565/54 2562/60 2564/59
f 2566/57 2564/59 2498/35
f 2498/35 2564/59 2550/37
f 2568/58 2567/55 2566/57
f 2567/55 2565/54 2566/57
f 2568/58 2566/57 2497/33
f 2497/33 2566/57 2498/35
f 2570/68 2569/56 2568/58
f 2569/56 2567/55 2568/58
f 2570/68 2568/58 2489/31
f 2489/31 2568/58 2497/33
f 2569/69 2570/68 2487/29
f 2487/29 2570/68 2489/31
f 2569/56 2571/53 2567/55
f 2571/70 2569/69 2485/27
f 2485/27 2569/69 2487/29
f 2571/53 2572/52 2567/55
f 2571/53 2573/51 2572/52
f 2573/71 2571/70 2483/25
f 2483/25 2571/70 2485/27
f 2573/51 2574/47 2572/52
f 2573/51 2480/49 2574/47
f 2480/21 2573/71 2479/20
f 2479/20 2573/71 2483/25
f 2574/47 2575/46 2576/50
f 2574/47 2477/45 2575/46
f 2480/49 2477/45 2574/47
f 2572/52 2574/47 2576/50
f 2576/50 2560/66 2562/60
f 2576/50 2575/46 2560/66
f 2565/54 2576/50 2562/60
f 2572/52 2576/50 2565/54
f 2575/46 2559/67 2560/66
f 2575/46 2474/48 2559/67
f 2477/45 2474/48 2575/46
f 2567/55 2572/52 2565/54
f 2559/67 2467/4 2466/5
f 2474/48 2467/4 2559/67
f 2489/31 2497/33 2490/32
f 2578/1 2577/3 2580/2
f 2579/4 2577/6 2578/5
f 2577/3 2579/8 2581/7
f 2580/2 2577/3 2581/7
f 2582/9 2581/7 2583/10
f 2580/2 2581/7 2582/9
f 2581/7 2584/11 2583/10
f 2581/7 2579/8 2584/11
f 2583/10 2584/11 2585/12
f 2579/8 2586/13 2584/11
f 2584/11 2587/14 2585/12
f 2584/11 2586/13 2587/14
f 2585/12 2587/14 2588/15
f 2586/13 2589/16 2587/14
f 2587/14 2590/17 2588/15
f 2587/14 2589/16 2590/17
f 2590/18 2591/20 2593/19
f 2590/18 2592/21 2591/20
f 2589/16 2592/22 2590/17
f 2588/23 2590/18 2593/19
f 2593/19 2591/20 2594/24
f 2591/20 2595/25 2594/24
f 2594/24 2595/25 2596/26
f 2595/25 2597/27 2596/26
f 2596/26 2597/27 2598/28
f 2597/27 2599/29 2598/28
f 2598/28 2599/29 2600/30
f 2599/29 2601/31 2600/30
f 2600/30 2601/31 2602/32
f 2605/31 2603/29 2600/30
f 2603/29 2604/28 2600/30
f 2605/31 2600/30 2606/32
f 2607/33 2605/31 2606/32
f 2607/33 2606/32 2608/34
f 2602/32 2609/33 2608/34
f 2609/33 2610/35 2608/34
f 2608/34 2610/35 2611/36
f 2612/35 2607/33 2608/34
f 2612/35 2608/34 2613/36
f 2614/37 2612/35 2613/36
f 2614/37 2613/36 2615/38
f 2616/39 2614/37 2615/38
f 2616/39 2615/38 2617/40
f 2618/41 2616/39 2617/40
f 2618/41 2617/40 2619/42
f 2620/43 2618/41 2619/42
f 2620/43 2619/42 2621/44
f 2622/2 2620/43 2621/44
f 2622/2 2621/44 2623/9
f 2624/7 2622/2 2623/9
f 2624/7 2623/9 2625/10
f 2626/11 2624/7 2625/10
f 2626/11 2625/10 2627/12
f 2628/14 2626/11 2627/12
f 2628/14 2627/12 2629/15
f 2631/18 2629/23 2630/19
f 2631/17 2628/14 2629/15
f 2632/20 2631/18 2630/19
f 2633/21 2631/18 2632/20
f 2633/22 2634/16 2631/17
f 2634/16 2628/14 2631/17
f 2634/45 2637/47 2635/46
f 2636/48 2634/45 2635/46
f 2634/16 2636/13 2628/14
f 2634/45 2633/49 2637/47
f 2635/46 2637/47 2639/50
f 2633/49 2638/51 2637/47
f 2637/47 2638/51 2640/52
f 2637/47 2640/52 2639/50
f 2638/51 2641/53 2640/52
f 2639/50 2640/52 2642/54
f 2640/52 2641/53 2643/55
f 2640/52 2643/55 2642/54
f 2641/53 2644/56 2643/55
f 2642/54 2643/55 2646/57
f 2643/55 2644/56 2645/58
f 2643/55 2645/58 2646/57
f 2642/54 2646/57 2647/59
f 2647/59 2646/57 2612/35
f 2646/57 2645/58 2607/33
f 2646/57 2607/33 2612/35
f 2648/60 2647/59 2649/61
f 2648/60 2642/54 2647/59
f 2649/61 2647/59 2614/37
f 2647/59 2612/35 2614/37
f 2650/62 2649/61 2616/39
f 2650/63 2648/60 2649/61
f 2649/61 2614/37 2616/39
f 2651/64 2650/62 2618/41
f 2651/65 2652/66 2650/63
f 2652/66 2648/60 2650/63
f 2650/62 2616/39 2618/41
f 2653/67 2652/66 2651/65
f 2653/67 2635/46 2652/66
f 2635/46 2639/50 2652/66
f 2652/66 2639/50 2648/60
f 2654/5 2653/67 2651/65
f 2655/4 2653/67 2654/5
f 2655/4 2636/48 2653/67
f 2636/48 2635/46 2653/67
f 2656/6 2655/4 2654/5
f 2655/8 2656/3 2624/7
f 2636/13 2655/8 2626/11
f 2655/8 2624/7 2626/11
f 2656/3 2654/1 2622/2
f 2656/3 2622/2 2624/7
f 2654/1 2651/64 2620/43
f 2654/1 2620/43 2622/2
f 2651/64 2618/41 2620/43
f 2639/50 2642/54 2648/60
f 2644/56 2657/68 2645/58
f 2645/58 2657/68 2605/31
f 2645/58 2605/31 2607/33
f 2657/68 2644/69 2603/29
f 2657/68 2603/29 2605/31
f 2644/69 2641/70 2658/27
f 2644/69 2658/27 2603/29
f 2603/29 2658/27 2604/28
f 2641/70 2659/25 2658/27
f 2658/27 2659/25 2660/26
f 2658/27 2660/26 2604/28
f 2659/25 2661/24 2660/26
f 2659/25 2632/20 2661/24
f 2632/20 2630/19 2661/24
f 2641/70 2638/71 2659/25
f 2638/71 2632/20 2659/25
f 2638/71 2633/21 2632/20
f 2636/13 2626/11 2628/14
f 2610/35 2662/37 2611/36
f 2611/36 2662/37 2663/38
f 2662/37 2664/39 2663/38
f 2663/38 2664/39 2665/40
f 2664/39 2666/41 2665/40
f 2665/40 2666/41 2667/42
f 2666/41 2668/43 2667/42
f 2667/42 2668/43 2669/44
f 2668/43 2580/2 2669/44
f 2669/44 2580/2 2582/9
f 2666/41 2670/64 2668/43
f 2670/64 2578/1 2668/43
f 2668/43 2578/1 2580/2
f 2672/66 2671/67 2670/65
f 2671/67 2578/5 2670/65
f 2672/66 2670/65 2673/63
f 2673/62 2670/64 2666/41
f 2674/60 2672/66 2673/63
f 2674/60 2673/63 2675/61
f 2675/61 2673/62 2664/39
f 2664/39 2673/62 2666/41
f 2676/59 2674/60 2675/61
f 2676/59 2675/61 2662/37
f 2662/37 2675/61 2664/39
f 2678/57 2677/54 2676/59
f 2677/54 2674/60 2676/59
f 2678/57 2676/59 2610/35
f 2610/35 2676/59 2662/37
f 2680/58 2679/55 2678/57
f 2679/55 2677/54 2678/57
f 2680/58 2678/57 2609/33
f 2609/33 2678/57 2610/35
f 2682/68 2681/56 2680/58
f 2681/56 2679/55 2680/58
f 2682/68 2680/58 2601/31
f 2601/31 2680/58 2609/33
f 2681/69 2682/68 2599/29
f 2599/29 2682/68 2601/31
f 2681/56 2683/53 2679/55
f 2683/70 2681/69 2597/27
f 2597/27 2681/69 2599/29
f 2683/53 2684/52 2679/55
f 2683/53 2685/51 2684/52
f 2685/71 2683/70 2595/25
f 2595/25 2683/70 2597/27
f 2685/51 2686/47 2684/52
f 2685/51 2592/49 2686/47
f 2592/21 2685/71 2591/20
f 2591/20 2685/71 2595/25
f 2686/47 2687/46 2688/50
f 2686/47 2589/45 2687/46
f 2592/49 2589/45 2686/47
f 2684/52 2686/47 2688/50
f 2688/50 2672/66 2674/60
f 2688/50 2687/46 2672/66
f 2677/54 2688/50 2674/60
f 2684/52 2688/50 2677/54
f 2687/46 2671/67 2672/66
f 2687/46 2586/48 2671/67
f 2589/45 2586/48 2687/46
f 2679/55 2684/52 2677/54
f 2671/67 2579/4 2578/5
f 2586/48 2579/4 2671/67
f 2601/31 2609/33 2602/32
f 2690/1 2689/3 2692/2
f 2691/4 2689/6 2690/5
f 2689/3 2691/8 2693/7
f 2692/2 2689/3 2693/7
f 2694/9 2693/7 2695/10
f 2692/2 2693/7 2694/9
f 2693/7 2696/11 2695/10
f 2693/7 2691/8 2696/11
f 2695/10 2696/11 2697/12
f 2691/8 2698/13 2696/11
f 2696/11 2699/14 2697/12
f 2696/11 2698/13 2699/14
f 2697/12 2699/14 2700/15
f 2698/13 2701/16 2699/14
f 2699/14 2702/17 2700/15
f 2699/14 2701/16 2702/17
f 2702/18 2703/20 2705/19
f 2702/18 2704/21 2703/20
f 2701/16 2704/22 2702/17
f 2700/23 2702/18 2705/19
f 2705/19 2703/20 2706/24
f 2703/20 2707/25 2706/24
f 2706/24 2707/25 2708/26
f 2707/25 2709/27 2708/26
f 2708/26 2709/27 2710/28
f 2709/27 2711/29 2710/28
f 2710/28 2711/29 2712/30
f 2711/29 2713/31 2712/30
f 2712/30 2713/31 2714/32
f 2717/31 2715/29 2712/30
f 2715/29 2716/28 2712/30
f 2717/31 2712/30 2718/32
f 2719/33 2717/31 2718/32
f 2719/33 2718/32 2720/34
f 2714/32 2721/33 2720/34
f 2721/33 2722/35 2720/34
f 2720/34 2722/35 2723/36
f 2724/35 2719/33 2720/34
f 2724/35 2720/34 2725/36
f 2726/37 2724/35 2725/36
f 2726/37 2725/36 2727/38
f 2728/39 2726/37 2727/38
f 2728/39 2727/38 2729/40
f 2730/41 2728/39 2729/40
f 2730/41 2729/40 2731/42
f 2732/43 2730/41 2731/42
f 2732/43 2731/42 2733/44
f 2734/2 2732/43 2733/44
f 2734/2 2733/44 2735/9
f 2736/7 2734/2 2735/9
f 2736/7 2735/9 2737/10
f 2738/11 2736/7 2737/10
f 2738/11 2737/10 2739/12
f 2740/14 2738/11 2739/12
f 2740/14 2739/12 2741/15
f 2743/18 2741/23 2742/19
f 2743/17 2740/14 2741/15
f 2744/20 2743/18 2742/19
f 2745/21 2743/18 2744/20
f 2745/22 2746/16 2743/17
f 2746/16 2740/14 2743/17
f 2746/45 2749/47 2747/46
f 2748/48 2746/45 2747/46
f 2746/16 2748/13 2740/14
f 2746/45 2745/49 2749/47
f 2747/46 2749/47 2751/50
f 2745/49 2750/51 2749/47
f 2749/47 2750/51 2752/52
f 2749/47 2752/52 2751/50
f 2750/51 2753/53 2752/52
f 2751/50 2752/52 2754/54
f 2752/52 2753/53 2755/55
f 2752/52 2755/55 2754/54
f 2753/53 2756/56 2755/55
f 2754/54 2755/55 2758/57
f 2755/55 2756/56 2757/58
f 2755/55 2757/58 2758/57
f 2754/54 2758/57 2759/59
f 2759/59 2758/57 2724/35
f 2758/57 2757/58 2719/33
f 2758/57 2719/33 2724/35
f 2760/60 2759/59 2761/61
f 2760/60 2754/54 2759/59
f 2761/61 2759/59 2726/37
f 2759/59 2724/35 2726/37
f 2762/62 2761/61 2728/39
f 2762/63 2760/60 2761/61
f 2761/61 2726/37 2728/39
f 2763/64 2762/62 2730/41
f 2763/65 2764/66 2762/63
f 2764/66 2760/60 2762/63
f 2762/62 2728/39 2730/41
f 2765/67 2764/66 2763/65
f 2765/67 2747/46 2764/66
f 2747/46 2751/50 2764/66
f 2764/66 2751/50 2760/60
f 2766/5 2765/67 2763/65
f 2767/4 2765/67 2766/5
f 2767/4 2748/48 2765/67
f 2748/48 2747/46 2765/67
f 2768/6 2767/4 2766/5
f 2767/8 2768/3 2736/7
f 2748/13 2767/8 2738/11
f 2767/8 2736/7 2738/11
f 2768/3 2766/1 2734/2
f 2768/3 2734/2 2736/7
f 2766/1 2763/64 2732/43
f 2766/1 2732/43 2734/2
f 2763/64 2730/41 2732/43
f 2751/50 2754/54 2760/60
f 2756/56 2769/68 2757/58
f 2757/58 2769/68 2717/31
f 2757/58 2717/31 2719/33
f 2769/68 2756/69 2715/29
f 2769/68 2715/29 2717/31
f 2756/69 2753/70 2770/27
f 2756/69 2770/27 2715/29
f 2715/29 2770/27 2716/28
f 2753/70 2771/25 2770/27
f 2770/27 2771/25 2772/26
f 2770/27 2772/26 2716/28
f 2771/25 2773/24 2772/26
f 2771/25 2744/20 2773/24
f 2744/20 2742/19 2773/24
f 2753/70 2750/71 2771/25
f 2750/71 2744/20 2771/25
f 2750/71 2745/21 2744/20
f 2748/13 2738/11 2740/14
f 2722/35 2774/37 2723/36
f 2723/36 2774/37 2775/38
f 2774/37 2776/39 2775/38
f 2775/38 2776/39 2777/40
f 2776/39 2778/41 2777/40
f 2777/40 2778/41 2779/42
f 2778/41 2780/43 2779/42
f 2779/42 2780/43 2781/44
f 2780/43 2692/2 2781/44
f 2781/44 2692/2 2694/9
f 2778/41 2782/64 2780/43
f 2782/64 2690/1 2780/43
f 2780/43 2690/1 2692/2
f 2784/66 2783/67 2782/65
f 2783/67 2690/5 2782/65
f 2784/66 2782/65 2785/63
f 2785/62 2782/64 2778/41
f 2786/60 2784/66 2785/63
f 2786/60 2785/63 2787/61
f 2787/61 2785/62 2776/39
f 2776/39 2785/62 2778/41
f 2788/59 2786/60 2787/61
f 2788/59 2787/61 2774/37
f 2774/37 2787/61 2776/39
f 2790/57 2789/54 2788/59
f 2789/54 2786/60 2788/59
f 2790/57 2788/59 2722/35
f 2722/35 2788/59 2774/37
f 2792/58 2791/55 2790/57
f 2791/55 2789/54 2790/57
f 2792/58 2790/57 2721/33
f 2721/33 2790/57 2722/35
f 2794/68 2793/56 2792/58
f 2793/56 2791/55 2792/58
f 2794/68 2792/58 2713/31
f 2713/31 2792/58 2721/33
f 2793/69 2794/68 2711/29
f 2711/29 2794/68 2713/31
f 2793/56 2795/53 2791/55
f 2795/70 2793/69 2709/27
f 2709/27 2793/69 2711/29
f 2795/53 2796/52 2791/55
f 2795/53 2797/51 2796/52
f 2797/71 2795/70 2707/25
f 2707/25 2795/70 2709/27
f 2797/51 2798/47 2796/52
f 2797/51 2704/49 2798/47
f 2704/21 2797/71 2703/20
f 2703/20 2797/71 2707/25
f 2798/47 2799/46 2800/50
f 2798/47 2701/45 2799/46
f 2704/49 2701/45 2798/47
f 2796/52 2798/47 2800/50
f 2800/50 2784/66 2786/60
f 2800/50 2799/46 2784/66
f 2789/54 2800/50 2786/60
f 2796/52 2800/50 2789/54
f 2799/46 2783/67 2784/66
f 2799/46 2698/48 2783/67
f 2701/45 2698/48 2799/46
f 2791/55 2796/52 2789/54
f 2783/67 2691/4 2690/5
f 2698/48 2691/4 2783/67
f 2713/31 2721/33 2714/32
f 2802/1 2801/3 2804/2
f 2803/4 2801/6 2802/5
f 2801/3 2803/8 2805/7
f 2804/2 2801/3 2805/7
f 2806/9 2805/7 2807/10
f 2804/2 2805/7 2806/9
f 2805/7 2808/11 2807/10
f 2805/7 2803/8 2808/11
f 2807/10 2808/11 2809/12
f 2803/8 2810/13 2808/11
f 2808/11 2811/14 2809/12
f 2808/11 2810/13 2811/14
f 2809/12 2811/14 2812/15
f 2810/13 2813/16 2811/14
f 2811/14 2814/17 2812/15
f 2811/14 2813/16 2814/17
f 2814/18 2815/20 2817/19
f 2814/18 2816/21 2815/20
f 2813/16 2816/22 2814/17
f 2812/23 2814/18 2817/19
f 2817/19 2815/20 2818/24
f 2815/20 2819/25 2818/24
f 2818/24 2819/25 2820/26
f 2819/25 2821/27 2820/26
f 2820/26 2821/27 2822/28
f 2821/27 2823/29 2822/28
f 2822/28 2823/29 2824/30
f 2823/29 2825/31 2824/30
f 2824/30 2825/31 2826/32
f 2829/31 2827/29 2824/30
f 2827/29 2828/28 2824/30
f 2829/31 2824/30 2830/32
f 2831/33 2829/31 2830/32
f 2831/33 2830/32 2832/34
f 2826/32 2833/33 2832/34
f 2833/33 2834/35 2832/34
f 2832/34 2834/35 2835/36
f 2836/35 2831/33 2832/34
f 2836/35 2832/34 2837/36
f 2838/37 2836/35 2837/36
f 2838/37 2837/36 2839/38
f 2840/39 2838/37 2839/38
f 2840/39 2839/38 2841/40
f 2842/41 2840/39 2841/40
f 2842/41 2841/40 2843/42
f 2844/43 2842/41 2843/42
f 2844/43 2843/42 2845/44
f 2846/2 2844/43 2845/44
f 2846/2 2845/44 2847/9
f 2848/7 2846/2 2847/9
f 2848/7 2847/9 2849/10
f 2850/11 2848/7 2849/10
f 2850/11 2849/10 2851/12
f 2852/14 2850/11 2851/12
f 2852/14 2851/12 2853/15
f 2855/18 2853/23 2854/19
f 2855/17 2852/14 2853/15
f 2856/20 2855/18 2854/19
f 2857/21 2855/18 2856/20
f 2857/22 2858/16 2855/17
f 2858/16 2852/14 2855/17
f 2858/45 2861/47 2859/46
f 2860/48 2858/45 2859/46
f 2858/16 2860/13 2852/14
f 2858/45 2857/49 2861/47
f 2859/46 2861/47 2863/50
f 2857/49 2862/51 2861/47
f 2861/47 2862/51 2864/52
f 2861/47 2864/52 2863/50
f 2862/51 2865/53 2864/52
f 2863/50 2864/52 2866/54
f 2864/52 2865/53 2867/55
f 2864/52 2867/55 2866/54
f 2865/53 2868/56 2867/55
f 2866/54 2867/55 2870/57
f 2867/55 2868/56 2869/58
f 2867/55 2869/58 2870/57
f 2866/54 2870/57 2871/59
f 2871/59 2870/57 2836/35
f 2870/57 2869/58 2831/33
f 2870/57 2831/33 2836/35
f 2872/60 2871/59 2873/61
f 2872/60 2866/54 2871/59
f 2873/61 2871/59 2838/37
f 2871/59 2836/35 2838/37
f 2874/62 2873/61 2840/39
f 2874/63 2872/60 2873/61
f 2873/61 2838/37 2840/39
f 2875/64 2874/62 2842/41
f 2875/65 2876/66 2874/63
f 2876/66 2872/60 2874/63
f 2874/62 2840/39 2842/41
f 2877/67 2876/66 2875/65
f 2877/67 2859/46 2876/66
f 2859/46 2863/50 2876/66
f 2876/66 2863/50 2872/60
f 2878/5 2877/67 2875/65
f 2879/4 2877/67 2878/5
f 2879/4 2860/48 2877/67
f 2860/48 2859/46 2877/67
f 2880/6 2879/4 2878/5
f 2879/8 2880/3 2848/7
f 2860/13 2879/8 2850/11
f 2879/8 2848/7 2850/11
f 2880/3 2878/1 2846/2
f 2880/3 2846/2 2848/7
f 2878/1 2875/64 2844/43
f 2878/1 2844/43 2846/2
f 2875/64 2842/41 2844/43
f 2863/50 2866/54 2872/60
f 2868/56 2881/68 2869/58
f 2869/58 2881/68 2829/31
f 2869/58 2829/31 2831/33
f 2881/68 2868/69 2827/29
f 2881/68 2827/29 2829/31
f 2868/69 2865/70 2882/27
f 2868/69 2882/27 2827/29
f 2827/29 2882/27 2828/28
f 2865/70 2883/25 2882/27
f 2882/27 2883/25 2884/26
f 2882/27 2884/26 2828/28
f 2883/25 2885/24 2884/26
f 2883/25 2856/20 2885/24
f 2856/20 2854/19 2885/24
f 2865/70 2862/71 2883/25
f 2862/71 2856/20 2883/25
f 2862/71 2857/21 2856/20
f 2860/13 2850/11 2852/14
f 2834/35 2886/37 2835/36
f 2835/36 2886/37 2887/38
f 2886/37 2888/39 2887/38
f 2887/38 2888/39 2889/40
f 2888/39 2890/41 2889/40
f 2889/40 2890/41 2891/42
f 2890/41 2892/43 2891/42
f 2891/42 2892/43 2893/44
f 2892/43 2804/2 2893/44
f 2893/44 2804/2 2806/9
f 2890/41 2894/64 2892/43
f 2894/64 2802/1 2892/43
f 2892/43 2802/1 2804/2
f 2896/66 2895/67 2894/65
f 2895/67 2802/5 2894/65
f 2896/66 2894/65 2897/63
f 2897/62 2894/64 2890/41
f 2898/60 2896/66 2897/63
f 2898/60 2897/63 2899/61
f 2899/61 2897/62 2888/39
f 2888/39 2897/62 2890/41
f 2900/59 2898/60 2899/61
f 2900/59 2899/61 2886/37
f 2886/37 2899/61 2888/39
f 2902/57 2901/54 2900/59
f 2901/54 2898/60 2900/59
f 2902/57 2900/59 2834/35
f 2834/35 2900/59 2886/37
f 2904/58 2903/55 2902/57
f 2903/55 2901/54 2902/57
f 2904/58 2902/57 2833/33
f 2833/33 2902/57 2834/35
f 2906/68 2905/56 2904/58
f 2905/56 2903/55 2904/58
f 2906/68 2904/58 2825/31
f 2825/31 2904/58 2833/33
f 2905/69 2906/68 2823/29
f 2823/29 2906/68 2825/31
f 2905/56 2907/53 2903/55
f 2907/70 2905/69 2821/27
f 2821/27 2905/69 2823/29
f 2907/53 2908/52 2903/55
f 2907/53 2909/51 2908/52
f 2909/71 2907/70 2819/25
f 2819/25 2907/70 2821/27
f 2909/51 2910/47 2908/52
f 2909/51 2816/49 2910/47
f 2816/21 2909/71 2815/20
f 2815/20 2909/71 2819/25
f 2910/47 2911/46 2912/50
f 2910/47 2813/45 2911/46
f 2816/49 2813/45 2910/47
f 2908/52 2910/47 2912/50
f 2912/50 2896/66 2898/60
f 2912/50 2911/46 2896/66
f 2901/54 2912/50 2898/60
f 2908/52 2912/50 2901/54
f 2911/46 2895/67 2896/66
f 2911/46 2810/48 2895/67
f 2813/45 2810/48 2911/46
f 2903/55 2908/52 2901/54
f 2895/67 2803/4 2802/5
f 2810/48 2803/4 2895/67
f 2825/31 2833/33 2826/32
f 2914/1 2913/3 2916/2
f 2915/4 2913/6 2914/5
f 2913/3 2915/8 2917/7
f 2916/2 2913/3 2917/7
f 2918/9 2917/7 2919/10
f 2916/2 2917/7 2918/9
f 2917/7 2920/11 2919/10
f 2917/7 2915/8 2920/11
f 2919/10 2920/11 2921/12
f 2915/8 2922/13 2920/11
f 2920/11 2923/14 2921/12
f 2920/11 2922/13 2923/14
f 2921/12 2923/14 2924/15
f 2922/13 2925/16 2923/14
f 2923/14 2926/17 2924/15
f 2923/14 2925/16 2926/17
f 2926/18 2927/20 2929/19
f 2926/18 2928/21 2927/20
f 2925/16 2928/22 2926/17
f 2924/23 2926/18 2929/19
f 2929/19 2927/20 2930/24
f 2927/20 2931/25 2930/24
f 2930/24 2931/25 2932/26
f 2931/25 2933/27 2932/26
f 2932/26 2933/27 2934/28
f 2933/27 2935/29 2934/28
f 2934/28 2935/29 2936/30
f 2935/29 2937/31 2936/30
f 2936/30 2937/31 2938/32
f 2941/31 2939/29 2936/30
f 2939/29 2940/28 2936/30
f 2941/31 2936/30 2942/32
f 2943/33 2941/31 2942/32
f 2943/33 2942/32 2944/34
f 2938/32 2945/33 2944/34
f 2945/33 2946/35 2944/34
f 2944/34 2946/35 2947/36
f 2948/35 2943/33 2944/34
f 2948/35 2944/34 2949/36
f 2950/37 2948/35 2949/36
f 2950/37 2949/36 2951/38
f 2952/39 2950/37 2951/38
f 2952/39 2951/38 2953/40
f 2954/41 2952/39 2953/40
f 2954/41 2953/40 2955/42
f 2956/43 2954/41 2955/42
f 2956/43 2955/42 2957/44
f 2958/2 2956/43 2957/44
f 2958/2 2957/44 2959/9
f 2960/7 2958/2 2959/9
f 2960/7 2959/9 2961/10
f 2962/11 2960/7 2961/10
f 2962/11 2961/10 2963/12
f 2964/14 2962/11 2963/12
f 2964/14 2963/12 2965/15
f 2967/18 2965/23 2966/19
f 2967/17 2964/14 2965/15
f 2968/20 2967/18 2966/19
f 2969/21 2967/18 2968/20
f 2969/22 2970/16 2967/17
f 2970/16 2964/14 2967/17
f 2970/45 2973/47 2971/46
f 2972/48 2970/45 2971/46
f 2970/16 2972/13 2964/14
f 2970/45 2969/49 2973/47
f 2971/46 2973/47 2975/50
f 2969/49 2974/51 2973/47
f 2973/47 2974/51 2976/52
f 2973/47 2976/52 2975/50
f 2974/51 2977/53 2976/52
f 2975/50 2976/52 2978/54
f 2976/52 2977/53 2979/55
f 2976/52 2979/55 2978/54
f 2977/53 2980/56 2979/55
f 2978/54 2979/55 2982/57
f 2979/55 2980/56 2981/58
f 2979/55 2981/58 2982/57
f 2978/54 2982/57 2983/59
f 2983/59 2982/57 2948/35
f 2982/57 2981/58 2943/33
f 2982/57 2943/33 2948/35
f 2984/60 2983/59 2985/61
f 2984/60 2978/54 2983/59
f 2985/61 2983/59 2950/37
f 2983/59 2948/35 2950/37
f 2986/62 2985/61 2952/39
f 2986/63 2984/60 2985/61
f 2985/61 2950/37 2952/39
f 2987/64 2986/62 2954/41
f 2987/65 2988/66 2986/63
f 2988/66 2984/60 2986/63
f 2986/62 2952/39 2954/41
f 2989/67 2988/66 2987/65
f 2989/67 2971/46 2988/66
f 2971/46 2975/50 2988/66
f 2988/66 2975/50 2984/60
f 2990/5 2989/67 2987/65
f 2991/4 2989/67 2990/5
f 2991/4 2972/48 2989/67
f 2972/48 2971/46 2989/67
f 2992/6 2991/4 2990/5
f 2991/8 2992/3 2960/7
f 2972/13 2991/8 2962/11
f 2991/8 2960/7 2962/11
f 2992/3 2990/1 2958/2
f 2992/3 2958/2 2960/7
f 2990/1 2987/64 2956/43
f 2990/1 2956/43 2958/2
f 2987/64 2954/41 2956/43
f 2975/50 2978/54 2984/60
f 2980/56 2993/68 2981/58
f 2981/58 2993/68 2941/31
f 2981/58 2941/31 2943/33
f 2993/68 2980/69 2939/29
f 2993/68 2939/29 2941/31
f 2980/69 2977/70 2994/27
f 2980/69 2994/27 2939/29
f 2939/29 2994/27 2940/28
f 2977/70 2995/25 2994/27
f 2994/27 2995/25 2996/26
f 2994/27 2996/26 2940/28
f 2995/25 2997/24 2996/26
f 2995/25 2968/20 2997/24
f 2968/20 2966/19 2997/24
f 2977/70 2974/71 2995/25
f 2974/71 2968/20 2995/25
f 2974/71 2969/21 2968/20
f 2972/13 2962/11 2964/14
f 2946/35 2998/37 2947/36
f 2947/36 2998/37 2999/38
f 2998/37 3000/39 2999/38
f 2999/38 3000/39 3001/40
f 3000/39 3002/41 3001/40
f 3001/40 3002/41 3003/42
f 3002/41 3004/43 3003/42
f 3003/42 3004/43 3005/44
f 3004/43 2916/2 3005/44
f 3005/44 2916/2 2918/9
f 3002/41 3006/64 3004/43
f 3006/64 2914/1 3004/43
f 3004/43 2914/1 2916/2
f 3008/66 3007/67 3006/65
f 3007/67 2914/5 3006/65
f 3008/66 3006/65 3009/63
f 3009/62 3006/64 3002/41
f 3010/60 3008/66 3009/63
f 3010/60 3009/63 3011/61
f 3011/61 3009/62 3000/39
f 3000/39 3009/62 3002/41
f 3012/59 3010/60 3011/61
f 3012/59 3011/61 2998/37
f 2998/37 3011/61 3000/39
f 3014/57 3013/54 3012/59
f 3013/54 3010/60 3012/59
f 3014/57 3012/59 2946/35
f 2946/35 3012/59 2998/37
f 3016/58 3015/55 3014/57
f 3015/55 3013/54 3014/57
f 3016/58 3014/57 2945/33
f 2945/33 3014/57 2946/35
f 3018/68 3017/56 3016/58
f 3017/56 3015/55 3016/58
f 3018/68 3016/58 2937/31
f 2937/31 3016/58 2945/33
f 3017/69 3018/68 2935/29
f 2935/29 3018/68 2937/31
f 3017/56 3019/53 3015/55
f 3019/70 3017/69 2933/27
f 2933/27 3017/69 2935/29
f 3019/53 3020/52 3015/55
f 3019/53 3021/51 3020/52
f 3021/71 3019/70 2931/25
f 2931/25 3019/70 2933/27
f 3021/51 3022/47 3020/52
f 3021/51 2928/49 3022/47
f 2928/21 3021/71 2927/20
f 2927/20 3021/71 2931/25
f 3022/47 3023/46 3024/50
f 3022/47 2925/45 3023/46
f 2928/49 2925/45 3022/47
f 3020/52 3022/47 3024/50
f 3024/50 3008/66 3010/60
f 3024/50 3023/46 3008/66
f 3013/54 3024/50 3010/60
f 3020/52 3024/50 3013/54
f 3023/46 3007/67 3008/66
f 3023/46 2922/48 3007/67
f 2925/45 2922/48 3023/46
f 3015/55 3020/52 3013/54
f 3007/67 2915/4 2914/5
f 2922/48 2915/4 3007/67
f 2937/31 2945/33 2938/32
f 3026/1 3025/3 3028/2
f 3027/4 3025/6 3026/5
f 3025/3 3027/8 3029/7
f 3028/2 3025/3 3029/7
f 3030/9 3029/7 3031/10
f 3028/2 3029/7 3030/9
f 3029/7 3032/11 3031/10
f 3029/7 3027/8 3032/11
f 3031/10 3032/11 3033/12
f 3027/8 3034/13 3032/11
f 3032/11 3035/14 3033/12
f 3032/11 3034/13 3035/14
f 3033/12 3035/14 3036/15
f 3034/13 3037/16 3035/14
f 3035/14 3038/17 3036/15
f 3035/14 3037/16 3038/17
f 3038/18 3039/20 3041/19
f 3038/18 3040/21 3039/20
f 3037/16 3040/22 3038/17
f 3036/23 3038/18 3041/19
f 3041/19 3039/20 3042/24
f 3039/20 3043/25 3042/24
f 3042/24 3043/25 3044/26
f 3043/25 3045/27 3044/26
f 3044/26 3045/27 3046/28
f 3045/27 3047/29 3046/28
f 3046/28 3047/29 3048/30
f 3047/29 3049/31 3048/30
f 3048/30 3049/31 3050/32
f 3053/31 3051/29 3048/30
f 3051/29 3052/28 3048/30
f 3053/31 3048/30 3054/32
f 3055/33 3053/31 3054/32
f 3055/33 3054/32 3056/34
f 3050/32 3057/33 3056/34
f 3057/33 3058/35 3056/34
f 3056/34 3058/35 3059/36
f 3060/35 3055/33 3056/34
f 3060/35 3056/34 3061/36
f 3062/37 3060/35 3061/36
f 3062/37 3061/36 3063/38
f 3064/39 3062/37 3063/38
f 3064/39 3063/38 3065/40
f 3066/41 3064/39 3065/40
f 3066/41 3065/40 3067/42
f 3068/43 3066/41 3067/42
f 3068/43 3067/42 3069/44
f 3070/2 3068/43 3069/44
f 3070/2 3069/44 3071/9
f 3072/7 3070/2 3071/9
f 3072/7 3071/9 3073/10
f 3074/11 3072/7 3073/10
f 3074/11 3073/10 3075/12
f 3076/14 3074/11 3075/12
f 3076/14 3075/12 3077/15
f 3079/18 3077/23 3078/19
f 3079/17 3076/14 3077/15
f 3080/20 3079/18 3078/19
f 3081/21 3079/18 3080/20
f 3081/22 3082/16 3079/17
f 3082/16 3076/14 3079/17
f 3082/45 3085/47 3083/46
f 3084/48 3082/45 3083/46
f 3082/16 3084/13 3076/14
f 3082/45 3081/49 3085/47
f 3083/46 3085/47 3087/50
f 3081/49 3086/51 3085/47
f 3085/47 3086/51 3088/52
f 3085/47 3088/52 3087/50
f 3086/51 3089/53 3088/52
f 3087/50 3088/52 3090/54
f 3088/52 3089/53 3091/55
f 3088/52 3091/55 3090/54
f 3089/53 3092/56 3091/55
f 3090/54 3091/55 3094/57
f 3091/55 3092/56 3093/58
f 3091/55 3093/58 3094/57
f 3090/54 3094/57 3095/59
f 3095/59 3094/57 3060/35
f 3094/57 3093/58 3055/33
f 3094/57 3055/33 3060/35
f 3096/60 3095/59 3097/61
f 3096/60 3090/54 3095/59
f 3097/61 3095/59 3062/37
f 3095/59 3060/35 3062/37
f 3098/62 3097/61 3064/39
f 3098/63 3096/60 3097/61
f 3097/61 3062/37 3064/39
f 3099/64 3098/62 3066/41
f 3099/65 3100/66 3098/63
f 3100/66 3096/60 3098/63
f 3098/62 3064/39 3066/41
f 3101/67 3100/66 3099/65
f 3101/67 3083/46 3100/66
f 3083/46 3087/50 3100/66
f 3100/66 3087/50 3096/60
f 3102/5 3101/67 3099/65
f 3103/4 3101/67 3102/5
f 3103/4 3084/48 3101/67
f 3084/48 3083/46 3101/67
f 3104/6 3103/4 3102/5
f 3103/8 3104/3 3072/7
f 3084/13 3103/8 3074/11
f 3103/8 3072/7 3074/11
f 3104/3 3102/1 3070/2
f 3104/3 3070/2 3072/7
f 3102/1 3099/64 3068/43
f 3102/1 3068/43 3070/2
f 3099/64 3066/41 3068/43
f 3087/50 3090/54 3096/60
f 3092/56 3105/68 3093/58
f 3093/58 3105/68 3053/31
f 3093/58 3053/31 3055/33
f 3105/68 3092/69 3051/29
f 3105/68 3051/29 3053/31
f 3092/69 3089/70 3106/27
f 3092/69 3106/27 3051/29
f 3051/29 3106/27 3052/28
f 3089/70 3107/25 3106/27
f 3106/27 3107/25 3108/26
f 3106/27 3108/26 3052/28
f 3107/25 3109/24 3108/26
f 3107/25 3080/20 3109/24
f 3080/20 3078/19 3109/24
f 3089/70 3086/71 3107/25
f 3086/71 3080/20 3107/25
f 3086/71 3081/21 3080/20
f 3084/13 3074/11 3076/14
f 3058/35 3110/37 3059/36
f 3059/36 3110/37 3111/38
f 3110/37 3112/39 3111/38
f 3111/38 3112/39 3113/40
f 3112/39 3114/41 3113/40
f 3113/40 3114/41 3115/42
f 3114/41 3116/43 3115/42
f 3115/42 3116/43 3117/44
f 3116/43 3028/2 3117/44
f 3117/44 3028/2 3030/9
f 3114/41 3118/64 3116/43
f 3118/64 3026/1 3116/43
f 3116/43 3026/1 3028/2
f 3120/66 3119/67 3118/65
f 3119/67 3026/5 3118/65
f 3120/66 3118/65 3121/63
f 3121/62 3118/64 3114/41
f 3122/60 3120/66 3121/63
f 3122/60 3121/63 3123/61
f 3123/61 3121/62 3112/39
f 3112/39 3121/62 3114/41
f 3124/59 3122/60 3123/61
f 3124/59 3123/61 3110/37
f 3110/37 3123/61 3112/39
f 3126/57 3125/54 3124/59
f 3125/54 3122/60 3124/59
f 3126/57 3124/59 3058/35
f 3058/35 3124/59 3110/37
f 3128/58 3127/55 3126/57
f 3127/55 3125/54 3126/57
f 3128/58 3126/57 3057/33
f 3057/33 3126/57 3058/35
f 3130/68 3129/56 3128/58
f 3129/56 3127/55 3128/58
f 3130/68 3128/58 3049/31
f 3049/31 3128/58 3057/33
f 3129/69 3130/68 3047/29
f 3047/29 3130/68 3049/31
f 3129/56 3131/53 3127/55
f 3131/70 3129/69 3045/27
f 3045/27 3129/69 3047/29
f 3131/53 3132/52 3127/55
f 3131/53 3133/51 3132/52
f 3133/71 3131/70 3043/25
f 3043/25 3131/70 3045/27
f 3133/51 3134/47 3132/52
f 3133/51 3040/49 3134/47
f 3040/21 3133/71 3039/20
f 3039/20 3133/71 3043/25
f 3134/47 3135/46 3136/50
f 3134/47 3037/45 3135/46
f 3040/49 3037/45 3134/47
f 3132/52 3134/47 3136/50
f 3136/50 3120/66 3122/60
f 3136/50 3135/46 3120/66
f 3125/54 3136/50 3122/60
f 3132/52 3136/50 3125/54
f 3135/46 3119/67 3120/66
f 3135/46 3034/48 3119/67
f 3037/45 3034/48 3135/46
f 3127/55 3132/52 3125/54
f 3119/67 3027/4 3026/5
f 3034/48 3027/4 3119/67
f 3049/31 3057/33 3050/32
f 3138/1 3137/3 3140/2
f 3139/4 3137/6 3138/5
f 3137/3 3139/8 3141/7
f 3140/2 3137/3 3141/7
f 3142/9 3141/7 3143/10
f 3140/2 3141/7 3142/9
f 3141/7 3144/11 3143/10
f 3141/7 3139/8 3144/11
f 3143/10 3144/11 3145/12
f 3139/8 3146/13 3144/11
f 3144/11 3147/14 3145/12
f 3144/11 3146/13 3147/14
f 3145/12 3147/14 3148/15
f 3146/13 3149/16 3147/14
f 3147/14 3150/17 3148/15
f 3147/14 3149/16 3150/17
f 3150/18 3151/20 3153/19
f 3150/18 3152/21 3151/20
f 3149/16 3152/22 3150/17
f 3148/23 3150/18 3153/19
f 3153/19 3151/20 3154/24
f 3151/20 3155/25 3154/24
f 3154/24 3155/25 3156/26
f 3155/25 3157/27 3156/26
f 3156/26 3157/27 3158/28
f 3157/27 3159/29 3158/28
f 3158/28 3159/29 3160/30
f 3159/29 3161/31 3160/30
f 3160/30 3161/31 3162/32
f 3165/31 3163/29 3160/30
f 3163/29 3164/28 3160/30
f 3165/31 3160/30 3166/32
f 3167/33 3165/31 3166/32
f 3167/33 3166/32 3168/34
f 3162/32 3169/33 3168/34
f 3169/33 3170/35 3168/34
f 3168/34 3170/35 3171/36
f 3172/35 3167/33 3168/34
f 3172/35 3168/34 3173/36
f 3174/37 3172/35 3173/36
f 3174/37 3173/36 3175/38
f 3176/39 3174/37 3175/38
f 3176/39 3175/38 3177/40
f 3178/41 3176/39 3177/40
f 3178/41 3177/40 3179/42
f 3180/43 3178/41 3179/42
f 3180/43 3179/42 3181/44
f 3182/2 3180/43 3181/44
f 3182/2 3181/44 3183/9
f 3184/7 3182/2 3183/9
f 3184/7 3183/9 3185/10
f 3186/11 3184/7 3185/10
f 3186/11 3185/10 3187/12
f 3188/14 3186/11 3187/12
f 3188/14 3187/12 3189/15
f 3191/18 3189/23 3190/19
f 3191/17 3188/14 3189/15
f 3192/20 3191/18 3190/19
f 3193/21 3191/18 3192/20
f 3193/22 3194/16 3191/17
f 3194/16 3188/14 3191/17
f 3194/45 3197/47 3195/46
f 3196/48 3194/45 3195/46
f 3194/16 3196/13 3188/14
f 3194/45 3193/49 3197/47
f 3195/46 3197/47 3199/50
f 3193/49 3198/51 3197/47
f 3197/47 3198/51 3200/52
f 3197/47 3200/52 3199/50
f 3198/51 3201/53 3200/52
f 3199/50 3200/52 3202/54
f 3200/52 3201/53 3203/55
f 3200/52 3203/55 3202/54
f 3201/53 3204/56 3203/55
f 3202/54 3203/55 3206/57
f 3203/55 3204/56 3205/58
f 3203/55 3205/58 3206/57
f 3202/54 3206/57 3207/59
f 3207/59 3206/57 3172/35
f 3206/57 3205/58 3167/33
f 3206/57 3167/33 3172/35
f 3208/60 3207/59 3209/61
f 3208/60 3202/54 3207/59
f 3209/61 3207/59 3174/37
f 3207/59 3172/35 3174/37
f 3210/62 3209/61 3176/39
f 3210/63 3208/60 3209/61
f 3209/61 3174/37 3176/39
f 3211/64 3210/62 3178/41
f 3211/65 3212/66 3210/63
f 3212/66 3208/60 3210/63
f 3210/62 3176/39 3178/41
f 3213/67 3212/66 3211/65
f 3213/67 3195/46 3212/66
f 3195/46 3199/50 3212/66
f 3212/66 3199/50 3208/60
f 3214/5 3213/67 3211/65
f 3215/4 3213/67 3214/5
f 3215/4 3196/48 3213/67
f 3196/48 3195/46 3213/67
f 3216/6 3215/4 3214/5
f 3215/8 3216/3 3184/7
f 3196/13 3215/8 3186/11
f 3215/8 3184/7 3186/11
f 3216/3 3214/1 3182/2
f 3216/3 3182/2 3184/7
f 3214/1 3211/64 3180/43
f 3214/1 3180/43 3182/2
f 3211/64 3178/41 3180/43
f 3199/50 3202/54 3208/60
f 3204/56 3217/68 3205/58
f 3205/58 3217/68 3165/31
f 3205/58 3165/31 3167/33
f 3217/68 3204/69 3163/29
f 3217/68 3163/29 3165/31
f 3204/69 3201/70 3218/27
f 3204/69 3218/27 3163/29
f 3163/29 3218/27 3164/28
f 3201/70 3219/25 3218/27
f 3218/27 3219/25 3220/26
f 3218/27 3220/26 3164/28
f 3219/25 3221/24 3220/26
f 3219/25 3192/20 3221/24
f 3192/20 3190/19 3221/24
f 3201/70 3198/71 3219/25
f 3198/71 3192/20 3219/25
f 3198/71 3193/21 3192/20
f 3196/13 3186/11 3188/14
f 3170/35 3222/37 3171/36
f 3171/36 3222/37 3223/38
f 3222/37 3224/39 3223/38
f 3223/38 3224/39 3225/40
f 3224/39 3226/41 3225/40
f 3225/40 3226/41 3227/42
f 3226/41 3228/43 3227/42
f 3227/42 3228/43 3229/44
f 3228/43 3140/2 3229/44
f 3229/44 3140/2 3142/9
f 3226/41 3230/64 3228/43
f 3230/64 3138/1 3228/43
f 3228/43 3138/1 3140/2
f 3232/66 3231/67 3230/65
f 3231/67 3138/5 3230/65
f 3232/66 3230/65 3233/63
f 3233/62 3230/64 3226/41
f 3234/60 3232/66 3233/63
f 3234/60 3233/63 3235/61
f 3235/61 3233/62 3224/39
f 3224/39 3233/62 3226/41
f 3236/59 3234/60 3235/61
f 3236/59 3235/61 3222/37
f 3222/37 3235/61 3224/39
f 3238/57 3237/54 3236/59
f 3237/54 3234/60 3236/59
f 3238/57 3236/59 3170/35
f 3170/35 3236/59 3222/37
f 3240/58 3239/55 3238/57
f 3239/55 3237/54 3238/57
f 3240/58 3238/57 3169/33
f 3169/33 3238/57 3170/35
f 3242/68 3241/56 3240/58
f 3241/56 3239/55 3240/58
f 3242/68 3240/58 3161/31
f 3161/31 3240/58 3169/33
f 3241/69 3242/68 3159/29
f 3159/29 3242/68 3161/31
f 3241/56 3243/53 3239/55
f 3243/70 3241/69 3157/27
f 3157/27 3241/69 3159/29
f 3243/53 3244/52 3239/55
f 3243/53 3245/51 3244/52
f 3245/71 3243/70 3155/25
f 3155/25 3243/70 3157/27
f 3245/51 3246/47 3244/52
f 3245/51 3152/49 3246/47
f 3152/21 3245/71 3151/20
f 3151/20 3245/71 3155/25
f 3246/47 3247/46 3248/50
f 3246/47 3149/45 3247/46
f 3152/49 3149/45 3246/47
f 3244/52 3246/47 3248/50
f 3248/50 3232/66 3234/60
f 3248/50 3247/46 3232/66
f 3237/54 3248/50 3234/60
f 3244/52 3248/50 3237/54
f 3247/46 3231/67 3232/66
f 3247/46 3146/48 3231/67
f 3149/45 3146/48 3247/46
f 3239/55 3244/52 3237/54
f 3231/67 3139/4 3138/5
f 3146/48 3139/4 3231/67
f 3161/31 3169/33 3162/32
f 3250/1 3249/3 3252/2
f 3251/4 3249/6 3250/5
f 3249/3 3251/8 3253/7
f 3252/2 3249/3 3253/7
f 3254/9 3253/7 3255/10
f 3252/2 3253/7 3254/9
f 3253/7 3256/11 3255/10
f 3253/7 3251/8 3256/11
f 3255/10 3256/11 3257/12
f 3251/8 3258/13 3256/11
f 3256/11 3259/14 3257/12
f 3256/11 3258/13 3259/14
f 3257/12 3259/14 3260/15
f 3258/13 3261/16 3259/14
f 3259/14 3262/17 3260/15
f 3259/14 3261/16 3262/17
f 3262/18 3263/20 3265/19
f 3262/18 3264/21 3263/20
f 3261/16 3264/22 3262/17
f 3260/23 3262/18 3265/19
f 3265/19 3263/20 3266/24
f 3263/20 3267/25 3266/24
f 3266/24 3267/25 3268/26
f 3267/25 3269/27 3268/26
f 3268/26 3269/27 3270/28
f 3269/27 3271/29 3270/28
f 3270/28 3271/29 3272/30
f 3271/29 3273/31 3272/30
f 3272/30 3273/31 3274/32
f 3277/31 3275/29 3272/30
f 3275/29 3276/28 3272/30
f 3277/31 3272/30 3278/32
f 3279/33 3277/31 3278/32
f 3279/33 3278/32 3280/34
f 3274/32 3281/33 3280/34
f 3281/33 3282/35 3280/34
f 3280/34 3282/35 3283/36
f 3284/35 3279/33 3280/34
f 3284/35 3280/34 3285/36
f 3286/37 3284/35 3285/36
f 3286/37 3285/36 3287/38
f 3288/39 3286/37 3287/38
f 3288/39 3287/38 3289/40
f 3290/41 3288/39 3289/40
f 3290/41 3289/40 3291/42
f 3292/43 3290/41 3291/42
f 3292/43 3291/42 3293/44
f 3294/2 3292/43 3293/44
f 3294/2 3293/44 3295/9
f 3296/7 3294/2 3295/9
f 3296/7 3295/9 3297/10
f 3298/11 3296/7 3297/10
f 3298/11 3297/10 3299/12
f 3300/14 3298/11 3299/12
f 3300/14 3299/12 3301/15
f 3303/18 3301/23 3302/19
f 3303/17 3300/14 3301/15
f 3304/20 3303/18 3302/19
f 3305/21 3303/18 3304/20
f 3305/22 3306/16 3303/17
f 3306/16 3300/14 3303/17
f 3306/45 3309/47 3307/46
f 3308/48 3306/45 3307/46
f 3306/16 3308/13 3300/14
f 3306/45 3305/49 3309/47
f 3307/46 3309/47 3311/50
f 3305/49 3310/51 3309/47
f 3309/47 3310/51 3312/52
f 3309/47 3312/52 3311/50
f 3310/51 3313/53 3312/52
f 3311/50 3312/52 3314/54
f 3312/52 3313/53 3315/55
f 3312/52 3315/55 3314/54
f 3313/53 3316/56 3315/55
f 3314/54 3315/55 3318/57
f 3315/55 3316/56 3317/58
f 3315/55 3317/58 3318/57
f 3314/54 3318/57 3319/59
f 3319/59 3318/57 3284/35
f 3318/57 3317/58 3279/33
f 3318/57 3279/33 3284/35
f 3320/60 3319/59 3321/61
f 3320/60 3314/54 3319/59
f 3321/61 3319/59 3286/37
f 3319/59 3284/35 3286/37
f 3322/62 3321/61 3288/39
f 3322/63 3320/60 3321/61
f 3321/61 3286/37 3288/39
f 3323/64 3322/62 3290/41
f 3323/65 3324/66 3322/63
f 3324/66 3320/60 3322/63
f 3322/62 3288/39 3290/41
f 3325/67 3324/66 3323/65
f 3325/67 3307/46 3324/66
f 3307/46 3311/50 3324/66
f 3324/66 3311/50 3320/60
f 3326/5 3325/67 3323/65
f 3327/4 3325/67 3326/5
f 3327/4 3308/48 3325/67
f 3308/48 3307/46 3325/67
f 3328/6 3327/4 3326/5
f 3327/8 3328/3 3296/7
f 3308/13 3327/8 3298/11
f 3327/8 3296/7 3298/11
f 3328/3 3326/1 3294/2
f 3328/3 3294/2 3296/7
f 3326/1 3323/64 3292/43
f 3326/1 3292/43 3294/2
f 3323/64 3290/41 3292/43
f 3311/50 3314/54 3320/60
f 3316/56 3329/68 3317/58
f 3317/58 3329/68 3277/31
f 3317/58 3277/31 3279/33
f 3329/68 3316/69 3275/29
f 3329/68 3275/29 3277/31
f 3316/69 3313/70 3330/27
f 3316/69 3330/27 3275/29
f 3275/29 3330/27 3276/28
f 3313/70 3331/25 3330/27
f 3330/27 3331/25 3332/26
f 3330/27 3332/26 3276/28
f 3331/25 3333/24 3332/26
f 3331/25 3304/20 3333/24
f 3304/20 3302/19 3333/24
f 3313/70 3310/71 3331/25
f 3310/71 3304/20 3331/25
f 3310/71 3305/21 3304/20
f 3308/13 3298/11 3300/14
f 3282/35 3334/37 3283/36
f 3283/36 3334/37 3335/38
f 3334/37 3336/39 3335/38
f 3335/38 3336/39 3337/40
f 3336/39 3338/41 3337/40
f 3337/40 3338/41 3339/42
f 3338/41 3340/43 3339/42
f 3339/42 3340/43 3341/44
f 3340/43 3252/2 3341/44
f 3341/44 3252/2 3254/9
f 3338/41 3342/64 3340/43
f 3342/64 3250/1 3340/43
f 3340/43 3250/1 3252/2
f 3344/66 3343/67 3342/65
f 3343/67 3250/5 3342/65
f 3344/66 3342/65 3345/63
f 3345/62 3342/64 3338/41
f 3346/60 3344/66 3345/63
f 3346/60 3345/63 3347/61
f 3347/61 3345/62 3336/39
f 3336/39 3345/62 3338/41
f 3348/59 3346/60 3347/61
f 3348/59 3347/61 3334/37
f 3334/37 3347/61 3336/39
f 3350/57 3349/54 3348/59
f 3349/54 3346/60 3348/59
f 3350/57 3348/59 3282/35
f 3282/35 3348/59 3334/37
f 3352/58 3351/55 3350/57
f 3351/55 3349/54 3350/57
f 3352/58 3350/57 3281/33
f 3281/33 3350/57 3282/35
f 3354/68 3353/56 3352/58
f 3353/56 3351/55 3352/58
f 3354/68 3352/58 3273/31
f 3273/31 3352/58 3281/33
f 3353/69 3354/68 3271/29
f 3271/29 3354/68 3273/31
f 3353/56 3355/53 3351/55
f 3355/70 3353/69 3269/27
f 3269/27 3353/69 3271/29
f 3355/53 3356/52 3351/55
f 3355/53 3357/51 3356/52
f 3357/71 3355/70 3267/25
f 3267/25 3355/70 3269/27
f 3357/51 3358/47 3356/52
f 3357/51 3264/49 3358/47
f 3264/21 3357/71 3263/20
f 3263/20 3357/71 3267/25
f 3358/47 3359/46 3360/50
f 3358/47 3261/45 3359/46
f 3264/49 3261/45 3358/47
f 3356/52 3358/47 3360/50
f 3360/50 3344/66 3346/60
f 3360/50 3359/46 3344/66
f 3349/54 3360/50 3346/60
f 3356/52 3360/50 3349/54
f 3359/46 3343/67 3344/66
f 3359/46 3258/48 3343/67
f 3261/45 3258/48 3359/46
f 3351/55 3356/52 3349/54
f 3343/67 3251/4 3250/5
f 3258/48 3251/4 3343/67
f 3273/31 3281/33 3274/32
